2026-06-20 16:29:52,849 - INFO - Device: cuda
2026-06-20 16:29:52,849 - INFO - Loading 26 zones...
2026-06-20 16:29:52,850 - INFO - Loading ERCOT_zone_1_ from ERCOT_zone_1_.csv
2026-06-20 16:29:52,944 - INFO -   rows=50000, features=11
2026-06-20 16:29:52,944 - INFO - Loading ERCOT_zone_2_ from ERCOT_zone_2_.csv
2026-06-20 16:29:53,031 - INFO -   rows=50000, features=11
2026-06-20 16:29:53,031 - INFO - Loading ERCOT_zone_3_ from ERCOT_zone_3_.csv
2026-06-20 16:29:53,134 - INFO -   rows=50000, features=11
2026-06-20 16:29:53,134 - INFO - Loading ERCOT_zone_4_ from ERCOT_zone_4_.csv
2026-06-20 16:29:53,264 - INFO -   rows=50000, features=11
2026-06-20 16:29:53,264 - INFO - Loading MISO_zone_1_ from MISO_zone_1_.csv
2026-06-20 16:29:53,391 - INFO -   rows=50000, features=11
2026-06-20 16:29:53,392 - INFO - Loading MISO_zone_2_ from MISO_zone_2_.csv
2026-06-20 16:29:53,477 - INFO -   rows=50000, features=11
2026-06-20 16:29:53,477 - INFO - Loading MISO_zone_3_ from MISO_zone_3_.csv
2026-06-20 16:29:53,563 - INFO -   rows=50000, features=11
2026-06-20 16:29:53,563 - INFO - Loading MISO_zone_4_ from MISO_zone_4_.csv
2026-06-20 16:29:53,648 - INFO -   rows=50000, features=11
2026-06-20 16:29:53,648 - INFO - Loading SPP_zone_1_ from SPP_zone_1_.csv
2026-06-20 16:29:53,733 - INFO -   rows=50000, features=11
2026-06-20 16:29:53,733 - INFO - Loading SPP_zone_2_ from SPP_zone_2_.csv
2026-06-20 16:29:53,819 - INFO -   rows=50000, features=11
2026-06-20 16:29:53,819 - INFO - Loading SPP_zone_3_ from SPP_zone_3_.csv
2026-06-20 16:29:53,905 - INFO -   rows=50000, features=11
2026-06-20 16:29:53,905 - INFO - Loading SPP_zone_4_ from SPP_zone_4_.csv
2026-06-20 16:29:53,990 - INFO -   rows=50000, features=11
2026-06-20 16:29:53,990 - INFO - Loading SPP_zone_5_ from SPP_zone_5_.csv
2026-06-20 16:29:54,077 - INFO -   rows=50000, features=11
2026-06-20 16:29:54,078 - INFO - Loading SPP_zone_6_ from SPP_zone_6_.csv
2026-06-20 16:29:54,165 - INFO -   rows=50000, features=11
2026-06-20 16:29:54,165 - INFO - Loading SPP_zone_7_ from SPP_zone_7_.csv
2026-06-20 16:29:54,249 - INFO -   rows=50000, features=11
2026-06-20 16:29:54,249 - INFO - Loading SPP_zone_8_ from SPP_zone_8_.csv
2026-06-20 16:29:54,335 - INFO -   rows=50000, features=11
2026-06-20 16:29:54,335 - INFO - Loading PJM_zone_1_ from PJM_zone_1_.csv
2026-06-20 16:29:54,427 - INFO -   rows=50000, features=11
2026-06-20 16:29:54,427 - INFO - Loading PJM_zone_2_ from PJM_zone_2_.csv
2026-06-20 16:29:54,513 - INFO -   rows=50000, features=11
2026-06-20 16:29:54,513 - INFO - Loading PJM_zone_3_ from PJM_zone_3_.csv
2026-06-20 16:29:54,598 - INFO -   rows=50000, features=11
2026-06-20 16:29:54,598 - INFO - Loading PJM_zone_4_ from PJM_zone_4_.csv
2026-06-20 16:29:54,684 - INFO -   rows=50000, features=11
2026-06-20 16:29:54,684 - INFO - Loading PJM_zone_5_ from PJM_zone_5_.csv
2026-06-20 16:29:54,769 - INFO -   rows=50000, features=11
2026-06-20 16:29:54,769 - INFO - Loading PJM_zone_6_ from PJM_zone_6_.csv
2026-06-20 16:29:54,854 - INFO -   rows=50000, features=11
2026-06-20 16:29:54,854 - INFO - Loading PJM_zone_7_ from PJM_zone_7_.csv
2026-06-20 16:29:54,940 - INFO -   rows=50000, features=11
2026-06-20 16:29:54,940 - INFO - Loading PJM_zone_8_ from PJM_zone_8_.csv
2026-06-20 16:29:55,037 - INFO -   rows=50000, features=11
2026-06-20 16:29:55,037 - INFO - Loading PJM_zone_9_ from PJM_zone_9_.csv
2026-06-20 16:29:55,129 - INFO -   rows=50000, features=11
2026-06-20 16:29:55,129 - INFO - Loading PJM_zone_10_ from PJM_zone_10_.csv
2026-06-20 16:29:55,217 - INFO -   rows=50000, features=11
2026-06-20 16:29:56,295 - INFO - Generating GORS labels...
2026-06-20 16:29:56,311 - INFO - GORS distribution: train μ=0.498 σ=0.241 | val μ=0.488 σ=0.237
2026-06-20 16:29:56,376 - INFO - Model: 1.0M params
2026-06-20 16:29:56,377 - INFO - Symbolic: True | Physics: True | Feedback: True | Arch: single-LIF | Spike: True
2026-06-20 16:29:58,045 - INFO - Starting training: 50 epochs, 381 batches/epoch
2026-06-20 16:29:58,796 - INFO -   batch   1/381 | loss=0.1069 mse=0.0646 sym=0.0113 phy=0.0310 | 0.8s
2026-06-20 16:29:59,865 - INFO -   batch  10/381 | loss=0.1049 mse=0.0615 sym=0.0110 phy=0.0277 | 1.8s
2026-06-20 16:30:01,055 - INFO -   batch  20/381 | loss=0.1063 mse=0.0664 sym=0.0110 phy=0.0244 | 3.0s
2026-06-20 16:30:02,203 - INFO -   batch  30/381 | loss=0.1004 mse=0.0676 sym=0.0112 phy=0.0244 | 4.2s
2026-06-20 16:30:03,337 - INFO -   batch  40/381 | loss=0.0893 mse=0.0554 sym=0.0112 phy=0.0241 | 5.3s
2026-06-20 16:30:04,509 - INFO -   batch  50/381 | loss=0.1129 mse=0.0775 sym=0.0112 phy=0.0234 | 6.5s
2026-06-20 16:30:05,707 - INFO -   batch  60/381 | loss=0.1022 mse=0.0653 sym=0.0113 phy=0.0238 | 7.7s
2026-06-20 16:30:06,877 - INFO -   batch  70/381 | loss=0.0764 mse=0.0452 sym=0.0113 phy=0.0239 | 8.8s
2026-06-20 16:30:08,094 - INFO -   batch  80/381 | loss=0.1000 mse=0.0653 sym=0.0114 phy=0.0240 | 10.0s
2026-06-20 16:30:09,181 - INFO -   batch  90/381 | loss=0.1025 mse=0.0706 sym=0.0114 phy=0.0239 | 11.1s
2026-06-20 16:30:10,350 - INFO -   batch 100/381 | loss=0.0890 mse=0.0473 sym=0.0113 phy=0.0234 | 12.3s
2026-06-20 16:30:11,572 - INFO -   batch 110/381 | loss=0.1074 mse=0.0760 sym=0.0113 phy=0.0232 | 13.5s
2026-06-20 16:30:12,773 - INFO -   batch 120/381 | loss=0.1211 mse=0.0719 sym=0.0113 phy=0.0234 | 14.7s
2026-06-20 16:30:13,952 - INFO -   batch 130/381 | loss=0.0876 mse=0.0634 sym=0.0113 phy=0.0229 | 15.9s
2026-06-20 16:30:15,087 - INFO -   batch 140/381 | loss=0.0837 mse=0.0537 sym=0.0112 phy=0.0228 | 17.0s
2026-06-20 16:30:16,212 - INFO -   batch 150/381 | loss=0.0884 mse=0.0461 sym=0.0112 phy=0.0226 | 18.2s
2026-06-20 16:30:17,404 - INFO -   batch 160/381 | loss=0.0995 mse=0.0770 sym=0.0111 phy=0.0222 | 19.4s
2026-06-20 16:30:18,591 - INFO -   batch 170/381 | loss=0.0848 mse=0.0607 sym=0.0111 phy=0.0221 | 20.5s
2026-06-20 16:30:19,765 - INFO -   batch 180/381 | loss=0.0782 mse=0.0517 sym=0.0111 phy=0.0219 | 21.7s
2026-06-20 16:30:20,963 - INFO -   batch 190/381 | loss=0.1215 mse=0.0817 sym=0.0111 phy=0.0221 | 22.9s
2026-06-20 16:30:22,063 - INFO -   batch 200/381 | loss=0.0748 mse=0.0500 sym=0.0111 phy=0.0219 | 24.0s
2026-06-20 16:30:23,258 - INFO -   batch 210/381 | loss=0.1024 mse=0.0765 sym=0.0111 phy=0.0218 | 25.2s
2026-06-20 16:30:24,454 - INFO -   batch 220/381 | loss=0.0952 mse=0.0549 sym=0.0111 phy=0.0216 | 26.4s
2026-06-20 16:30:25,637 - INFO -   batch 230/381 | loss=0.0933 mse=0.0631 sym=0.0111 phy=0.0216 | 27.6s
2026-06-20 16:30:26,815 - INFO -   batch 240/381 | loss=0.0871 mse=0.0536 sym=0.0111 phy=0.0215 | 28.8s
2026-06-20 16:30:27,946 - INFO -   batch 250/381 | loss=0.0879 mse=0.0581 sym=0.0111 phy=0.0214 | 29.9s
2026-06-20 16:30:29,078 - INFO -   batch 260/381 | loss=0.0898 mse=0.0620 sym=0.0111 phy=0.0215 | 31.0s
2026-06-20 16:30:30,268 - INFO -   batch 270/381 | loss=0.0796 mse=0.0449 sym=0.0111 phy=0.0214 | 32.2s
2026-06-20 16:30:31,444 - INFO -   batch 280/381 | loss=0.0842 mse=0.0541 sym=0.0111 phy=0.0213 | 33.4s
2026-06-20 16:30:32,630 - INFO -   batch 290/381 | loss=0.0931 mse=0.0607 sym=0.0111 phy=0.0213 | 34.6s
2026-06-20 16:30:33,825 - INFO -   batch 300/381 | loss=0.1041 mse=0.0762 sym=0.0111 phy=0.0212 | 35.8s
2026-06-20 16:30:34,909 - INFO -   batch 310/381 | loss=0.1040 mse=0.0710 sym=0.0110 phy=0.0212 | 36.9s
2026-06-20 16:30:36,159 - INFO -   batch 320/381 | loss=0.0808 mse=0.0552 sym=0.0110 phy=0.0212 | 38.1s
2026-06-20 16:30:37,348 - INFO -   batch 330/381 | loss=0.0776 mse=0.0359 sym=0.0110 phy=0.0211 | 39.3s
2026-06-20 16:30:38,518 - INFO -   batch 340/381 | loss=0.0570 mse=0.0311 sym=0.0110 phy=0.0210 | 40.5s
2026-06-20 16:30:39,687 - INFO -   batch 350/381 | loss=0.0978 mse=0.0668 sym=0.0110 phy=0.0211 | 41.6s
2026-06-20 16:30:40,838 - INFO -   batch 360/381 | loss=0.0968 mse=0.0516 sym=0.0110 phy=0.0211 | 42.8s
2026-06-20 16:30:42,071 - INFO -   batch 370/381 | loss=0.0761 mse=0.0482 sym=0.0110 phy=0.0211 | 44.0s
2026-06-20 16:30:43,253 - INFO -   batch 380/381 | loss=0.0870 mse=0.0513 sym=0.0110 phy=0.0211 | 45.2s
2026-06-20 16:30:45,769 - INFO - Epoch   1/50 | Loss=0.0919 MSE=0.0599 Sym=0.0110 Phy=0.0211 | Val RMSE=0.2304 ρ=0.321 | 48s
2026-06-20 16:30:46,007 - INFO -   batch   1/381 | loss=0.0886 mse=0.0540 sym=0.0099 phy=0.0247 | 0.2s
2026-06-20 16:30:47,118 - INFO -   batch  10/381 | loss=0.0713 mse=0.0469 sym=0.0107 phy=0.0219 | 1.3s
2026-06-20 16:30:48,330 - INFO -   batch  20/381 | loss=0.0822 mse=0.0505 sym=0.0108 phy=0.0197 | 2.6s
2026-06-20 16:30:49,552 - INFO -   batch  30/381 | loss=0.0942 mse=0.0589 sym=0.0110 phy=0.0195 | 3.8s
2026-06-20 16:30:50,704 - INFO -   batch  40/381 | loss=0.0901 mse=0.0662 sym=0.0110 phy=0.0187 | 4.9s
2026-06-20 16:30:51,876 - INFO -   batch  50/381 | loss=0.0871 mse=0.0575 sym=0.0110 phy=0.0195 | 6.1s
2026-06-20 16:30:53,121 - INFO -   batch  60/381 | loss=0.0892 mse=0.0593 sym=0.0109 phy=0.0200 | 7.4s
2026-06-20 16:30:54,369 - INFO -   batch  70/381 | loss=0.0870 mse=0.0576 sym=0.0108 phy=0.0196 | 8.6s
2026-06-20 16:30:55,596 - INFO -   batch  80/381 | loss=0.0760 mse=0.0470 sym=0.0108 phy=0.0195 | 9.8s
2026-06-20 16:30:56,699 - INFO -   batch  90/381 | loss=0.0969 mse=0.0686 sym=0.0108 phy=0.0193 | 10.9s
2026-06-20 16:30:57,923 - INFO -   batch 100/381 | loss=0.1008 mse=0.0582 sym=0.0109 phy=0.0197 | 12.2s
2026-06-20 16:30:59,271 - INFO -   batch 110/381 | loss=0.0897 mse=0.0681 sym=0.0108 phy=0.0196 | 13.5s
2026-06-20 16:31:00,470 - INFO -   batch 120/381 | loss=0.0718 mse=0.0449 sym=0.0108 phy=0.0197 | 14.7s
2026-06-20 16:31:01,638 - INFO -   batch 130/381 | loss=0.0863 mse=0.0630 sym=0.0108 phy=0.0197 | 15.9s
2026-06-20 16:31:02,810 - INFO -   batch 140/381 | loss=0.0673 mse=0.0374 sym=0.0108 phy=0.0200 | 17.0s
2026-06-20 16:31:04,030 - INFO -   batch 150/381 | loss=0.0797 mse=0.0579 sym=0.0108 phy=0.0197 | 18.3s
2026-06-20 16:31:05,254 - INFO -   batch 160/381 | loss=0.1025 mse=0.0663 sym=0.0108 phy=0.0199 | 19.5s
2026-06-20 16:31:06,454 - INFO -   batch 170/381 | loss=0.0941 mse=0.0588 sym=0.0109 phy=0.0197 | 20.7s
2026-06-20 16:31:07,618 - INFO -   batch 180/381 | loss=0.0942 mse=0.0655 sym=0.0109 phy=0.0195 | 21.8s
2026-06-20 16:31:08,865 - INFO -   batch 190/381 | loss=0.0893 mse=0.0585 sym=0.0109 phy=0.0199 | 23.1s
2026-06-20 16:31:10,079 - INFO -   batch 200/381 | loss=0.0792 mse=0.0529 sym=0.0109 phy=0.0196 | 24.3s
2026-06-20 16:31:11,277 - INFO -   batch 210/381 | loss=0.0809 mse=0.0562 sym=0.0109 phy=0.0195 | 25.5s
2026-06-20 16:31:12,491 - INFO -   batch 220/381 | loss=0.0977 mse=0.0674 sym=0.0109 phy=0.0197 | 26.7s
2026-06-20 16:31:13,678 - INFO -   batch 230/381 | loss=0.0856 mse=0.0545 sym=0.0109 phy=0.0195 | 27.9s
2026-06-20 16:31:14,912 - INFO -   batch 240/381 | loss=0.0988 mse=0.0607 sym=0.0109 phy=0.0196 | 29.1s
2026-06-20 16:31:16,120 - INFO -   batch 250/381 | loss=0.0818 mse=0.0524 sym=0.0109 phy=0.0196 | 30.3s
2026-06-20 16:31:17,328 - INFO -   batch 260/381 | loss=0.0739 mse=0.0457 sym=0.0109 phy=0.0196 | 31.6s
2026-06-20 16:31:18,483 - INFO -   batch 270/381 | loss=0.0845 mse=0.0532 sym=0.0109 phy=0.0196 | 32.7s
2026-06-20 16:31:19,715 - INFO -   batch 280/381 | loss=0.0923 mse=0.0646 sym=0.0109 phy=0.0196 | 33.9s
2026-06-20 16:31:20,928 - INFO -   batch 290/381 | loss=0.0787 mse=0.0566 sym=0.0109 phy=0.0196 | 35.2s
2026-06-20 16:31:22,139 - INFO -   batch 300/381 | loss=0.0779 mse=0.0477 sym=0.0109 phy=0.0196 | 36.4s
2026-06-20 16:31:23,365 - INFO -   batch 310/381 | loss=0.0997 mse=0.0645 sym=0.0109 phy=0.0197 | 37.6s
2026-06-20 16:31:24,496 - INFO -   batch 320/381 | loss=0.1128 mse=0.0800 sym=0.0109 phy=0.0197 | 38.7s
2026-06-20 16:31:25,701 - INFO -   batch 330/381 | loss=0.0852 mse=0.0629 sym=0.0109 phy=0.0197 | 39.9s
2026-06-20 16:31:26,939 - INFO -   batch 340/381 | loss=0.0732 mse=0.0432 sym=0.0109 phy=0.0195 | 41.2s
2026-06-20 16:31:28,169 - INFO -   batch 350/381 | loss=0.0705 mse=0.0463 sym=0.0109 phy=0.0195 | 42.4s
2026-06-20 16:31:29,339 - INFO -   batch 360/381 | loss=0.0913 mse=0.0602 sym=0.0109 phy=0.0195 | 43.6s
2026-06-20 16:31:30,499 - INFO -   batch 370/381 | loss=0.1033 mse=0.0696 sym=0.0109 phy=0.0195 | 44.7s
2026-06-20 16:31:31,747 - INFO -   batch 380/381 | loss=0.1108 mse=0.0742 sym=0.0109 phy=0.0196 | 46.0s
2026-06-20 16:31:33,938 - INFO -   batch   1/381 | loss=0.0964 mse=0.0742 sym=0.0109 phy=0.0113 | 0.2s
2026-06-20 16:31:35,033 - INFO -   batch  10/381 | loss=0.0796 mse=0.0520 sym=0.0112 phy=0.0207 | 1.3s
2026-06-20 16:31:36,226 - INFO -   batch  20/381 | loss=0.1091 mse=0.0861 sym=0.0108 phy=0.0205 | 2.5s
2026-06-20 16:31:37,421 - INFO -   batch  30/381 | loss=0.0935 mse=0.0556 sym=0.0109 phy=0.0214 | 3.7s
2026-06-20 16:31:38,669 - INFO -   batch  40/381 | loss=0.0838 mse=0.0595 sym=0.0109 phy=0.0213 | 4.9s
2026-06-20 16:31:39,839 - INFO -   batch  50/381 | loss=0.0719 mse=0.0384 sym=0.0108 phy=0.0207 | 6.1s
2026-06-20 16:31:41,070 - INFO -   batch  60/381 | loss=0.0809 mse=0.0448 sym=0.0108 phy=0.0207 | 7.3s
2026-06-20 16:31:42,253 - INFO -   batch  70/381 | loss=0.0822 mse=0.0570 sym=0.0108 phy=0.0200 | 8.5s
2026-06-20 16:31:43,421 - INFO -   batch  80/381 | loss=0.1002 mse=0.0683 sym=0.0108 phy=0.0200 | 9.7s
2026-06-20 16:31:44,661 - INFO -   batch  90/381 | loss=0.0933 mse=0.0649 sym=0.0108 phy=0.0200 | 10.9s
2026-06-20 16:31:45,879 - INFO -   batch 100/381 | loss=0.0897 mse=0.0591 sym=0.0109 phy=0.0196 | 12.1s
2026-06-20 16:31:47,072 - INFO -   batch 110/381 | loss=0.0956 mse=0.0625 sym=0.0109 phy=0.0197 | 13.3s
2026-06-20 16:31:48,251 - INFO -   batch 120/381 | loss=0.0674 mse=0.0329 sym=0.0108 phy=0.0199 | 14.5s
2026-06-20 16:31:49,473 - INFO -   batch 130/381 | loss=0.0881 mse=0.0537 sym=0.0108 phy=0.0201 | 15.7s
2026-06-20 16:31:50,660 - INFO -   batch 140/381 | loss=0.0903 mse=0.0559 sym=0.0108 phy=0.0200 | 16.9s
2026-06-20 16:31:51,887 - INFO -   batch 150/381 | loss=0.0688 mse=0.0479 sym=0.0108 phy=0.0199 | 18.2s
2026-06-20 16:31:53,131 - INFO -   batch 160/381 | loss=0.0703 mse=0.0345 sym=0.0108 phy=0.0198 | 19.4s
2026-06-20 16:31:54,250 - INFO -   batch 170/381 | loss=0.0686 mse=0.0410 sym=0.0108 phy=0.0200 | 20.5s
2026-06-20 16:31:55,492 - INFO -   batch 180/381 | loss=0.0909 mse=0.0662 sym=0.0108 phy=0.0197 | 21.8s
2026-06-20 16:31:56,746 - INFO -   batch 190/381 | loss=0.0932 mse=0.0644 sym=0.0108 phy=0.0200 | 23.0s
2026-06-20 16:31:57,948 - INFO -   batch 200/381 | loss=0.0960 mse=0.0704 sym=0.0109 phy=0.0201 | 24.2s
2026-06-20 16:31:59,168 - INFO -   batch 210/381 | loss=0.0781 mse=0.0517 sym=0.0109 phy=0.0201 | 25.4s
2026-06-20 16:32:00,321 - INFO -   batch 220/381 | loss=0.0736 mse=0.0543 sym=0.0109 phy=0.0200 | 26.6s
2026-06-20 16:32:01,530 - INFO -   batch 230/381 | loss=0.0844 mse=0.0544 sym=0.0109 phy=0.0198 | 27.8s
2026-06-20 16:32:02,767 - INFO -   batch 240/381 | loss=0.0832 mse=0.0566 sym=0.0109 phy=0.0197 | 29.0s
2026-06-20 16:32:03,978 - INFO -   batch 250/381 | loss=0.0733 mse=0.0477 sym=0.0109 phy=0.0197 | 30.2s
2026-06-20 16:32:05,161 - INFO -   batch 260/381 | loss=0.0970 mse=0.0682 sym=0.0109 phy=0.0196 | 31.4s
2026-06-20 16:32:06,295 - INFO -   batch 270/381 | loss=0.0878 mse=0.0632 sym=0.0109 phy=0.0197 | 32.6s
2026-06-20 16:32:07,515 - INFO -   batch 280/381 | loss=0.0719 mse=0.0430 sym=0.0109 phy=0.0196 | 33.8s
2026-06-20 16:32:08,687 - INFO -   batch 290/381 | loss=0.0844 mse=0.0620 sym=0.0109 phy=0.0195 | 35.0s
2026-06-20 16:32:09,909 - INFO -   batch 300/381 | loss=0.0898 mse=0.0519 sym=0.0109 phy=0.0196 | 36.2s
2026-06-20 16:32:11,101 - INFO -   batch 310/381 | loss=0.0904 mse=0.0638 sym=0.0109 phy=0.0194 | 37.4s
2026-06-20 16:32:12,259 - INFO -   batch 320/381 | loss=0.0874 mse=0.0600 sym=0.0109 phy=0.0194 | 38.5s
2026-06-20 16:32:13,421 - INFO -   batch 330/381 | loss=0.0876 mse=0.0543 sym=0.0109 phy=0.0194 | 39.7s
2026-06-20 16:32:14,646 - INFO -   batch 340/381 | loss=0.0970 mse=0.0564 sym=0.0109 phy=0.0195 | 40.9s
2026-06-20 16:32:15,877 - INFO -   batch 350/381 | loss=0.0834 mse=0.0565 sym=0.0109 phy=0.0195 | 42.1s
2026-06-20 16:32:17,092 - INFO -   batch 360/381 | loss=0.0825 mse=0.0497 sym=0.0109 phy=0.0195 | 43.4s
2026-06-20 16:32:18,223 - INFO -   batch 370/381 | loss=0.0887 mse=0.0545 sym=0.0109 phy=0.0195 | 44.5s
2026-06-20 16:32:19,462 - INFO -   batch 380/381 | loss=0.0783 mse=0.0554 sym=0.0109 phy=0.0195 | 45.7s
2026-06-20 16:32:21,696 - INFO -   batch   1/381 | loss=0.0883 mse=0.0545 sym=0.0111 phy=0.0227 | 0.2s
2026-06-20 16:32:22,790 - INFO -   batch  10/381 | loss=0.0940 mse=0.0618 sym=0.0110 phy=0.0172 | 1.3s
2026-06-20 16:32:24,021 - INFO -   batch  20/381 | loss=0.0852 mse=0.0523 sym=0.0109 phy=0.0180 | 2.5s
2026-06-20 16:32:25,140 - INFO -   batch  30/381 | loss=0.0965 mse=0.0664 sym=0.0109 phy=0.0182 | 3.7s
2026-06-20 16:32:26,354 - INFO -   batch  40/381 | loss=0.0890 mse=0.0603 sym=0.0110 phy=0.0184 | 4.9s
2026-06-20 16:32:27,538 - INFO -   batch  50/381 | loss=0.1013 mse=0.0578 sym=0.0109 phy=0.0186 | 6.0s
2026-06-20 16:32:28,777 - INFO -   batch  60/381 | loss=0.1053 mse=0.0645 sym=0.0108 phy=0.0191 | 7.3s
2026-06-20 16:32:30,001 - INFO -   batch  70/381 | loss=0.0734 mse=0.0473 sym=0.0108 phy=0.0196 | 8.5s
2026-06-20 16:32:31,100 - INFO -   batch  80/381 | loss=0.0879 mse=0.0615 sym=0.0108 phy=0.0194 | 9.6s
2026-06-20 16:32:32,312 - INFO -   batch  90/381 | loss=0.0726 mse=0.0471 sym=0.0108 phy=0.0190 | 10.8s
2026-06-20 16:32:33,523 - INFO -   batch 100/381 | loss=0.0914 mse=0.0574 sym=0.0109 phy=0.0191 | 12.0s
2026-06-20 16:32:34,731 - INFO -   batch 110/381 | loss=0.0949 mse=0.0679 sym=0.0109 phy=0.0190 | 13.2s
2026-06-20 16:32:35,963 - INFO -   batch 120/381 | loss=0.1120 mse=0.0695 sym=0.0109 phy=0.0189 | 14.5s
2026-06-20 16:32:37,134 - INFO -   batch 130/381 | loss=0.0769 mse=0.0454 sym=0.0110 phy=0.0192 | 15.6s
2026-06-20 16:32:38,384 - INFO -   batch 140/381 | loss=0.0964 mse=0.0636 sym=0.0109 phy=0.0190 | 16.9s
2026-06-20 16:32:39,619 - INFO -   batch 150/381 | loss=0.0795 mse=0.0526 sym=0.0109 phy=0.0191 | 18.1s
2026-06-20 16:32:40,867 - INFO -   batch 160/381 | loss=0.0805 mse=0.0567 sym=0.0109 phy=0.0189 | 19.4s
2026-06-20 16:32:41,980 - INFO -   batch 170/381 | loss=0.0911 mse=0.0588 sym=0.0109 phy=0.0190 | 20.5s
2026-06-20 16:32:43,198 - INFO -   batch 180/381 | loss=0.0808 mse=0.0510 sym=0.0109 phy=0.0192 | 21.7s
2026-06-20 16:32:44,432 - INFO -   batch 190/381 | loss=0.0878 mse=0.0566 sym=0.0109 phy=0.0191 | 22.9s
2026-06-20 16:32:45,601 - INFO -   batch 200/381 | loss=0.0759 mse=0.0497 sym=0.0109 phy=0.0192 | 24.1s
2026-06-20 16:32:46,837 - INFO -   batch 210/381 | loss=0.0847 mse=0.0534 sym=0.0109 phy=0.0192 | 25.3s
2026-06-20 16:32:48,014 - INFO -   batch 220/381 | loss=0.0901 mse=0.0643 sym=0.0109 phy=0.0193 | 26.5s
2026-06-20 16:32:49,261 - INFO -   batch 230/381 | loss=0.0890 mse=0.0543 sym=0.0109 phy=0.0192 | 27.8s
2026-06-20 16:32:50,488 - INFO -   batch 240/381 | loss=0.1053 mse=0.0631 sym=0.0109 phy=0.0193 | 29.0s
2026-06-20 16:32:51,669 - INFO -   batch 250/381 | loss=0.0981 mse=0.0667 sym=0.0109 phy=0.0192 | 30.2s
2026-06-20 16:32:52,825 - INFO -   batch 260/381 | loss=0.0787 mse=0.0467 sym=0.0109 phy=0.0192 | 31.3s
2026-06-20 16:32:53,999 - INFO -   batch 270/381 | loss=0.0905 mse=0.0609 sym=0.0108 phy=0.0192 | 32.5s
2026-06-20 16:32:55,220 - INFO -   batch 280/381 | loss=0.0793 mse=0.0487 sym=0.0108 phy=0.0192 | 33.7s
2026-06-20 16:32:56,457 - INFO -   batch 290/381 | loss=0.0739 mse=0.0381 sym=0.0109 phy=0.0192 | 35.0s
2026-06-20 16:32:57,705 - INFO -   batch 300/381 | loss=0.0748 mse=0.0501 sym=0.0109 phy=0.0191 | 36.2s
2026-06-20 16:32:58,895 - INFO -   batch 310/381 | loss=0.1060 mse=0.0629 sym=0.0108 phy=0.0192 | 37.4s
2026-06-20 16:33:00,159 - INFO -   batch 320/381 | loss=0.0860 mse=0.0561 sym=0.0109 phy=0.0193 | 38.7s
2026-06-20 16:33:01,399 - INFO -   batch 330/381 | loss=0.0786 mse=0.0518 sym=0.0109 phy=0.0193 | 39.9s
2026-06-20 16:33:02,628 - INFO -   batch 340/381 | loss=0.0963 mse=0.0690 sym=0.0109 phy=0.0193 | 41.1s
2026-06-20 16:33:03,754 - INFO -   batch 350/381 | loss=0.0825 mse=0.0554 sym=0.0109 phy=0.0194 | 42.3s
2026-06-20 16:33:04,966 - INFO -   batch 360/381 | loss=0.0750 mse=0.0492 sym=0.0109 phy=0.0195 | 43.5s
2026-06-20 16:33:06,217 - INFO -   batch 370/381 | loss=0.0888 mse=0.0531 sym=0.0109 phy=0.0194 | 44.7s
2026-06-20 16:33:07,463 - INFO -   batch 380/381 | loss=0.0923 mse=0.0642 sym=0.0108 phy=0.0195 | 46.0s
2026-06-20 16:33:09,714 - INFO -   batch   1/381 | loss=0.0673 mse=0.0379 sym=0.0113 phy=0.0182 | 0.2s
2026-06-20 16:33:10,777 - INFO -   batch  10/381 | loss=0.0642 mse=0.0437 sym=0.0107 phy=0.0167 | 1.2s
2026-06-20 16:33:12,009 - INFO -   batch  20/381 | loss=0.0903 mse=0.0591 sym=0.0108 phy=0.0192 | 2.5s
2026-06-20 16:33:13,251 - INFO -   batch  30/381 | loss=0.0865 mse=0.0557 sym=0.0110 phy=0.0203 | 3.7s
2026-06-20 16:33:14,499 - INFO -   batch  40/381 | loss=0.0739 mse=0.0356 sym=0.0111 phy=0.0202 | 5.0s
2026-06-20 16:33:15,597 - INFO -   batch  50/381 | loss=0.0930 mse=0.0676 sym=0.0110 phy=0.0200 | 6.1s
2026-06-20 16:33:16,809 - INFO -   batch  60/381 | loss=0.1095 mse=0.0701 sym=0.0110 phy=0.0205 | 7.3s
2026-06-20 16:33:18,019 - INFO -   batch  70/381 | loss=0.0817 mse=0.0588 sym=0.0110 phy=0.0198 | 8.5s
2026-06-20 16:33:19,224 - INFO -   batch  80/381 | loss=0.1080 mse=0.0757 sym=0.0110 phy=0.0199 | 9.7s
2026-06-20 16:33:20,467 - INFO -   batch  90/381 | loss=0.1040 mse=0.0680 sym=0.0110 phy=0.0198 | 10.9s
2026-06-20 16:33:21,602 - INFO -   batch 100/381 | loss=0.0777 mse=0.0546 sym=0.0110 phy=0.0195 | 12.1s
2026-06-20 16:33:22,798 - INFO -   batch 110/381 | loss=0.0835 mse=0.0495 sym=0.0110 phy=0.0196 | 13.3s
2026-06-20 16:33:24,043 - INFO -   batch 120/381 | loss=0.0969 mse=0.0662 sym=0.0110 phy=0.0199 | 14.5s
2026-06-20 16:33:25,288 - INFO -   batch 130/381 | loss=0.0784 mse=0.0495 sym=0.0110 phy=0.0201 | 15.8s
2026-06-20 16:33:26,482 - INFO -   batch 140/381 | loss=0.0891 mse=0.0630 sym=0.0110 phy=0.0200 | 16.9s
2026-06-20 16:33:27,664 - INFO -   batch 150/381 | loss=0.0978 mse=0.0653 sym=0.0110 phy=0.0198 | 18.1s
2026-06-20 16:33:28,881 - INFO -   batch 160/381 | loss=0.0905 mse=0.0644 sym=0.0109 phy=0.0197 | 19.3s
2026-06-20 16:33:30,119 - INFO -   batch 170/381 | loss=0.0848 mse=0.0520 sym=0.0109 phy=0.0195 | 20.6s
2026-06-20 16:33:31,366 - INFO -   batch 180/381 | loss=0.0946 mse=0.0597 sym=0.0110 phy=0.0196 | 21.8s
2026-06-20 16:33:32,563 - INFO -   batch 190/381 | loss=0.0713 mse=0.0511 sym=0.0109 phy=0.0194 | 23.0s
2026-06-20 16:33:33,810 - INFO -   batch 200/381 | loss=0.0737 mse=0.0431 sym=0.0109 phy=0.0194 | 24.3s
2026-06-20 16:33:35,053 - INFO -   batch 210/381 | loss=0.0639 mse=0.0422 sym=0.0109 phy=0.0193 | 25.5s
2026-06-20 16:33:36,251 - INFO -   batch 220/381 | loss=0.1001 mse=0.0622 sym=0.0109 phy=0.0193 | 26.7s
2026-06-20 16:33:37,416 - INFO -   batch 230/381 | loss=0.0848 mse=0.0560 sym=0.0109 phy=0.0193 | 27.9s
2026-06-20 16:33:38,644 - INFO -   batch 240/381 | loss=0.0932 mse=0.0595 sym=0.0109 phy=0.0194 | 29.1s
2026-06-20 16:33:39,881 - INFO -   batch 250/381 | loss=0.0690 mse=0.0459 sym=0.0109 phy=0.0194 | 30.3s
2026-06-20 16:33:41,080 - INFO -   batch 260/381 | loss=0.0763 mse=0.0435 sym=0.0109 phy=0.0193 | 31.5s
2026-06-20 16:33:42,296 - INFO -   batch 270/381 | loss=0.0900 mse=0.0648 sym=0.0109 phy=0.0192 | 32.8s
2026-06-20 16:33:43,459 - INFO -   batch 280/381 | loss=0.0849 mse=0.0586 sym=0.0109 phy=0.0191 | 33.9s
2026-06-20 16:33:44,647 - INFO -   batch 290/381 | loss=0.0837 mse=0.0528 sym=0.0109 phy=0.0192 | 35.1s
2026-06-20 16:33:45,866 - INFO -   batch 300/381 | loss=0.0998 mse=0.0690 sym=0.0109 phy=0.0191 | 36.3s
2026-06-20 16:33:47,068 - INFO -   batch 310/381 | loss=0.0820 mse=0.0399 sym=0.0109 phy=0.0192 | 37.5s
2026-06-20 16:33:48,283 - INFO -   batch 320/381 | loss=0.0962 mse=0.0554 sym=0.0109 phy=0.0193 | 38.7s
2026-06-20 16:33:49,471 - INFO -   batch 330/381 | loss=0.0871 mse=0.0546 sym=0.0109 phy=0.0193 | 39.9s
2026-06-20 16:33:50,688 - INFO -   batch 340/381 | loss=0.0806 mse=0.0480 sym=0.0109 phy=0.0193 | 41.2s
2026-06-20 16:33:51,888 - INFO -   batch 350/381 | loss=0.0910 mse=0.0660 sym=0.0109 phy=0.0193 | 42.4s
2026-06-20 16:33:53,116 - INFO -   batch 360/381 | loss=0.0791 mse=0.0480 sym=0.0109 phy=0.0193 | 43.6s
2026-06-20 16:33:54,278 - INFO -   batch 370/381 | loss=0.0980 mse=0.0684 sym=0.0109 phy=0.0193 | 44.7s
2026-06-20 16:33:55,451 - INFO -   batch 380/381 | loss=0.0812 mse=0.0573 sym=0.0109 phy=0.0193 | 45.9s
2026-06-20 16:33:57,490 - INFO - Epoch   5/50 | Loss=0.0862 MSE=0.0560 Sym=0.0109 Phy=0.0193 | Val RMSE=0.2296 ρ=0.309 | 48s
2026-06-20 16:33:57,689 - INFO -   batch   1/381 | loss=0.0776 mse=0.0455 sym=0.0112 phy=0.0209 | 0.2s
2026-06-20 16:33:58,797 - INFO -   batch  10/381 | loss=0.0845 mse=0.0488 sym=0.0109 phy=0.0191 | 1.3s
2026-06-20 16:33:59,984 - INFO -   batch  20/381 | loss=0.0989 mse=0.0702 sym=0.0105 phy=0.0182 | 2.5s
2026-06-20 16:34:01,190 - INFO -   batch  30/381 | loss=0.0850 mse=0.0591 sym=0.0106 phy=0.0191 | 3.7s
2026-06-20 16:34:02,372 - INFO -   batch  40/381 | loss=0.0845 mse=0.0564 sym=0.0107 phy=0.0197 | 4.9s
2026-06-20 16:34:03,628 - INFO -   batch  50/381 | loss=0.0806 mse=0.0516 sym=0.0107 phy=0.0207 | 6.1s
2026-06-20 16:34:04,883 - INFO -   batch  60/381 | loss=0.0924 mse=0.0624 sym=0.0108 phy=0.0206 | 7.4s
2026-06-20 16:34:06,091 - INFO -   batch  70/381 | loss=0.0915 mse=0.0583 sym=0.0108 phy=0.0203 | 8.6s
2026-06-20 16:34:07,215 - INFO -   batch  80/381 | loss=0.0871 mse=0.0606 sym=0.0109 phy=0.0201 | 9.7s
2026-06-20 16:34:08,434 - INFO -   batch  90/381 | loss=0.0764 mse=0.0458 sym=0.0109 phy=0.0198 | 10.9s
2026-06-20 16:34:09,626 - INFO -   batch 100/381 | loss=0.0795 mse=0.0476 sym=0.0109 phy=0.0198 | 12.1s
2026-06-20 16:34:10,842 - INFO -   batch 110/381 | loss=0.0839 mse=0.0436 sym=0.0109 phy=0.0197 | 13.4s
2026-06-20 16:34:12,090 - INFO -   batch 120/381 | loss=0.0843 mse=0.0521 sym=0.0109 phy=0.0197 | 14.6s
2026-06-20 16:34:13,280 - INFO -   batch 130/381 | loss=0.0844 mse=0.0572 sym=0.0108 phy=0.0196 | 15.8s
2026-06-20 16:34:14,521 - INFO -   batch 140/381 | loss=0.0724 mse=0.0473 sym=0.0109 phy=0.0194 | 17.0s
2026-06-20 16:34:15,758 - INFO -   batch 150/381 | loss=0.0778 mse=0.0458 sym=0.0109 phy=0.0193 | 18.3s
2026-06-20 16:34:16,950 - INFO -   batch 160/381 | loss=0.0806 mse=0.0514 sym=0.0109 phy=0.0195 | 19.5s
2026-06-20 16:34:18,096 - INFO -   batch 170/381 | loss=0.0917 mse=0.0583 sym=0.0109 phy=0.0196 | 20.6s
2026-06-20 16:34:19,315 - INFO -   batch 180/381 | loss=0.0820 mse=0.0511 sym=0.0109 phy=0.0196 | 21.8s
2026-06-20 16:34:20,723 - INFO -   batch 190/381 | loss=0.0885 mse=0.0557 sym=0.0109 phy=0.0195 | 23.2s
2026-06-20 16:34:21,941 - INFO -   batch 200/381 | loss=0.0754 mse=0.0519 sym=0.0109 phy=0.0194 | 24.5s
2026-06-20 16:34:23,064 - INFO -   batch 210/381 | loss=0.0737 mse=0.0458 sym=0.0109 phy=0.0192 | 25.6s
2026-06-20 16:34:24,290 - INFO -   batch 220/381 | loss=0.0942 mse=0.0576 sym=0.0109 phy=0.0193 | 26.8s
2026-06-20 16:34:25,524 - INFO -   batch 230/381 | loss=0.0706 mse=0.0441 sym=0.0109 phy=0.0192 | 28.0s
2026-06-20 16:34:26,721 - INFO -   batch 240/381 | loss=0.0795 mse=0.0507 sym=0.0109 phy=0.0191 | 29.2s
2026-06-20 16:34:27,908 - INFO -   batch 250/381 | loss=0.0854 mse=0.0617 sym=0.0109 phy=0.0192 | 30.4s
2026-06-20 16:34:29,020 - INFO -   batch 260/381 | loss=0.0962 mse=0.0664 sym=0.0109 phy=0.0191 | 31.5s
2026-06-20 16:34:30,255 - INFO -   batch 270/381 | loss=0.0664 mse=0.0395 sym=0.0109 phy=0.0192 | 32.8s
2026-06-20 16:34:31,487 - INFO -   batch 280/381 | loss=0.1005 mse=0.0679 sym=0.0109 phy=0.0191 | 34.0s
2026-06-20 16:34:32,723 - INFO -   batch 290/381 | loss=0.0902 mse=0.0644 sym=0.0109 phy=0.0191 | 35.2s
2026-06-20 16:34:33,892 - INFO -   batch 300/381 | loss=0.0923 mse=0.0613 sym=0.0109 phy=0.0193 | 36.4s
2026-06-20 16:34:35,072 - INFO -   batch 310/381 | loss=0.0976 mse=0.0694 sym=0.0109 phy=0.0193 | 37.6s
2026-06-20 16:34:36,316 - INFO -   batch 320/381 | loss=0.0900 mse=0.0587 sym=0.0109 phy=0.0193 | 38.8s
2026-06-20 16:34:37,556 - INFO -   batch 330/381 | loss=0.0894 mse=0.0570 sym=0.0109 phy=0.0192 | 40.1s
2026-06-20 16:34:38,751 - INFO -   batch 340/381 | loss=0.0922 mse=0.0596 sym=0.0109 phy=0.0192 | 41.3s
2026-06-20 16:34:39,888 - INFO -   batch 350/381 | loss=0.0803 mse=0.0521 sym=0.0109 phy=0.0193 | 42.4s
2026-06-20 16:34:41,078 - INFO -   batch 360/381 | loss=0.0848 mse=0.0603 sym=0.0109 phy=0.0193 | 43.6s
2026-06-20 16:34:42,289 - INFO -   batch 370/381 | loss=0.0842 mse=0.0605 sym=0.0109 phy=0.0193 | 44.8s
2026-06-20 16:34:43,525 - INFO -   batch 380/381 | loss=0.0744 mse=0.0506 sym=0.0109 phy=0.0192 | 46.0s
2026-06-20 16:34:45,754 - INFO -   batch   1/381 | loss=0.0753 mse=0.0468 sym=0.0109 phy=0.0176 | 0.2s
2026-06-20 16:34:46,796 - INFO -   batch  10/381 | loss=0.0752 mse=0.0508 sym=0.0113 phy=0.0185 | 1.2s
2026-06-20 16:34:47,959 - INFO -   batch  20/381 | loss=0.0812 mse=0.0564 sym=0.0113 phy=0.0199 | 2.4s
2026-06-20 16:34:49,194 - INFO -   batch  30/381 | loss=0.0641 mse=0.0374 sym=0.0109 phy=0.0196 | 3.6s
2026-06-20 16:34:50,416 - INFO -   batch  40/381 | loss=0.0917 mse=0.0509 sym=0.0109 phy=0.0190 | 4.9s
2026-06-20 16:34:51,613 - INFO -   batch  50/381 | loss=0.0699 mse=0.0415 sym=0.0108 phy=0.0191 | 6.1s
2026-06-20 16:34:52,781 - INFO -   batch  60/381 | loss=0.0889 mse=0.0634 sym=0.0109 phy=0.0195 | 7.2s
2026-06-20 16:34:53,974 - INFO -   batch  70/381 | loss=0.0741 mse=0.0479 sym=0.0109 phy=0.0190 | 8.4s
2026-06-20 16:34:55,164 - INFO -   batch  80/381 | loss=0.0954 mse=0.0675 sym=0.0109 phy=0.0192 | 9.6s
2026-06-20 16:34:56,343 - INFO -   batch  90/381 | loss=0.0754 mse=0.0452 sym=0.0109 phy=0.0193 | 10.8s
2026-06-20 16:34:57,568 - INFO -   batch 100/381 | loss=0.0753 mse=0.0430 sym=0.0109 phy=0.0194 | 12.0s
2026-06-20 16:34:58,728 - INFO -   batch 110/381 | loss=0.0870 mse=0.0527 sym=0.0110 phy=0.0193 | 13.2s
2026-06-20 16:34:59,939 - INFO -   batch 120/381 | loss=0.0693 mse=0.0393 sym=0.0109 phy=0.0193 | 14.4s
2026-06-20 16:35:01,147 - INFO -   batch 130/381 | loss=0.0832 mse=0.0584 sym=0.0110 phy=0.0192 | 15.6s
2026-06-20 16:35:02,371 - INFO -   batch 140/381 | loss=0.0862 mse=0.0556 sym=0.0110 phy=0.0194 | 16.8s
2026-06-20 16:35:03,590 - INFO -   batch 150/381 | loss=0.0860 mse=0.0602 sym=0.0110 phy=0.0194 | 18.0s
2026-06-20 16:35:04,711 - INFO -   batch 160/381 | loss=0.0909 mse=0.0558 sym=0.0109 phy=0.0192 | 19.2s
2026-06-20 16:35:05,940 - INFO -   batch 170/381 | loss=0.0711 mse=0.0390 sym=0.0109 phy=0.0195 | 20.4s
2026-06-20 16:35:07,159 - INFO -   batch 180/381 | loss=0.0848 mse=0.0532 sym=0.0110 phy=0.0197 | 21.6s
2026-06-20 16:35:08,376 - INFO -   batch 190/381 | loss=0.0952 mse=0.0658 sym=0.0109 phy=0.0196 | 22.8s
2026-06-20 16:35:09,600 - INFO -   batch 200/381 | loss=0.0829 mse=0.0560 sym=0.0109 phy=0.0195 | 24.0s
2026-06-20 16:35:10,743 - INFO -   batch 210/381 | loss=0.0714 mse=0.0443 sym=0.0109 phy=0.0195 | 25.2s
2026-06-20 16:35:11,953 - INFO -   batch 220/381 | loss=0.0863 mse=0.0575 sym=0.0110 phy=0.0195 | 26.4s
2026-06-20 16:35:13,174 - INFO -   batch 230/381 | loss=0.0858 mse=0.0619 sym=0.0109 phy=0.0194 | 27.6s
2026-06-20 16:35:14,353 - INFO -   batch 240/381 | loss=0.0955 mse=0.0550 sym=0.0109 phy=0.0193 | 28.8s
2026-06-20 16:35:15,558 - INFO -   batch 250/381 | loss=0.0758 mse=0.0368 sym=0.0110 phy=0.0193 | 30.0s
2026-06-20 16:35:16,728 - INFO -   batch 260/381 | loss=0.0691 mse=0.0428 sym=0.0110 phy=0.0195 | 31.2s
2026-06-20 16:35:17,971 - INFO -   batch 270/381 | loss=0.0865 mse=0.0589 sym=0.0110 phy=0.0195 | 32.4s
2026-06-20 16:35:19,189 - INFO -   batch 280/381 | loss=0.0888 mse=0.0618 sym=0.0110 phy=0.0195 | 33.6s
2026-06-20 16:35:20,388 - INFO -   batch 290/381 | loss=0.0736 mse=0.0504 sym=0.0110 phy=0.0194 | 34.8s
2026-06-20 16:35:21,563 - INFO -   batch 300/381 | loss=0.0624 mse=0.0343 sym=0.0110 phy=0.0194 | 36.0s
2026-06-20 16:35:22,819 - INFO -   batch 310/381 | loss=0.0900 mse=0.0538 sym=0.0110 phy=0.0194 | 37.3s
2026-06-20 16:35:24,072 - INFO -   batch 320/381 | loss=0.0774 mse=0.0447 sym=0.0110 phy=0.0195 | 38.5s
2026-06-20 16:35:25,310 - INFO -   batch 330/381 | loss=0.0913 mse=0.0679 sym=0.0110 phy=0.0195 | 39.8s
2026-06-20 16:35:26,472 - INFO -   batch 340/381 | loss=0.0895 mse=0.0589 sym=0.0109 phy=0.0195 | 40.9s
2026-06-20 16:35:27,637 - INFO -   batch 350/381 | loss=0.0890 mse=0.0567 sym=0.0109 phy=0.0195 | 42.1s
2026-06-20 16:35:28,858 - INFO -   batch 360/381 | loss=0.0898 mse=0.0655 sym=0.0109 phy=0.0194 | 43.3s
2026-06-20 16:35:30,096 - INFO -   batch 370/381 | loss=0.0812 mse=0.0540 sym=0.0109 phy=0.0193 | 44.5s
2026-06-20 16:35:31,323 - INFO -   batch 380/381 | loss=0.0792 mse=0.0469 sym=0.0109 phy=0.0194 | 45.8s
2026-06-20 16:35:33,599 - INFO -   batch   1/381 | loss=0.0878 mse=0.0536 sym=0.0110 phy=0.0231 | 0.2s
2026-06-20 16:35:34,680 - INFO -   batch  10/381 | loss=0.0876 mse=0.0585 sym=0.0110 phy=0.0216 | 1.3s
2026-06-20 16:35:35,920 - INFO -   batch  20/381 | loss=0.0826 mse=0.0524 sym=0.0108 phy=0.0199 | 2.5s
2026-06-20 16:35:37,135 - INFO -   batch  30/381 | loss=0.0949 mse=0.0577 sym=0.0109 phy=0.0194 | 3.8s
2026-06-20 16:35:38,313 - INFO -   batch  40/381 | loss=0.1064 mse=0.0664 sym=0.0111 phy=0.0201 | 4.9s
2026-06-20 16:35:39,481 - INFO -   batch  50/381 | loss=0.1027 mse=0.0724 sym=0.0111 phy=0.0201 | 6.1s
2026-06-20 16:35:40,714 - INFO -   batch  60/381 | loss=0.0930 mse=0.0634 sym=0.0110 phy=0.0199 | 7.3s
2026-06-20 16:35:41,918 - INFO -   batch  70/381 | loss=0.0947 mse=0.0591 sym=0.0110 phy=0.0197 | 8.5s
2026-06-20 16:35:43,122 - INFO -   batch  80/381 | loss=0.0930 mse=0.0654 sym=0.0109 phy=0.0197 | 9.7s
2026-06-20 16:35:44,294 - INFO -   batch  90/381 | loss=0.0791 mse=0.0550 sym=0.0109 phy=0.0195 | 10.9s
2026-06-20 16:35:45,539 - INFO -   batch 100/381 | loss=0.0823 mse=0.0520 sym=0.0109 phy=0.0195 | 12.2s
2026-06-20 16:35:46,761 - INFO -   batch 110/381 | loss=0.0983 mse=0.0631 sym=0.0109 phy=0.0195 | 13.4s
2026-06-20 16:35:47,948 - INFO -   batch 120/381 | loss=0.0961 mse=0.0641 sym=0.0109 phy=0.0197 | 14.6s
2026-06-20 16:35:49,162 - INFO -   batch 130/381 | loss=0.0777 mse=0.0566 sym=0.0109 phy=0.0196 | 15.8s
2026-06-20 16:35:50,265 - INFO -   batch 140/381 | loss=0.1123 mse=0.0789 sym=0.0110 phy=0.0195 | 16.9s
2026-06-20 16:35:51,493 - INFO -   batch 150/381 | loss=0.1182 mse=0.0813 sym=0.0109 phy=0.0195 | 18.1s
2026-06-20 16:35:52,714 - INFO -   batch 160/381 | loss=0.0777 mse=0.0452 sym=0.0109 phy=0.0196 | 19.3s
2026-06-20 16:35:53,962 - INFO -   batch 170/381 | loss=0.0938 mse=0.0688 sym=0.0109 phy=0.0196 | 20.6s
2026-06-20 16:35:55,138 - INFO -   batch 180/381 | loss=0.0939 mse=0.0634 sym=0.0109 phy=0.0193 | 21.8s
2026-06-20 16:35:56,309 - INFO -   batch 190/381 | loss=0.0696 mse=0.0440 sym=0.0109 phy=0.0194 | 22.9s
2026-06-20 16:35:57,536 - INFO -   batch 200/381 | loss=0.0681 mse=0.0455 sym=0.0109 phy=0.0192 | 24.2s
2026-06-20 16:35:58,738 - INFO -   batch 210/381 | loss=0.0737 mse=0.0418 sym=0.0109 phy=0.0192 | 25.4s
2026-06-20 16:35:59,943 - INFO -   batch 220/381 | loss=0.0754 mse=0.0521 sym=0.0109 phy=0.0191 | 26.6s
2026-06-20 16:36:01,097 - INFO -   batch 230/381 | loss=0.1091 mse=0.0784 sym=0.0109 phy=0.0189 | 27.7s
2026-06-20 16:36:02,280 - INFO -   batch 240/381 | loss=0.0749 mse=0.0396 sym=0.0109 phy=0.0191 | 28.9s
2026-06-20 16:36:03,479 - INFO -   batch 250/381 | loss=0.0782 mse=0.0483 sym=0.0109 phy=0.0191 | 30.1s
2026-06-20 16:36:04,683 - INFO -   batch 260/381 | loss=0.0842 mse=0.0595 sym=0.0109 phy=0.0190 | 31.3s
2026-06-20 16:36:05,872 - INFO -   batch 270/381 | loss=0.0800 mse=0.0498 sym=0.0109 phy=0.0190 | 32.5s
2026-06-20 16:36:07,033 - INFO -   batch 280/381 | loss=0.1005 mse=0.0560 sym=0.0109 phy=0.0190 | 33.7s
2026-06-20 16:36:08,260 - INFO -   batch 290/381 | loss=0.0819 mse=0.0527 sym=0.0109 phy=0.0189 | 34.9s
2026-06-20 16:36:09,499 - INFO -   batch 300/381 | loss=0.1125 mse=0.0853 sym=0.0109 phy=0.0189 | 36.1s
2026-06-20 16:36:10,686 - INFO -   batch 310/381 | loss=0.0750 mse=0.0465 sym=0.0109 phy=0.0189 | 37.3s
2026-06-20 16:36:11,917 - INFO -   batch 320/381 | loss=0.0968 mse=0.0499 sym=0.0109 phy=0.0190 | 38.5s
2026-06-20 16:36:13,097 - INFO -   batch 330/381 | loss=0.1009 mse=0.0626 sym=0.0109 phy=0.0191 | 39.7s
2026-06-20 16:36:14,330 - INFO -   batch 340/381 | loss=0.0626 mse=0.0376 sym=0.0109 phy=0.0191 | 40.9s
2026-06-20 16:36:15,554 - INFO -   batch 350/381 | loss=0.0821 mse=0.0535 sym=0.0109 phy=0.0192 | 42.2s
2026-06-20 16:36:16,747 - INFO -   batch 360/381 | loss=0.0971 mse=0.0673 sym=0.0109 phy=0.0191 | 43.4s
2026-06-20 16:36:17,902 - INFO -   batch 370/381 | loss=0.0956 mse=0.0636 sym=0.0109 phy=0.0192 | 44.5s
2026-06-20 16:36:19,090 - INFO -   batch 380/381 | loss=0.0912 mse=0.0558 sym=0.0109 phy=0.0193 | 45.7s
2026-06-20 16:36:21,351 - INFO -   batch   1/381 | loss=0.0723 mse=0.0357 sym=0.0107 phy=0.0259 | 0.2s
2026-06-20 16:36:22,429 - INFO -   batch  10/381 | loss=0.0671 mse=0.0411 sym=0.0109 phy=0.0184 | 1.3s
2026-06-20 16:36:23,651 - INFO -   batch  20/381 | loss=0.0881 mse=0.0558 sym=0.0109 phy=0.0188 | 2.5s
2026-06-20 16:36:24,816 - INFO -   batch  30/381 | loss=0.0798 mse=0.0569 sym=0.0109 phy=0.0175 | 3.7s
2026-06-20 16:36:26,003 - INFO -   batch  40/381 | loss=0.0826 mse=0.0509 sym=0.0109 phy=0.0174 | 4.9s
2026-06-20 16:36:27,233 - INFO -   batch  50/381 | loss=0.0744 mse=0.0387 sym=0.0108 phy=0.0178 | 6.1s
2026-06-20 16:36:28,473 - INFO -   batch  60/381 | loss=0.0737 mse=0.0489 sym=0.0109 phy=0.0178 | 7.3s
2026-06-20 16:36:29,718 - INFO -   batch  70/381 | loss=0.0839 mse=0.0471 sym=0.0110 phy=0.0180 | 8.6s
2026-06-20 16:36:30,835 - INFO -   batch  80/381 | loss=0.0960 mse=0.0565 sym=0.0110 phy=0.0185 | 9.7s
2026-06-20 16:36:32,059 - INFO -   batch  90/381 | loss=0.0768 mse=0.0542 sym=0.0110 phy=0.0184 | 10.9s
2026-06-20 16:36:33,285 - INFO -   batch 100/381 | loss=0.0878 mse=0.0630 sym=0.0110 phy=0.0183 | 12.1s
2026-06-20 16:36:34,464 - INFO -   batch 110/381 | loss=0.0818 mse=0.0511 sym=0.0110 phy=0.0186 | 13.3s
2026-06-20 16:36:35,700 - INFO -   batch 120/381 | loss=0.0998 mse=0.0634 sym=0.0110 phy=0.0187 | 14.5s
2026-06-20 16:36:36,818 - INFO -   batch 130/381 | loss=0.0802 mse=0.0527 sym=0.0111 phy=0.0187 | 15.7s
2026-06-20 16:36:38,052 - INFO -   batch 140/381 | loss=0.0720 mse=0.0439 sym=0.0111 phy=0.0188 | 16.9s
2026-06-20 16:36:39,294 - INFO -   batch 150/381 | loss=0.0982 mse=0.0656 sym=0.0110 phy=0.0190 | 18.1s
2026-06-20 16:36:40,573 - INFO -   batch 160/381 | loss=0.0996 mse=0.0550 sym=0.0110 phy=0.0190 | 19.4s
2026-06-20 16:36:41,739 - INFO -   batch 170/381 | loss=0.0867 mse=0.0534 sym=0.0110 phy=0.0192 | 20.6s
2026-06-20 16:36:42,975 - INFO -   batch 180/381 | loss=0.0830 mse=0.0580 sym=0.0110 phy=0.0192 | 21.8s
2026-06-20 16:36:44,233 - INFO -   batch 190/381 | loss=0.0825 mse=0.0552 sym=0.0110 phy=0.0190 | 23.1s
2026-06-20 16:36:45,443 - INFO -   batch 200/381 | loss=0.0940 mse=0.0646 sym=0.0110 phy=0.0190 | 24.3s
2026-06-20 16:36:46,646 - INFO -   batch 210/381 | loss=0.0865 mse=0.0559 sym=0.0110 phy=0.0188 | 25.5s
2026-06-20 16:36:47,807 - INFO -   batch 220/381 | loss=0.0940 mse=0.0600 sym=0.0110 phy=0.0188 | 26.7s
2026-06-20 16:36:49,001 - INFO -   batch 230/381 | loss=0.0812 mse=0.0505 sym=0.0110 phy=0.0188 | 27.9s
2026-06-20 16:36:50,236 - INFO -   batch 240/381 | loss=0.0750 mse=0.0453 sym=0.0110 phy=0.0189 | 29.1s
2026-06-20 16:36:51,480 - INFO -   batch 250/381 | loss=0.0877 mse=0.0631 sym=0.0110 phy=0.0190 | 30.3s
2026-06-20 16:36:52,662 - INFO -   batch 260/381 | loss=0.0897 mse=0.0557 sym=0.0109 phy=0.0191 | 31.5s
2026-06-20 16:36:53,880 - INFO -   batch 270/381 | loss=0.0879 mse=0.0524 sym=0.0110 phy=0.0193 | 32.7s
2026-06-20 16:36:55,083 - INFO -   batch 280/381 | loss=0.0878 mse=0.0602 sym=0.0109 phy=0.0192 | 33.9s
2026-06-20 16:36:56,318 - INFO -   batch 290/381 | loss=0.0817 mse=0.0535 sym=0.0109 phy=0.0191 | 35.2s
2026-06-20 16:36:57,536 - INFO -   batch 300/381 | loss=0.1016 mse=0.0692 sym=0.0110 phy=0.0191 | 36.4s
2026-06-20 16:36:58,653 - INFO -   batch 310/381 | loss=0.1006 mse=0.0655 sym=0.0110 phy=0.0193 | 37.5s
2026-06-20 16:36:59,881 - INFO -   batch 320/381 | loss=0.0945 mse=0.0594 sym=0.0110 phy=0.0193 | 38.7s
2026-06-20 16:37:01,119 - INFO -   batch 330/381 | loss=0.0774 mse=0.0436 sym=0.0110 phy=0.0194 | 40.0s
2026-06-20 16:37:02,349 - INFO -   batch 340/381 | loss=0.0760 mse=0.0422 sym=0.0110 phy=0.0194 | 41.2s
2026-06-20 16:37:03,534 - INFO -   batch 350/381 | loss=0.0700 mse=0.0457 sym=0.0110 phy=0.0194 | 42.4s
2026-06-20 16:37:04,702 - INFO -   batch 360/381 | loss=0.0793 mse=0.0563 sym=0.0109 phy=0.0193 | 43.6s
2026-06-20 16:37:05,943 - INFO -   batch 370/381 | loss=0.0829 mse=0.0559 sym=0.0109 phy=0.0193 | 44.8s
2026-06-20 16:37:07,111 - INFO -   batch 380/381 | loss=0.0902 mse=0.0624 sym=0.0109 phy=0.0194 | 46.0s
2026-06-20 16:37:09,319 - INFO -   batch   1/381 | loss=0.0704 mse=0.0398 sym=0.0104 phy=0.0202 | 0.2s
2026-06-20 16:37:10,420 - INFO -   batch  10/381 | loss=0.0898 mse=0.0632 sym=0.0110 phy=0.0193 | 1.3s
2026-06-20 16:37:11,547 - INFO -   batch  20/381 | loss=0.0801 mse=0.0516 sym=0.0108 phy=0.0190 | 2.4s
2026-06-20 16:37:12,791 - INFO -   batch  30/381 | loss=0.1050 mse=0.0647 sym=0.0109 phy=0.0201 | 3.7s
2026-06-20 16:37:14,021 - INFO -   batch  40/381 | loss=0.0644 mse=0.0398 sym=0.0109 phy=0.0199 | 4.9s
2026-06-20 16:37:15,230 - INFO -   batch  50/381 | loss=0.0988 mse=0.0664 sym=0.0109 phy=0.0196 | 6.1s
2026-06-20 16:37:16,413 - INFO -   batch  60/381 | loss=0.0836 mse=0.0528 sym=0.0110 phy=0.0194 | 7.3s
2026-06-20 16:37:17,582 - INFO -   batch  70/381 | loss=0.1028 mse=0.0681 sym=0.0109 phy=0.0191 | 8.5s
2026-06-20 16:37:18,796 - INFO -   batch  80/381 | loss=0.0781 mse=0.0511 sym=0.0109 phy=0.0190 | 9.7s
2026-06-20 16:37:19,983 - INFO -   batch  90/381 | loss=0.0845 mse=0.0575 sym=0.0109 phy=0.0190 | 10.9s
2026-06-20 16:37:21,205 - INFO -   batch 100/381 | loss=0.0805 mse=0.0469 sym=0.0110 phy=0.0193 | 12.1s
2026-06-20 16:37:22,358 - INFO -   batch 110/381 | loss=0.0926 mse=0.0634 sym=0.0110 phy=0.0193 | 13.2s
2026-06-20 16:37:23,521 - INFO -   batch 120/381 | loss=0.0923 mse=0.0634 sym=0.0110 phy=0.0193 | 14.4s
2026-06-20 16:37:24,733 - INFO -   batch 130/381 | loss=0.0900 mse=0.0603 sym=0.0109 phy=0.0194 | 15.6s
2026-06-20 16:37:25,927 - INFO -   batch 140/381 | loss=0.0907 mse=0.0504 sym=0.0109 phy=0.0194 | 16.8s
2026-06-20 16:37:27,133 - INFO -   batch 150/381 | loss=0.0927 mse=0.0669 sym=0.0109 phy=0.0194 | 18.0s
2026-06-20 16:37:28,297 - INFO -   batch 160/381 | loss=0.1019 mse=0.0705 sym=0.0109 phy=0.0192 | 19.2s
2026-06-20 16:37:29,475 - INFO -   batch 170/381 | loss=0.0735 mse=0.0398 sym=0.0109 phy=0.0192 | 20.3s
2026-06-20 16:37:30,734 - INFO -   batch 180/381 | loss=0.0796 mse=0.0465 sym=0.0110 phy=0.0193 | 21.6s
2026-06-20 16:37:31,985 - INFO -   batch 190/381 | loss=0.0838 mse=0.0479 sym=0.0110 phy=0.0194 | 22.9s
2026-06-20 16:37:33,229 - INFO -   batch 200/381 | loss=0.0805 mse=0.0490 sym=0.0110 phy=0.0194 | 24.1s
2026-06-20 16:37:34,421 - INFO -   batch 210/381 | loss=0.0870 mse=0.0530 sym=0.0110 phy=0.0195 | 25.3s
2026-06-20 16:37:35,662 - INFO -   batch 220/381 | loss=0.0723 mse=0.0427 sym=0.0110 phy=0.0195 | 26.5s
2026-06-20 16:37:36,871 - INFO -   batch 230/381 | loss=0.0927 mse=0.0603 sym=0.0109 phy=0.0195 | 27.7s
2026-06-20 16:37:38,067 - INFO -   batch 240/381 | loss=0.0844 mse=0.0589 sym=0.0109 phy=0.0194 | 28.9s
2026-06-20 16:37:39,230 - INFO -   batch 250/381 | loss=0.0775 mse=0.0500 sym=0.0109 phy=0.0193 | 30.1s
2026-06-20 16:37:40,617 - INFO -   batch 260/381 | loss=0.0788 mse=0.0514 sym=0.0109 phy=0.0194 | 31.5s
2026-06-20 16:37:41,842 - INFO -   batch 270/381 | loss=0.0765 mse=0.0479 sym=0.0109 phy=0.0193 | 32.7s
2026-06-20 16:37:43,052 - INFO -   batch 280/381 | loss=0.0903 mse=0.0609 sym=0.0109 phy=0.0193 | 33.9s
2026-06-20 16:37:44,182 - INFO -   batch 290/381 | loss=0.0779 mse=0.0495 sym=0.0109 phy=0.0193 | 35.1s
2026-06-20 16:37:45,398 - INFO -   batch 300/381 | loss=0.0844 mse=0.0549 sym=0.0109 phy=0.0193 | 36.3s
2026-06-20 16:37:46,590 - INFO -   batch 310/381 | loss=0.0856 mse=0.0577 sym=0.0109 phy=0.0193 | 37.5s
2026-06-20 16:37:47,813 - INFO -   batch 320/381 | loss=0.0743 mse=0.0468 sym=0.0109 phy=0.0194 | 38.7s
2026-06-20 16:37:48,985 - INFO -   batch 330/381 | loss=0.0746 mse=0.0495 sym=0.0109 phy=0.0193 | 39.9s
2026-06-20 16:37:50,139 - INFO -   batch 340/381 | loss=0.0962 mse=0.0529 sym=0.0109 phy=0.0194 | 41.0s
2026-06-20 16:37:51,358 - INFO -   batch 350/381 | loss=0.0705 mse=0.0412 sym=0.0109 phy=0.0194 | 42.2s
2026-06-20 16:37:52,570 - INFO -   batch 360/381 | loss=0.0764 mse=0.0444 sym=0.0109 phy=0.0193 | 43.4s
2026-06-20 16:37:53,796 - INFO -   batch 370/381 | loss=0.0894 mse=0.0572 sym=0.0109 phy=0.0193 | 44.7s
2026-06-20 16:37:55,041 - INFO -   batch 380/381 | loss=0.0941 mse=0.0687 sym=0.0109 phy=0.0191 | 45.9s
2026-06-20 16:37:57,076 - INFO - Epoch  10/50 | Loss=0.0854 MSE=0.0554 Sym=0.0109 Phy=0.0191 | Val RMSE=0.2421 ρ=0.298 | 48s
2026-06-20 16:37:57,279 - INFO -   batch   1/381 | loss=0.0676 mse=0.0432 sym=0.0102 phy=0.0143 | 0.2s
2026-06-20 16:37:58,391 - INFO -   batch  10/381 | loss=0.0561 mse=0.0342 sym=0.0107 phy=0.0159 | 1.3s
2026-06-20 16:37:59,607 - INFO -   batch  20/381 | loss=0.0777 mse=0.0488 sym=0.0108 phy=0.0176 | 2.5s
2026-06-20 16:38:00,823 - INFO -   batch  30/381 | loss=0.0935 mse=0.0619 sym=0.0108 phy=0.0188 | 3.7s
2026-06-20 16:38:01,993 - INFO -   batch  40/381 | loss=0.0848 mse=0.0558 sym=0.0106 phy=0.0183 | 4.9s
2026-06-20 16:38:03,179 - INFO -   batch  50/381 | loss=0.0814 mse=0.0556 sym=0.0106 phy=0.0177 | 6.1s
2026-06-20 16:38:04,422 - INFO -   batch  60/381 | loss=0.0814 mse=0.0479 sym=0.0107 phy=0.0178 | 7.3s
2026-06-20 16:38:05,657 - INFO -   batch  70/381 | loss=0.0855 mse=0.0570 sym=0.0108 phy=0.0182 | 8.6s
2026-06-20 16:38:06,874 - INFO -   batch  80/381 | loss=0.0968 mse=0.0677 sym=0.0107 phy=0.0183 | 9.8s
2026-06-20 16:38:08,018 - INFO -   batch  90/381 | loss=0.0898 mse=0.0594 sym=0.0108 phy=0.0185 | 10.9s
2026-06-20 16:38:09,245 - INFO -   batch 100/381 | loss=0.0785 mse=0.0545 sym=0.0107 phy=0.0187 | 12.2s
2026-06-20 16:38:10,469 - INFO -   batch 110/381 | loss=0.0941 mse=0.0642 sym=0.0107 phy=0.0185 | 13.4s
2026-06-20 16:38:11,654 - INFO -   batch 120/381 | loss=0.0987 mse=0.0681 sym=0.0107 phy=0.0185 | 14.6s
2026-06-20 16:38:12,885 - INFO -   batch 130/381 | loss=0.0798 mse=0.0469 sym=0.0107 phy=0.0187 | 15.8s
2026-06-20 16:38:14,082 - INFO -   batch 140/381 | loss=0.0873 mse=0.0624 sym=0.0108 phy=0.0188 | 17.0s
2026-06-20 16:38:15,323 - INFO -   batch 150/381 | loss=0.1046 mse=0.0730 sym=0.0108 phy=0.0187 | 18.2s
2026-06-20 16:38:16,578 - INFO -   batch 160/381 | loss=0.0830 mse=0.0499 sym=0.0108 phy=0.0189 | 19.5s
2026-06-20 16:38:17,829 - INFO -   batch 170/381 | loss=0.0922 mse=0.0559 sym=0.0108 phy=0.0190 | 20.8s
2026-06-20 16:38:19,025 - INFO -   batch 180/381 | loss=0.0822 mse=0.0556 sym=0.0108 phy=0.0188 | 21.9s
2026-06-20 16:38:20,279 - INFO -   batch 190/381 | loss=0.0943 mse=0.0679 sym=0.0108 phy=0.0189 | 23.2s
2026-06-20 16:38:21,511 - INFO -   batch 200/381 | loss=0.0911 mse=0.0552 sym=0.0108 phy=0.0189 | 24.4s
2026-06-20 16:38:22,743 - INFO -   batch 210/381 | loss=0.0794 mse=0.0514 sym=0.0109 phy=0.0190 | 25.7s
2026-06-20 16:38:23,846 - INFO -   batch 220/381 | loss=0.0850 mse=0.0536 sym=0.0109 phy=0.0191 | 26.8s
2026-06-20 16:38:25,086 - INFO -   batch 230/381 | loss=0.0836 mse=0.0569 sym=0.0109 phy=0.0192 | 28.0s
2026-06-20 16:38:26,335 - INFO -   batch 240/381 | loss=0.0758 mse=0.0520 sym=0.0109 phy=0.0191 | 29.3s
2026-06-20 16:38:27,502 - INFO -   batch 250/381 | loss=0.0822 mse=0.0537 sym=0.0109 phy=0.0192 | 30.4s
2026-06-20 16:38:28,704 - INFO -   batch 260/381 | loss=0.0898 mse=0.0620 sym=0.0109 phy=0.0192 | 31.6s
2026-06-20 16:38:29,885 - INFO -   batch 270/381 | loss=0.0913 mse=0.0682 sym=0.0109 phy=0.0191 | 32.8s
2026-06-20 16:38:31,108 - INFO -   batch 280/381 | loss=0.0838 mse=0.0514 sym=0.0109 phy=0.0190 | 34.0s
2026-06-20 16:38:32,316 - INFO -   batch 290/381 | loss=0.0899 mse=0.0617 sym=0.0109 phy=0.0191 | 35.2s
2026-06-20 16:38:33,559 - INFO -   batch 300/381 | loss=0.0756 mse=0.0449 sym=0.0110 phy=0.0190 | 36.5s
2026-06-20 16:38:34,727 - INFO -   batch 310/381 | loss=0.0770 mse=0.0444 sym=0.0109 phy=0.0190 | 37.7s
2026-06-20 16:38:35,898 - INFO -   batch 320/381 | loss=0.0857 mse=0.0557 sym=0.0109 phy=0.0190 | 38.8s
2026-06-20 16:38:37,133 - INFO -   batch 330/381 | loss=0.0876 mse=0.0595 sym=0.0109 phy=0.0190 | 40.1s
2026-06-20 16:38:38,350 - INFO -   batch 340/381 | loss=0.0766 mse=0.0419 sym=0.0109 phy=0.0191 | 41.3s
2026-06-20 16:38:39,566 - INFO -   batch 350/381 | loss=0.0759 mse=0.0440 sym=0.0109 phy=0.0192 | 42.5s
2026-06-20 16:38:40,684 - INFO -   batch 360/381 | loss=0.0697 mse=0.0473 sym=0.0109 phy=0.0192 | 43.6s
2026-06-20 16:38:41,928 - INFO -   batch 370/381 | loss=0.0875 mse=0.0604 sym=0.0109 phy=0.0191 | 44.9s
2026-06-20 16:38:43,185 - INFO -   batch 380/381 | loss=0.0919 mse=0.0522 sym=0.0109 phy=0.0191 | 46.1s
2026-06-20 16:38:45,472 - INFO -   batch   1/381 | loss=0.0818 mse=0.0454 sym=0.0116 phy=0.0248 | 0.2s
2026-06-20 16:38:46,534 - INFO -   batch  10/381 | loss=0.0742 mse=0.0467 sym=0.0107 phy=0.0203 | 1.3s
2026-06-20 16:38:47,668 - INFO -   batch  20/381 | loss=0.0697 mse=0.0360 sym=0.0108 phy=0.0201 | 2.4s
2026-06-20 16:38:48,864 - INFO -   batch  30/381 | loss=0.0891 mse=0.0563 sym=0.0107 phy=0.0203 | 3.6s
2026-06-20 16:38:50,101 - INFO -   batch  40/381 | loss=0.0815 mse=0.0537 sym=0.0107 phy=0.0203 | 4.8s
2026-06-20 16:38:51,342 - INFO -   batch  50/381 | loss=0.0705 mse=0.0425 sym=0.0107 phy=0.0197 | 6.1s
2026-06-20 16:38:52,529 - INFO -   batch  60/381 | loss=0.0803 mse=0.0435 sym=0.0107 phy=0.0196 | 7.3s
2026-06-20 16:38:53,739 - INFO -   batch  70/381 | loss=0.0878 mse=0.0601 sym=0.0108 phy=0.0192 | 8.5s
2026-06-20 16:38:55,003 - INFO -   batch  80/381 | loss=0.0850 mse=0.0566 sym=0.0108 phy=0.0193 | 9.7s
2026-06-20 16:38:56,231 - INFO -   batch  90/381 | loss=0.0972 mse=0.0716 sym=0.0108 phy=0.0191 | 11.0s
2026-06-20 16:38:57,421 - INFO -   batch 100/381 | loss=0.0814 mse=0.0533 sym=0.0108 phy=0.0187 | 12.2s
2026-06-20 16:38:58,601 - INFO -   batch 110/381 | loss=0.0890 mse=0.0598 sym=0.0108 phy=0.0187 | 13.3s
2026-06-20 16:38:59,818 - INFO -   batch 120/381 | loss=0.0726 mse=0.0468 sym=0.0108 phy=0.0187 | 14.6s
2026-06-20 16:39:01,055 - INFO -   batch 130/381 | loss=0.0921 mse=0.0602 sym=0.0108 phy=0.0188 | 15.8s
2026-06-20 16:39:02,277 - INFO -   batch 140/381 | loss=0.0857 mse=0.0605 sym=0.0108 phy=0.0189 | 17.0s
2026-06-20 16:39:03,436 - INFO -   batch 150/381 | loss=0.1024 mse=0.0670 sym=0.0108 phy=0.0191 | 18.2s
2026-06-20 16:39:04,686 - INFO -   batch 160/381 | loss=0.0730 mse=0.0396 sym=0.0108 phy=0.0192 | 19.4s
2026-06-20 16:39:05,905 - INFO -   batch 170/381 | loss=0.0984 mse=0.0638 sym=0.0109 phy=0.0191 | 20.7s
2026-06-20 16:39:07,129 - INFO -   batch 180/381 | loss=0.0974 mse=0.0638 sym=0.0109 phy=0.0192 | 21.9s
2026-06-20 16:39:08,338 - INFO -   batch 190/381 | loss=0.0880 mse=0.0522 sym=0.0109 phy=0.0191 | 23.1s
2026-06-20 16:39:09,533 - INFO -   batch 200/381 | loss=0.0905 mse=0.0627 sym=0.0109 phy=0.0191 | 24.3s
2026-06-20 16:39:10,776 - INFO -   batch 210/381 | loss=0.0811 mse=0.0576 sym=0.0109 phy=0.0190 | 25.5s
2026-06-20 16:39:12,013 - INFO -   batch 220/381 | loss=0.0844 mse=0.0507 sym=0.0109 phy=0.0190 | 26.8s
2026-06-20 16:39:13,265 - INFO -   batch 230/381 | loss=0.0627 mse=0.0329 sym=0.0109 phy=0.0190 | 28.0s
2026-06-20 16:39:14,454 - INFO -   batch 240/381 | loss=0.0978 mse=0.0663 sym=0.0109 phy=0.0190 | 29.2s
2026-06-20 16:39:15,706 - INFO -   batch 250/381 | loss=0.0900 mse=0.0536 sym=0.0109 phy=0.0190 | 30.5s
2026-06-20 16:39:16,942 - INFO -   batch 260/381 | loss=0.0809 mse=0.0521 sym=0.0109 phy=0.0192 | 31.7s
2026-06-20 16:39:18,139 - INFO -   batch 270/381 | loss=0.0878 mse=0.0644 sym=0.0109 phy=0.0191 | 32.9s
2026-06-20 16:39:19,303 - INFO -   batch 280/381 | loss=0.1063 mse=0.0729 sym=0.0109 phy=0.0191 | 34.0s
2026-06-20 16:39:20,544 - INFO -   batch 290/381 | loss=0.0875 mse=0.0593 sym=0.0109 phy=0.0191 | 35.3s
2026-06-20 16:39:21,774 - INFO -   batch 300/381 | loss=0.1028 mse=0.0721 sym=0.0109 phy=0.0191 | 36.5s
2026-06-20 16:39:23,006 - INFO -   batch 310/381 | loss=0.0859 mse=0.0552 sym=0.0109 phy=0.0192 | 37.8s
2026-06-20 16:39:24,180 - INFO -   batch 320/381 | loss=0.0859 mse=0.0572 sym=0.0109 phy=0.0193 | 38.9s
2026-06-20 16:39:25,348 - INFO -   batch 330/381 | loss=0.0741 mse=0.0416 sym=0.0109 phy=0.0192 | 40.1s
2026-06-20 16:39:26,570 - INFO -   batch 340/381 | loss=0.0879 mse=0.0552 sym=0.0109 phy=0.0192 | 41.3s
2026-06-20 16:39:27,759 - INFO -   batch 350/381 | loss=0.0774 mse=0.0535 sym=0.0109 phy=0.0191 | 42.5s
2026-06-20 16:39:28,992 - INFO -   batch 360/381 | loss=0.0726 mse=0.0431 sym=0.0109 phy=0.0191 | 43.7s
2026-06-20 16:39:30,175 - INFO -   batch 370/381 | loss=0.0921 mse=0.0652 sym=0.0109 phy=0.0191 | 44.9s
2026-06-20 16:39:31,385 - INFO -   batch 380/381 | loss=0.0866 mse=0.0612 sym=0.0109 phy=0.0191 | 46.1s
2026-06-20 16:39:33,614 - INFO -   batch   1/381 | loss=0.0693 mse=0.0484 sym=0.0094 phy=0.0115 | 0.2s
2026-06-20 16:39:34,692 - INFO -   batch  10/381 | loss=0.0824 mse=0.0545 sym=0.0107 phy=0.0179 | 1.3s
2026-06-20 16:39:35,928 - INFO -   batch  20/381 | loss=0.0880 mse=0.0518 sym=0.0109 phy=0.0201 | 2.5s
2026-06-20 16:39:37,116 - INFO -   batch  30/381 | loss=0.0823 mse=0.0538 sym=0.0109 phy=0.0207 | 3.7s
2026-06-20 16:39:38,325 - INFO -   batch  40/381 | loss=0.0790 mse=0.0463 sym=0.0109 phy=0.0198 | 4.9s
2026-06-20 16:39:39,557 - INFO -   batch  50/381 | loss=0.0819 mse=0.0478 sym=0.0108 phy=0.0197 | 6.1s
2026-06-20 16:39:40,763 - INFO -   batch  60/381 | loss=0.0752 mse=0.0411 sym=0.0109 phy=0.0196 | 7.4s
2026-06-20 16:39:41,988 - INFO -   batch  70/381 | loss=0.0586 mse=0.0372 sym=0.0109 phy=0.0192 | 8.6s
2026-06-20 16:39:43,149 - INFO -   batch  80/381 | loss=0.0870 mse=0.0500 sym=0.0109 phy=0.0193 | 9.7s
2026-06-20 16:39:44,342 - INFO -   batch  90/381 | loss=0.0796 mse=0.0446 sym=0.0110 phy=0.0196 | 10.9s
2026-06-20 16:39:45,579 - INFO -   batch 100/381 | loss=0.0730 mse=0.0445 sym=0.0110 phy=0.0197 | 12.2s
2026-06-20 16:39:46,824 - INFO -   batch 110/381 | loss=0.0676 mse=0.0461 sym=0.0110 phy=0.0193 | 13.4s
2026-06-20 16:39:47,990 - INFO -   batch 120/381 | loss=0.1031 mse=0.0641 sym=0.0110 phy=0.0195 | 14.6s
2026-06-20 16:39:49,166 - INFO -   batch 130/381 | loss=0.1000 mse=0.0690 sym=0.0110 phy=0.0197 | 15.8s
2026-06-20 16:39:50,422 - INFO -   batch 140/381 | loss=0.0834 mse=0.0571 sym=0.0110 phy=0.0195 | 17.0s
2026-06-20 16:39:51,661 - INFO -   batch 150/381 | loss=0.0709 mse=0.0385 sym=0.0110 phy=0.0195 | 18.3s
2026-06-20 16:39:52,899 - INFO -   batch 160/381 | loss=0.0820 mse=0.0492 sym=0.0110 phy=0.0194 | 19.5s
2026-06-20 16:39:54,098 - INFO -   batch 170/381 | loss=0.1130 mse=0.0814 sym=0.0110 phy=0.0194 | 20.7s
2026-06-20 16:39:55,354 - INFO -   batch 180/381 | loss=0.0911 mse=0.0562 sym=0.0110 phy=0.0195 | 21.9s
2026-06-20 16:39:56,570 - INFO -   batch 190/381 | loss=0.0636 mse=0.0431 sym=0.0110 phy=0.0194 | 23.2s
2026-06-20 16:39:57,765 - INFO -   batch 200/381 | loss=0.0731 mse=0.0462 sym=0.0110 phy=0.0194 | 24.4s
2026-06-20 16:39:58,919 - INFO -   batch 210/381 | loss=0.0987 mse=0.0708 sym=0.0110 phy=0.0192 | 25.5s
2026-06-20 16:40:00,136 - INFO -   batch 220/381 | loss=0.0919 mse=0.0541 sym=0.0110 phy=0.0192 | 26.7s
2026-06-20 16:40:01,378 - INFO -   batch 230/381 | loss=0.0825 mse=0.0570 sym=0.0110 phy=0.0192 | 28.0s
2026-06-20 16:40:02,572 - INFO -   batch 240/381 | loss=0.0956 mse=0.0600 sym=0.0110 phy=0.0192 | 29.2s
2026-06-20 16:40:03,798 - INFO -   batch 250/381 | loss=0.0854 mse=0.0613 sym=0.0110 phy=0.0192 | 30.4s
2026-06-20 16:40:04,991 - INFO -   batch 260/381 | loss=0.0723 mse=0.0467 sym=0.0110 phy=0.0192 | 31.6s
2026-06-20 16:40:06,251 - INFO -   batch 270/381 | loss=0.0895 mse=0.0593 sym=0.0110 phy=0.0192 | 32.8s
2026-06-20 16:40:07,492 - INFO -   batch 280/381 | loss=0.0971 mse=0.0571 sym=0.0110 phy=0.0192 | 34.1s
2026-06-20 16:40:08,683 - INFO -   batch 290/381 | loss=0.0873 mse=0.0658 sym=0.0110 phy=0.0192 | 35.3s
2026-06-20 16:40:09,813 - INFO -   batch 300/381 | loss=0.0745 mse=0.0515 sym=0.0110 phy=0.0191 | 36.4s
2026-06-20 16:40:11,053 - INFO -   batch 310/381 | loss=0.0779 mse=0.0509 sym=0.0110 phy=0.0191 | 37.6s
2026-06-20 16:40:12,281 - INFO -   batch 320/381 | loss=0.0987 mse=0.0622 sym=0.0110 phy=0.0191 | 38.9s
2026-06-20 16:40:13,484 - INFO -   batch 330/381 | loss=0.0927 mse=0.0615 sym=0.0110 phy=0.0191 | 40.1s
2026-06-20 16:40:14,713 - INFO -   batch 340/381 | loss=0.0875 mse=0.0613 sym=0.0109 phy=0.0191 | 41.3s
2026-06-20 16:40:15,896 - INFO -   batch 350/381 | loss=0.0936 mse=0.0540 sym=0.0109 phy=0.0192 | 42.5s
2026-06-20 16:40:17,111 - INFO -   batch 360/381 | loss=0.1020 mse=0.0718 sym=0.0109 phy=0.0192 | 43.7s
2026-06-20 16:40:18,350 - INFO -   batch 370/381 | loss=0.0781 mse=0.0541 sym=0.0109 phy=0.0192 | 44.9s
2026-06-20 16:40:19,566 - INFO -   batch 380/381 | loss=0.0868 mse=0.0554 sym=0.0109 phy=0.0192 | 46.2s
2026-06-20 16:40:21,864 - INFO -   batch   1/381 | loss=0.0929 mse=0.0590 sym=0.0104 phy=0.0234 | 0.2s
2026-06-20 16:40:22,964 - INFO -   batch  10/381 | loss=0.0960 mse=0.0569 sym=0.0108 phy=0.0228 | 1.3s
2026-06-20 16:40:24,199 - INFO -   batch  20/381 | loss=0.0856 mse=0.0474 sym=0.0109 phy=0.0204 | 2.5s
2026-06-20 16:40:25,446 - INFO -   batch  30/381 | loss=0.0739 mse=0.0457 sym=0.0109 phy=0.0206 | 3.8s
2026-06-20 16:40:26,629 - INFO -   batch  40/381 | loss=0.0978 mse=0.0585 sym=0.0109 phy=0.0207 | 5.0s
2026-06-20 16:40:27,876 - INFO -   batch  50/381 | loss=0.0870 mse=0.0594 sym=0.0108 phy=0.0201 | 6.2s
2026-06-20 16:40:29,125 - INFO -   batch  60/381 | loss=0.1012 mse=0.0701 sym=0.0109 phy=0.0199 | 7.5s
2026-06-20 16:40:30,375 - INFO -   batch  70/381 | loss=0.0787 mse=0.0506 sym=0.0109 phy=0.0196 | 8.7s
2026-06-20 16:40:31,540 - INFO -   batch  80/381 | loss=0.0817 mse=0.0555 sym=0.0109 phy=0.0194 | 9.9s
2026-06-20 16:40:32,705 - INFO -   batch  90/381 | loss=0.0750 mse=0.0464 sym=0.0109 phy=0.0195 | 11.1s
2026-06-20 16:40:33,944 - INFO -   batch 100/381 | loss=0.0987 mse=0.0684 sym=0.0109 phy=0.0196 | 12.3s
2026-06-20 16:40:35,151 - INFO -   batch 110/381 | loss=0.0860 mse=0.0603 sym=0.0108 phy=0.0196 | 13.5s
2026-06-20 16:40:36,355 - INFO -   batch 120/381 | loss=0.0757 mse=0.0508 sym=0.0109 phy=0.0193 | 14.7s
2026-06-20 16:40:37,503 - INFO -   batch 130/381 | loss=0.0995 mse=0.0657 sym=0.0109 phy=0.0192 | 15.9s
2026-06-20 16:40:38,672 - INFO -   batch 140/381 | loss=0.0704 mse=0.0426 sym=0.0109 phy=0.0191 | 17.0s
2026-06-20 16:40:39,924 - INFO -   batch 150/381 | loss=0.0932 mse=0.0680 sym=0.0109 phy=0.0190 | 18.3s
2026-06-20 16:40:41,180 - INFO -   batch 160/381 | loss=0.0759 mse=0.0476 sym=0.0109 phy=0.0190 | 19.5s
2026-06-20 16:40:42,411 - INFO -   batch 170/381 | loss=0.0841 mse=0.0497 sym=0.0109 phy=0.0190 | 20.8s
2026-06-20 16:40:43,592 - INFO -   batch 180/381 | loss=0.0735 mse=0.0496 sym=0.0109 phy=0.0188 | 21.9s
2026-06-20 16:40:44,845 - INFO -   batch 190/381 | loss=0.0803 mse=0.0482 sym=0.0109 phy=0.0188 | 23.2s
2026-06-20 16:40:46,088 - INFO -   batch 200/381 | loss=0.0635 mse=0.0376 sym=0.0109 phy=0.0189 | 24.4s
2026-06-20 16:40:47,282 - INFO -   batch 210/381 | loss=0.0869 mse=0.0613 sym=0.0109 phy=0.0189 | 25.6s
2026-06-20 16:40:48,436 - INFO -   batch 220/381 | loss=0.0813 mse=0.0519 sym=0.0109 phy=0.0189 | 26.8s
2026-06-20 16:40:49,654 - INFO -   batch 230/381 | loss=0.0850 mse=0.0508 sym=0.0109 phy=0.0191 | 28.0s
2026-06-20 16:40:50,895 - INFO -   batch 240/381 | loss=0.0938 mse=0.0608 sym=0.0109 phy=0.0192 | 29.2s
2026-06-20 16:40:52,112 - INFO -   batch 250/381 | loss=0.0833 mse=0.0536 sym=0.0109 phy=0.0191 | 30.5s
2026-06-20 16:40:53,332 - INFO -   batch 260/381 | loss=0.0913 mse=0.0616 sym=0.0109 phy=0.0190 | 31.7s
2026-06-20 16:40:54,507 - INFO -   batch 270/381 | loss=0.0936 mse=0.0621 sym=0.0109 phy=0.0190 | 32.9s
2026-06-20 16:40:55,731 - INFO -   batch 280/381 | loss=0.0903 mse=0.0552 sym=0.0109 phy=0.0190 | 34.1s
2026-06-20 16:40:56,936 - INFO -   batch 290/381 | loss=0.0798 mse=0.0506 sym=0.0109 phy=0.0189 | 35.3s
2026-06-20 16:40:58,172 - INFO -   batch 300/381 | loss=0.0804 mse=0.0572 sym=0.0109 phy=0.0190 | 36.5s
2026-06-20 16:40:59,366 - INFO -   batch 310/381 | loss=0.0748 mse=0.0505 sym=0.0109 phy=0.0191 | 37.7s
2026-06-20 16:41:00,823 - INFO -   batch 320/381 | loss=0.0818 mse=0.0477 sym=0.0109 phy=0.0191 | 39.2s
2026-06-20 16:41:02,017 - INFO -   batch 330/381 | loss=0.0837 mse=0.0453 sym=0.0109 phy=0.0192 | 40.4s
2026-06-20 16:41:03,252 - INFO -   batch 340/381 | loss=0.0875 mse=0.0592 sym=0.0109 phy=0.0191 | 41.6s
2026-06-20 16:41:04,450 - INFO -   batch 350/381 | loss=0.0867 mse=0.0533 sym=0.0109 phy=0.0192 | 42.8s
2026-06-20 16:41:05,702 - INFO -   batch 360/381 | loss=0.0711 mse=0.0386 sym=0.0109 phy=0.0192 | 44.0s
2026-06-20 16:41:06,950 - INFO -   batch 370/381 | loss=0.1024 mse=0.0716 sym=0.0109 phy=0.0192 | 45.3s
2026-06-20 16:41:08,164 - INFO -   batch 380/381 | loss=0.0823 mse=0.0575 sym=0.0109 phy=0.0192 | 46.5s
2026-06-20 16:41:10,414 - INFO -   batch   1/381 | loss=0.0712 mse=0.0418 sym=0.0110 phy=0.0184 | 0.2s
2026-06-20 16:41:11,513 - INFO -   batch  10/381 | loss=0.0724 mse=0.0451 sym=0.0104 phy=0.0166 | 1.3s
2026-06-20 16:41:12,746 - INFO -   batch  20/381 | loss=0.0958 mse=0.0601 sym=0.0107 phy=0.0168 | 2.5s
2026-06-20 16:41:13,928 - INFO -   batch  30/381 | loss=0.0935 mse=0.0644 sym=0.0110 phy=0.0180 | 3.7s
2026-06-20 16:41:15,131 - INFO -   batch  40/381 | loss=0.0754 mse=0.0476 sym=0.0109 phy=0.0188 | 4.9s
2026-06-20 16:41:16,337 - INFO -   batch  50/381 | loss=0.0852 mse=0.0629 sym=0.0109 phy=0.0183 | 6.1s
2026-06-20 16:41:17,580 - INFO -   batch  60/381 | loss=0.0766 mse=0.0406 sym=0.0109 phy=0.0187 | 7.4s
2026-06-20 16:41:18,832 - INFO -   batch  70/381 | loss=0.0861 mse=0.0610 sym=0.0109 phy=0.0194 | 8.6s
2026-06-20 16:41:20,079 - INFO -   batch  80/381 | loss=0.0749 mse=0.0483 sym=0.0109 phy=0.0190 | 9.9s
2026-06-20 16:41:21,270 - INFO -   batch  90/381 | loss=0.0764 mse=0.0510 sym=0.0108 phy=0.0187 | 11.1s
2026-06-20 16:41:22,507 - INFO -   batch 100/381 | loss=0.0756 mse=0.0540 sym=0.0108 phy=0.0187 | 12.3s
2026-06-20 16:41:23,737 - INFO -   batch 110/381 | loss=0.0973 mse=0.0612 sym=0.0108 phy=0.0187 | 13.5s
2026-06-20 16:41:24,978 - INFO -   batch 120/381 | loss=0.0671 mse=0.0412 sym=0.0108 phy=0.0187 | 14.8s
2026-06-20 16:41:26,130 - INFO -   batch 130/381 | loss=0.0958 mse=0.0691 sym=0.0108 phy=0.0186 | 15.9s
2026-06-20 16:41:27,381 - INFO -   batch 140/381 | loss=0.0976 mse=0.0574 sym=0.0108 phy=0.0187 | 17.2s
2026-06-20 16:41:28,627 - INFO -   batch 150/381 | loss=0.0789 mse=0.0489 sym=0.0109 phy=0.0189 | 18.4s
2026-06-20 16:41:29,877 - INFO -   batch 160/381 | loss=0.0950 mse=0.0586 sym=0.0109 phy=0.0191 | 19.7s
2026-06-20 16:41:31,064 - INFO -   batch 170/381 | loss=0.0822 mse=0.0539 sym=0.0109 phy=0.0192 | 20.9s
2026-06-20 16:41:32,233 - INFO -   batch 180/381 | loss=0.0851 mse=0.0554 sym=0.0109 phy=0.0191 | 22.0s
2026-06-20 16:41:33,497 - INFO -   batch 190/381 | loss=0.0687 mse=0.0461 sym=0.0109 phy=0.0191 | 23.3s
2026-06-20 16:41:34,709 - INFO -   batch 200/381 | loss=0.1035 mse=0.0769 sym=0.0109 phy=0.0191 | 24.5s
2026-06-20 16:41:35,916 - INFO -   batch 210/381 | loss=0.0866 mse=0.0563 sym=0.0109 phy=0.0191 | 25.7s
2026-06-20 16:41:37,097 - INFO -   batch 220/381 | loss=0.0759 mse=0.0531 sym=0.0109 phy=0.0189 | 26.9s
2026-06-20 16:41:38,322 - INFO -   batch 230/381 | loss=0.0815 mse=0.0541 sym=0.0109 phy=0.0189 | 28.1s
2026-06-20 16:41:39,548 - INFO -   batch 240/381 | loss=0.0680 mse=0.0394 sym=0.0109 phy=0.0189 | 29.3s
2026-06-20 16:41:40,754 - INFO -   batch 250/381 | loss=0.0679 mse=0.0403 sym=0.0109 phy=0.0190 | 30.6s
2026-06-20 16:41:41,981 - INFO -   batch 260/381 | loss=0.1010 mse=0.0710 sym=0.0109 phy=0.0190 | 31.8s
2026-06-20 16:41:43,173 - INFO -   batch 270/381 | loss=0.1065 mse=0.0653 sym=0.0109 phy=0.0189 | 33.0s
2026-06-20 16:41:44,442 - INFO -   batch 280/381 | loss=0.0825 mse=0.0485 sym=0.0109 phy=0.0189 | 34.2s
2026-06-20 16:41:45,686 - INFO -   batch 290/381 | loss=0.0969 mse=0.0506 sym=0.0109 phy=0.0190 | 35.5s
2026-06-20 16:41:46,903 - INFO -   batch 300/381 | loss=0.0855 mse=0.0551 sym=0.0109 phy=0.0191 | 36.7s
2026-06-20 16:41:48,013 - INFO -   batch 310/381 | loss=0.0703 mse=0.0499 sym=0.0109 phy=0.0191 | 37.8s
2026-06-20 16:41:49,248 - INFO -   batch 320/381 | loss=0.0880 mse=0.0528 sym=0.0109 phy=0.0191 | 39.0s
2026-06-20 16:41:50,489 - INFO -   batch 330/381 | loss=0.0918 mse=0.0602 sym=0.0109 phy=0.0191 | 40.3s
2026-06-20 16:41:51,709 - INFO -   batch 340/381 | loss=0.0884 mse=0.0585 sym=0.0109 phy=0.0192 | 41.5s
2026-06-20 16:41:52,873 - INFO -   batch 350/381 | loss=0.1036 mse=0.0707 sym=0.0109 phy=0.0192 | 42.7s
2026-06-20 16:41:54,037 - INFO -   batch 360/381 | loss=0.0919 mse=0.0604 sym=0.0109 phy=0.0192 | 43.8s
2026-06-20 16:41:55,254 - INFO -   batch 370/381 | loss=0.0978 mse=0.0684 sym=0.0109 phy=0.0192 | 45.1s
2026-06-20 16:41:56,447 - INFO -   batch 380/381 | loss=0.0892 mse=0.0601 sym=0.0109 phy=0.0192 | 46.2s
2026-06-20 16:41:58,472 - INFO - Epoch  15/50 | Loss=0.0852 MSE=0.0551 Sym=0.0109 Phy=0.0192 | Val RMSE=0.2302 ρ=0.325 | 48s
2026-06-20 16:41:58,680 - INFO -   batch   1/381 | loss=0.1101 mse=0.0685 sym=0.0093 phy=0.0324 | 0.2s
2026-06-20 16:41:59,768 - INFO -   batch  10/381 | loss=0.1037 mse=0.0652 sym=0.0104 phy=0.0225 | 1.3s
2026-06-20 16:42:00,954 - INFO -   batch  20/381 | loss=0.0907 mse=0.0590 sym=0.0108 phy=0.0200 | 2.5s
2026-06-20 16:42:02,189 - INFO -   batch  30/381 | loss=0.0863 mse=0.0568 sym=0.0109 phy=0.0195 | 3.7s
2026-06-20 16:42:03,431 - INFO -   batch  40/381 | loss=0.0749 mse=0.0407 sym=0.0109 phy=0.0200 | 5.0s
2026-06-20 16:42:04,618 - INFO -   batch  50/381 | loss=0.0911 mse=0.0631 sym=0.0109 phy=0.0197 | 6.1s
2026-06-20 16:42:05,780 - INFO -   batch  60/381 | loss=0.0867 mse=0.0555 sym=0.0108 phy=0.0196 | 7.3s
2026-06-20 16:42:07,018 - INFO -   batch  70/381 | loss=0.0663 mse=0.0404 sym=0.0107 phy=0.0194 | 8.5s
2026-06-20 16:42:08,265 - INFO -   batch  80/381 | loss=0.0848 mse=0.0570 sym=0.0108 phy=0.0192 | 9.8s
2026-06-20 16:42:09,517 - INFO -   batch  90/381 | loss=0.1040 mse=0.0735 sym=0.0108 phy=0.0190 | 11.0s
2026-06-20 16:42:10,705 - INFO -   batch 100/381 | loss=0.0896 mse=0.0510 sym=0.0108 phy=0.0193 | 12.2s
2026-06-20 16:42:11,962 - INFO -   batch 110/381 | loss=0.0847 mse=0.0508 sym=0.0109 phy=0.0193 | 13.5s
2026-06-20 16:42:13,213 - INFO -   batch 120/381 | loss=0.0880 mse=0.0635 sym=0.0109 phy=0.0191 | 14.7s
2026-06-20 16:42:14,466 - INFO -   batch 130/381 | loss=0.0763 mse=0.0521 sym=0.0109 phy=0.0190 | 16.0s
2026-06-20 16:42:15,662 - INFO -   batch 140/381 | loss=0.0911 mse=0.0588 sym=0.0110 phy=0.0188 | 17.2s
2026-06-20 16:42:16,895 - INFO -   batch 150/381 | loss=0.1125 mse=0.0684 sym=0.0110 phy=0.0191 | 18.4s
2026-06-20 16:42:18,130 - INFO -   batch 160/381 | loss=0.0698 mse=0.0440 sym=0.0110 phy=0.0191 | 19.7s
2026-06-20 16:42:19,320 - INFO -   batch 170/381 | loss=0.0995 mse=0.0677 sym=0.0110 phy=0.0190 | 20.8s
2026-06-20 16:42:20,536 - INFO -   batch 180/381 | loss=0.0815 mse=0.0446 sym=0.0110 phy=0.0190 | 22.1s
2026-06-20 16:42:21,680 - INFO -   batch 190/381 | loss=0.0706 mse=0.0422 sym=0.0110 phy=0.0191 | 23.2s
2026-06-20 16:42:22,902 - INFO -   batch 200/381 | loss=0.0900 mse=0.0626 sym=0.0110 phy=0.0191 | 24.4s
2026-06-20 16:42:24,138 - INFO -   batch 210/381 | loss=0.0903 mse=0.0621 sym=0.0110 phy=0.0192 | 25.7s
2026-06-20 16:42:25,367 - INFO -   batch 220/381 | loss=0.0882 mse=0.0523 sym=0.0110 phy=0.0191 | 26.9s
2026-06-20 16:42:26,546 - INFO -   batch 230/381 | loss=0.0801 mse=0.0496 sym=0.0110 phy=0.0192 | 28.1s
2026-06-20 16:42:27,766 - INFO -   batch 240/381 | loss=0.0991 mse=0.0629 sym=0.0109 phy=0.0192 | 29.3s
2026-06-20 16:42:29,019 - INFO -   batch 250/381 | loss=0.0919 mse=0.0605 sym=0.0110 phy=0.0194 | 30.5s
2026-06-20 16:42:30,240 - INFO -   batch 260/381 | loss=0.0895 mse=0.0673 sym=0.0110 phy=0.0193 | 31.8s
2026-06-20 16:42:31,430 - INFO -   batch 270/381 | loss=0.0988 mse=0.0715 sym=0.0110 phy=0.0192 | 33.0s
2026-06-20 16:42:32,607 - INFO -   batch 280/381 | loss=0.0736 mse=0.0463 sym=0.0109 phy=0.0192 | 34.1s
2026-06-20 16:42:33,844 - INFO -   batch 290/381 | loss=0.0702 mse=0.0450 sym=0.0109 phy=0.0192 | 35.4s
2026-06-20 16:42:35,086 - INFO -   batch 300/381 | loss=0.0726 mse=0.0438 sym=0.0109 phy=0.0191 | 36.6s
2026-06-20 16:42:36,329 - INFO -   batch 310/381 | loss=0.0783 mse=0.0485 sym=0.0109 phy=0.0191 | 37.9s
2026-06-20 16:42:37,440 - INFO -   batch 320/381 | loss=0.0837 mse=0.0547 sym=0.0109 phy=0.0190 | 39.0s
2026-06-20 16:42:38,688 - INFO -   batch 330/381 | loss=0.0793 mse=0.0546 sym=0.0109 phy=0.0190 | 40.2s
2026-06-20 16:42:39,945 - INFO -   batch 340/381 | loss=0.1016 mse=0.0614 sym=0.0109 phy=0.0191 | 41.5s
2026-06-20 16:42:41,202 - INFO -   batch 350/381 | loss=0.0759 mse=0.0464 sym=0.0109 phy=0.0192 | 42.7s
2026-06-20 16:42:42,392 - INFO -   batch 360/381 | loss=0.0862 mse=0.0574 sym=0.0109 phy=0.0191 | 43.9s
2026-06-20 16:42:43,572 - INFO -   batch 370/381 | loss=0.0743 mse=0.0412 sym=0.0109 phy=0.0191 | 45.1s
2026-06-20 16:42:44,798 - INFO -   batch 380/381 | loss=0.0867 mse=0.0582 sym=0.0109 phy=0.0190 | 46.3s
2026-06-20 16:42:47,006 - INFO -   batch   1/381 | loss=0.0747 mse=0.0503 sym=0.0119 phy=0.0126 | 0.2s
2026-06-20 16:42:48,044 - INFO -   batch  10/381 | loss=0.0966 mse=0.0602 sym=0.0108 phy=0.0181 | 1.2s
2026-06-20 16:42:49,292 - INFO -   batch  20/381 | loss=0.0686 mse=0.0436 sym=0.0109 phy=0.0184 | 2.5s
2026-06-20 16:42:50,446 - INFO -   batch  30/381 | loss=0.0638 mse=0.0400 sym=0.0108 phy=0.0179 | 3.6s
2026-06-20 16:42:51,654 - INFO -   batch  40/381 | loss=0.0884 mse=0.0476 sym=0.0108 phy=0.0179 | 4.9s
2026-06-20 16:42:52,888 - INFO -   batch  50/381 | loss=0.0819 mse=0.0521 sym=0.0108 phy=0.0187 | 6.1s
2026-06-20 16:42:54,107 - INFO -   batch  60/381 | loss=0.0955 mse=0.0672 sym=0.0107 phy=0.0187 | 7.3s
2026-06-20 16:42:55,271 - INFO -   batch  70/381 | loss=0.0937 mse=0.0646 sym=0.0107 phy=0.0193 | 8.5s
2026-06-20 16:42:56,456 - INFO -   batch  80/381 | loss=0.0962 mse=0.0634 sym=0.0107 phy=0.0198 | 9.7s
2026-06-20 16:42:57,700 - INFO -   batch  90/381 | loss=0.0877 mse=0.0544 sym=0.0108 phy=0.0200 | 10.9s
2026-06-20 16:42:58,921 - INFO -   batch 100/381 | loss=0.0898 mse=0.0571 sym=0.0108 phy=0.0198 | 12.1s
2026-06-20 16:43:00,116 - INFO -   batch 110/381 | loss=0.1234 mse=0.0923 sym=0.0108 phy=0.0196 | 13.3s
2026-06-20 16:43:01,286 - INFO -   batch 120/381 | loss=0.0812 mse=0.0491 sym=0.0108 phy=0.0198 | 14.5s
2026-06-20 16:43:02,496 - INFO -   batch 130/381 | loss=0.0713 mse=0.0450 sym=0.0109 phy=0.0197 | 15.7s
2026-06-20 16:43:03,698 - INFO -   batch 140/381 | loss=0.0828 mse=0.0527 sym=0.0109 phy=0.0196 | 16.9s
2026-06-20 16:43:04,945 - INFO -   batch 150/381 | loss=0.1109 mse=0.0737 sym=0.0109 phy=0.0198 | 18.1s
2026-06-20 16:43:06,210 - INFO -   batch 160/381 | loss=0.0729 mse=0.0469 sym=0.0109 phy=0.0195 | 19.4s
2026-06-20 16:43:07,319 - INFO -   batch 170/381 | loss=0.0896 mse=0.0646 sym=0.0108 phy=0.0193 | 20.5s
2026-06-20 16:43:08,550 - INFO -   batch 180/381 | loss=0.0740 mse=0.0492 sym=0.0108 phy=0.0192 | 21.7s
2026-06-20 16:43:09,785 - INFO -   batch 190/381 | loss=0.0748 mse=0.0444 sym=0.0108 phy=0.0193 | 23.0s
2026-06-20 16:43:10,991 - INFO -   batch 200/381 | loss=0.0862 mse=0.0541 sym=0.0108 phy=0.0192 | 24.2s
2026-06-20 16:43:12,198 - INFO -   batch 210/381 | loss=0.0887 mse=0.0617 sym=0.0108 phy=0.0192 | 25.4s
2026-06-20 16:43:13,384 - INFO -   batch 220/381 | loss=0.1103 mse=0.0743 sym=0.0108 phy=0.0191 | 26.6s
2026-06-20 16:43:14,642 - INFO -   batch 230/381 | loss=0.0726 mse=0.0404 sym=0.0108 phy=0.0191 | 27.8s
2026-06-20 16:43:15,874 - INFO -   batch 240/381 | loss=0.0929 mse=0.0646 sym=0.0109 phy=0.0193 | 29.1s
2026-06-20 16:43:17,105 - INFO -   batch 250/381 | loss=0.0810 mse=0.0525 sym=0.0109 phy=0.0192 | 30.3s
2026-06-20 16:43:18,228 - INFO -   batch 260/381 | loss=0.0773 mse=0.0490 sym=0.0109 phy=0.0193 | 31.4s
2026-06-20 16:43:19,455 - INFO -   batch 270/381 | loss=0.0922 mse=0.0688 sym=0.0109 phy=0.0192 | 32.7s
2026-06-20 16:43:20,721 - INFO -   batch 280/381 | loss=0.0551 mse=0.0306 sym=0.0108 phy=0.0191 | 33.9s
2026-06-20 16:43:21,928 - INFO -   batch 290/381 | loss=0.0967 mse=0.0707 sym=0.0109 phy=0.0192 | 35.1s
2026-06-20 16:43:23,130 - INFO -   batch 300/381 | loss=0.0866 mse=0.0591 sym=0.0109 phy=0.0191 | 36.3s
2026-06-20 16:43:24,314 - INFO -   batch 310/381 | loss=0.0808 mse=0.0532 sym=0.0109 phy=0.0190 | 37.5s
2026-06-20 16:43:25,554 - INFO -   batch 320/381 | loss=0.0929 mse=0.0518 sym=0.0109 phy=0.0191 | 38.8s
2026-06-20 16:43:26,821 - INFO -   batch 330/381 | loss=0.0976 mse=0.0587 sym=0.0109 phy=0.0192 | 40.0s
2026-06-20 16:43:28,012 - INFO -   batch 340/381 | loss=0.0923 mse=0.0694 sym=0.0109 phy=0.0191 | 41.2s
2026-06-20 16:43:29,170 - INFO -   batch 350/381 | loss=0.0989 mse=0.0665 sym=0.0109 phy=0.0191 | 42.4s
2026-06-20 16:43:30,343 - INFO -   batch 360/381 | loss=0.0976 mse=0.0575 sym=0.0109 phy=0.0191 | 43.5s
2026-06-20 16:43:31,578 - INFO -   batch 370/381 | loss=0.0815 mse=0.0562 sym=0.0109 phy=0.0191 | 44.8s
2026-06-20 16:43:32,819 - INFO -   batch 380/381 | loss=0.0914 mse=0.0607 sym=0.0109 phy=0.0190 | 46.0s
2026-06-20 16:43:35,052 - INFO -   batch   1/381 | loss=0.0874 mse=0.0491 sym=0.0101 phy=0.0282 | 0.2s
2026-06-20 16:43:36,129 - INFO -   batch  10/381 | loss=0.0751 mse=0.0434 sym=0.0111 phy=0.0184 | 1.3s
2026-06-20 16:43:37,370 - INFO -   batch  20/381 | loss=0.0802 mse=0.0461 sym=0.0111 phy=0.0201 | 2.5s
2026-06-20 16:43:38,621 - INFO -   batch  30/381 | loss=0.1079 mse=0.0688 sym=0.0112 phy=0.0201 | 3.8s
2026-06-20 16:43:39,847 - INFO -   batch  40/381 | loss=0.0904 mse=0.0629 sym=0.0112 phy=0.0197 | 5.0s
2026-06-20 16:43:41,028 - INFO -   batch  50/381 | loss=0.0734 mse=0.0442 sym=0.0110 phy=0.0194 | 6.2s
2026-06-20 16:43:42,224 - INFO -   batch  60/381 | loss=0.0982 mse=0.0668 sym=0.0111 phy=0.0195 | 7.4s
2026-06-20 16:43:43,469 - INFO -   batch  70/381 | loss=0.1060 mse=0.0760 sym=0.0111 phy=0.0198 | 8.6s
2026-06-20 16:43:44,712 - INFO -   batch  80/381 | loss=0.0754 mse=0.0447 sym=0.0110 phy=0.0197 | 9.9s
2026-06-20 16:43:45,921 - INFO -   batch  90/381 | loss=0.1026 mse=0.0688 sym=0.0111 phy=0.0194 | 11.1s
2026-06-20 16:43:47,068 - INFO -   batch 100/381 | loss=0.0799 mse=0.0492 sym=0.0111 phy=0.0193 | 12.2s
2026-06-20 16:43:48,336 - INFO -   batch 110/381 | loss=0.0898 mse=0.0655 sym=0.0111 phy=0.0193 | 13.5s
2026-06-20 16:43:49,580 - INFO -   batch 120/381 | loss=0.0931 mse=0.0637 sym=0.0111 phy=0.0192 | 14.7s
2026-06-20 16:43:50,777 - INFO -   batch 130/381 | loss=0.0730 mse=0.0495 sym=0.0110 phy=0.0190 | 15.9s
2026-06-20 16:43:51,966 - INFO -   batch 140/381 | loss=0.0960 mse=0.0675 sym=0.0110 phy=0.0189 | 17.1s
2026-06-20 16:43:53,160 - INFO -   batch 150/381 | loss=0.1023 mse=0.0682 sym=0.0110 phy=0.0194 | 18.3s
2026-06-20 16:43:54,403 - INFO -   batch 160/381 | loss=0.0917 mse=0.0569 sym=0.0110 phy=0.0194 | 19.6s
2026-06-20 16:43:55,625 - INFO -   batch 170/381 | loss=0.0956 mse=0.0625 sym=0.0110 phy=0.0192 | 20.8s
2026-06-20 16:43:56,832 - INFO -   batch 180/381 | loss=0.0883 mse=0.0585 sym=0.0110 phy=0.0192 | 22.0s
2026-06-20 16:43:57,985 - INFO -   batch 190/381 | loss=0.1020 mse=0.0668 sym=0.0110 phy=0.0192 | 23.1s
2026-06-20 16:43:59,232 - INFO -   batch 200/381 | loss=0.0775 mse=0.0440 sym=0.0110 phy=0.0193 | 24.4s
2026-06-20 16:44:00,485 - INFO -   batch 210/381 | loss=0.0780 mse=0.0485 sym=0.0109 phy=0.0191 | 25.6s
2026-06-20 16:44:01,742 - INFO -   batch 220/381 | loss=0.0814 mse=0.0555 sym=0.0109 phy=0.0190 | 26.9s
2026-06-20 16:44:02,927 - INFO -   batch 230/381 | loss=0.0973 mse=0.0664 sym=0.0109 phy=0.0191 | 28.1s
2026-06-20 16:44:04,129 - INFO -   batch 240/381 | loss=0.1093 mse=0.0702 sym=0.0109 phy=0.0191 | 29.3s
2026-06-20 16:44:05,347 - INFO -   batch 250/381 | loss=0.0744 mse=0.0429 sym=0.0109 phy=0.0192 | 30.5s
2026-06-20 16:44:06,545 - INFO -   batch 260/381 | loss=0.0707 mse=0.0466 sym=0.0109 phy=0.0192 | 31.7s
2026-06-20 16:44:07,791 - INFO -   batch 270/381 | loss=0.0885 mse=0.0605 sym=0.0109 phy=0.0192 | 32.9s
2026-06-20 16:44:08,996 - INFO -   batch 280/381 | loss=0.0746 mse=0.0423 sym=0.0109 phy=0.0192 | 34.2s
2026-06-20 16:44:10,253 - INFO -   batch 290/381 | loss=0.0899 mse=0.0588 sym=0.0109 phy=0.0192 | 35.4s
2026-06-20 16:44:11,510 - INFO -   batch 300/381 | loss=0.0904 mse=0.0615 sym=0.0109 phy=0.0191 | 36.7s
2026-06-20 16:44:12,758 - INFO -   batch 310/381 | loss=0.0925 mse=0.0568 sym=0.0109 phy=0.0190 | 37.9s
2026-06-20 16:44:13,947 - INFO -   batch 320/381 | loss=0.0792 mse=0.0489 sym=0.0109 phy=0.0190 | 39.1s
2026-06-20 16:44:15,195 - INFO -   batch 330/381 | loss=0.0921 mse=0.0656 sym=0.0109 phy=0.0190 | 40.3s
2026-06-20 16:44:16,455 - INFO -   batch 340/381 | loss=0.0707 mse=0.0359 sym=0.0109 phy=0.0190 | 41.6s
2026-06-20 16:44:17,707 - INFO -   batch 350/381 | loss=0.0814 mse=0.0478 sym=0.0109 phy=0.0190 | 42.9s
2026-06-20 16:44:18,876 - INFO -   batch 360/381 | loss=0.0941 mse=0.0686 sym=0.0109 phy=0.0191 | 44.0s
2026-06-20 16:44:20,102 - INFO -   batch 370/381 | loss=0.0905 mse=0.0598 sym=0.0109 phy=0.0191 | 45.3s
2026-06-20 16:44:21,292 - INFO -   batch 380/381 | loss=0.0893 mse=0.0583 sym=0.0109 phy=0.0191 | 46.4s
2026-06-20 16:44:23,537 - INFO -   batch   1/381 | loss=0.0800 mse=0.0492 sym=0.0098 phy=0.0211 | 0.2s
2026-06-20 16:44:24,686 - INFO -   batch  10/381 | loss=0.0708 mse=0.0391 sym=0.0106 phy=0.0167 | 1.4s
2026-06-20 16:44:25,932 - INFO -   batch  20/381 | loss=0.0866 mse=0.0643 sym=0.0105 phy=0.0189 | 2.6s
2026-06-20 16:44:27,170 - INFO -   batch  30/381 | loss=0.0803 mse=0.0476 sym=0.0105 phy=0.0183 | 3.8s
2026-06-20 16:44:28,395 - INFO -   batch  40/381 | loss=0.0859 mse=0.0600 sym=0.0107 phy=0.0180 | 5.1s
2026-06-20 16:44:29,570 - INFO -   batch  50/381 | loss=0.0689 mse=0.0403 sym=0.0106 phy=0.0187 | 6.2s
2026-06-20 16:44:30,751 - INFO -   batch  60/381 | loss=0.0978 mse=0.0673 sym=0.0107 phy=0.0186 | 7.4s
2026-06-20 16:44:32,011 - INFO -   batch  70/381 | loss=0.0800 mse=0.0490 sym=0.0107 phy=0.0181 | 8.7s
2026-06-20 16:44:33,258 - INFO -   batch  80/381 | loss=0.0698 mse=0.0435 sym=0.0108 phy=0.0182 | 9.9s
2026-06-20 16:44:34,512 - INFO -   batch  90/381 | loss=0.0955 mse=0.0544 sym=0.0109 phy=0.0185 | 11.2s
2026-06-20 16:44:35,723 - INFO -   batch 100/381 | loss=0.0879 mse=0.0588 sym=0.0108 phy=0.0184 | 12.4s
2026-06-20 16:44:36,975 - INFO -   batch 110/381 | loss=0.0757 mse=0.0457 sym=0.0108 phy=0.0183 | 13.6s
2026-06-20 16:44:38,221 - INFO -   batch 120/381 | loss=0.0732 mse=0.0428 sym=0.0108 phy=0.0184 | 14.9s
2026-06-20 16:44:39,472 - INFO -   batch 130/381 | loss=0.0727 mse=0.0325 sym=0.0108 phy=0.0186 | 16.1s
2026-06-20 16:44:40,643 - INFO -   batch 140/381 | loss=0.0683 mse=0.0373 sym=0.0108 phy=0.0186 | 17.3s
2026-06-20 16:44:41,849 - INFO -   batch 150/381 | loss=0.0688 mse=0.0405 sym=0.0108 phy=0.0187 | 18.5s
2026-06-20 16:44:43,050 - INFO -   batch 160/381 | loss=0.0812 mse=0.0524 sym=0.0108 phy=0.0190 | 19.7s
2026-06-20 16:44:44,262 - INFO -   batch 170/381 | loss=0.0787 mse=0.0554 sym=0.0108 phy=0.0189 | 20.9s
2026-06-20 16:44:45,427 - INFO -   batch 180/381 | loss=0.0771 mse=0.0518 sym=0.0108 phy=0.0189 | 22.1s
2026-06-20 16:44:46,595 - INFO -   batch 190/381 | loss=0.0967 mse=0.0564 sym=0.0108 phy=0.0190 | 23.3s
2026-06-20 16:44:47,793 - INFO -   batch 200/381 | loss=0.0940 mse=0.0541 sym=0.0108 phy=0.0192 | 24.5s
2026-06-20 16:44:49,021 - INFO -   batch 210/381 | loss=0.0687 mse=0.0423 sym=0.0108 phy=0.0192 | 25.7s
2026-06-20 16:44:50,230 - INFO -   batch 220/381 | loss=0.1077 mse=0.0771 sym=0.0109 phy=0.0191 | 26.9s
2026-06-20 16:44:51,402 - INFO -   batch 230/381 | loss=0.0824 mse=0.0557 sym=0.0109 phy=0.0191 | 28.1s
2026-06-20 16:44:52,586 - INFO -   batch 240/381 | loss=0.0797 mse=0.0494 sym=0.0109 phy=0.0191 | 29.3s
2026-06-20 16:44:53,819 - INFO -   batch 250/381 | loss=0.0896 mse=0.0642 sym=0.0109 phy=0.0190 | 30.5s
2026-06-20 16:44:55,052 - INFO -   batch 260/381 | loss=0.0888 mse=0.0586 sym=0.0109 phy=0.0189 | 31.7s
2026-06-20 16:44:56,279 - INFO -   batch 270/381 | loss=0.0904 mse=0.0613 sym=0.0109 phy=0.0189 | 33.0s
2026-06-20 16:44:57,403 - INFO -   batch 280/381 | loss=0.0838 mse=0.0598 sym=0.0109 phy=0.0189 | 34.1s
2026-06-20 16:44:58,629 - INFO -   batch 290/381 | loss=0.0808 mse=0.0521 sym=0.0109 phy=0.0189 | 35.3s
2026-06-20 16:44:59,831 - INFO -   batch 300/381 | loss=0.0816 mse=0.0559 sym=0.0108 phy=0.0189 | 36.5s
2026-06-20 16:45:01,045 - INFO -   batch 310/381 | loss=0.0914 mse=0.0609 sym=0.0108 phy=0.0190 | 37.7s
2026-06-20 16:45:02,270 - INFO -   batch 320/381 | loss=0.0998 mse=0.0708 sym=0.0109 phy=0.0188 | 38.9s
2026-06-20 16:45:03,449 - INFO -   batch 330/381 | loss=0.0975 mse=0.0634 sym=0.0109 phy=0.0187 | 40.1s
2026-06-20 16:45:04,682 - INFO -   batch 340/381 | loss=0.0852 mse=0.0480 sym=0.0109 phy=0.0188 | 41.4s
2026-06-20 16:45:05,864 - INFO -   batch 350/381 | loss=0.0806 mse=0.0477 sym=0.0109 phy=0.0189 | 42.5s
2026-06-20 16:45:07,102 - INFO -   batch 360/381 | loss=0.0846 mse=0.0519 sym=0.0109 phy=0.0190 | 43.8s
2026-06-20 16:45:08,256 - INFO -   batch 370/381 | loss=0.0880 mse=0.0589 sym=0.0109 phy=0.0189 | 44.9s
2026-06-20 16:45:09,486 - INFO -   batch 380/381 | loss=0.0858 mse=0.0578 sym=0.0109 phy=0.0189 | 46.2s
2026-06-20 16:45:11,729 - INFO -   batch   1/381 | loss=0.0726 mse=0.0379 sym=0.0118 phy=0.0230 | 0.2s
2026-06-20 16:45:12,871 - INFO -   batch  10/381 | loss=0.0775 mse=0.0412 sym=0.0111 phy=0.0214 | 1.3s
2026-06-20 16:45:14,085 - INFO -   batch  20/381 | loss=0.0818 mse=0.0520 sym=0.0111 phy=0.0218 | 2.6s
2026-06-20 16:45:15,230 - INFO -   batch  30/381 | loss=0.0821 mse=0.0497 sym=0.0111 phy=0.0220 | 3.7s
2026-06-20 16:45:16,476 - INFO -   batch  40/381 | loss=0.0954 mse=0.0638 sym=0.0112 phy=0.0215 | 5.0s
2026-06-20 16:45:17,713 - INFO -   batch  50/381 | loss=0.0752 mse=0.0475 sym=0.0112 phy=0.0216 | 6.2s
2026-06-20 16:45:18,948 - INFO -   batch  60/381 | loss=0.0727 mse=0.0463 sym=0.0112 phy=0.0211 | 7.4s
2026-06-20 16:45:20,136 - INFO -   batch  70/381 | loss=0.0994 mse=0.0715 sym=0.0111 phy=0.0204 | 8.6s
2026-06-20 16:45:21,311 - INFO -   batch  80/381 | loss=0.0933 mse=0.0660 sym=0.0111 phy=0.0199 | 9.8s
2026-06-20 16:45:22,566 - INFO -   batch  90/381 | loss=0.0754 mse=0.0480 sym=0.0111 phy=0.0202 | 11.0s
2026-06-20 16:45:23,811 - INFO -   batch 100/381 | loss=0.0760 mse=0.0472 sym=0.0110 phy=0.0201 | 12.3s
2026-06-20 16:45:25,054 - INFO -   batch 110/381 | loss=0.0952 mse=0.0675 sym=0.0110 phy=0.0201 | 13.5s
2026-06-20 16:45:26,213 - INFO -   batch 120/381 | loss=0.0818 mse=0.0524 sym=0.0110 phy=0.0203 | 14.7s
2026-06-20 16:45:27,447 - INFO -   batch 130/381 | loss=0.0691 mse=0.0405 sym=0.0110 phy=0.0204 | 15.9s
2026-06-20 16:45:28,690 - INFO -   batch 140/381 | loss=0.0840 mse=0.0552 sym=0.0110 phy=0.0202 | 17.2s
2026-06-20 16:45:29,893 - INFO -   batch 150/381 | loss=0.0845 mse=0.0542 sym=0.0110 phy=0.0198 | 18.4s
2026-06-20 16:45:31,046 - INFO -   batch 160/381 | loss=0.0861 mse=0.0563 sym=0.0110 phy=0.0200 | 19.5s
2026-06-20 16:45:32,244 - INFO -   batch 170/381 | loss=0.0804 mse=0.0494 sym=0.0110 phy=0.0199 | 20.7s
2026-06-20 16:45:33,481 - INFO -   batch 180/381 | loss=0.0895 mse=0.0631 sym=0.0110 phy=0.0197 | 22.0s
2026-06-20 16:45:34,714 - INFO -   batch 190/381 | loss=0.0792 mse=0.0546 sym=0.0110 phy=0.0197 | 23.2s
2026-06-20 16:45:35,941 - INFO -   batch 200/381 | loss=0.0897 mse=0.0529 sym=0.0110 phy=0.0197 | 24.4s
2026-06-20 16:45:37,059 - INFO -   batch 210/381 | loss=0.0839 mse=0.0558 sym=0.0110 phy=0.0196 | 25.5s
2026-06-20 16:45:38,266 - INFO -   batch 220/381 | loss=0.0808 mse=0.0523 sym=0.0110 phy=0.0195 | 26.7s
2026-06-20 16:45:39,457 - INFO -   batch 230/381 | loss=0.0679 mse=0.0396 sym=0.0110 phy=0.0194 | 27.9s
2026-06-20 16:45:40,686 - INFO -   batch 240/381 | loss=0.0769 mse=0.0510 sym=0.0110 phy=0.0195 | 29.2s
2026-06-20 16:45:41,928 - INFO -   batch 250/381 | loss=0.0768 mse=0.0517 sym=0.0109 phy=0.0193 | 30.4s
2026-06-20 16:45:43,087 - INFO -   batch 260/381 | loss=0.0872 mse=0.0526 sym=0.0110 phy=0.0193 | 31.6s
2026-06-20 16:45:44,285 - INFO -   batch 270/381 | loss=0.0663 mse=0.0348 sym=0.0110 phy=0.0193 | 32.8s
2026-06-20 16:45:45,509 - INFO -   batch 280/381 | loss=0.0977 mse=0.0572 sym=0.0110 phy=0.0193 | 34.0s
2026-06-20 16:45:46,724 - INFO -   batch 290/381 | loss=0.0736 mse=0.0435 sym=0.0110 phy=0.0193 | 35.2s
2026-06-20 16:45:47,916 - INFO -   batch 300/381 | loss=0.0673 mse=0.0461 sym=0.0110 phy=0.0192 | 36.4s
2026-06-20 16:45:49,090 - INFO -   batch 310/381 | loss=0.0992 mse=0.0644 sym=0.0109 phy=0.0192 | 37.6s
2026-06-20 16:45:50,282 - INFO -   batch 320/381 | loss=0.0917 mse=0.0622 sym=0.0109 phy=0.0192 | 38.8s
2026-06-20 16:45:51,516 - INFO -   batch 330/381 | loss=0.1055 mse=0.0678 sym=0.0109 phy=0.0192 | 40.0s
2026-06-20 16:45:52,734 - INFO -   batch 340/381 | loss=0.0890 mse=0.0592 sym=0.0109 phy=0.0192 | 41.2s
2026-06-20 16:45:53,917 - INFO -   batch 350/381 | loss=0.0888 mse=0.0634 sym=0.0109 phy=0.0191 | 42.4s
2026-06-20 16:45:55,087 - INFO -   batch 360/381 | loss=0.0775 mse=0.0411 sym=0.0109 phy=0.0191 | 43.6s
2026-06-20 16:45:56,298 - INFO -   batch 370/381 | loss=0.0809 mse=0.0532 sym=0.0109 phy=0.0191 | 44.8s
2026-06-20 16:45:57,501 - INFO -   batch 380/381 | loss=0.0975 mse=0.0670 sym=0.0109 phy=0.0190 | 46.0s
2026-06-20 16:45:59,544 - INFO - Epoch  20/50 | Loss=0.0850 MSE=0.0550 Sym=0.0109 Phy=0.0190 | Val RMSE=0.2356 ρ=0.328 | 48s
2026-06-20 16:45:59,744 - INFO -   batch   1/381 | loss=0.0751 mse=0.0411 sym=0.0114 phy=0.0226 | 0.2s
2026-06-20 16:46:00,826 - INFO -   batch  10/381 | loss=0.1065 mse=0.0764 sym=0.0104 phy=0.0208 | 1.3s
2026-06-20 16:46:01,957 - INFO -   batch  20/381 | loss=0.0951 mse=0.0671 sym=0.0105 phy=0.0186 | 2.4s
2026-06-20 16:46:03,180 - INFO -   batch  30/381 | loss=0.0885 mse=0.0552 sym=0.0106 phy=0.0186 | 3.6s
2026-06-20 16:46:04,429 - INFO -   batch  40/381 | loss=0.0744 mse=0.0468 sym=0.0109 phy=0.0183 | 4.9s
2026-06-20 16:46:05,597 - INFO -   batch  50/381 | loss=0.1069 mse=0.0740 sym=0.0109 phy=0.0186 | 6.1s
2026-06-20 16:46:06,827 - INFO -   batch  60/381 | loss=0.0902 mse=0.0609 sym=0.0110 phy=0.0185 | 7.3s
2026-06-20 16:46:07,990 - INFO -   batch  70/381 | loss=0.0796 mse=0.0544 sym=0.0110 phy=0.0189 | 8.4s
2026-06-20 16:46:09,185 - INFO -   batch  80/381 | loss=0.0912 mse=0.0526 sym=0.0110 phy=0.0191 | 9.6s
2026-06-20 16:46:10,416 - INFO -   batch  90/381 | loss=0.0762 mse=0.0455 sym=0.0109 phy=0.0191 | 10.9s
2026-06-20 16:46:11,677 - INFO -   batch 100/381 | loss=0.0800 mse=0.0520 sym=0.0109 phy=0.0188 | 12.1s
2026-06-20 16:46:12,860 - INFO -   batch 110/381 | loss=0.0788 mse=0.0454 sym=0.0109 phy=0.0189 | 13.3s
2026-06-20 16:46:14,078 - INFO -   batch 120/381 | loss=0.0715 mse=0.0411 sym=0.0109 phy=0.0189 | 14.5s
2026-06-20 16:46:15,280 - INFO -   batch 130/381 | loss=0.0976 mse=0.0653 sym=0.0109 phy=0.0190 | 15.7s
2026-06-20 16:46:16,522 - INFO -   batch 140/381 | loss=0.0729 mse=0.0439 sym=0.0109 phy=0.0189 | 17.0s
2026-06-20 16:46:17,768 - INFO -   batch 150/381 | loss=0.0853 mse=0.0522 sym=0.0109 phy=0.0191 | 18.2s
2026-06-20 16:46:18,922 - INFO -   batch 160/381 | loss=0.0716 mse=0.0404 sym=0.0109 phy=0.0191 | 19.4s
2026-06-20 16:46:20,138 - INFO -   batch 170/381 | loss=0.0845 mse=0.0541 sym=0.0109 phy=0.0190 | 20.6s
2026-06-20 16:46:21,362 - INFO -   batch 180/381 | loss=0.0859 mse=0.0542 sym=0.0109 phy=0.0190 | 21.8s
2026-06-20 16:46:22,593 - INFO -   batch 190/381 | loss=0.0708 mse=0.0477 sym=0.0109 phy=0.0190 | 23.0s
2026-06-20 16:46:23,780 - INFO -   batch 200/381 | loss=0.0810 mse=0.0535 sym=0.0109 phy=0.0188 | 24.2s
2026-06-20 16:46:24,969 - INFO -   batch 210/381 | loss=0.0869 mse=0.0588 sym=0.0109 phy=0.0189 | 25.4s
2026-06-20 16:46:26,199 - INFO -   batch 220/381 | loss=0.0746 mse=0.0483 sym=0.0109 phy=0.0190 | 26.7s
2026-06-20 16:46:27,404 - INFO -   batch 230/381 | loss=0.0984 mse=0.0737 sym=0.0109 phy=0.0189 | 27.9s
2026-06-20 16:46:28,614 - INFO -   batch 240/381 | loss=0.1057 mse=0.0782 sym=0.0109 phy=0.0189 | 29.1s
2026-06-20 16:46:29,792 - INFO -   batch 250/381 | loss=0.0780 mse=0.0481 sym=0.0109 phy=0.0189 | 30.2s
2026-06-20 16:46:31,025 - INFO -   batch 260/381 | loss=0.1028 mse=0.0710 sym=0.0109 phy=0.0190 | 31.5s
2026-06-20 16:46:32,237 - INFO -   batch 270/381 | loss=0.0830 mse=0.0545 sym=0.0109 phy=0.0190 | 32.7s
2026-06-20 16:46:33,458 - INFO -   batch 280/381 | loss=0.0870 mse=0.0637 sym=0.0109 phy=0.0190 | 33.9s
2026-06-20 16:46:34,696 - INFO -   batch 290/381 | loss=0.0685 mse=0.0414 sym=0.0109 phy=0.0189 | 35.2s
2026-06-20 16:46:35,881 - INFO -   batch 300/381 | loss=0.0778 mse=0.0519 sym=0.0110 phy=0.0188 | 36.3s
2026-06-20 16:46:37,093 - INFO -   batch 310/381 | loss=0.1081 mse=0.0764 sym=0.0109 phy=0.0188 | 37.5s
2026-06-20 16:46:38,278 - INFO -   batch 320/381 | loss=0.0840 mse=0.0554 sym=0.0109 phy=0.0188 | 38.7s
2026-06-20 16:46:39,496 - INFO -   batch 330/381 | loss=0.0784 mse=0.0488 sym=0.0109 phy=0.0189 | 40.0s
2026-06-20 16:46:40,700 - INFO -   batch 340/381 | loss=0.0900 mse=0.0660 sym=0.0109 phy=0.0189 | 41.2s
2026-06-20 16:46:41,881 - INFO -   batch 350/381 | loss=0.0812 mse=0.0547 sym=0.0109 phy=0.0188 | 42.3s
2026-06-20 16:46:43,097 - INFO -   batch 360/381 | loss=0.0600 mse=0.0336 sym=0.0109 phy=0.0189 | 43.6s
2026-06-20 16:46:44,318 - INFO -   batch 370/381 | loss=0.0981 mse=0.0682 sym=0.0109 phy=0.0189 | 44.8s
2026-06-20 16:46:45,525 - INFO -   batch 380/381 | loss=0.0833 mse=0.0535 sym=0.0109 phy=0.0189 | 46.0s
2026-06-20 16:46:47,802 - INFO -   batch   1/381 | loss=0.0816 mse=0.0503 sym=0.0119 phy=0.0195 | 0.2s
2026-06-20 16:46:48,902 - INFO -   batch  10/381 | loss=0.0871 mse=0.0582 sym=0.0112 phy=0.0204 | 1.3s
2026-06-20 16:46:50,154 - INFO -   batch  20/381 | loss=0.0845 mse=0.0555 sym=0.0110 phy=0.0193 | 2.6s
2026-06-20 16:46:51,403 - INFO -   batch  30/381 | loss=0.0957 mse=0.0648 sym=0.0110 phy=0.0186 | 3.8s
2026-06-20 16:46:52,587 - INFO -   batch  40/381 | loss=0.0994 mse=0.0735 sym=0.0110 phy=0.0175 | 5.0s
2026-06-20 16:46:53,829 - INFO -   batch  50/381 | loss=0.0649 mse=0.0388 sym=0.0110 phy=0.0177 | 6.2s
2026-06-20 16:46:55,067 - INFO -   batch  60/381 | loss=0.0828 mse=0.0583 sym=0.0111 phy=0.0180 | 7.5s
2026-06-20 16:46:56,300 - INFO -   batch  70/381 | loss=0.0966 mse=0.0701 sym=0.0110 phy=0.0180 | 8.7s
2026-06-20 16:46:57,453 - INFO -   batch  80/381 | loss=0.0931 mse=0.0631 sym=0.0110 phy=0.0183 | 9.9s
2026-06-20 16:46:58,577 - INFO -   batch  90/381 | loss=0.0880 mse=0.0648 sym=0.0110 phy=0.0180 | 11.0s
2026-06-20 16:46:59,792 - INFO -   batch 100/381 | loss=0.0824 mse=0.0497 sym=0.0110 phy=0.0180 | 12.2s
2026-06-20 16:47:01,021 - INFO -   batch 110/381 | loss=0.0791 mse=0.0477 sym=0.0111 phy=0.0181 | 13.4s
2026-06-20 16:47:02,203 - INFO -   batch 120/381 | loss=0.0731 mse=0.0460 sym=0.0110 phy=0.0180 | 14.6s
2026-06-20 16:47:03,397 - INFO -   batch 130/381 | loss=0.0557 mse=0.0294 sym=0.0110 phy=0.0184 | 15.8s
2026-06-20 16:47:04,540 - INFO -   batch 140/381 | loss=0.0954 mse=0.0627 sym=0.0110 phy=0.0184 | 16.9s
2026-06-20 16:47:05,729 - INFO -   batch 150/381 | loss=0.0907 mse=0.0588 sym=0.0110 phy=0.0184 | 18.1s
2026-06-20 16:47:06,980 - INFO -   batch 160/381 | loss=0.0909 mse=0.0601 sym=0.0110 phy=0.0185 | 19.4s
2026-06-20 16:47:08,236 - INFO -   batch 170/381 | loss=0.0823 mse=0.0594 sym=0.0109 phy=0.0184 | 20.6s
2026-06-20 16:47:09,414 - INFO -   batch 180/381 | loss=0.0798 mse=0.0558 sym=0.0110 phy=0.0183 | 21.8s
2026-06-20 16:47:10,652 - INFO -   batch 190/381 | loss=0.0759 mse=0.0522 sym=0.0110 phy=0.0183 | 23.1s
2026-06-20 16:47:11,846 - INFO -   batch 200/381 | loss=0.0671 mse=0.0415 sym=0.0109 phy=0.0183 | 24.2s
2026-06-20 16:47:13,035 - INFO -   batch 210/381 | loss=0.1067 mse=0.0714 sym=0.0109 phy=0.0183 | 25.4s
2026-06-20 16:47:14,273 - INFO -   batch 220/381 | loss=0.0846 mse=0.0530 sym=0.0109 phy=0.0184 | 26.7s
2026-06-20 16:47:15,424 - INFO -   batch 230/381 | loss=0.0757 mse=0.0419 sym=0.0109 phy=0.0186 | 27.8s
2026-06-20 16:47:16,628 - INFO -   batch 240/381 | loss=0.0822 mse=0.0503 sym=0.0109 phy=0.0185 | 29.0s
2026-06-20 16:47:17,862 - INFO -   batch 250/381 | loss=0.0852 mse=0.0537 sym=0.0109 phy=0.0186 | 30.3s
2026-06-20 16:47:19,079 - INFO -   batch 260/381 | loss=0.0816 mse=0.0537 sym=0.0109 phy=0.0188 | 31.5s
2026-06-20 16:47:20,249 - INFO -   batch 270/381 | loss=0.0865 mse=0.0549 sym=0.0109 phy=0.0188 | 32.6s
2026-06-20 16:47:21,429 - INFO -   batch 280/381 | loss=0.0865 mse=0.0621 sym=0.0109 phy=0.0188 | 33.8s
2026-06-20 16:47:22,638 - INFO -   batch 290/381 | loss=0.0807 mse=0.0531 sym=0.0109 phy=0.0189 | 35.0s
2026-06-20 16:47:23,836 - INFO -   batch 300/381 | loss=0.0649 mse=0.0376 sym=0.0109 phy=0.0188 | 36.2s
2026-06-20 16:47:25,092 - INFO -   batch 310/381 | loss=0.0954 mse=0.0619 sym=0.0109 phy=0.0189 | 37.5s
2026-06-20 16:47:26,264 - INFO -   batch 320/381 | loss=0.0714 mse=0.0465 sym=0.0109 phy=0.0189 | 38.7s
2026-06-20 16:47:27,506 - INFO -   batch 330/381 | loss=0.1009 mse=0.0681 sym=0.0109 phy=0.0189 | 39.9s
2026-06-20 16:47:28,744 - INFO -   batch 340/381 | loss=0.0904 mse=0.0621 sym=0.0109 phy=0.0189 | 41.1s
2026-06-20 16:47:29,984 - INFO -   batch 350/381 | loss=0.0905 mse=0.0607 sym=0.0109 phy=0.0189 | 42.4s
2026-06-20 16:47:31,179 - INFO -   batch 360/381 | loss=0.0929 mse=0.0561 sym=0.0109 phy=0.0190 | 43.6s
2026-06-20 16:47:32,357 - INFO -   batch 370/381 | loss=0.0814 mse=0.0544 sym=0.0110 phy=0.0190 | 44.8s
2026-06-20 16:47:33,600 - INFO -   batch 380/381 | loss=0.0781 mse=0.0427 sym=0.0109 phy=0.0190 | 46.0s
2026-06-20 16:47:35,863 - INFO -   batch   1/381 | loss=0.0964 mse=0.0641 sym=0.0107 phy=0.0215 | 0.2s
2026-06-20 16:47:36,939 - INFO -   batch  10/381 | loss=0.0778 mse=0.0508 sym=0.0109 phy=0.0180 | 1.3s
2026-06-20 16:47:38,119 - INFO -   batch  20/381 | loss=0.0856 mse=0.0479 sym=0.0107 phy=0.0181 | 2.5s
2026-06-20 16:47:39,313 - INFO -   batch  30/381 | loss=0.0881 mse=0.0513 sym=0.0108 phy=0.0194 | 3.7s
2026-06-20 16:47:40,562 - INFO -   batch  40/381 | loss=0.0828 mse=0.0573 sym=0.0110 phy=0.0190 | 4.9s
2026-06-20 16:47:41,813 - INFO -   batch  50/381 | loss=0.0708 mse=0.0436 sym=0.0110 phy=0.0193 | 6.2s
2026-06-20 16:47:43,066 - INFO -   batch  60/381 | loss=0.0934 mse=0.0600 sym=0.0109 phy=0.0189 | 7.4s
2026-06-20 16:47:44,262 - INFO -   batch  70/381 | loss=0.0958 mse=0.0598 sym=0.0109 phy=0.0186 | 8.6s
2026-06-20 16:47:45,664 - INFO -   batch  80/381 | loss=0.0866 mse=0.0535 sym=0.0109 phy=0.0186 | 10.0s
2026-06-20 16:47:46,870 - INFO -   batch  90/381 | loss=0.0933 mse=0.0650 sym=0.0109 phy=0.0186 | 11.2s
2026-06-20 16:47:48,032 - INFO -   batch 100/381 | loss=0.0744 mse=0.0460 sym=0.0109 phy=0.0185 | 12.4s
2026-06-20 16:47:49,231 - INFO -   batch 110/381 | loss=0.0925 mse=0.0620 sym=0.0109 phy=0.0187 | 13.6s
2026-06-20 16:47:50,462 - INFO -   batch 120/381 | loss=0.0893 mse=0.0643 sym=0.0109 phy=0.0187 | 14.8s
2026-06-20 16:47:51,698 - INFO -   batch 130/381 | loss=0.0993 mse=0.0673 sym=0.0109 phy=0.0186 | 16.1s
2026-06-20 16:47:52,933 - INFO -   batch 140/381 | loss=0.0847 mse=0.0535 sym=0.0109 phy=0.0188 | 17.3s
2026-06-20 16:47:54,124 - INFO -   batch 150/381 | loss=0.0835 mse=0.0584 sym=0.0109 phy=0.0189 | 18.5s
2026-06-20 16:47:55,343 - INFO -   batch 160/381 | loss=0.0681 mse=0.0408 sym=0.0109 phy=0.0191 | 19.7s
2026-06-20 16:47:56,603 - INFO -   batch 170/381 | loss=0.0750 mse=0.0510 sym=0.0109 phy=0.0191 | 21.0s
2026-06-20 16:47:57,834 - INFO -   batch 180/381 | loss=0.0758 mse=0.0521 sym=0.0109 phy=0.0190 | 22.2s
2026-06-20 16:47:58,962 - INFO -   batch 190/381 | loss=0.0877 mse=0.0595 sym=0.0109 phy=0.0191 | 23.3s
2026-06-20 16:48:00,191 - INFO -   batch 200/381 | loss=0.0738 mse=0.0467 sym=0.0109 phy=0.0190 | 24.5s
2026-06-20 16:48:01,409 - INFO -   batch 210/381 | loss=0.0965 mse=0.0633 sym=0.0109 phy=0.0192 | 25.8s
2026-06-20 16:48:02,620 - INFO -   batch 220/381 | loss=0.1000 mse=0.0689 sym=0.0109 phy=0.0192 | 27.0s
2026-06-20 16:48:03,842 - INFO -   batch 230/381 | loss=0.0770 mse=0.0487 sym=0.0109 phy=0.0192 | 28.2s
2026-06-20 16:48:05,030 - INFO -   batch 240/381 | loss=0.0764 mse=0.0482 sym=0.0109 phy=0.0191 | 29.4s
2026-06-20 16:48:06,282 - INFO -   batch 250/381 | loss=0.0979 mse=0.0632 sym=0.0110 phy=0.0191 | 30.6s
2026-06-20 16:48:07,522 - INFO -   batch 260/381 | loss=0.0771 mse=0.0502 sym=0.0110 phy=0.0190 | 31.9s
2026-06-20 16:48:08,772 - INFO -   batch 270/381 | loss=0.0820 mse=0.0562 sym=0.0110 phy=0.0189 | 33.1s
2026-06-20 16:48:09,967 - INFO -   batch 280/381 | loss=0.0884 mse=0.0553 sym=0.0110 phy=0.0190 | 34.3s
2026-06-20 16:48:11,184 - INFO -   batch 290/381 | loss=0.0937 mse=0.0650 sym=0.0110 phy=0.0190 | 35.5s
2026-06-20 16:48:12,406 - INFO -   batch 300/381 | loss=0.0833 mse=0.0596 sym=0.0110 phy=0.0190 | 36.8s
2026-06-20 16:48:13,616 - INFO -   batch 310/381 | loss=0.0627 mse=0.0340 sym=0.0110 phy=0.0189 | 38.0s
2026-06-20 16:48:14,777 - INFO -   batch 320/381 | loss=0.0896 mse=0.0523 sym=0.0110 phy=0.0190 | 39.1s
2026-06-20 16:48:15,951 - INFO -   batch 330/381 | loss=0.1053 mse=0.0662 sym=0.0110 phy=0.0190 | 40.3s
2026-06-20 16:48:17,178 - INFO -   batch 340/381 | loss=0.0734 mse=0.0465 sym=0.0109 phy=0.0190 | 41.5s
2026-06-20 16:48:18,428 - INFO -   batch 350/381 | loss=0.0757 mse=0.0488 sym=0.0109 phy=0.0190 | 42.8s
2026-06-20 16:48:19,675 - INFO -   batch 360/381 | loss=0.0799 mse=0.0480 sym=0.0109 phy=0.0190 | 44.0s
2026-06-20 16:48:20,865 - INFO -   batch 370/381 | loss=0.0784 mse=0.0506 sym=0.0109 phy=0.0190 | 45.2s
2026-06-20 16:48:22,116 - INFO -   batch 380/381 | loss=0.0806 mse=0.0546 sym=0.0109 phy=0.0190 | 46.5s
2026-06-20 16:48:24,356 - INFO -   batch   1/381 | loss=0.0779 mse=0.0478 sym=0.0108 phy=0.0193 | 0.2s
2026-06-20 16:48:25,427 - INFO -   batch  10/381 | loss=0.0935 mse=0.0557 sym=0.0108 phy=0.0191 | 1.3s
2026-06-20 16:48:26,607 - INFO -   batch  20/381 | loss=0.0793 mse=0.0525 sym=0.0105 phy=0.0179 | 2.4s
2026-06-20 16:48:27,791 - INFO -   batch  30/381 | loss=0.0963 mse=0.0656 sym=0.0107 phy=0.0176 | 3.6s
2026-06-20 16:48:29,008 - INFO -   batch  40/381 | loss=0.0808 mse=0.0492 sym=0.0108 phy=0.0185 | 4.8s
2026-06-20 16:48:30,238 - INFO -   batch  50/381 | loss=0.0757 mse=0.0469 sym=0.0109 phy=0.0187 | 6.1s
2026-06-20 16:48:31,459 - INFO -   batch  60/381 | loss=0.0885 mse=0.0637 sym=0.0110 phy=0.0187 | 7.3s
2026-06-20 16:48:32,599 - INFO -   batch  70/381 | loss=0.1044 mse=0.0724 sym=0.0110 phy=0.0187 | 8.4s
2026-06-20 16:48:33,859 - INFO -   batch  80/381 | loss=0.1003 mse=0.0741 sym=0.0110 phy=0.0186 | 9.7s
2026-06-20 16:48:35,086 - INFO -   batch  90/381 | loss=0.0795 mse=0.0507 sym=0.0110 phy=0.0185 | 10.9s
2026-06-20 16:48:36,267 - INFO -   batch 100/381 | loss=0.0851 mse=0.0590 sym=0.0109 phy=0.0185 | 12.1s
2026-06-20 16:48:37,513 - INFO -   batch 110/381 | loss=0.0770 mse=0.0510 sym=0.0109 phy=0.0183 | 13.4s
2026-06-20 16:48:38,708 - INFO -   batch 120/381 | loss=0.0754 mse=0.0503 sym=0.0109 phy=0.0183 | 14.5s
2026-06-20 16:48:39,965 - INFO -   batch 130/381 | loss=0.0884 mse=0.0545 sym=0.0109 phy=0.0184 | 15.8s
2026-06-20 16:48:41,223 - INFO -   batch 140/381 | loss=0.0817 mse=0.0486 sym=0.0109 phy=0.0184 | 17.1s
2026-06-20 16:48:42,470 - INFO -   batch 150/381 | loss=0.0884 mse=0.0604 sym=0.0109 phy=0.0184 | 18.3s
2026-06-20 16:48:43,576 - INFO -   batch 160/381 | loss=0.1006 mse=0.0640 sym=0.0109 phy=0.0187 | 19.4s
2026-06-20 16:48:44,810 - INFO -   batch 170/381 | loss=0.0931 mse=0.0597 sym=0.0110 phy=0.0188 | 20.7s
2026-06-20 16:48:46,058 - INFO -   batch 180/381 | loss=0.0756 mse=0.0454 sym=0.0110 phy=0.0188 | 21.9s
2026-06-20 16:48:47,281 - INFO -   batch 190/381 | loss=0.0780 mse=0.0522 sym=0.0110 phy=0.0189 | 23.1s
2026-06-20 16:48:48,466 - INFO -   batch 200/381 | loss=0.0741 mse=0.0482 sym=0.0110 phy=0.0191 | 24.3s
2026-06-20 16:48:49,627 - INFO -   batch 210/381 | loss=0.1054 mse=0.0681 sym=0.0110 phy=0.0192 | 25.5s
2026-06-20 16:48:50,847 - INFO -   batch 220/381 | loss=0.0821 mse=0.0541 sym=0.0110 phy=0.0191 | 26.7s
2026-06-20 16:48:52,032 - INFO -   batch 230/381 | loss=0.0728 mse=0.0455 sym=0.0110 phy=0.0190 | 27.9s
2026-06-20 16:48:53,280 - INFO -   batch 240/381 | loss=0.0833 mse=0.0548 sym=0.0110 phy=0.0191 | 29.1s
2026-06-20 16:48:54,453 - INFO -   batch 250/381 | loss=0.0821 mse=0.0601 sym=0.0110 phy=0.0190 | 30.3s
2026-06-20 16:48:55,663 - INFO -   batch 260/381 | loss=0.0788 mse=0.0512 sym=0.0110 phy=0.0190 | 31.5s
2026-06-20 16:48:56,899 - INFO -   batch 270/381 | loss=0.0749 mse=0.0486 sym=0.0110 phy=0.0191 | 32.7s
2026-06-20 16:48:58,124 - INFO -   batch 280/381 | loss=0.0929 mse=0.0631 sym=0.0110 phy=0.0190 | 34.0s
2026-06-20 16:48:59,322 - INFO -   batch 290/381 | loss=0.1099 mse=0.0759 sym=0.0110 phy=0.0190 | 35.2s
2026-06-20 16:49:00,487 - INFO -   batch 300/381 | loss=0.0937 mse=0.0677 sym=0.0110 phy=0.0190 | 36.3s
2026-06-20 16:49:01,691 - INFO -   batch 310/381 | loss=0.0718 mse=0.0462 sym=0.0110 phy=0.0190 | 37.5s
2026-06-20 16:49:02,897 - INFO -   batch 320/381 | loss=0.0927 mse=0.0603 sym=0.0109 phy=0.0190 | 38.7s
2026-06-20 16:49:04,144 - INFO -   batch 330/381 | loss=0.0930 mse=0.0649 sym=0.0109 phy=0.0189 | 40.0s
2026-06-20 16:49:05,334 - INFO -   batch 340/381 | loss=0.1021 mse=0.0738 sym=0.0109 phy=0.0190 | 41.2s
2026-06-20 16:49:06,619 - INFO -   batch 350/381 | loss=0.0951 mse=0.0662 sym=0.0109 phy=0.0189 | 42.5s
2026-06-20 16:49:07,850 - INFO -   batch 360/381 | loss=0.0782 mse=0.0491 sym=0.0109 phy=0.0189 | 43.7s
2026-06-20 16:49:09,085 - INFO -   batch 370/381 | loss=0.1157 mse=0.0672 sym=0.0109 phy=0.0190 | 44.9s
2026-06-20 16:49:10,254 - INFO -   batch 380/381 | loss=0.0819 mse=0.0546 sym=0.0109 phy=0.0189 | 46.1s
2026-06-20 16:49:12,482 - INFO -   batch   1/381 | loss=0.0713 mse=0.0469 sym=0.0111 phy=0.0133 | 0.2s
2026-06-20 16:49:13,551 - INFO -   batch  10/381 | loss=0.0851 mse=0.0413 sym=0.0110 phy=0.0206 | 1.3s
2026-06-20 16:49:14,777 - INFO -   batch  20/381 | loss=0.0695 mse=0.0422 sym=0.0112 phy=0.0195 | 2.5s
2026-06-20 16:49:15,955 - INFO -   batch  30/381 | loss=0.0820 mse=0.0512 sym=0.0112 phy=0.0201 | 3.7s
2026-06-20 16:49:17,160 - INFO -   batch  40/381 | loss=0.0896 mse=0.0595 sym=0.0112 phy=0.0196 | 4.9s
2026-06-20 16:49:18,327 - INFO -   batch  50/381 | loss=0.0724 mse=0.0483 sym=0.0111 phy=0.0196 | 6.1s
2026-06-20 16:49:19,539 - INFO -   batch  60/381 | loss=0.0838 mse=0.0508 sym=0.0109 phy=0.0198 | 7.3s
2026-06-20 16:49:20,741 - INFO -   batch  70/381 | loss=0.0817 mse=0.0519 sym=0.0109 phy=0.0198 | 8.5s
2026-06-20 16:49:21,996 - INFO -   batch  80/381 | loss=0.0763 mse=0.0449 sym=0.0109 phy=0.0198 | 9.7s
2026-06-20 16:49:23,162 - INFO -   batch  90/381 | loss=0.0882 mse=0.0611 sym=0.0110 phy=0.0196 | 10.9s
2026-06-20 16:49:24,336 - INFO -   batch 100/381 | loss=0.1063 mse=0.0746 sym=0.0109 phy=0.0193 | 12.1s
2026-06-20 16:49:25,564 - INFO -   batch 110/381 | loss=0.0727 mse=0.0385 sym=0.0109 phy=0.0192 | 13.3s
2026-06-20 16:49:26,787 - INFO -   batch 120/381 | loss=0.0792 mse=0.0492 sym=0.0110 phy=0.0193 | 14.5s
2026-06-20 16:49:27,970 - INFO -   batch 130/381 | loss=0.0740 mse=0.0458 sym=0.0110 phy=0.0192 | 15.7s
2026-06-20 16:49:29,132 - INFO -   batch 140/381 | loss=0.0740 mse=0.0529 sym=0.0110 phy=0.0191 | 16.9s
2026-06-20 16:49:30,364 - INFO -   batch 150/381 | loss=0.0699 mse=0.0429 sym=0.0110 phy=0.0191 | 18.1s
2026-06-20 16:49:31,631 - INFO -   batch 160/381 | loss=0.0807 mse=0.0538 sym=0.0110 phy=0.0192 | 19.4s
2026-06-20 16:49:32,849 - INFO -   batch 170/381 | loss=0.1035 mse=0.0667 sym=0.0110 phy=0.0191 | 20.6s
2026-06-20 16:49:34,041 - INFO -   batch 180/381 | loss=0.0707 mse=0.0404 sym=0.0110 phy=0.0193 | 21.8s
2026-06-20 16:49:35,241 - INFO -   batch 190/381 | loss=0.0883 mse=0.0578 sym=0.0110 phy=0.0194 | 23.0s
2026-06-20 16:49:36,455 - INFO -   batch 200/381 | loss=0.0954 mse=0.0696 sym=0.0110 phy=0.0195 | 24.2s
2026-06-20 16:49:37,695 - INFO -   batch 210/381 | loss=0.1039 mse=0.0757 sym=0.0109 phy=0.0194 | 25.4s
2026-06-20 16:49:38,926 - INFO -   batch 220/381 | loss=0.0847 mse=0.0606 sym=0.0109 phy=0.0194 | 26.6s
2026-06-20 16:49:40,025 - INFO -   batch 230/381 | loss=0.0963 mse=0.0615 sym=0.0109 phy=0.0193 | 27.7s
2026-06-20 16:49:41,250 - INFO -   batch 240/381 | loss=0.0808 mse=0.0594 sym=0.0109 phy=0.0192 | 29.0s
2026-06-20 16:49:42,480 - INFO -   batch 250/381 | loss=0.0869 mse=0.0614 sym=0.0109 phy=0.0191 | 30.2s
2026-06-20 16:49:43,673 - INFO -   batch 260/381 | loss=0.0871 mse=0.0477 sym=0.0109 phy=0.0190 | 31.4s
2026-06-20 16:49:44,862 - INFO -   batch 270/381 | loss=0.1062 mse=0.0801 sym=0.0109 phy=0.0190 | 32.6s
2026-06-20 16:49:45,969 - INFO -   batch 280/381 | loss=0.0908 mse=0.0609 sym=0.0109 phy=0.0189 | 33.7s
2026-06-20 16:49:47,191 - INFO -   batch 290/381 | loss=0.0986 mse=0.0678 sym=0.0110 phy=0.0189 | 34.9s
2026-06-20 16:49:48,357 - INFO -   batch 300/381 | loss=0.0863 mse=0.0544 sym=0.0109 phy=0.0189 | 36.1s
2026-06-20 16:49:49,581 - INFO -   batch 310/381 | loss=0.0890 mse=0.0521 sym=0.0109 phy=0.0189 | 37.3s
2026-06-20 16:49:50,809 - INFO -   batch 320/381 | loss=0.0778 mse=0.0531 sym=0.0109 phy=0.0189 | 38.5s
2026-06-20 16:49:51,982 - INFO -   batch 330/381 | loss=0.0897 mse=0.0547 sym=0.0109 phy=0.0190 | 39.7s
2026-06-20 16:49:53,241 - INFO -   batch 340/381 | loss=0.0905 mse=0.0661 sym=0.0109 phy=0.0189 | 41.0s
2026-06-20 16:49:54,431 - INFO -   batch 350/381 | loss=0.0927 mse=0.0661 sym=0.0109 phy=0.0189 | 42.2s
2026-06-20 16:49:55,643 - INFO -   batch 360/381 | loss=0.0954 mse=0.0661 sym=0.0109 phy=0.0190 | 43.4s
2026-06-20 16:49:56,829 - INFO -   batch 370/381 | loss=0.0761 mse=0.0512 sym=0.0109 phy=0.0190 | 44.6s
2026-06-20 16:49:58,053 - INFO -   batch 380/381 | loss=0.0751 mse=0.0472 sym=0.0109 phy=0.0190 | 45.8s
2026-06-20 16:50:00,074 - INFO - Epoch  25/50 | Loss=0.0848 MSE=0.0549 Sym=0.0109 Phy=0.0189 | Val RMSE=0.2335 ρ=0.338 | 48s
2026-06-20 16:50:00,273 - INFO -   batch   1/381 | loss=0.0966 mse=0.0634 sym=0.0111 phy=0.0221 | 0.2s
2026-06-20 16:50:01,336 - INFO -   batch  10/381 | loss=0.0801 mse=0.0514 sym=0.0109 phy=0.0189 | 1.3s
2026-06-20 16:50:02,549 - INFO -   batch  20/381 | loss=0.0635 mse=0.0353 sym=0.0110 phy=0.0192 | 2.5s
2026-06-20 16:50:03,717 - INFO -   batch  30/381 | loss=0.0799 mse=0.0531 sym=0.0111 phy=0.0197 | 3.6s
2026-06-20 16:50:04,945 - INFO -   batch  40/381 | loss=0.1023 mse=0.0651 sym=0.0111 phy=0.0194 | 4.9s
2026-06-20 16:50:06,149 - INFO -   batch  50/381 | loss=0.0863 mse=0.0622 sym=0.0111 phy=0.0190 | 6.1s
2026-06-20 16:50:07,377 - INFO -   batch  60/381 | loss=0.0858 mse=0.0552 sym=0.0111 phy=0.0189 | 7.3s
2026-06-20 16:50:08,588 - INFO -   batch  70/381 | loss=0.0873 mse=0.0637 sym=0.0110 phy=0.0186 | 8.5s
2026-06-20 16:50:09,733 - INFO -   batch  80/381 | loss=0.1076 mse=0.0724 sym=0.0110 phy=0.0187 | 9.7s
2026-06-20 16:50:10,965 - INFO -   batch  90/381 | loss=0.0791 mse=0.0500 sym=0.0110 phy=0.0191 | 10.9s
2026-06-20 16:50:12,147 - INFO -   batch 100/381 | loss=0.0723 mse=0.0434 sym=0.0110 phy=0.0193 | 12.1s
2026-06-20 16:50:13,387 - INFO -   batch 110/381 | loss=0.0894 mse=0.0519 sym=0.0110 phy=0.0193 | 13.3s
2026-06-20 16:50:14,627 - INFO -   batch 120/381 | loss=0.0776 mse=0.0522 sym=0.0110 phy=0.0190 | 14.6s
2026-06-20 16:50:15,730 - INFO -   batch 130/381 | loss=0.0745 mse=0.0366 sym=0.0110 phy=0.0192 | 15.7s
2026-06-20 16:50:16,968 - INFO -   batch 140/381 | loss=0.0884 mse=0.0542 sym=0.0110 phy=0.0194 | 16.9s
2026-06-20 16:50:18,220 - INFO -   batch 150/381 | loss=0.0686 mse=0.0467 sym=0.0110 phy=0.0192 | 18.1s
2026-06-20 16:50:19,483 - INFO -   batch 160/381 | loss=0.0696 mse=0.0396 sym=0.0110 phy=0.0190 | 19.4s
2026-06-20 16:50:20,674 - INFO -   batch 170/381 | loss=0.0851 mse=0.0597 sym=0.0110 phy=0.0190 | 20.6s
2026-06-20 16:50:21,925 - INFO -   batch 180/381 | loss=0.0949 mse=0.0584 sym=0.0110 phy=0.0191 | 21.9s
2026-06-20 16:50:23,166 - INFO -   batch 190/381 | loss=0.0911 mse=0.0649 sym=0.0110 phy=0.0190 | 23.1s
2026-06-20 16:50:24,417 - INFO -   batch 200/381 | loss=0.0877 mse=0.0598 sym=0.0109 phy=0.0190 | 24.3s
2026-06-20 16:50:25,593 - INFO -   batch 210/381 | loss=0.0816 mse=0.0472 sym=0.0109 phy=0.0191 | 25.5s
2026-06-20 16:50:26,778 - INFO -   batch 220/381 | loss=0.0963 mse=0.0619 sym=0.0109 phy=0.0191 | 26.7s
2026-06-20 16:50:27,983 - INFO -   batch 230/381 | loss=0.1090 mse=0.0788 sym=0.0109 phy=0.0189 | 27.9s
2026-06-20 16:50:29,208 - INFO -   batch 240/381 | loss=0.0821 mse=0.0559 sym=0.0110 phy=0.0189 | 29.1s
2026-06-20 16:50:30,451 - INFO -   batch 250/381 | loss=0.0826 mse=0.0564 sym=0.0109 phy=0.0190 | 30.4s
2026-06-20 16:50:31,574 - INFO -   batch 260/381 | loss=0.0829 mse=0.0544 sym=0.0109 phy=0.0190 | 31.5s
2026-06-20 16:50:32,811 - INFO -   batch 270/381 | loss=0.0874 mse=0.0623 sym=0.0109 phy=0.0189 | 32.7s
2026-06-20 16:50:34,036 - INFO -   batch 280/381 | loss=0.0866 mse=0.0533 sym=0.0109 phy=0.0189 | 34.0s
2026-06-20 16:50:35,263 - INFO -   batch 290/381 | loss=0.1036 mse=0.0706 sym=0.0109 phy=0.0189 | 35.2s
2026-06-20 16:50:36,456 - INFO -   batch 300/381 | loss=0.0781 mse=0.0518 sym=0.0109 phy=0.0190 | 36.4s
2026-06-20 16:50:37,626 - INFO -   batch 310/381 | loss=0.0746 mse=0.0492 sym=0.0109 phy=0.0190 | 37.6s
2026-06-20 16:50:38,864 - INFO -   batch 320/381 | loss=0.0901 mse=0.0604 sym=0.0109 phy=0.0190 | 38.8s
2026-06-20 16:50:40,089 - INFO -   batch 330/381 | loss=0.0770 mse=0.0516 sym=0.0109 phy=0.0190 | 40.0s
2026-06-20 16:50:41,278 - INFO -   batch 340/381 | loss=0.0791 mse=0.0532 sym=0.0109 phy=0.0189 | 41.2s
2026-06-20 16:50:42,465 - INFO -   batch 350/381 | loss=0.0741 mse=0.0438 sym=0.0109 phy=0.0189 | 42.4s
2026-06-20 16:50:43,695 - INFO -   batch 360/381 | loss=0.0765 mse=0.0536 sym=0.0109 phy=0.0189 | 43.6s
2026-06-20 16:50:44,888 - INFO -   batch 370/381 | loss=0.0643 mse=0.0352 sym=0.0109 phy=0.0189 | 44.8s
2026-06-20 16:50:46,125 - INFO -   batch 380/381 | loss=0.0809 mse=0.0502 sym=0.0109 phy=0.0190 | 46.1s
2026-06-20 16:50:48,362 - INFO -   batch   1/381 | loss=0.0752 mse=0.0435 sym=0.0102 phy=0.0215 | 0.2s
2026-06-20 16:50:49,409 - INFO -   batch  10/381 | loss=0.0901 mse=0.0633 sym=0.0107 phy=0.0176 | 1.2s
2026-06-20 16:50:50,625 - INFO -   batch  20/381 | loss=0.0734 mse=0.0495 sym=0.0110 phy=0.0173 | 2.5s
2026-06-20 16:50:51,827 - INFO -   batch  30/381 | loss=0.0682 mse=0.0395 sym=0.0109 phy=0.0175 | 3.7s
2026-06-20 16:50:53,038 - INFO -   batch  40/381 | loss=0.0877 mse=0.0608 sym=0.0110 phy=0.0175 | 4.9s
2026-06-20 16:50:54,267 - INFO -   batch  50/381 | loss=0.0918 mse=0.0562 sym=0.0110 phy=0.0178 | 6.1s
2026-06-20 16:50:55,374 - INFO -   batch  60/381 | loss=0.0706 mse=0.0444 sym=0.0111 phy=0.0180 | 7.2s
2026-06-20 16:50:56,569 - INFO -   batch  70/381 | loss=0.0825 mse=0.0572 sym=0.0111 phy=0.0187 | 8.4s
2026-06-20 16:50:57,772 - INFO -   batch  80/381 | loss=0.0827 mse=0.0549 sym=0.0110 phy=0.0187 | 9.6s
2026-06-20 16:50:58,993 - INFO -   batch  90/381 | loss=0.0995 mse=0.0736 sym=0.0110 phy=0.0185 | 10.8s
2026-06-20 16:51:00,173 - INFO -   batch 100/381 | loss=0.0869 mse=0.0540 sym=0.0110 phy=0.0189 | 12.0s
2026-06-20 16:51:01,320 - INFO -   batch 110/381 | loss=0.0754 mse=0.0492 sym=0.0110 phy=0.0190 | 13.1s
2026-06-20 16:51:02,574 - INFO -   batch 120/381 | loss=0.0871 mse=0.0613 sym=0.0110 phy=0.0189 | 14.4s
2026-06-20 16:51:03,811 - INFO -   batch 130/381 | loss=0.0781 mse=0.0537 sym=0.0110 phy=0.0188 | 15.6s
2026-06-20 16:51:05,139 - INFO -   batch 140/381 | loss=0.0847 mse=0.0556 sym=0.0110 phy=0.0189 | 17.0s
2026-06-20 16:51:06,322 - INFO -   batch 150/381 | loss=0.0786 mse=0.0546 sym=0.0110 phy=0.0186 | 18.1s
2026-06-20 16:51:07,561 - INFO -   batch 160/381 | loss=0.0815 mse=0.0561 sym=0.0110 phy=0.0185 | 19.4s
2026-06-20 16:51:08,794 - INFO -   batch 170/381 | loss=0.0744 mse=0.0472 sym=0.0110 phy=0.0185 | 20.6s
2026-06-20 16:51:10,015 - INFO -   batch 180/381 | loss=0.0877 mse=0.0538 sym=0.0110 phy=0.0185 | 21.8s
2026-06-20 16:51:11,206 - INFO -   batch 190/381 | loss=0.1049 mse=0.0645 sym=0.0110 phy=0.0188 | 23.0s
2026-06-20 16:51:12,393 - INFO -   batch 200/381 | loss=0.0791 mse=0.0528 sym=0.0110 phy=0.0189 | 24.2s
2026-06-20 16:51:13,629 - INFO -   batch 210/381 | loss=0.0966 mse=0.0642 sym=0.0110 phy=0.0189 | 25.5s
2026-06-20 16:51:14,829 - INFO -   batch 220/381 | loss=0.0831 mse=0.0574 sym=0.0110 phy=0.0189 | 26.7s
2026-06-20 16:51:16,064 - INFO -   batch 230/381 | loss=0.0762 mse=0.0471 sym=0.0109 phy=0.0189 | 27.9s
2026-06-20 16:51:17,238 - INFO -   batch 240/381 | loss=0.0732 mse=0.0507 sym=0.0109 phy=0.0188 | 29.1s
2026-06-20 16:51:18,391 - INFO -   batch 250/381 | loss=0.0845 mse=0.0515 sym=0.0109 phy=0.0188 | 30.2s
2026-06-20 16:51:19,619 - INFO -   batch 260/381 | loss=0.0748 mse=0.0511 sym=0.0109 phy=0.0189 | 31.4s
2026-06-20 16:51:20,856 - INFO -   batch 270/381 | loss=0.0997 mse=0.0604 sym=0.0109 phy=0.0189 | 32.7s
2026-06-20 16:51:22,080 - INFO -   batch 280/381 | loss=0.0739 mse=0.0478 sym=0.0109 phy=0.0189 | 33.9s
2026-06-20 16:51:23,203 - INFO -   batch 290/381 | loss=0.0995 mse=0.0727 sym=0.0109 phy=0.0188 | 35.0s
2026-06-20 16:51:24,447 - INFO -   batch 300/381 | loss=0.0826 mse=0.0524 sym=0.0109 phy=0.0188 | 36.3s
2026-06-20 16:51:25,705 - INFO -   batch 310/381 | loss=0.0821 mse=0.0459 sym=0.0109 phy=0.0188 | 37.5s
2026-06-20 16:51:26,940 - INFO -   batch 320/381 | loss=0.0757 mse=0.0496 sym=0.0109 phy=0.0187 | 38.8s
2026-06-20 16:51:28,112 - INFO -   batch 330/381 | loss=0.0968 mse=0.0648 sym=0.0109 phy=0.0187 | 39.9s
2026-06-20 16:51:29,294 - INFO -   batch 340/381 | loss=0.0803 mse=0.0536 sym=0.0109 phy=0.0187 | 41.1s
2026-06-20 16:51:30,532 - INFO -   batch 350/381 | loss=0.0707 mse=0.0419 sym=0.0109 phy=0.0187 | 42.4s
2026-06-20 16:51:31,779 - INFO -   batch 360/381 | loss=0.0900 mse=0.0647 sym=0.0109 phy=0.0188 | 43.6s
2026-06-20 16:51:33,033 - INFO -   batch 370/381 | loss=0.0951 mse=0.0668 sym=0.0109 phy=0.0188 | 44.9s
2026-06-20 16:51:34,222 - INFO -   batch 380/381 | loss=0.0884 mse=0.0589 sym=0.0109 phy=0.0189 | 46.0s
2026-06-20 16:51:36,444 - INFO -   batch   1/381 | loss=0.1130 mse=0.0856 sym=0.0107 phy=0.0167 | 0.2s
2026-06-20 16:51:37,567 - INFO -   batch  10/381 | loss=0.0808 mse=0.0507 sym=0.0107 phy=0.0167 | 1.3s
2026-06-20 16:51:38,771 - INFO -   batch  20/381 | loss=0.0916 mse=0.0653 sym=0.0108 phy=0.0167 | 2.5s
2026-06-20 16:51:39,946 - INFO -   batch  30/381 | loss=0.0861 mse=0.0596 sym=0.0107 phy=0.0176 | 3.7s
2026-06-20 16:51:41,134 - INFO -   batch  40/381 | loss=0.0657 mse=0.0382 sym=0.0108 phy=0.0180 | 4.9s
2026-06-20 16:51:42,379 - INFO -   batch  50/381 | loss=0.1003 mse=0.0684 sym=0.0108 phy=0.0182 | 6.1s
2026-06-20 16:51:43,640 - INFO -   batch  60/381 | loss=0.0976 mse=0.0686 sym=0.0108 phy=0.0187 | 7.4s
2026-06-20 16:51:44,852 - INFO -   batch  70/381 | loss=0.0958 mse=0.0629 sym=0.0107 phy=0.0184 | 8.6s
2026-06-20 16:51:45,978 - INFO -   batch  80/381 | loss=0.0829 mse=0.0476 sym=0.0107 phy=0.0183 | 9.7s
2026-06-20 16:51:47,222 - INFO -   batch  90/381 | loss=0.0807 mse=0.0541 sym=0.0107 phy=0.0181 | 11.0s
2026-06-20 16:51:48,468 - INFO -   batch 100/381 | loss=0.1078 mse=0.0728 sym=0.0108 phy=0.0182 | 12.2s
2026-06-20 16:51:49,679 - INFO -   batch 110/381 | loss=0.0790 mse=0.0471 sym=0.0108 phy=0.0185 | 13.4s
2026-06-20 16:51:50,874 - INFO -   batch 120/381 | loss=0.0791 mse=0.0509 sym=0.0108 phy=0.0185 | 14.6s
2026-06-20 16:51:52,031 - INFO -   batch 130/381 | loss=0.0908 mse=0.0539 sym=0.0108 phy=0.0185 | 15.8s
2026-06-20 16:51:53,221 - INFO -   batch 140/381 | loss=0.0713 mse=0.0379 sym=0.0108 phy=0.0185 | 17.0s
2026-06-20 16:51:54,452 - INFO -   batch 150/381 | loss=0.1089 mse=0.0835 sym=0.0109 phy=0.0185 | 18.2s
2026-06-20 16:51:55,669 - INFO -   batch 160/381 | loss=0.0831 mse=0.0545 sym=0.0109 phy=0.0186 | 19.4s
2026-06-20 16:51:56,855 - INFO -   batch 170/381 | loss=0.0914 mse=0.0594 sym=0.0108 phy=0.0185 | 20.6s
2026-06-20 16:51:58,031 - INFO -   batch 180/381 | loss=0.0857 mse=0.0604 sym=0.0108 phy=0.0185 | 21.8s
2026-06-20 16:51:59,296 - INFO -   batch 190/381 | loss=0.0726 mse=0.0438 sym=0.0108 phy=0.0185 | 23.1s
2026-06-20 16:52:00,540 - INFO -   batch 200/381 | loss=0.0879 mse=0.0619 sym=0.0108 phy=0.0184 | 24.3s
2026-06-20 16:52:01,774 - INFO -   batch 210/381 | loss=0.0847 mse=0.0577 sym=0.0109 phy=0.0184 | 25.5s
2026-06-20 16:52:02,914 - INFO -   batch 220/381 | loss=0.0876 mse=0.0595 sym=0.0109 phy=0.0184 | 26.7s
2026-06-20 16:52:04,113 - INFO -   batch 230/381 | loss=0.0876 mse=0.0642 sym=0.0109 phy=0.0184 | 27.9s
2026-06-20 16:52:05,366 - INFO -   batch 240/381 | loss=0.0828 mse=0.0589 sym=0.0109 phy=0.0183 | 29.1s
2026-06-20 16:52:06,613 - INFO -   batch 250/381 | loss=0.1022 mse=0.0728 sym=0.0109 phy=0.0183 | 30.4s
2026-06-20 16:52:07,776 - INFO -   batch 260/381 | loss=0.0879 mse=0.0558 sym=0.0109 phy=0.0184 | 31.5s
2026-06-20 16:52:08,947 - INFO -   batch 270/381 | loss=0.0822 mse=0.0536 sym=0.0109 phy=0.0184 | 32.7s
2026-06-20 16:52:10,183 - INFO -   batch 280/381 | loss=0.0827 mse=0.0548 sym=0.0109 phy=0.0184 | 33.9s
2026-06-20 16:52:11,422 - INFO -   batch 290/381 | loss=0.0901 mse=0.0602 sym=0.0109 phy=0.0184 | 35.2s
2026-06-20 16:52:12,668 - INFO -   batch 300/381 | loss=0.0872 mse=0.0583 sym=0.0109 phy=0.0185 | 36.4s
2026-06-20 16:52:13,809 - INFO -   batch 310/381 | loss=0.0731 mse=0.0506 sym=0.0109 phy=0.0185 | 37.6s
2026-06-20 16:52:15,047 - INFO -   batch 320/381 | loss=0.0771 mse=0.0474 sym=0.0109 phy=0.0185 | 38.8s
2026-06-20 16:52:16,279 - INFO -   batch 330/381 | loss=0.0789 mse=0.0440 sym=0.0109 phy=0.0187 | 40.0s
2026-06-20 16:52:17,505 - INFO -   batch 340/381 | loss=0.0881 mse=0.0562 sym=0.0109 phy=0.0187 | 41.3s
2026-06-20 16:52:18,689 - INFO -   batch 350/381 | loss=0.0933 mse=0.0588 sym=0.0109 phy=0.0187 | 42.4s
2026-06-20 16:52:19,895 - INFO -   batch 360/381 | loss=0.0792 mse=0.0520 sym=0.0109 phy=0.0187 | 43.7s
2026-06-20 16:52:21,123 - INFO -   batch 370/381 | loss=0.1004 mse=0.0726 sym=0.0109 phy=0.0188 | 44.9s
2026-06-20 16:52:22,331 - INFO -   batch 380/381 | loss=0.0932 mse=0.0640 sym=0.0109 phy=0.0188 | 46.1s
2026-06-20 16:52:24,556 - INFO -   batch   1/381 | loss=0.0859 mse=0.0571 sym=0.0091 phy=0.0197 | 0.2s
2026-06-20 16:52:25,612 - INFO -   batch  10/381 | loss=0.0778 mse=0.0444 sym=0.0104 phy=0.0194 | 1.3s
2026-06-20 16:52:26,799 - INFO -   batch  20/381 | loss=0.0638 mse=0.0381 sym=0.0107 phy=0.0192 | 2.5s
2026-06-20 16:52:28,032 - INFO -   batch  30/381 | loss=0.1010 mse=0.0764 sym=0.0107 phy=0.0182 | 3.7s
2026-06-20 16:52:29,282 - INFO -   batch  40/381 | loss=0.0854 mse=0.0532 sym=0.0107 phy=0.0179 | 4.9s
2026-06-20 16:52:30,511 - INFO -   batch  50/381 | loss=0.0939 mse=0.0563 sym=0.0108 phy=0.0181 | 6.2s
2026-06-20 16:52:31,681 - INFO -   batch  60/381 | loss=0.0756 mse=0.0462 sym=0.0109 phy=0.0187 | 7.3s
2026-06-20 16:52:32,909 - INFO -   batch  70/381 | loss=0.0797 mse=0.0535 sym=0.0109 phy=0.0185 | 8.6s
2026-06-20 16:52:34,141 - INFO -   batch  80/381 | loss=0.0802 mse=0.0505 sym=0.0109 phy=0.0182 | 9.8s
2026-06-20 16:52:35,354 - INFO -   batch  90/381 | loss=0.0844 mse=0.0517 sym=0.0109 phy=0.0183 | 11.0s
2026-06-20 16:52:36,519 - INFO -   batch 100/381 | loss=0.0604 mse=0.0346 sym=0.0109 phy=0.0185 | 12.2s
2026-06-20 16:52:37,785 - INFO -   batch 110/381 | loss=0.0993 mse=0.0694 sym=0.0109 phy=0.0183 | 13.4s
2026-06-20 16:52:39,039 - INFO -   batch 120/381 | loss=0.0702 mse=0.0461 sym=0.0109 phy=0.0180 | 14.7s
2026-06-20 16:52:40,275 - INFO -   batch 130/381 | loss=0.0914 mse=0.0587 sym=0.0109 phy=0.0182 | 15.9s
2026-06-20 16:52:41,441 - INFO -   batch 140/381 | loss=0.0974 mse=0.0628 sym=0.0109 phy=0.0187 | 17.1s
2026-06-20 16:52:42,620 - INFO -   batch 150/381 | loss=0.0855 mse=0.0537 sym=0.0109 phy=0.0187 | 18.3s
2026-06-20 16:52:43,827 - INFO -   batch 160/381 | loss=0.1051 mse=0.0783 sym=0.0109 phy=0.0187 | 19.5s
2026-06-20 16:52:45,026 - INFO -   batch 170/381 | loss=0.0840 mse=0.0583 sym=0.0109 phy=0.0187 | 20.7s
2026-06-20 16:52:46,218 - INFO -   batch 180/381 | loss=0.0962 mse=0.0645 sym=0.0109 phy=0.0187 | 21.9s
2026-06-20 16:52:47,407 - INFO -   batch 190/381 | loss=0.0796 mse=0.0493 sym=0.0108 phy=0.0186 | 23.1s
2026-06-20 16:52:48,583 - INFO -   batch 200/381 | loss=0.0903 mse=0.0624 sym=0.0108 phy=0.0185 | 24.2s
2026-06-20 16:52:49,814 - INFO -   batch 210/381 | loss=0.0792 mse=0.0517 sym=0.0109 phy=0.0185 | 25.5s
2026-06-20 16:52:51,069 - INFO -   batch 220/381 | loss=0.1006 mse=0.0615 sym=0.0109 phy=0.0186 | 26.7s
2026-06-20 16:52:52,286 - INFO -   batch 230/381 | loss=0.0775 mse=0.0527 sym=0.0109 phy=0.0187 | 27.9s
2026-06-20 16:52:53,413 - INFO -   batch 240/381 | loss=0.0863 mse=0.0446 sym=0.0109 phy=0.0186 | 29.1s
2026-06-20 16:52:54,662 - INFO -   batch 250/381 | loss=0.0905 mse=0.0629 sym=0.0109 phy=0.0186 | 30.3s
2026-06-20 16:52:55,923 - INFO -   batch 260/381 | loss=0.1057 mse=0.0695 sym=0.0109 phy=0.0186 | 31.6s
2026-06-20 16:52:57,173 - INFO -   batch 270/381 | loss=0.0825 mse=0.0553 sym=0.0109 phy=0.0187 | 32.8s
2026-06-20 16:52:58,348 - INFO -   batch 280/381 | loss=0.0961 mse=0.0647 sym=0.0109 phy=0.0188 | 34.0s
2026-06-20 16:52:59,529 - INFO -   batch 290/381 | loss=0.0974 mse=0.0657 sym=0.0109 phy=0.0188 | 35.2s
2026-06-20 16:53:00,758 - INFO -   batch 300/381 | loss=0.1138 mse=0.0783 sym=0.0109 phy=0.0189 | 36.4s
2026-06-20 16:53:02,013 - INFO -   batch 310/381 | loss=0.1096 mse=0.0754 sym=0.0109 phy=0.0189 | 37.7s
2026-06-20 16:53:03,247 - INFO -   batch 320/381 | loss=0.0728 mse=0.0480 sym=0.0109 phy=0.0189 | 38.9s
2026-06-20 16:53:04,374 - INFO -   batch 330/381 | loss=0.0660 mse=0.0425 sym=0.0109 phy=0.0188 | 40.0s
2026-06-20 16:53:05,580 - INFO -   batch 340/381 | loss=0.0607 mse=0.0341 sym=0.0109 phy=0.0188 | 41.2s
2026-06-20 16:53:06,820 - INFO -   batch 350/381 | loss=0.0922 mse=0.0645 sym=0.0109 phy=0.0189 | 42.5s
2026-06-20 16:53:08,064 - INFO -   batch 360/381 | loss=0.0729 mse=0.0500 sym=0.0109 phy=0.0188 | 43.7s
2026-06-20 16:53:09,237 - INFO -   batch 370/381 | loss=0.1074 mse=0.0768 sym=0.0109 phy=0.0189 | 44.9s
2026-06-20 16:53:10,439 - INFO -   batch 380/381 | loss=0.0812 mse=0.0541 sym=0.0109 phy=0.0189 | 46.1s
2026-06-20 16:53:12,670 - INFO -   batch   1/381 | loss=0.0814 mse=0.0503 sym=0.0115 phy=0.0196 | 0.2s
2026-06-20 16:53:13,743 - INFO -   batch  10/381 | loss=0.0717 mse=0.0434 sym=0.0108 phy=0.0203 | 1.3s
2026-06-20 16:53:14,989 - INFO -   batch  20/381 | loss=0.0942 mse=0.0661 sym=0.0108 phy=0.0176 | 2.5s
2026-06-20 16:53:16,168 - INFO -   batch  30/381 | loss=0.0775 mse=0.0518 sym=0.0107 phy=0.0171 | 3.7s
2026-06-20 16:53:17,412 - INFO -   batch  40/381 | loss=0.0801 mse=0.0508 sym=0.0106 phy=0.0175 | 5.0s
2026-06-20 16:53:18,664 - INFO -   batch  50/381 | loss=0.0722 mse=0.0425 sym=0.0106 phy=0.0177 | 6.2s
2026-06-20 16:53:19,898 - INFO -   batch  60/381 | loss=0.0809 mse=0.0554 sym=0.0107 phy=0.0178 | 7.4s
2026-06-20 16:53:21,068 - INFO -   batch  70/381 | loss=0.0838 mse=0.0526 sym=0.0108 phy=0.0182 | 8.6s
2026-06-20 16:53:22,260 - INFO -   batch  80/381 | loss=0.0860 mse=0.0467 sym=0.0107 phy=0.0188 | 9.8s
2026-06-20 16:53:23,493 - INFO -   batch  90/381 | loss=0.0852 mse=0.0596 sym=0.0107 phy=0.0188 | 11.0s
2026-06-20 16:53:24,714 - INFO -   batch 100/381 | loss=0.0918 mse=0.0606 sym=0.0108 phy=0.0188 | 12.3s
2026-06-20 16:53:25,976 - INFO -   batch 110/381 | loss=0.0856 mse=0.0563 sym=0.0108 phy=0.0191 | 13.5s
2026-06-20 16:53:27,183 - INFO -   batch 120/381 | loss=0.0768 mse=0.0467 sym=0.0108 phy=0.0190 | 14.7s
2026-06-20 16:53:28,423 - INFO -   batch 130/381 | loss=0.0931 mse=0.0674 sym=0.0108 phy=0.0189 | 16.0s
2026-06-20 16:53:29,683 - INFO -   batch 140/381 | loss=0.0805 mse=0.0496 sym=0.0108 phy=0.0190 | 17.2s
2026-06-20 16:53:30,929 - INFO -   batch 150/381 | loss=0.0843 mse=0.0550 sym=0.0108 phy=0.0190 | 18.5s
2026-06-20 16:53:32,124 - INFO -   batch 160/381 | loss=0.0783 mse=0.0424 sym=0.0108 phy=0.0189 | 19.7s
2026-06-20 16:53:33,377 - INFO -   batch 170/381 | loss=0.0954 mse=0.0641 sym=0.0108 phy=0.0188 | 20.9s
2026-06-20 16:53:34,610 - INFO -   batch 180/381 | loss=0.1015 mse=0.0703 sym=0.0108 phy=0.0186 | 22.1s
2026-06-20 16:53:35,865 - INFO -   batch 190/381 | loss=0.0742 mse=0.0439 sym=0.0108 phy=0.0185 | 23.4s
2026-06-20 16:53:37,039 - INFO -   batch 200/381 | loss=0.0831 mse=0.0543 sym=0.0109 phy=0.0186 | 24.6s
2026-06-20 16:53:38,288 - INFO -   batch 210/381 | loss=0.0940 mse=0.0577 sym=0.0109 phy=0.0187 | 25.8s
2026-06-20 16:53:39,521 - INFO -   batch 220/381 | loss=0.0722 mse=0.0453 sym=0.0109 phy=0.0189 | 27.1s
2026-06-20 16:53:40,715 - INFO -   batch 230/381 | loss=0.0943 mse=0.0652 sym=0.0109 phy=0.0190 | 28.3s
2026-06-20 16:53:41,866 - INFO -   batch 240/381 | loss=0.0795 mse=0.0489 sym=0.0108 phy=0.0190 | 29.4s
2026-06-20 16:53:43,046 - INFO -   batch 250/381 | loss=0.0886 mse=0.0647 sym=0.0108 phy=0.0189 | 30.6s
2026-06-20 16:53:44,281 - INFO -   batch 260/381 | loss=0.0956 mse=0.0672 sym=0.0109 phy=0.0188 | 31.8s
2026-06-20 16:53:45,529 - INFO -   batch 270/381 | loss=0.0930 mse=0.0623 sym=0.0109 phy=0.0188 | 33.1s
2026-06-20 16:53:46,788 - INFO -   batch 280/381 | loss=0.0925 mse=0.0601 sym=0.0109 phy=0.0189 | 34.3s
2026-06-20 16:53:47,979 - INFO -   batch 290/381 | loss=0.0886 mse=0.0544 sym=0.0109 phy=0.0189 | 35.5s
2026-06-20 16:53:49,198 - INFO -   batch 300/381 | loss=0.0957 mse=0.0695 sym=0.0109 phy=0.0190 | 36.7s
2026-06-20 16:53:50,397 - INFO -   batch 310/381 | loss=0.0780 mse=0.0517 sym=0.0109 phy=0.0190 | 37.9s
2026-06-20 16:53:51,621 - INFO -   batch 320/381 | loss=0.0784 mse=0.0536 sym=0.0109 phy=0.0190 | 39.2s
2026-06-20 16:53:52,811 - INFO -   batch 330/381 | loss=0.0786 mse=0.0490 sym=0.0109 phy=0.0189 | 40.3s
2026-06-20 16:53:54,057 - INFO -   batch 340/381 | loss=0.1194 mse=0.0849 sym=0.0109 phy=0.0190 | 41.6s
2026-06-20 16:53:55,248 - INFO -   batch 350/381 | loss=0.0948 mse=0.0696 sym=0.0109 phy=0.0190 | 42.8s
2026-06-20 16:53:56,460 - INFO -   batch 360/381 | loss=0.0721 mse=0.0496 sym=0.0109 phy=0.0190 | 44.0s
2026-06-20 16:53:57,689 - INFO -   batch 370/381 | loss=0.0830 mse=0.0506 sym=0.0109 phy=0.0190 | 45.2s
2026-06-20 16:53:58,782 - INFO -   batch 380/381 | loss=0.0965 mse=0.0688 sym=0.0109 phy=0.0189 | 46.3s
2026-06-20 16:54:00,798 - INFO - Epoch  30/50 | Loss=0.0846 MSE=0.0548 Sym=0.0109 Phy=0.0189 | Val RMSE=0.2321 ρ=0.345 | 48s
2026-06-20 16:54:01,000 - INFO -   batch   1/381 | loss=0.0867 mse=0.0582 sym=0.0096 phy=0.0189 | 0.2s
2026-06-20 16:54:02,108 - INFO -   batch  10/381 | loss=0.1031 mse=0.0720 sym=0.0105 phy=0.0200 | 1.3s
2026-06-20 16:54:03,341 - INFO -   batch  20/381 | loss=0.0882 mse=0.0579 sym=0.0106 phy=0.0185 | 2.5s
2026-06-20 16:54:04,541 - INFO -   batch  30/381 | loss=0.0816 mse=0.0503 sym=0.0107 phy=0.0183 | 3.7s
2026-06-20 16:54:05,713 - INFO -   batch  40/381 | loss=0.0992 mse=0.0585 sym=0.0107 phy=0.0188 | 4.9s
2026-06-20 16:54:06,968 - INFO -   batch  50/381 | loss=0.0888 mse=0.0515 sym=0.0107 phy=0.0186 | 6.2s
2026-06-20 16:54:08,223 - INFO -   batch  60/381 | loss=0.0877 mse=0.0495 sym=0.0107 phy=0.0187 | 7.4s
2026-06-20 16:54:09,452 - INFO -   batch  70/381 | loss=0.0563 mse=0.0307 sym=0.0107 phy=0.0187 | 8.7s
2026-06-20 16:54:10,626 - INFO -   batch  80/381 | loss=0.1170 mse=0.0864 sym=0.0108 phy=0.0186 | 9.8s
2026-06-20 16:54:11,792 - INFO -   batch  90/381 | loss=0.0682 mse=0.0426 sym=0.0108 phy=0.0187 | 11.0s
2026-06-20 16:54:13,015 - INFO -   batch 100/381 | loss=0.0794 mse=0.0437 sym=0.0108 phy=0.0186 | 12.2s
2026-06-20 16:54:14,222 - INFO -   batch 110/381 | loss=0.1003 mse=0.0627 sym=0.0108 phy=0.0186 | 13.4s
2026-06-20 16:54:15,449 - INFO -   batch 120/381 | loss=0.0961 mse=0.0629 sym=0.0109 phy=0.0186 | 14.7s
2026-06-20 16:54:16,620 - INFO -   batch 130/381 | loss=0.0844 mse=0.0557 sym=0.0109 phy=0.0186 | 15.8s
2026-06-20 16:54:17,791 - INFO -   batch 140/381 | loss=0.0955 mse=0.0669 sym=0.0109 phy=0.0186 | 17.0s
2026-06-20 16:54:19,039 - INFO -   batch 150/381 | loss=0.0732 mse=0.0491 sym=0.0109 phy=0.0186 | 18.2s
2026-06-20 16:54:20,272 - INFO -   batch 160/381 | loss=0.0775 mse=0.0496 sym=0.0109 phy=0.0185 | 19.5s
2026-06-20 16:54:21,527 - INFO -   batch 170/381 | loss=0.0846 mse=0.0545 sym=0.0109 phy=0.0185 | 20.7s
2026-06-20 16:54:22,685 - INFO -   batch 180/381 | loss=0.0800 mse=0.0537 sym=0.0109 phy=0.0185 | 21.9s
2026-06-20 16:54:23,854 - INFO -   batch 190/381 | loss=0.0911 mse=0.0625 sym=0.0109 phy=0.0186 | 23.1s
2026-06-20 16:54:25,297 - INFO -   batch 200/381 | loss=0.0929 mse=0.0638 sym=0.0109 phy=0.0186 | 24.5s
2026-06-20 16:54:26,510 - INFO -   batch 210/381 | loss=0.0972 mse=0.0627 sym=0.0109 phy=0.0189 | 25.7s
2026-06-20 16:54:27,717 - INFO -   batch 220/381 | loss=0.0804 mse=0.0610 sym=0.0109 phy=0.0189 | 26.9s
2026-06-20 16:54:28,970 - INFO -   batch 230/381 | loss=0.0636 mse=0.0382 sym=0.0109 phy=0.0189 | 28.2s
2026-06-20 16:54:30,221 - INFO -   batch 240/381 | loss=0.0915 mse=0.0609 sym=0.0109 phy=0.0189 | 29.4s
2026-06-20 16:54:31,464 - INFO -   batch 250/381 | loss=0.0928 mse=0.0580 sym=0.0109 phy=0.0189 | 30.7s
2026-06-20 16:54:32,662 - INFO -   batch 260/381 | loss=0.0867 mse=0.0569 sym=0.0109 phy=0.0188 | 31.9s
2026-06-20 16:54:33,901 - INFO -   batch 270/381 | loss=0.0759 mse=0.0508 sym=0.0109 phy=0.0188 | 33.1s
2026-06-20 16:54:35,184 - INFO -   batch 280/381 | loss=0.0863 mse=0.0525 sym=0.0109 phy=0.0188 | 34.4s
2026-06-20 16:54:36,415 - INFO -   batch 290/381 | loss=0.0876 mse=0.0573 sym=0.0109 phy=0.0187 | 35.6s
2026-06-20 16:54:37,590 - INFO -   batch 300/381 | loss=0.0746 mse=0.0449 sym=0.0109 phy=0.0188 | 36.8s
2026-06-20 16:54:38,779 - INFO -   batch 310/381 | loss=0.0889 mse=0.0598 sym=0.0109 phy=0.0188 | 38.0s
2026-06-20 16:54:39,980 - INFO -   batch 320/381 | loss=0.1146 mse=0.0857 sym=0.0109 phy=0.0188 | 39.2s
2026-06-20 16:54:41,185 - INFO -   batch 330/381 | loss=0.0724 mse=0.0463 sym=0.0109 phy=0.0187 | 40.4s
2026-06-20 16:54:42,370 - INFO -   batch 340/381 | loss=0.0745 mse=0.0435 sym=0.0109 phy=0.0187 | 41.6s
2026-06-20 16:54:43,490 - INFO -   batch 350/381 | loss=0.0917 mse=0.0657 sym=0.0109 phy=0.0188 | 42.7s
2026-06-20 16:54:44,692 - INFO -   batch 360/381 | loss=0.0867 mse=0.0521 sym=0.0109 phy=0.0188 | 43.9s
2026-06-20 16:54:45,940 - INFO -   batch 370/381 | loss=0.0755 mse=0.0492 sym=0.0109 phy=0.0187 | 45.1s
2026-06-20 16:54:47,168 - INFO -   batch 380/381 | loss=0.0840 mse=0.0542 sym=0.0109 phy=0.0187 | 46.4s
2026-06-20 16:54:49,490 - INFO -   batch   1/381 | loss=0.0959 mse=0.0669 sym=0.0121 phy=0.0169 | 0.2s
2026-06-20 16:54:50,575 - INFO -   batch  10/381 | loss=0.1012 mse=0.0710 sym=0.0112 phy=0.0186 | 1.3s
2026-06-20 16:54:51,772 - INFO -   batch  20/381 | loss=0.0931 mse=0.0617 sym=0.0111 phy=0.0188 | 2.5s
2026-06-20 16:54:53,014 - INFO -   batch  30/381 | loss=0.0823 mse=0.0527 sym=0.0111 phy=0.0185 | 3.7s
2026-06-20 16:54:54,258 - INFO -   batch  40/381 | loss=0.0907 mse=0.0499 sym=0.0110 phy=0.0186 | 5.0s
2026-06-20 16:54:55,462 - INFO -   batch  50/381 | loss=0.1052 mse=0.0658 sym=0.0110 phy=0.0188 | 6.2s
2026-06-20 16:54:56,712 - INFO -   batch  60/381 | loss=0.0880 mse=0.0565 sym=0.0110 phy=0.0195 | 7.4s
2026-06-20 16:54:57,954 - INFO -   batch  70/381 | loss=0.0734 mse=0.0471 sym=0.0110 phy=0.0195 | 8.7s
2026-06-20 16:54:59,177 - INFO -   batch  80/381 | loss=0.0911 mse=0.0639 sym=0.0110 phy=0.0195 | 9.9s
2026-06-20 16:55:00,300 - INFO -   batch  90/381 | loss=0.0726 mse=0.0394 sym=0.0109 phy=0.0194 | 11.0s
2026-06-20 16:55:01,527 - INFO -   batch 100/381 | loss=0.0888 mse=0.0533 sym=0.0109 phy=0.0194 | 12.2s
2026-06-20 16:55:02,774 - INFO -   batch 110/381 | loss=0.0811 mse=0.0547 sym=0.0110 phy=0.0191 | 13.5s
2026-06-20 16:55:03,967 - INFO -   batch 120/381 | loss=0.1149 mse=0.0757 sym=0.0110 phy=0.0192 | 14.7s
2026-06-20 16:55:05,161 - INFO -   batch 130/381 | loss=0.0770 mse=0.0470 sym=0.0110 phy=0.0191 | 15.9s
2026-06-20 16:55:06,370 - INFO -   batch 140/381 | loss=0.0944 mse=0.0619 sym=0.0110 phy=0.0193 | 17.1s
2026-06-20 16:55:07,598 - INFO -   batch 150/381 | loss=0.0861 mse=0.0553 sym=0.0110 phy=0.0193 | 18.3s
2026-06-20 16:55:08,854 - INFO -   batch 160/381 | loss=0.0738 mse=0.0437 sym=0.0110 phy=0.0192 | 19.6s
2026-06-20 16:55:10,059 - INFO -   batch 170/381 | loss=0.0786 mse=0.0506 sym=0.0110 phy=0.0191 | 20.8s
2026-06-20 16:55:11,194 - INFO -   batch 180/381 | loss=0.0831 mse=0.0502 sym=0.0110 phy=0.0191 | 21.9s
2026-06-20 16:55:12,439 - INFO -   batch 190/381 | loss=0.0779 mse=0.0486 sym=0.0110 phy=0.0192 | 23.1s
2026-06-20 16:55:13,688 - INFO -   batch 200/381 | loss=0.1068 mse=0.0672 sym=0.0110 phy=0.0193 | 24.4s
2026-06-20 16:55:14,939 - INFO -   batch 210/381 | loss=0.0792 mse=0.0482 sym=0.0110 phy=0.0192 | 25.6s
2026-06-20 16:55:16,124 - INFO -   batch 220/381 | loss=0.0830 mse=0.0530 sym=0.0110 phy=0.0192 | 26.8s
2026-06-20 16:55:17,326 - INFO -   batch 230/381 | loss=0.0857 mse=0.0599 sym=0.0110 phy=0.0193 | 28.0s
2026-06-20 16:55:18,584 - INFO -   batch 240/381 | loss=0.0773 mse=0.0516 sym=0.0110 phy=0.0193 | 29.3s
2026-06-20 16:55:19,852 - INFO -   batch 250/381 | loss=0.1013 mse=0.0684 sym=0.0110 phy=0.0192 | 30.6s
2026-06-20 16:55:21,065 - INFO -   batch 260/381 | loss=0.0830 mse=0.0547 sym=0.0110 phy=0.0192 | 31.8s
2026-06-20 16:55:22,235 - INFO -   batch 270/381 | loss=0.0882 mse=0.0598 sym=0.0110 phy=0.0192 | 32.9s
2026-06-20 16:55:23,476 - INFO -   batch 280/381 | loss=0.0784 mse=0.0555 sym=0.0110 phy=0.0191 | 34.2s
2026-06-20 16:55:24,674 - INFO -   batch 290/381 | loss=0.0975 mse=0.0726 sym=0.0109 phy=0.0191 | 35.4s
2026-06-20 16:55:25,897 - INFO -   batch 300/381 | loss=0.0790 mse=0.0504 sym=0.0109 phy=0.0190 | 36.6s
2026-06-20 16:55:27,053 - INFO -   batch 310/381 | loss=0.0843 mse=0.0576 sym=0.0109 phy=0.0190 | 37.8s
2026-06-20 16:55:28,222 - INFO -   batch 320/381 | loss=0.0697 mse=0.0481 sym=0.0109 phy=0.0189 | 38.9s
2026-06-20 16:55:29,443 - INFO -   batch 330/381 | loss=0.0646 mse=0.0367 sym=0.0109 phy=0.0189 | 40.1s
2026-06-20 16:55:30,620 - INFO -   batch 340/381 | loss=0.0851 mse=0.0599 sym=0.0109 phy=0.0188 | 41.3s
2026-06-20 16:55:31,850 - INFO -   batch 350/381 | loss=0.0827 mse=0.0570 sym=0.0109 phy=0.0189 | 42.6s
2026-06-20 16:55:33,049 - INFO -   batch 360/381 | loss=0.0672 mse=0.0385 sym=0.0109 phy=0.0189 | 43.8s
2026-06-20 16:55:34,292 - INFO -   batch 370/381 | loss=0.0852 mse=0.0578 sym=0.0109 phy=0.0189 | 45.0s
2026-06-20 16:55:35,555 - INFO -   batch 380/381 | loss=0.0830 mse=0.0558 sym=0.0109 phy=0.0189 | 46.3s
2026-06-20 16:55:37,875 - INFO -   batch   1/381 | loss=0.0821 mse=0.0568 sym=0.0104 phy=0.0149 | 0.2s
2026-06-20 16:55:38,937 - INFO -   batch  10/381 | loss=0.0846 mse=0.0580 sym=0.0107 phy=0.0164 | 1.3s
2026-06-20 16:55:40,112 - INFO -   batch  20/381 | loss=0.1033 mse=0.0657 sym=0.0107 phy=0.0167 | 2.5s
2026-06-20 16:55:41,347 - INFO -   batch  30/381 | loss=0.0873 mse=0.0594 sym=0.0106 phy=0.0169 | 3.7s
2026-06-20 16:55:42,550 - INFO -   batch  40/381 | loss=0.0878 mse=0.0618 sym=0.0106 phy=0.0175 | 4.9s
2026-06-20 16:55:43,746 - INFO -   batch  50/381 | loss=0.0806 mse=0.0528 sym=0.0108 phy=0.0178 | 6.1s
2026-06-20 16:55:44,925 - INFO -   batch  60/381 | loss=0.0983 mse=0.0594 sym=0.0107 phy=0.0182 | 7.3s
2026-06-20 16:55:46,181 - INFO -   batch  70/381 | loss=0.0831 mse=0.0479 sym=0.0107 phy=0.0186 | 8.6s
2026-06-20 16:55:47,403 - INFO -   batch  80/381 | loss=0.0765 mse=0.0431 sym=0.0108 phy=0.0183 | 9.8s
2026-06-20 16:55:48,641 - INFO -   batch  90/381 | loss=0.0904 mse=0.0609 sym=0.0108 phy=0.0182 | 11.0s
2026-06-20 16:55:49,815 - INFO -   batch 100/381 | loss=0.0762 mse=0.0445 sym=0.0108 phy=0.0182 | 12.2s
2026-06-20 16:55:51,005 - INFO -   batch 110/381 | loss=0.0683 mse=0.0402 sym=0.0108 phy=0.0181 | 13.4s
2026-06-20 16:55:52,226 - INFO -   batch 120/381 | loss=0.0836 mse=0.0572 sym=0.0108 phy=0.0181 | 14.6s
2026-06-20 16:55:53,475 - INFO -   batch 130/381 | loss=0.0799 mse=0.0494 sym=0.0109 phy=0.0181 | 15.8s
2026-06-20 16:55:54,731 - INFO -   batch 140/381 | loss=0.0839 mse=0.0527 sym=0.0109 phy=0.0182 | 17.1s
2026-06-20 16:55:55,905 - INFO -   batch 150/381 | loss=0.0832 mse=0.0586 sym=0.0109 phy=0.0181 | 18.3s
2026-06-20 16:55:57,144 - INFO -   batch 160/381 | loss=0.0778 mse=0.0506 sym=0.0109 phy=0.0180 | 19.5s
2026-06-20 16:55:58,377 - INFO -   batch 170/381 | loss=0.0799 mse=0.0496 sym=0.0109 phy=0.0181 | 20.7s
2026-06-20 16:55:59,627 - INFO -   batch 180/381 | loss=0.0758 mse=0.0497 sym=0.0109 phy=0.0181 | 22.0s
2026-06-20 16:56:00,747 - INFO -   batch 190/381 | loss=0.1022 mse=0.0658 sym=0.0109 phy=0.0182 | 23.1s
2026-06-20 16:56:01,966 - INFO -   batch 200/381 | loss=0.1016 mse=0.0692 sym=0.0109 phy=0.0182 | 24.3s
2026-06-20 16:56:03,178 - INFO -   batch 210/381 | loss=0.0768 mse=0.0468 sym=0.0109 phy=0.0183 | 25.5s
2026-06-20 16:56:04,362 - INFO -   batch 220/381 | loss=0.0828 mse=0.0537 sym=0.0109 phy=0.0182 | 26.7s
2026-06-20 16:56:05,598 - INFO -   batch 230/381 | loss=0.1003 mse=0.0720 sym=0.0109 phy=0.0183 | 28.0s
2026-06-20 16:56:06,718 - INFO -   batch 240/381 | loss=0.0782 mse=0.0500 sym=0.0109 phy=0.0183 | 29.1s
2026-06-20 16:56:07,938 - INFO -   batch 250/381 | loss=0.0770 mse=0.0501 sym=0.0109 phy=0.0185 | 30.3s
2026-06-20 16:56:09,180 - INFO -   batch 260/381 | loss=0.0817 mse=0.0476 sym=0.0109 phy=0.0185 | 31.6s
2026-06-20 16:56:10,416 - INFO -   batch 270/381 | loss=0.0905 mse=0.0643 sym=0.0109 phy=0.0185 | 32.8s
2026-06-20 16:56:11,599 - INFO -   batch 280/381 | loss=0.0753 mse=0.0481 sym=0.0109 phy=0.0185 | 34.0s
2026-06-20 16:56:12,761 - INFO -   batch 290/381 | loss=0.0984 mse=0.0701 sym=0.0109 phy=0.0185 | 35.1s
2026-06-20 16:56:13,983 - INFO -   batch 300/381 | loss=0.0980 mse=0.0624 sym=0.0109 phy=0.0186 | 36.4s
2026-06-20 16:56:15,159 - INFO -   batch 310/381 | loss=0.0776 mse=0.0484 sym=0.0109 phy=0.0185 | 37.5s
2026-06-20 16:56:16,388 - INFO -   batch 320/381 | loss=0.0918 mse=0.0645 sym=0.0109 phy=0.0186 | 38.8s
2026-06-20 16:56:17,591 - INFO -   batch 330/381 | loss=0.0730 mse=0.0496 sym=0.0109 phy=0.0186 | 40.0s
2026-06-20 16:56:18,832 - INFO -   batch 340/381 | loss=0.0701 mse=0.0437 sym=0.0109 phy=0.0186 | 41.2s
2026-06-20 16:56:20,088 - INFO -   batch 350/381 | loss=0.0839 mse=0.0535 sym=0.0109 phy=0.0186 | 42.5s
2026-06-20 16:56:21,298 - INFO -   batch 360/381 | loss=0.0671 mse=0.0413 sym=0.0109 phy=0.0186 | 43.7s
2026-06-20 16:56:22,484 - INFO -   batch 370/381 | loss=0.0967 mse=0.0649 sym=0.0109 phy=0.0187 | 44.9s
2026-06-20 16:56:23,671 - INFO -   batch 380/381 | loss=0.0816 mse=0.0489 sym=0.0109 phy=0.0187 | 46.0s
2026-06-20 16:56:25,882 - INFO -   batch   1/381 | loss=0.0735 mse=0.0400 sym=0.0099 phy=0.0236 | 0.2s
2026-06-20 16:56:26,985 - INFO -   batch  10/381 | loss=0.0868 mse=0.0555 sym=0.0106 phy=0.0202 | 1.3s
2026-06-20 16:56:28,176 - INFO -   batch  20/381 | loss=0.1012 mse=0.0647 sym=0.0106 phy=0.0196 | 2.5s
2026-06-20 16:56:29,389 - INFO -   batch  30/381 | loss=0.1045 mse=0.0741 sym=0.0108 phy=0.0195 | 3.7s
2026-06-20 16:56:30,498 - INFO -   batch  40/381 | loss=0.0936 mse=0.0602 sym=0.0107 phy=0.0192 | 4.8s
2026-06-20 16:56:31,726 - INFO -   batch  50/381 | loss=0.0875 mse=0.0561 sym=0.0107 phy=0.0192 | 6.0s
2026-06-20 16:56:32,928 - INFO -   batch  60/381 | loss=0.0913 mse=0.0609 sym=0.0107 phy=0.0191 | 7.2s
2026-06-20 16:56:34,146 - INFO -   batch  70/381 | loss=0.0785 mse=0.0486 sym=0.0107 phy=0.0190 | 8.5s
2026-06-20 16:56:35,377 - INFO -   batch  80/381 | loss=0.0705 mse=0.0501 sym=0.0107 phy=0.0186 | 9.7s
2026-06-20 16:56:36,563 - INFO -   batch  90/381 | loss=0.0930 mse=0.0597 sym=0.0107 phy=0.0186 | 10.9s
2026-06-20 16:56:37,804 - INFO -   batch 100/381 | loss=0.0737 mse=0.0440 sym=0.0107 phy=0.0184 | 12.1s
2026-06-20 16:56:38,985 - INFO -   batch 110/381 | loss=0.0874 mse=0.0607 sym=0.0108 phy=0.0184 | 13.3s
2026-06-20 16:56:40,234 - INFO -   batch 120/381 | loss=0.0872 mse=0.0586 sym=0.0107 phy=0.0185 | 14.6s
2026-06-20 16:56:41,397 - INFO -   batch 130/381 | loss=0.0785 mse=0.0513 sym=0.0108 phy=0.0183 | 15.7s
2026-06-20 16:56:42,558 - INFO -   batch 140/381 | loss=0.1007 mse=0.0668 sym=0.0108 phy=0.0183 | 16.9s
2026-06-20 16:56:43,794 - INFO -   batch 150/381 | loss=0.0895 mse=0.0627 sym=0.0108 phy=0.0182 | 18.1s
2026-06-20 16:56:45,049 - INFO -   batch 160/381 | loss=0.0989 mse=0.0506 sym=0.0108 phy=0.0185 | 19.4s
2026-06-20 16:56:46,308 - INFO -   batch 170/381 | loss=0.0822 mse=0.0483 sym=0.0109 phy=0.0185 | 20.6s
2026-06-20 16:56:47,506 - INFO -   batch 180/381 | loss=0.0848 mse=0.0501 sym=0.0109 phy=0.0187 | 21.8s
2026-06-20 16:56:48,769 - INFO -   batch 190/381 | loss=0.0913 mse=0.0583 sym=0.0109 phy=0.0187 | 23.1s
2026-06-20 16:56:50,011 - INFO -   batch 200/381 | loss=0.0670 mse=0.0366 sym=0.0109 phy=0.0187 | 24.3s
2026-06-20 16:56:51,255 - INFO -   batch 210/381 | loss=0.0837 mse=0.0560 sym=0.0109 phy=0.0186 | 25.6s
2026-06-20 16:56:52,368 - INFO -   batch 220/381 | loss=0.0840 mse=0.0577 sym=0.0109 phy=0.0187 | 26.7s
2026-06-20 16:56:53,627 - INFO -   batch 230/381 | loss=0.0916 mse=0.0635 sym=0.0109 phy=0.0186 | 27.9s
2026-06-20 16:56:54,856 - INFO -   batch 240/381 | loss=0.0840 mse=0.0611 sym=0.0109 phy=0.0186 | 29.2s
2026-06-20 16:56:56,100 - INFO -   batch 250/381 | loss=0.0755 mse=0.0495 sym=0.0109 phy=0.0185 | 30.4s
2026-06-20 16:56:57,265 - INFO -   batch 260/381 | loss=0.0691 mse=0.0410 sym=0.0110 phy=0.0186 | 31.6s
2026-06-20 16:56:58,423 - INFO -   batch 270/381 | loss=0.0905 mse=0.0583 sym=0.0110 phy=0.0186 | 32.7s
2026-06-20 16:56:59,657 - INFO -   batch 280/381 | loss=0.0770 mse=0.0533 sym=0.0110 phy=0.0187 | 34.0s
2026-06-20 16:57:00,889 - INFO -   batch 290/381 | loss=0.0912 mse=0.0644 sym=0.0109 phy=0.0186 | 35.2s
2026-06-20 16:57:02,086 - INFO -   batch 300/381 | loss=0.0925 mse=0.0669 sym=0.0109 phy=0.0186 | 36.4s
2026-06-20 16:57:03,241 - INFO -   batch 310/381 | loss=0.0847 mse=0.0529 sym=0.0109 phy=0.0185 | 37.6s
2026-06-20 16:57:04,486 - INFO -   batch 320/381 | loss=0.0816 mse=0.0512 sym=0.0109 phy=0.0185 | 38.8s
2026-06-20 16:57:05,669 - INFO -   batch 330/381 | loss=0.0852 mse=0.0511 sym=0.0109 phy=0.0186 | 40.0s
2026-06-20 16:57:06,895 - INFO -   batch 340/381 | loss=0.0997 mse=0.0702 sym=0.0109 phy=0.0186 | 41.2s
2026-06-20 16:57:08,142 - INFO -   batch 350/381 | loss=0.0902 mse=0.0629 sym=0.0109 phy=0.0186 | 42.5s
2026-06-20 16:57:09,255 - INFO -   batch 360/381 | loss=0.0731 mse=0.0457 sym=0.0109 phy=0.0186 | 43.6s
2026-06-20 16:57:10,502 - INFO -   batch 370/381 | loss=0.0923 mse=0.0622 sym=0.0109 phy=0.0187 | 44.8s
2026-06-20 16:57:11,726 - INFO -   batch 380/381 | loss=0.0863 mse=0.0561 sym=0.0109 phy=0.0187 | 46.0s
2026-06-20 16:57:13,992 - INFO -   batch   1/381 | loss=0.0925 mse=0.0573 sym=0.0106 phy=0.0246 | 0.2s
2026-06-20 16:57:15,053 - INFO -   batch  10/381 | loss=0.0796 mse=0.0459 sym=0.0109 phy=0.0227 | 1.3s
2026-06-20 16:57:16,197 - INFO -   batch  20/381 | loss=0.0878 mse=0.0559 sym=0.0111 phy=0.0219 | 2.4s
2026-06-20 16:57:17,394 - INFO -   batch  30/381 | loss=0.0717 mse=0.0436 sym=0.0111 phy=0.0205 | 3.6s
2026-06-20 16:57:18,628 - INFO -   batch  40/381 | loss=0.0638 mse=0.0395 sym=0.0110 phy=0.0199 | 4.8s
2026-06-20 16:57:19,849 - INFO -   batch  50/381 | loss=0.0695 mse=0.0451 sym=0.0109 phy=0.0196 | 6.1s
2026-06-20 16:57:21,083 - INFO -   batch  60/381 | loss=0.0815 mse=0.0535 sym=0.0109 phy=0.0191 | 7.3s
2026-06-20 16:57:22,244 - INFO -   batch  70/381 | loss=0.1019 mse=0.0710 sym=0.0109 phy=0.0193 | 8.5s
2026-06-20 16:57:23,460 - INFO -   batch  80/381 | loss=0.0869 mse=0.0592 sym=0.0109 phy=0.0194 | 9.7s
2026-06-20 16:57:24,683 - INFO -   batch  90/381 | loss=0.0830 mse=0.0494 sym=0.0109 phy=0.0194 | 10.9s
2026-06-20 16:57:25,899 - INFO -   batch 100/381 | loss=0.0855 mse=0.0474 sym=0.0109 phy=0.0193 | 12.1s
2026-06-20 16:57:27,117 - INFO -   batch 110/381 | loss=0.0981 mse=0.0641 sym=0.0109 phy=0.0195 | 13.3s
2026-06-20 16:57:28,299 - INFO -   batch 120/381 | loss=0.0842 mse=0.0578 sym=0.0108 phy=0.0194 | 14.5s
2026-06-20 16:57:29,498 - INFO -   batch 130/381 | loss=0.0906 mse=0.0555 sym=0.0108 phy=0.0196 | 15.7s
2026-06-20 16:57:30,712 - INFO -   batch 140/381 | loss=0.0638 mse=0.0380 sym=0.0108 phy=0.0194 | 16.9s
2026-06-20 16:57:31,904 - INFO -   batch 150/381 | loss=0.0817 mse=0.0573 sym=0.0108 phy=0.0193 | 18.1s
2026-06-20 16:57:33,090 - INFO -   batch 160/381 | loss=0.0634 mse=0.0378 sym=0.0108 phy=0.0193 | 19.3s
2026-06-20 16:57:34,317 - INFO -   batch 170/381 | loss=0.0833 mse=0.0559 sym=0.0108 phy=0.0191 | 20.5s
2026-06-20 16:57:35,525 - INFO -   batch 180/381 | loss=0.0918 mse=0.0540 sym=0.0109 phy=0.0191 | 21.7s
2026-06-20 16:57:36,758 - INFO -   batch 190/381 | loss=0.0662 mse=0.0382 sym=0.0108 phy=0.0191 | 23.0s
2026-06-20 16:57:37,985 - INFO -   batch 200/381 | loss=0.0691 mse=0.0431 sym=0.0108 phy=0.0191 | 24.2s
2026-06-20 16:57:39,131 - INFO -   batch 210/381 | loss=0.0713 mse=0.0460 sym=0.0109 phy=0.0190 | 25.3s
2026-06-20 16:57:40,390 - INFO -   batch 220/381 | loss=0.0903 mse=0.0603 sym=0.0109 phy=0.0190 | 26.6s
2026-06-20 16:57:41,595 - INFO -   batch 230/381 | loss=0.0779 mse=0.0532 sym=0.0109 phy=0.0190 | 27.8s
2026-06-20 16:57:42,850 - INFO -   batch 240/381 | loss=0.0966 mse=0.0573 sym=0.0109 phy=0.0191 | 29.1s
2026-06-20 16:57:44,014 - INFO -   batch 250/381 | loss=0.0764 mse=0.0421 sym=0.0109 phy=0.0191 | 30.2s
2026-06-20 16:57:45,222 - INFO -   batch 260/381 | loss=0.1026 mse=0.0586 sym=0.0109 phy=0.0191 | 31.4s
2026-06-20 16:57:46,598 - INFO -   batch 270/381 | loss=0.0699 mse=0.0446 sym=0.0109 phy=0.0191 | 32.8s
2026-06-20 16:57:47,830 - INFO -   batch 280/381 | loss=0.0891 mse=0.0614 sym=0.0109 phy=0.0191 | 34.0s
2026-06-20 16:57:48,972 - INFO -   batch 290/381 | loss=0.0749 mse=0.0428 sym=0.0109 phy=0.0191 | 35.2s
2026-06-20 16:57:50,184 - INFO -   batch 300/381 | loss=0.0736 mse=0.0493 sym=0.0109 phy=0.0190 | 36.4s
2026-06-20 16:57:51,377 - INFO -   batch 310/381 | loss=0.0900 mse=0.0519 sym=0.0109 phy=0.0190 | 37.6s
2026-06-20 16:57:52,607 - INFO -   batch 320/381 | loss=0.0905 mse=0.0571 sym=0.0109 phy=0.0190 | 38.8s
2026-06-20 16:57:53,835 - INFO -   batch 330/381 | loss=0.0949 mse=0.0597 sym=0.0109 phy=0.0189 | 40.0s
2026-06-20 16:57:54,953 - INFO -   batch 340/381 | loss=0.1000 mse=0.0653 sym=0.0109 phy=0.0189 | 41.2s
2026-06-20 16:57:56,195 - INFO -   batch 350/381 | loss=0.0810 mse=0.0504 sym=0.0109 phy=0.0189 | 42.4s
2026-06-20 16:57:57,442 - INFO -   batch 360/381 | loss=0.0704 mse=0.0382 sym=0.0109 phy=0.0189 | 43.6s
2026-06-20 16:57:58,640 - INFO -   batch 370/381 | loss=0.0713 mse=0.0454 sym=0.0109 phy=0.0188 | 44.8s
2026-06-20 16:57:59,819 - INFO -   batch 380/381 | loss=0.0881 mse=0.0639 sym=0.0109 phy=0.0188 | 46.0s
2026-06-20 16:58:01,853 - INFO - Epoch  35/50 | Loss=0.0841 MSE=0.0544 Sym=0.0109 Phy=0.0188 | Val RMSE=0.2339 ρ=0.335 | 48s
2026-06-20 16:58:02,064 - INFO -   batch   1/381 | loss=0.0739 mse=0.0496 sym=0.0117 phy=0.0127 | 0.2s
2026-06-20 16:58:03,198 - INFO -   batch  10/381 | loss=0.0841 mse=0.0491 sym=0.0112 phy=0.0154 | 1.3s
2026-06-20 16:58:04,438 - INFO -   batch  20/381 | loss=0.0924 mse=0.0667 sym=0.0109 phy=0.0164 | 2.6s
2026-06-20 16:58:05,662 - INFO -   batch  30/381 | loss=0.0958 mse=0.0616 sym=0.0110 phy=0.0168 | 3.8s
2026-06-20 16:58:06,811 - INFO -   batch  40/381 | loss=0.0952 mse=0.0601 sym=0.0109 phy=0.0177 | 5.0s
2026-06-20 16:58:07,983 - INFO -   batch  50/381 | loss=0.0796 mse=0.0492 sym=0.0109 phy=0.0173 | 6.1s
2026-06-20 16:58:09,211 - INFO -   batch  60/381 | loss=0.0835 mse=0.0469 sym=0.0109 phy=0.0175 | 7.4s
2026-06-20 16:58:10,444 - INFO -   batch  70/381 | loss=0.0847 mse=0.0537 sym=0.0109 phy=0.0174 | 8.6s
2026-06-20 16:58:11,639 - INFO -   batch  80/381 | loss=0.0750 mse=0.0494 sym=0.0109 phy=0.0174 | 9.8s
2026-06-20 16:58:12,812 - INFO -   batch  90/381 | loss=0.0863 mse=0.0595 sym=0.0109 phy=0.0174 | 11.0s
2026-06-20 16:58:14,064 - INFO -   batch 100/381 | loss=0.0824 mse=0.0495 sym=0.0109 phy=0.0176 | 12.2s
2026-06-20 16:58:15,308 - INFO -   batch 110/381 | loss=0.0791 mse=0.0458 sym=0.0109 phy=0.0177 | 13.5s
2026-06-20 16:58:16,543 - INFO -   batch 120/381 | loss=0.0963 mse=0.0677 sym=0.0108 phy=0.0179 | 14.7s
2026-06-20 16:58:17,728 - INFO -   batch 130/381 | loss=0.1075 mse=0.0759 sym=0.0108 phy=0.0178 | 15.9s
2026-06-20 16:58:18,894 - INFO -   batch 140/381 | loss=0.0921 mse=0.0489 sym=0.0109 phy=0.0180 | 17.0s
2026-06-20 16:58:20,126 - INFO -   batch 150/381 | loss=0.0741 mse=0.0398 sym=0.0109 phy=0.0182 | 18.3s
2026-06-20 16:58:21,337 - INFO -   batch 160/381 | loss=0.0850 mse=0.0582 sym=0.0109 phy=0.0182 | 19.5s
2026-06-20 16:58:22,602 - INFO -   batch 170/381 | loss=0.0832 mse=0.0483 sym=0.0109 phy=0.0183 | 20.7s
2026-06-20 16:58:23,774 - INFO -   batch 180/381 | loss=0.0675 mse=0.0352 sym=0.0109 phy=0.0182 | 21.9s
2026-06-20 16:58:24,992 - INFO -   batch 190/381 | loss=0.0726 mse=0.0445 sym=0.0109 phy=0.0183 | 23.1s
2026-06-20 16:58:26,233 - INFO -   batch 200/381 | loss=0.0651 mse=0.0330 sym=0.0109 phy=0.0183 | 24.4s
2026-06-20 16:58:27,499 - INFO -   batch 210/381 | loss=0.0851 mse=0.0545 sym=0.0109 phy=0.0185 | 25.6s
2026-06-20 16:58:28,700 - INFO -   batch 220/381 | loss=0.0797 mse=0.0496 sym=0.0109 phy=0.0184 | 26.8s
2026-06-20 16:58:29,953 - INFO -   batch 230/381 | loss=0.0825 mse=0.0560 sym=0.0109 phy=0.0183 | 28.1s
2026-06-20 16:58:31,196 - INFO -   batch 240/381 | loss=0.0982 mse=0.0604 sym=0.0109 phy=0.0184 | 29.3s
2026-06-20 16:58:32,452 - INFO -   batch 250/381 | loss=0.1038 mse=0.0746 sym=0.0109 phy=0.0184 | 30.6s
2026-06-20 16:58:33,657 - INFO -   batch 260/381 | loss=0.0931 mse=0.0641 sym=0.0109 phy=0.0185 | 31.8s
2026-06-20 16:58:34,919 - INFO -   batch 270/381 | loss=0.0958 mse=0.0693 sym=0.0109 phy=0.0185 | 33.1s
2026-06-20 16:58:36,171 - INFO -   batch 280/381 | loss=0.0828 mse=0.0485 sym=0.0109 phy=0.0185 | 34.3s
2026-06-20 16:58:37,405 - INFO -   batch 290/381 | loss=0.0913 mse=0.0594 sym=0.0109 phy=0.0185 | 35.6s
2026-06-20 16:58:38,620 - INFO -   batch 300/381 | loss=0.1072 mse=0.0786 sym=0.0109 phy=0.0185 | 36.8s
2026-06-20 16:58:39,859 - INFO -   batch 310/381 | loss=0.0824 mse=0.0487 sym=0.0109 phy=0.0186 | 38.0s
2026-06-20 16:58:41,111 - INFO -   batch 320/381 | loss=0.0810 mse=0.0497 sym=0.0109 phy=0.0186 | 39.3s
2026-06-20 16:58:42,364 - INFO -   batch 330/381 | loss=0.0693 mse=0.0456 sym=0.0109 phy=0.0186 | 40.5s
2026-06-20 16:58:43,566 - INFO -   batch 340/381 | loss=0.0742 mse=0.0495 sym=0.0109 phy=0.0186 | 41.7s
2026-06-20 16:58:44,750 - INFO -   batch 350/381 | loss=0.0915 mse=0.0550 sym=0.0109 phy=0.0187 | 42.9s
2026-06-20 16:58:45,982 - INFO -   batch 360/381 | loss=0.0926 mse=0.0630 sym=0.0109 phy=0.0186 | 44.1s
2026-06-20 16:58:47,225 - INFO -   batch 370/381 | loss=0.0803 mse=0.0521 sym=0.0109 phy=0.0186 | 45.4s
2026-06-20 16:58:48,468 - INFO -   batch 380/381 | loss=0.0829 mse=0.0458 sym=0.0109 phy=0.0187 | 46.6s
2026-06-20 16:58:50,725 - INFO -   batch   1/381 | loss=0.0689 mse=0.0405 sym=0.0112 phy=0.0172 | 0.2s
2026-06-20 16:58:51,872 - INFO -   batch  10/381 | loss=0.0784 mse=0.0487 sym=0.0111 phy=0.0170 | 1.4s
2026-06-20 16:58:53,108 - INFO -   batch  20/381 | loss=0.0946 mse=0.0567 sym=0.0111 phy=0.0182 | 2.6s
2026-06-20 16:58:54,304 - INFO -   batch  30/381 | loss=0.0784 mse=0.0477 sym=0.0110 phy=0.0188 | 3.8s
2026-06-20 16:58:55,454 - INFO -   batch  40/381 | loss=0.0835 mse=0.0592 sym=0.0110 phy=0.0187 | 4.9s
2026-06-20 16:58:56,617 - INFO -   batch  50/381 | loss=0.0954 mse=0.0618 sym=0.0110 phy=0.0186 | 6.1s
2026-06-20 16:58:57,846 - INFO -   batch  60/381 | loss=0.0825 mse=0.0482 sym=0.0110 phy=0.0186 | 7.3s
2026-06-20 16:58:59,089 - INFO -   batch  70/381 | loss=0.0698 mse=0.0423 sym=0.0109 phy=0.0188 | 8.6s
2026-06-20 16:59:00,346 - INFO -   batch  80/381 | loss=0.0799 mse=0.0512 sym=0.0109 phy=0.0186 | 9.8s
2026-06-20 16:59:01,564 - INFO -   batch  90/381 | loss=0.0857 mse=0.0524 sym=0.0109 phy=0.0187 | 11.1s
2026-06-20 16:59:02,800 - INFO -   batch 100/381 | loss=0.0770 mse=0.0421 sym=0.0109 phy=0.0185 | 12.3s
2026-06-20 16:59:04,039 - INFO -   batch 110/381 | loss=0.0834 mse=0.0619 sym=0.0109 phy=0.0182 | 13.5s
2026-06-20 16:59:05,262 - INFO -   batch 120/381 | loss=0.0785 mse=0.0485 sym=0.0109 phy=0.0182 | 14.8s
2026-06-20 16:59:06,447 - INFO -   batch 130/381 | loss=0.0702 mse=0.0461 sym=0.0109 phy=0.0184 | 15.9s
2026-06-20 16:59:07,658 - INFO -   batch 140/381 | loss=0.0776 mse=0.0493 sym=0.0109 phy=0.0184 | 17.2s
2026-06-20 16:59:08,890 - INFO -   batch 150/381 | loss=0.0829 mse=0.0545 sym=0.0109 phy=0.0185 | 18.4s
2026-06-20 16:59:10,088 - INFO -   batch 160/381 | loss=0.0815 mse=0.0554 sym=0.0109 phy=0.0183 | 19.6s
2026-06-20 16:59:11,268 - INFO -   batch 170/381 | loss=0.0986 mse=0.0668 sym=0.0109 phy=0.0185 | 20.8s
2026-06-20 16:59:12,440 - INFO -   batch 180/381 | loss=0.0964 mse=0.0631 sym=0.0109 phy=0.0186 | 21.9s
2026-06-20 16:59:13,624 - INFO -   batch 190/381 | loss=0.0974 mse=0.0710 sym=0.0109 phy=0.0187 | 23.1s
2026-06-20 16:59:14,852 - INFO -   batch 200/381 | loss=0.0892 mse=0.0625 sym=0.0109 phy=0.0187 | 24.3s
2026-06-20 16:59:16,073 - INFO -   batch 210/381 | loss=0.1025 mse=0.0708 sym=0.0109 phy=0.0186 | 25.6s
2026-06-20 16:59:17,229 - INFO -   batch 220/381 | loss=0.0866 mse=0.0609 sym=0.0109 phy=0.0186 | 26.7s
2026-06-20 16:59:18,396 - INFO -   batch 230/381 | loss=0.0917 mse=0.0657 sym=0.0109 phy=0.0185 | 27.9s
2026-06-20 16:59:19,589 - INFO -   batch 240/381 | loss=0.0880 mse=0.0569 sym=0.0109 phy=0.0185 | 29.1s
2026-06-20 16:59:20,824 - INFO -   batch 250/381 | loss=0.0741 mse=0.0440 sym=0.0109 phy=0.0184 | 30.3s
2026-06-20 16:59:22,049 - INFO -   batch 260/381 | loss=0.0789 mse=0.0478 sym=0.0109 phy=0.0185 | 31.5s
2026-06-20 16:59:23,221 - INFO -   batch 270/381 | loss=0.0859 mse=0.0599 sym=0.0110 phy=0.0184 | 32.7s
2026-06-20 16:59:24,460 - INFO -   batch 280/381 | loss=0.0866 mse=0.0512 sym=0.0110 phy=0.0184 | 34.0s
2026-06-20 16:59:25,663 - INFO -   batch 290/381 | loss=0.0993 mse=0.0672 sym=0.0110 phy=0.0184 | 35.2s
2026-06-20 16:59:26,896 - INFO -   batch 300/381 | loss=0.1042 mse=0.0732 sym=0.0110 phy=0.0185 | 36.4s
2026-06-20 16:59:28,121 - INFO -   batch 310/381 | loss=0.1046 mse=0.0641 sym=0.0110 phy=0.0186 | 37.6s
2026-06-20 16:59:29,229 - INFO -   batch 320/381 | loss=0.0783 mse=0.0466 sym=0.0110 phy=0.0186 | 38.7s
2026-06-20 16:59:30,456 - INFO -   batch 330/381 | loss=0.0904 mse=0.0660 sym=0.0110 phy=0.0186 | 39.9s
2026-06-20 16:59:31,635 - INFO -   batch 340/381 | loss=0.0784 mse=0.0516 sym=0.0110 phy=0.0186 | 41.1s
2026-06-20 16:59:32,865 - INFO -   batch 350/381 | loss=0.0865 mse=0.0607 sym=0.0110 phy=0.0186 | 42.4s
2026-06-20 16:59:34,108 - INFO -   batch 360/381 | loss=0.0833 mse=0.0521 sym=0.0110 phy=0.0187 | 43.6s
2026-06-20 16:59:35,238 - INFO -   batch 370/381 | loss=0.0806 mse=0.0499 sym=0.0109 phy=0.0187 | 44.7s
2026-06-20 16:59:36,462 - INFO -   batch 380/381 | loss=0.0957 mse=0.0625 sym=0.0109 phy=0.0187 | 46.0s
2026-06-20 16:59:38,674 - INFO -   batch   1/381 | loss=0.0707 mse=0.0399 sym=0.0108 phy=0.0199 | 0.2s
2026-06-20 16:59:39,792 - INFO -   batch  10/381 | loss=0.0816 mse=0.0543 sym=0.0105 phy=0.0197 | 1.3s
2026-06-20 16:59:40,999 - INFO -   batch  20/381 | loss=0.0731 mse=0.0445 sym=0.0107 phy=0.0194 | 2.5s
2026-06-20 16:59:42,168 - INFO -   batch  30/381 | loss=0.0791 mse=0.0505 sym=0.0107 phy=0.0192 | 3.7s
2026-06-20 16:59:43,421 - INFO -   batch  40/381 | loss=0.0903 mse=0.0536 sym=0.0108 phy=0.0189 | 5.0s
2026-06-20 16:59:44,687 - INFO -   batch  50/381 | loss=0.0869 mse=0.0601 sym=0.0108 phy=0.0189 | 6.2s
2026-06-20 16:59:45,941 - INFO -   batch  60/381 | loss=0.1053 mse=0.0781 sym=0.0109 phy=0.0188 | 7.5s
2026-06-20 16:59:47,115 - INFO -   batch  70/381 | loss=0.0900 mse=0.0592 sym=0.0109 phy=0.0192 | 8.6s
2026-06-20 16:59:48,279 - INFO -   batch  80/381 | loss=0.0805 mse=0.0434 sym=0.0108 phy=0.0194 | 9.8s
2026-06-20 16:59:49,533 - INFO -   batch  90/381 | loss=0.0855 mse=0.0555 sym=0.0109 phy=0.0193 | 11.1s
2026-06-20 16:59:50,777 - INFO -   batch 100/381 | loss=0.0790 mse=0.0496 sym=0.0109 phy=0.0194 | 12.3s
2026-06-20 16:59:52,044 - INFO -   batch 110/381 | loss=0.0647 mse=0.0364 sym=0.0109 phy=0.0193 | 13.6s
2026-06-20 16:59:53,202 - INFO -   batch 120/381 | loss=0.0735 mse=0.0480 sym=0.0109 phy=0.0194 | 14.7s
2026-06-20 16:59:54,393 - INFO -   batch 130/381 | loss=0.0735 mse=0.0440 sym=0.0109 phy=0.0195 | 15.9s
2026-06-20 16:59:55,628 - INFO -   batch 140/381 | loss=0.0837 mse=0.0504 sym=0.0109 phy=0.0195 | 17.2s
2026-06-20 16:59:56,887 - INFO -   batch 150/381 | loss=0.0873 mse=0.0625 sym=0.0109 phy=0.0193 | 18.4s
2026-06-20 16:59:58,069 - INFO -   batch 160/381 | loss=0.0797 mse=0.0510 sym=0.0109 phy=0.0192 | 19.6s
2026-06-20 16:59:59,281 - INFO -   batch 170/381 | loss=0.0856 mse=0.0510 sym=0.0109 phy=0.0192 | 20.8s
2026-06-20 17:00:00,485 - INFO -   batch 180/381 | loss=0.0860 mse=0.0534 sym=0.0109 phy=0.0192 | 22.0s
2026-06-20 17:00:01,712 - INFO -   batch 190/381 | loss=0.0882 mse=0.0634 sym=0.0109 phy=0.0192 | 23.2s
2026-06-20 17:00:02,936 - INFO -   batch 200/381 | loss=0.0908 mse=0.0631 sym=0.0109 phy=0.0191 | 24.5s
2026-06-20 17:00:04,058 - INFO -   batch 210/381 | loss=0.0991 mse=0.0676 sym=0.0109 phy=0.0190 | 25.6s
2026-06-20 17:00:05,305 - INFO -   batch 220/381 | loss=0.0810 mse=0.0539 sym=0.0109 phy=0.0191 | 26.8s
2026-06-20 17:00:06,552 - INFO -   batch 230/381 | loss=0.0805 mse=0.0487 sym=0.0109 phy=0.0192 | 28.1s
2026-06-20 17:00:07,783 - INFO -   batch 240/381 | loss=0.0866 mse=0.0581 sym=0.0109 phy=0.0192 | 29.3s
2026-06-20 17:00:08,970 - INFO -   batch 250/381 | loss=0.0767 mse=0.0451 sym=0.0109 phy=0.0192 | 30.5s
2026-06-20 17:00:10,148 - INFO -   batch 260/381 | loss=0.0984 mse=0.0709 sym=0.0109 phy=0.0191 | 31.7s
2026-06-20 17:00:11,372 - INFO -   batch 270/381 | loss=0.0866 mse=0.0546 sym=0.0109 phy=0.0191 | 32.9s
2026-06-20 17:00:12,616 - INFO -   batch 280/381 | loss=0.0905 mse=0.0579 sym=0.0109 phy=0.0191 | 34.1s
2026-06-20 17:00:13,799 - INFO -   batch 290/381 | loss=0.0975 mse=0.0654 sym=0.0109 phy=0.0191 | 35.3s
2026-06-20 17:00:14,972 - INFO -   batch 300/381 | loss=0.0739 mse=0.0455 sym=0.0109 phy=0.0190 | 36.5s
2026-06-20 17:00:16,207 - INFO -   batch 310/381 | loss=0.0758 mse=0.0490 sym=0.0109 phy=0.0189 | 37.7s
2026-06-20 17:00:17,460 - INFO -   batch 320/381 | loss=0.0648 mse=0.0384 sym=0.0109 phy=0.0189 | 39.0s
2026-06-20 17:00:18,714 - INFO -   batch 330/381 | loss=0.0873 mse=0.0569 sym=0.0109 phy=0.0189 | 40.2s
2026-06-20 17:00:19,877 - INFO -   batch 340/381 | loss=0.0913 mse=0.0650 sym=0.0109 phy=0.0188 | 41.4s
2026-06-20 17:00:21,090 - INFO -   batch 350/381 | loss=0.0759 mse=0.0546 sym=0.0109 phy=0.0188 | 42.6s
2026-06-20 17:00:22,327 - INFO -   batch 360/381 | loss=0.0764 mse=0.0444 sym=0.0109 phy=0.0188 | 43.9s
2026-06-20 17:00:23,584 - INFO -   batch 370/381 | loss=0.0758 mse=0.0470 sym=0.0109 phy=0.0187 | 45.1s
2026-06-20 17:00:24,832 - INFO -   batch 380/381 | loss=0.0933 mse=0.0669 sym=0.0109 phy=0.0187 | 46.4s
2026-06-20 17:00:27,053 - INFO -   batch   1/381 | loss=0.0952 mse=0.0605 sym=0.0125 phy=0.0222 | 0.2s
2026-06-20 17:00:28,140 - INFO -   batch  10/381 | loss=0.0932 mse=0.0606 sym=0.0110 phy=0.0207 | 1.3s
2026-06-20 17:00:29,373 - INFO -   batch  20/381 | loss=0.0893 mse=0.0625 sym=0.0111 phy=0.0205 | 2.5s
2026-06-20 17:00:30,565 - INFO -   batch  30/381 | loss=0.0928 mse=0.0554 sym=0.0109 phy=0.0198 | 3.7s
2026-06-20 17:00:31,767 - INFO -   batch  40/381 | loss=0.0828 mse=0.0469 sym=0.0111 phy=0.0199 | 4.9s
2026-06-20 17:00:32,889 - INFO -   batch  50/381 | loss=0.0821 mse=0.0542 sym=0.0111 phy=0.0200 | 6.0s
2026-06-20 17:00:34,131 - INFO -   batch  60/381 | loss=0.0707 mse=0.0361 sym=0.0110 phy=0.0200 | 7.3s
2026-06-20 17:00:35,366 - INFO -   batch  70/381 | loss=0.0763 mse=0.0500 sym=0.0110 phy=0.0198 | 8.5s
2026-06-20 17:00:36,567 - INFO -   batch  80/381 | loss=0.0859 mse=0.0537 sym=0.0110 phy=0.0198 | 9.7s
2026-06-20 17:00:37,773 - INFO -   batch  90/381 | loss=0.0893 mse=0.0536 sym=0.0110 phy=0.0195 | 10.9s
2026-06-20 17:00:38,966 - INFO -   batch 100/381 | loss=0.0845 mse=0.0553 sym=0.0110 phy=0.0195 | 12.1s
2026-06-20 17:00:40,152 - INFO -   batch 110/381 | loss=0.1018 mse=0.0739 sym=0.0110 phy=0.0193 | 13.3s
2026-06-20 17:00:41,373 - INFO -   batch 120/381 | loss=0.0820 mse=0.0556 sym=0.0110 phy=0.0191 | 14.5s
2026-06-20 17:00:42,619 - INFO -   batch 130/381 | loss=0.0828 mse=0.0571 sym=0.0110 phy=0.0189 | 15.8s
2026-06-20 17:00:43,816 - INFO -   batch 140/381 | loss=0.0631 mse=0.0374 sym=0.0110 phy=0.0189 | 17.0s
2026-06-20 17:00:45,088 - INFO -   batch 150/381 | loss=0.0919 mse=0.0631 sym=0.0110 phy=0.0188 | 18.2s
2026-06-20 17:00:46,323 - INFO -   batch 160/381 | loss=0.0659 mse=0.0389 sym=0.0110 phy=0.0188 | 19.5s
2026-06-20 17:00:47,576 - INFO -   batch 170/381 | loss=0.0829 mse=0.0483 sym=0.0109 phy=0.0190 | 20.7s
2026-06-20 17:00:48,774 - INFO -   batch 180/381 | loss=0.0812 mse=0.0462 sym=0.0109 phy=0.0191 | 21.9s
2026-06-20 17:00:49,978 - INFO -   batch 190/381 | loss=0.0747 mse=0.0481 sym=0.0109 phy=0.0191 | 23.1s
2026-06-20 17:00:51,195 - INFO -   batch 200/381 | loss=0.0833 mse=0.0582 sym=0.0109 phy=0.0189 | 24.3s
2026-06-20 17:00:52,432 - INFO -   batch 210/381 | loss=0.0939 mse=0.0578 sym=0.0109 phy=0.0188 | 25.6s
2026-06-20 17:00:53,687 - INFO -   batch 220/381 | loss=0.0726 mse=0.0454 sym=0.0109 phy=0.0188 | 26.8s
2026-06-20 17:00:54,882 - INFO -   batch 230/381 | loss=0.0702 mse=0.0481 sym=0.0109 phy=0.0187 | 28.0s
2026-06-20 17:00:56,144 - INFO -   batch 240/381 | loss=0.0754 mse=0.0477 sym=0.0109 phy=0.0188 | 29.3s
2026-06-20 17:00:57,383 - INFO -   batch 250/381 | loss=0.0901 mse=0.0549 sym=0.0109 phy=0.0187 | 30.5s
2026-06-20 17:00:58,625 - INFO -   batch 260/381 | loss=0.0927 mse=0.0516 sym=0.0109 phy=0.0187 | 31.8s
2026-06-20 17:00:59,721 - INFO -   batch 270/381 | loss=0.0745 mse=0.0450 sym=0.0109 phy=0.0187 | 32.9s
2026-06-20 17:01:00,950 - INFO -   batch 280/381 | loss=0.0825 mse=0.0564 sym=0.0109 phy=0.0187 | 34.1s
2026-06-20 17:01:02,202 - INFO -   batch 290/381 | loss=0.0703 mse=0.0427 sym=0.0109 phy=0.0186 | 35.4s
2026-06-20 17:01:03,447 - INFO -   batch 300/381 | loss=0.0895 mse=0.0580 sym=0.0109 phy=0.0186 | 36.6s
2026-06-20 17:01:04,613 - INFO -   batch 310/381 | loss=0.0870 mse=0.0476 sym=0.0109 phy=0.0187 | 37.8s
2026-06-20 17:01:05,770 - INFO -   batch 320/381 | loss=0.0674 mse=0.0378 sym=0.0109 phy=0.0187 | 38.9s
2026-06-20 17:01:07,125 - INFO -   batch 330/381 | loss=0.0805 mse=0.0501 sym=0.0109 phy=0.0187 | 40.3s
2026-06-20 17:01:08,340 - INFO -   batch 340/381 | loss=0.0633 mse=0.0363 sym=0.0109 phy=0.0187 | 41.5s
2026-06-20 17:01:09,590 - INFO -   batch 350/381 | loss=0.0924 mse=0.0638 sym=0.0109 phy=0.0187 | 42.7s
2026-06-20 17:01:10,769 - INFO -   batch 360/381 | loss=0.0978 mse=0.0718 sym=0.0109 phy=0.0186 | 43.9s
2026-06-20 17:01:11,993 - INFO -   batch 370/381 | loss=0.0977 mse=0.0632 sym=0.0109 phy=0.0187 | 45.1s
2026-06-20 17:01:13,201 - INFO -   batch 380/381 | loss=0.0873 mse=0.0551 sym=0.0109 phy=0.0187 | 46.4s
2026-06-20 17:01:15,463 - INFO -   batch   1/381 | loss=0.1032 mse=0.0661 sym=0.0103 phy=0.0269 | 0.2s
2026-06-20 17:01:16,552 - INFO -   batch  10/381 | loss=0.0845 mse=0.0534 sym=0.0106 phy=0.0214 | 1.3s
2026-06-20 17:01:17,738 - INFO -   batch  20/381 | loss=0.0962 mse=0.0691 sym=0.0107 phy=0.0196 | 2.5s
2026-06-20 17:01:18,986 - INFO -   batch  30/381 | loss=0.0735 mse=0.0436 sym=0.0108 phy=0.0183 | 3.8s
2026-06-20 17:01:20,229 - INFO -   batch  40/381 | loss=0.0846 mse=0.0521 sym=0.0108 phy=0.0182 | 5.0s
2026-06-20 17:01:21,472 - INFO -   batch  50/381 | loss=0.0824 mse=0.0536 sym=0.0109 phy=0.0184 | 6.3s
2026-06-20 17:01:22,585 - INFO -   batch  60/381 | loss=0.0995 mse=0.0616 sym=0.0109 phy=0.0191 | 7.4s
2026-06-20 17:01:23,835 - INFO -   batch  70/381 | loss=0.0773 mse=0.0503 sym=0.0109 phy=0.0192 | 8.6s
2026-06-20 17:01:25,088 - INFO -   batch  80/381 | loss=0.0817 mse=0.0514 sym=0.0110 phy=0.0191 | 9.9s
2026-06-20 17:01:26,348 - INFO -   batch  90/381 | loss=0.1111 mse=0.0772 sym=0.0110 phy=0.0194 | 11.1s
2026-06-20 17:01:27,539 - INFO -   batch 100/381 | loss=0.0737 mse=0.0396 sym=0.0110 phy=0.0193 | 12.3s
2026-06-20 17:01:28,781 - INFO -   batch 110/381 | loss=0.0629 mse=0.0363 sym=0.0110 phy=0.0192 | 13.6s
2026-06-20 17:01:30,014 - INFO -   batch 120/381 | loss=0.0714 mse=0.0457 sym=0.0110 phy=0.0192 | 14.8s
2026-06-20 17:01:31,244 - INFO -   batch 130/381 | loss=0.0868 mse=0.0555 sym=0.0110 phy=0.0192 | 16.0s
2026-06-20 17:01:32,420 - INFO -   batch 140/381 | loss=0.0815 mse=0.0547 sym=0.0110 phy=0.0190 | 17.2s
2026-06-20 17:01:33,630 - INFO -   batch 150/381 | loss=0.0880 mse=0.0564 sym=0.0110 phy=0.0189 | 18.4s
2026-06-20 17:01:34,871 - INFO -   batch 160/381 | loss=0.0773 mse=0.0490 sym=0.0110 phy=0.0189 | 19.7s
2026-06-20 17:01:36,122 - INFO -   batch 170/381 | loss=0.0940 mse=0.0637 sym=0.0110 phy=0.0190 | 20.9s
2026-06-20 17:01:37,361 - INFO -   batch 180/381 | loss=0.0848 mse=0.0547 sym=0.0110 phy=0.0189 | 22.1s
2026-06-20 17:01:38,564 - INFO -   batch 190/381 | loss=0.0976 mse=0.0714 sym=0.0110 phy=0.0190 | 23.3s
2026-06-20 17:01:39,805 - INFO -   batch 200/381 | loss=0.0949 mse=0.0697 sym=0.0110 phy=0.0189 | 24.6s
2026-06-20 17:01:41,056 - INFO -   batch 210/381 | loss=0.0740 mse=0.0456 sym=0.0110 phy=0.0189 | 25.8s
2026-06-20 17:01:42,315 - INFO -   batch 220/381 | loss=0.0753 mse=0.0461 sym=0.0110 phy=0.0189 | 27.1s
2026-06-20 17:01:43,516 - INFO -   batch 230/381 | loss=0.0860 mse=0.0619 sym=0.0110 phy=0.0188 | 28.3s
2026-06-20 17:01:44,765 - INFO -   batch 240/381 | loss=0.0742 mse=0.0430 sym=0.0110 phy=0.0189 | 29.5s
2026-06-20 17:01:45,990 - INFO -   batch 250/381 | loss=0.0849 mse=0.0550 sym=0.0110 phy=0.0189 | 30.8s
2026-06-20 17:01:47,202 - INFO -   batch 260/381 | loss=0.0734 mse=0.0460 sym=0.0110 phy=0.0190 | 32.0s
2026-06-20 17:01:48,369 - INFO -   batch 270/381 | loss=0.0778 mse=0.0458 sym=0.0110 phy=0.0189 | 33.2s
2026-06-20 17:01:49,633 - INFO -   batch 280/381 | loss=0.0836 mse=0.0549 sym=0.0110 phy=0.0189 | 34.4s
2026-06-20 17:01:50,880 - INFO -   batch 290/381 | loss=0.0811 mse=0.0521 sym=0.0110 phy=0.0188 | 35.7s
2026-06-20 17:01:52,093 - INFO -   batch 300/381 | loss=0.0984 mse=0.0720 sym=0.0110 phy=0.0188 | 36.9s
2026-06-20 17:01:53,284 - INFO -   batch 310/381 | loss=0.0575 mse=0.0337 sym=0.0110 phy=0.0187 | 38.1s
2026-06-20 17:01:54,468 - INFO -   batch 320/381 | loss=0.0783 mse=0.0517 sym=0.0110 phy=0.0186 | 39.3s
2026-06-20 17:01:55,726 - INFO -   batch 330/381 | loss=0.0934 mse=0.0557 sym=0.0110 phy=0.0186 | 40.5s
2026-06-20 17:01:56,967 - INFO -   batch 340/381 | loss=0.0861 mse=0.0573 sym=0.0110 phy=0.0186 | 41.7s
2026-06-20 17:01:58,232 - INFO -   batch 350/381 | loss=0.0865 mse=0.0559 sym=0.0110 phy=0.0186 | 43.0s
2026-06-20 17:01:59,465 - INFO -   batch 360/381 | loss=0.1411 mse=0.1033 sym=0.0109 phy=0.0186 | 44.2s
2026-06-20 17:02:00,711 - INFO -   batch 370/381 | loss=0.0923 mse=0.0602 sym=0.0109 phy=0.0186 | 45.5s
2026-06-20 17:02:01,956 - INFO -   batch 380/381 | loss=0.0826 mse=0.0536 sym=0.0109 phy=0.0186 | 46.7s
2026-06-20 17:02:04,119 - INFO - Epoch  40/50 | Loss=0.0841 MSE=0.0546 Sym=0.0109 Phy=0.0186 | Val RMSE=0.2320 ρ=0.330 | 49s
2026-06-20 17:02:04,329 - INFO -   batch   1/381 | loss=0.0842 mse=0.0598 sym=0.0117 phy=0.0127 | 0.2s
2026-06-20 17:02:05,460 - INFO -   batch  10/381 | loss=0.0964 mse=0.0689 sym=0.0108 phy=0.0195 | 1.3s
2026-06-20 17:02:06,729 - INFO -   batch  20/381 | loss=0.0719 mse=0.0447 sym=0.0108 phy=0.0184 | 2.6s
2026-06-20 17:02:07,990 - INFO -   batch  30/381 | loss=0.1134 mse=0.0895 sym=0.0109 phy=0.0188 | 3.9s
2026-06-20 17:02:09,178 - INFO -   batch  40/381 | loss=0.0784 mse=0.0523 sym=0.0109 phy=0.0192 | 5.1s
2026-06-20 17:02:10,436 - INFO -   batch  50/381 | loss=0.0805 mse=0.0515 sym=0.0110 phy=0.0185 | 6.3s
2026-06-20 17:02:11,681 - INFO -   batch  60/381 | loss=0.0680 mse=0.0420 sym=0.0110 phy=0.0186 | 7.6s
2026-06-20 17:02:12,973 - INFO -   batch  70/381 | loss=0.0763 mse=0.0500 sym=0.0110 phy=0.0182 | 8.9s
2026-06-20 17:02:14,116 - INFO -   batch  80/381 | loss=0.0721 mse=0.0490 sym=0.0110 phy=0.0181 | 10.0s
2026-06-20 17:02:15,365 - INFO -   batch  90/381 | loss=0.0694 mse=0.0475 sym=0.0110 phy=0.0176 | 11.2s
2026-06-20 17:02:16,626 - INFO -   batch 100/381 | loss=0.0675 mse=0.0396 sym=0.0110 phy=0.0177 | 12.5s
2026-06-20 17:02:17,870 - INFO -   batch 110/381 | loss=0.0889 mse=0.0578 sym=0.0110 phy=0.0178 | 13.8s
2026-06-20 17:02:19,057 - INFO -   batch 120/381 | loss=0.0777 mse=0.0475 sym=0.0110 phy=0.0180 | 14.9s
2026-06-20 17:02:20,321 - INFO -   batch 130/381 | loss=0.1088 mse=0.0804 sym=0.0109 phy=0.0180 | 16.2s
2026-06-20 17:02:21,598 - INFO -   batch 140/381 | loss=0.0857 mse=0.0547 sym=0.0109 phy=0.0180 | 17.5s
2026-06-20 17:02:22,872 - INFO -   batch 150/381 | loss=0.0956 mse=0.0598 sym=0.0109 phy=0.0181 | 18.8s
2026-06-20 17:02:24,042 - INFO -   batch 160/381 | loss=0.0833 mse=0.0528 sym=0.0109 phy=0.0183 | 19.9s
2026-06-20 17:02:25,308 - INFO -   batch 170/381 | loss=0.1177 mse=0.0798 sym=0.0109 phy=0.0185 | 21.2s
2026-06-20 17:02:26,557 - INFO -   batch 180/381 | loss=0.0913 mse=0.0627 sym=0.0109 phy=0.0186 | 22.4s
2026-06-20 17:02:27,795 - INFO -   batch 190/381 | loss=0.1078 mse=0.0678 sym=0.0109 phy=0.0186 | 23.7s
2026-06-20 17:02:28,973 - INFO -   batch 200/381 | loss=0.0712 mse=0.0463 sym=0.0109 phy=0.0185 | 24.9s
2026-06-20 17:02:30,239 - INFO -   batch 210/381 | loss=0.1003 mse=0.0697 sym=0.0109 phy=0.0185 | 26.1s
2026-06-20 17:02:31,478 - INFO -   batch 220/381 | loss=0.1056 mse=0.0762 sym=0.0109 phy=0.0185 | 27.4s
2026-06-20 17:02:32,739 - INFO -   batch 230/381 | loss=0.0997 mse=0.0674 sym=0.0109 phy=0.0185 | 28.6s
2026-06-20 17:02:33,922 - INFO -   batch 240/381 | loss=0.0906 mse=0.0560 sym=0.0110 phy=0.0186 | 29.8s
2026-06-20 17:02:35,161 - INFO -   batch 250/381 | loss=0.0936 mse=0.0659 sym=0.0109 phy=0.0187 | 31.0s
2026-06-20 17:02:36,415 - INFO -   batch 260/381 | loss=0.1116 mse=0.0830 sym=0.0109 phy=0.0187 | 32.3s
2026-06-20 17:02:37,654 - INFO -   batch 270/381 | loss=0.0644 mse=0.0364 sym=0.0109 phy=0.0187 | 33.5s
2026-06-20 17:02:38,848 - INFO -   batch 280/381 | loss=0.0763 mse=0.0505 sym=0.0109 phy=0.0187 | 34.7s
2026-06-20 17:02:40,036 - INFO -   batch 290/381 | loss=0.0922 mse=0.0546 sym=0.0109 phy=0.0188 | 35.9s
2026-06-20 17:02:41,304 - INFO -   batch 300/381 | loss=0.0970 mse=0.0659 sym=0.0109 phy=0.0188 | 37.2s
2026-06-20 17:02:42,581 - INFO -   batch 310/381 | loss=0.1000 mse=0.0722 sym=0.0109 phy=0.0188 | 38.5s
2026-06-20 17:02:43,793 - INFO -   batch 320/381 | loss=0.0868 mse=0.0559 sym=0.0109 phy=0.0188 | 39.7s
2026-06-20 17:02:44,990 - INFO -   batch 330/381 | loss=0.0758 mse=0.0468 sym=0.0109 phy=0.0188 | 40.9s
2026-06-20 17:02:46,233 - INFO -   batch 340/381 | loss=0.0873 mse=0.0585 sym=0.0109 phy=0.0188 | 42.1s
2026-06-20 17:02:47,485 - INFO -   batch 350/381 | loss=0.0818 mse=0.0541 sym=0.0109 phy=0.0188 | 43.4s
2026-06-20 17:02:48,750 - INFO -   batch 360/381 | loss=0.0653 mse=0.0422 sym=0.0109 phy=0.0187 | 44.6s
2026-06-20 17:02:49,990 - INFO -   batch 370/381 | loss=0.0737 mse=0.0487 sym=0.0109 phy=0.0187 | 45.9s
2026-06-20 17:02:51,308 - INFO -   batch 380/381 | loss=0.1031 mse=0.0635 sym=0.0109 phy=0.0187 | 47.2s
2026-06-20 17:02:53,658 - INFO -   batch   1/381 | loss=0.1015 mse=0.0690 sym=0.0114 phy=0.0212 | 0.2s
2026-06-20 17:02:54,809 - INFO -   batch  10/381 | loss=0.0875 mse=0.0535 sym=0.0116 phy=0.0197 | 1.4s
2026-06-20 17:02:56,105 - INFO -   batch  20/381 | loss=0.0728 mse=0.0424 sym=0.0114 phy=0.0186 | 2.7s
2026-06-20 17:02:57,385 - INFO -   batch  30/381 | loss=0.0747 mse=0.0454 sym=0.0112 phy=0.0192 | 4.0s
2026-06-20 17:02:58,713 - INFO -   batch  40/381 | loss=0.0899 mse=0.0589 sym=0.0111 phy=0.0196 | 5.3s
2026-06-20 17:02:59,978 - INFO -   batch  50/381 | loss=0.0839 mse=0.0487 sym=0.0112 phy=0.0193 | 6.5s
2026-06-20 17:03:01,291 - INFO -   batch  60/381 | loss=0.0914 mse=0.0552 sym=0.0111 phy=0.0196 | 7.9s
2026-06-20 17:03:02,566 - INFO -   batch  70/381 | loss=0.0811 mse=0.0546 sym=0.0111 phy=0.0191 | 9.1s
2026-06-20 17:03:03,782 - INFO -   batch  80/381 | loss=0.0918 mse=0.0636 sym=0.0110 phy=0.0194 | 10.3s
2026-06-20 17:03:04,967 - INFO -   batch  90/381 | loss=0.1004 mse=0.0673 sym=0.0110 phy=0.0195 | 11.5s
2026-06-20 17:03:06,218 - INFO -   batch 100/381 | loss=0.0869 mse=0.0592 sym=0.0110 phy=0.0194 | 12.8s
2026-06-20 17:03:07,466 - INFO -   batch 110/381 | loss=0.0795 mse=0.0521 sym=0.0110 phy=0.0192 | 14.0s
2026-06-20 17:03:08,713 - INFO -   batch 120/381 | loss=0.1035 mse=0.0635 sym=0.0109 phy=0.0193 | 15.3s
2026-06-20 17:03:09,933 - INFO -   batch 130/381 | loss=0.1200 mse=0.0856 sym=0.0109 phy=0.0192 | 16.5s
2026-06-20 17:03:11,172 - INFO -   batch 140/381 | loss=0.0861 mse=0.0552 sym=0.0109 phy=0.0192 | 17.7s
2026-06-20 17:03:12,454 - INFO -   batch 150/381 | loss=0.0742 mse=0.0458 sym=0.0109 phy=0.0193 | 19.0s
2026-06-20 17:03:13,700 - INFO -   batch 160/381 | loss=0.0853 mse=0.0575 sym=0.0109 phy=0.0192 | 20.3s
2026-06-20 17:03:14,902 - INFO -   batch 170/381 | loss=0.0687 mse=0.0419 sym=0.0109 phy=0.0192 | 21.5s
2026-06-20 17:03:16,159 - INFO -   batch 180/381 | loss=0.0867 mse=0.0602 sym=0.0109 phy=0.0192 | 22.7s
2026-06-20 17:03:17,398 - INFO -   batch 190/381 | loss=0.0797 mse=0.0548 sym=0.0109 phy=0.0191 | 24.0s
2026-06-20 17:03:18,655 - INFO -   batch 200/381 | loss=0.0806 mse=0.0551 sym=0.0109 phy=0.0191 | 25.2s
2026-06-20 17:03:19,846 - INFO -   batch 210/381 | loss=0.0721 mse=0.0410 sym=0.0109 phy=0.0190 | 26.4s
2026-06-20 17:03:21,114 - INFO -   batch 220/381 | loss=0.0756 mse=0.0535 sym=0.0109 phy=0.0190 | 27.7s
2026-06-20 17:03:22,361 - INFO -   batch 230/381 | loss=0.0983 mse=0.0659 sym=0.0109 phy=0.0190 | 28.9s
2026-06-20 17:03:23,600 - INFO -   batch 240/381 | loss=0.0794 mse=0.0420 sym=0.0109 phy=0.0192 | 30.2s
2026-06-20 17:03:24,802 - INFO -   batch 250/381 | loss=0.0944 mse=0.0653 sym=0.0109 phy=0.0191 | 31.4s
2026-06-20 17:03:26,048 - INFO -   batch 260/381 | loss=0.0898 mse=0.0473 sym=0.0109 phy=0.0192 | 32.6s
2026-06-20 17:03:27,291 - INFO -   batch 270/381 | loss=0.0833 mse=0.0528 sym=0.0109 phy=0.0193 | 33.9s
2026-06-20 17:03:28,550 - INFO -   batch 280/381 | loss=0.0778 mse=0.0514 sym=0.0109 phy=0.0192 | 35.1s
2026-06-20 17:03:29,712 - INFO -   batch 290/381 | loss=0.1092 mse=0.0809 sym=0.0109 phy=0.0192 | 36.3s
2026-06-20 17:03:30,945 - INFO -   batch 300/381 | loss=0.0828 mse=0.0575 sym=0.0109 phy=0.0191 | 37.5s
2026-06-20 17:03:32,191 - INFO -   batch 310/381 | loss=0.0894 mse=0.0611 sym=0.0109 phy=0.0190 | 38.8s
2026-06-20 17:03:33,418 - INFO -   batch 320/381 | loss=0.0831 mse=0.0527 sym=0.0109 phy=0.0191 | 40.0s
2026-06-20 17:03:34,587 - INFO -   batch 330/381 | loss=0.0740 mse=0.0477 sym=0.0109 phy=0.0191 | 41.2s
2026-06-20 17:03:35,817 - INFO -   batch 340/381 | loss=0.0886 mse=0.0564 sym=0.0109 phy=0.0190 | 42.4s
2026-06-20 17:03:37,052 - INFO -   batch 350/381 | loss=0.0921 mse=0.0577 sym=0.0109 phy=0.0190 | 43.6s
2026-06-20 17:03:38,254 - INFO -   batch 360/381 | loss=0.0997 mse=0.0632 sym=0.0109 phy=0.0189 | 44.8s
2026-06-20 17:03:39,509 - INFO -   batch 370/381 | loss=0.0735 mse=0.0486 sym=0.0109 phy=0.0189 | 46.1s
2026-06-20 17:03:40,707 - INFO -   batch 380/381 | loss=0.0826 mse=0.0544 sym=0.0109 phy=0.0188 | 47.3s
2026-06-20 17:03:43,010 - INFO -   batch   1/381 | loss=0.0848 mse=0.0590 sym=0.0124 phy=0.0134 | 0.2s
2026-06-20 17:03:44,101 - INFO -   batch  10/381 | loss=0.0851 mse=0.0521 sym=0.0110 phy=0.0164 | 1.3s
2026-06-20 17:03:45,347 - INFO -   batch  20/381 | loss=0.0843 mse=0.0544 sym=0.0112 phy=0.0176 | 2.6s
2026-06-20 17:03:46,512 - INFO -   batch  30/381 | loss=0.1058 mse=0.0800 sym=0.0110 phy=0.0184 | 3.7s
2026-06-20 17:03:47,762 - INFO -   batch  40/381 | loss=0.0765 mse=0.0446 sym=0.0110 phy=0.0185 | 5.0s
2026-06-20 17:03:49,013 - INFO -   batch  50/381 | loss=0.0909 mse=0.0603 sym=0.0110 phy=0.0182 | 6.2s
2026-06-20 17:03:50,275 - INFO -   batch  60/381 | loss=0.0713 mse=0.0410 sym=0.0110 phy=0.0181 | 7.5s
2026-06-20 17:03:51,463 - INFO -   batch  70/381 | loss=0.1046 mse=0.0736 sym=0.0109 phy=0.0181 | 8.7s
2026-06-20 17:03:52,701 - INFO -   batch  80/381 | loss=0.0754 mse=0.0518 sym=0.0109 phy=0.0180 | 9.9s
2026-06-20 17:03:53,923 - INFO -   batch  90/381 | loss=0.0609 mse=0.0329 sym=0.0109 phy=0.0181 | 11.1s
2026-06-20 17:03:55,169 - INFO -   batch 100/381 | loss=0.0834 mse=0.0575 sym=0.0108 phy=0.0181 | 12.4s
2026-06-20 17:03:56,371 - INFO -   batch 110/381 | loss=0.1005 mse=0.0750 sym=0.0108 phy=0.0180 | 13.6s
2026-06-20 17:03:57,556 - INFO -   batch 120/381 | loss=0.1067 mse=0.0760 sym=0.0108 phy=0.0179 | 14.8s
2026-06-20 17:03:58,806 - INFO -   batch 130/381 | loss=0.0693 mse=0.0419 sym=0.0109 phy=0.0180 | 16.0s
2026-06-20 17:04:00,073 - INFO -   batch 140/381 | loss=0.0900 mse=0.0618 sym=0.0109 phy=0.0179 | 17.3s
2026-06-20 17:04:01,307 - INFO -   batch 150/381 | loss=0.0745 mse=0.0486 sym=0.0109 phy=0.0179 | 18.5s
2026-06-20 17:04:02,495 - INFO -   batch 160/381 | loss=0.0871 mse=0.0479 sym=0.0109 phy=0.0180 | 19.7s
2026-06-20 17:04:03,765 - INFO -   batch 170/381 | loss=0.0766 mse=0.0460 sym=0.0109 phy=0.0180 | 21.0s
2026-06-20 17:04:05,018 - INFO -   batch 180/381 | loss=0.0775 mse=0.0481 sym=0.0109 phy=0.0180 | 22.2s
2026-06-20 17:04:06,263 - INFO -   batch 190/381 | loss=0.0888 mse=0.0622 sym=0.0109 phy=0.0178 | 23.5s
2026-06-20 17:04:07,459 - INFO -   batch 200/381 | loss=0.0517 mse=0.0286 sym=0.0109 phy=0.0178 | 24.7s
2026-06-20 17:04:08,685 - INFO -   batch 210/381 | loss=0.0841 mse=0.0577 sym=0.0109 phy=0.0179 | 25.9s
2026-06-20 17:04:09,911 - INFO -   batch 220/381 | loss=0.0960 mse=0.0653 sym=0.0109 phy=0.0179 | 27.1s
2026-06-20 17:04:11,165 - INFO -   batch 230/381 | loss=0.1032 mse=0.0627 sym=0.0109 phy=0.0181 | 28.4s
2026-06-20 17:04:12,368 - INFO -   batch 240/381 | loss=0.0931 mse=0.0601 sym=0.0109 phy=0.0181 | 29.6s
2026-06-20 17:04:13,608 - INFO -   batch 250/381 | loss=0.0692 mse=0.0465 sym=0.0109 phy=0.0182 | 30.8s
2026-06-20 17:04:14,861 - INFO -   batch 260/381 | loss=0.1013 mse=0.0672 sym=0.0109 phy=0.0183 | 32.1s
2026-06-20 17:04:16,125 - INFO -   batch 270/381 | loss=0.0675 mse=0.0335 sym=0.0109 phy=0.0183 | 33.3s
2026-06-20 17:04:17,319 - INFO -   batch 280/381 | loss=0.0697 mse=0.0433 sym=0.0109 phy=0.0183 | 34.5s
2026-06-20 17:04:18,501 - INFO -   batch 290/381 | loss=0.0785 mse=0.0489 sym=0.0109 phy=0.0183 | 35.7s
2026-06-20 17:04:19,735 - INFO -   batch 300/381 | loss=0.0681 mse=0.0462 sym=0.0109 phy=0.0182 | 36.9s
2026-06-20 17:04:21,002 - INFO -   batch 310/381 | loss=0.0912 mse=0.0655 sym=0.0109 phy=0.0183 | 38.2s
2026-06-20 17:04:22,242 - INFO -   batch 320/381 | loss=0.0770 mse=0.0509 sym=0.0109 phy=0.0182 | 39.5s
2026-06-20 17:04:23,358 - INFO -   batch 330/381 | loss=0.0698 mse=0.0362 sym=0.0109 phy=0.0183 | 40.6s
2026-06-20 17:04:24,603 - INFO -   batch 340/381 | loss=0.0785 mse=0.0485 sym=0.0109 phy=0.0183 | 41.8s
2026-06-20 17:04:25,852 - INFO -   batch 350/381 | loss=0.0782 mse=0.0516 sym=0.0109 phy=0.0183 | 43.1s
2026-06-20 17:04:27,118 - INFO -   batch 360/381 | loss=0.0724 mse=0.0484 sym=0.0109 phy=0.0184 | 44.3s
2026-06-20 17:04:28,292 - INFO -   batch 370/381 | loss=0.0783 mse=0.0504 sym=0.0109 phy=0.0184 | 45.5s
2026-06-20 17:04:29,553 - INFO -   batch 380/381 | loss=0.0756 mse=0.0485 sym=0.0109 phy=0.0185 | 46.8s
2026-06-20 17:04:31,790 - INFO -   batch   1/381 | loss=0.1185 mse=0.0799 sym=0.0114 phy=0.0272 | 0.2s
2026-06-20 17:04:32,860 - INFO -   batch  10/381 | loss=0.0835 mse=0.0531 sym=0.0112 phy=0.0205 | 1.3s
2026-06-20 17:04:34,259 - INFO -   batch  20/381 | loss=0.0731 mse=0.0476 sym=0.0110 phy=0.0188 | 2.7s
2026-06-20 17:04:35,501 - INFO -   batch  30/381 | loss=0.0752 mse=0.0452 sym=0.0110 phy=0.0186 | 3.9s
2026-06-20 17:04:36,761 - INFO -   batch  40/381 | loss=0.0775 mse=0.0499 sym=0.0111 phy=0.0187 | 5.2s
2026-06-20 17:04:38,033 - INFO -   batch  50/381 | loss=0.1003 mse=0.0717 sym=0.0111 phy=0.0192 | 6.5s
2026-06-20 17:04:39,226 - INFO -   batch  60/381 | loss=0.0694 mse=0.0374 sym=0.0111 phy=0.0194 | 7.7s
2026-06-20 17:04:40,464 - INFO -   batch  70/381 | loss=0.0740 mse=0.0513 sym=0.0111 phy=0.0190 | 8.9s
2026-06-20 17:04:41,706 - INFO -   batch  80/381 | loss=0.0848 mse=0.0573 sym=0.0111 phy=0.0188 | 10.1s
2026-06-20 17:04:42,974 - INFO -   batch  90/381 | loss=0.0746 mse=0.0463 sym=0.0111 phy=0.0188 | 11.4s
2026-06-20 17:04:44,181 - INFO -   batch 100/381 | loss=0.0828 mse=0.0576 sym=0.0111 phy=0.0188 | 12.6s
2026-06-20 17:04:45,416 - INFO -   batch 110/381 | loss=0.1057 mse=0.0741 sym=0.0111 phy=0.0187 | 13.8s
2026-06-20 17:04:46,688 - INFO -   batch 120/381 | loss=0.0829 mse=0.0625 sym=0.0111 phy=0.0186 | 15.1s
2026-06-20 17:04:47,890 - INFO -   batch 130/381 | loss=0.0757 mse=0.0459 sym=0.0111 phy=0.0183 | 16.3s
2026-06-20 17:04:49,104 - INFO -   batch 140/381 | loss=0.0756 mse=0.0428 sym=0.0110 phy=0.0185 | 17.5s
2026-06-20 17:04:50,276 - INFO -   batch 150/381 | loss=0.0741 mse=0.0475 sym=0.0110 phy=0.0185 | 18.7s
2026-06-20 17:04:51,524 - INFO -   batch 160/381 | loss=0.0755 mse=0.0485 sym=0.0110 phy=0.0186 | 19.9s
2026-06-20 17:04:52,766 - INFO -   batch 170/381 | loss=0.0841 mse=0.0506 sym=0.0110 phy=0.0188 | 21.2s
2026-06-20 17:04:53,987 - INFO -   batch 180/381 | loss=0.0967 mse=0.0661 sym=0.0110 phy=0.0188 | 22.4s
2026-06-20 17:04:55,123 - INFO -   batch 190/381 | loss=0.0818 mse=0.0497 sym=0.0110 phy=0.0188 | 23.5s
2026-06-20 17:04:56,388 - INFO -   batch 200/381 | loss=0.0658 mse=0.0415 sym=0.0110 phy=0.0188 | 24.8s
2026-06-20 17:04:57,659 - INFO -   batch 210/381 | loss=0.0683 mse=0.0400 sym=0.0110 phy=0.0187 | 26.1s
2026-06-20 17:04:58,878 - INFO -   batch 220/381 | loss=0.0903 mse=0.0592 sym=0.0110 phy=0.0187 | 27.3s
2026-06-20 17:05:00,070 - INFO -   batch 230/381 | loss=0.0969 mse=0.0715 sym=0.0110 phy=0.0187 | 28.5s
2026-06-20 17:05:01,324 - INFO -   batch 240/381 | loss=0.0737 mse=0.0418 sym=0.0110 phy=0.0187 | 29.7s
2026-06-20 17:05:02,570 - INFO -   batch 250/381 | loss=0.0884 mse=0.0622 sym=0.0110 phy=0.0186 | 31.0s
2026-06-20 17:05:03,850 - INFO -   batch 260/381 | loss=0.0705 mse=0.0451 sym=0.0110 phy=0.0185 | 32.3s
2026-06-20 17:05:05,027 - INFO -   batch 270/381 | loss=0.0681 mse=0.0472 sym=0.0110 phy=0.0185 | 33.5s
2026-06-20 17:05:06,237 - INFO -   batch 280/381 | loss=0.0817 mse=0.0557 sym=0.0110 phy=0.0184 | 34.7s
2026-06-20 17:05:07,497 - INFO -   batch 290/381 | loss=0.0769 mse=0.0504 sym=0.0110 phy=0.0185 | 35.9s
2026-06-20 17:05:08,746 - INFO -   batch 300/381 | loss=0.0905 mse=0.0628 sym=0.0110 phy=0.0185 | 37.2s
2026-06-20 17:05:09,952 - INFO -   batch 310/381 | loss=0.0730 mse=0.0440 sym=0.0110 phy=0.0185 | 38.4s
2026-06-20 17:05:11,152 - INFO -   batch 320/381 | loss=0.0864 mse=0.0542 sym=0.0110 phy=0.0185 | 39.6s
2026-06-20 17:05:12,383 - INFO -   batch 330/381 | loss=0.0857 mse=0.0561 sym=0.0110 phy=0.0185 | 40.8s
2026-06-20 17:05:13,626 - INFO -   batch 340/381 | loss=0.0847 mse=0.0593 sym=0.0110 phy=0.0185 | 42.0s
2026-06-20 17:05:14,881 - INFO -   batch 350/381 | loss=0.0733 mse=0.0509 sym=0.0110 phy=0.0186 | 43.3s
2026-06-20 17:05:16,080 - INFO -   batch 360/381 | loss=0.0855 mse=0.0539 sym=0.0110 phy=0.0186 | 44.5s
2026-06-20 17:05:17,328 - INFO -   batch 370/381 | loss=0.1155 mse=0.0797 sym=0.0110 phy=0.0187 | 45.8s
2026-06-20 17:05:18,574 - INFO -   batch 380/381 | loss=0.0699 mse=0.0464 sym=0.0110 phy=0.0187 | 47.0s
2026-06-20 17:05:20,859 - INFO -   batch   1/381 | loss=0.0783 mse=0.0509 sym=0.0098 phy=0.0176 | 0.2s
2026-06-20 17:05:21,908 - INFO -   batch  10/381 | loss=0.0686 mse=0.0420 sym=0.0107 phy=0.0194 | 1.2s
2026-06-20 17:05:23,150 - INFO -   batch  20/381 | loss=0.0893 mse=0.0558 sym=0.0110 phy=0.0183 | 2.5s
2026-06-20 17:05:24,415 - INFO -   batch  30/381 | loss=0.0736 mse=0.0447 sym=0.0109 phy=0.0180 | 3.7s
2026-06-20 17:05:25,646 - INFO -   batch  40/381 | loss=0.0736 mse=0.0507 sym=0.0108 phy=0.0181 | 5.0s
2026-06-20 17:05:26,845 - INFO -   batch  50/381 | loss=0.0737 mse=0.0474 sym=0.0108 phy=0.0180 | 6.2s
2026-06-20 17:05:28,096 - INFO -   batch  60/381 | loss=0.1034 mse=0.0625 sym=0.0108 phy=0.0184 | 7.4s
2026-06-20 17:05:29,358 - INFO -   batch  70/381 | loss=0.0707 mse=0.0486 sym=0.0108 phy=0.0182 | 8.7s
2026-06-20 17:05:30,604 - INFO -   batch  80/381 | loss=0.0776 mse=0.0512 sym=0.0108 phy=0.0179 | 9.9s
2026-06-20 17:05:31,788 - INFO -   batch  90/381 | loss=0.0825 mse=0.0549 sym=0.0107 phy=0.0180 | 11.1s
2026-06-20 17:05:32,948 - INFO -   batch 100/381 | loss=0.0795 mse=0.0483 sym=0.0107 phy=0.0179 | 12.3s
2026-06-20 17:05:34,212 - INFO -   batch 110/381 | loss=0.0919 mse=0.0625 sym=0.0107 phy=0.0177 | 13.5s
2026-06-20 17:05:35,444 - INFO -   batch 120/381 | loss=0.0934 mse=0.0622 sym=0.0108 phy=0.0176 | 14.8s
2026-06-20 17:05:36,671 - INFO -   batch 130/381 | loss=0.0769 mse=0.0535 sym=0.0108 phy=0.0176 | 16.0s
2026-06-20 17:05:37,864 - INFO -   batch 140/381 | loss=0.0767 mse=0.0515 sym=0.0108 phy=0.0178 | 17.2s
2026-06-20 17:05:39,118 - INFO -   batch 150/381 | loss=0.0928 mse=0.0657 sym=0.0108 phy=0.0178 | 18.4s
2026-06-20 17:05:40,372 - INFO -   batch 160/381 | loss=0.0924 mse=0.0601 sym=0.0108 phy=0.0179 | 19.7s
2026-06-20 17:05:41,607 - INFO -   batch 170/381 | loss=0.0810 mse=0.0566 sym=0.0108 phy=0.0180 | 20.9s
2026-06-20 17:05:42,721 - INFO -   batch 180/381 | loss=0.0719 mse=0.0406 sym=0.0108 phy=0.0181 | 22.0s
2026-06-20 17:05:43,995 - INFO -   batch 190/381 | loss=0.0789 mse=0.0517 sym=0.0108 phy=0.0182 | 23.3s
2026-06-20 17:05:45,255 - INFO -   batch 200/381 | loss=0.0800 mse=0.0528 sym=0.0108 phy=0.0182 | 24.6s
2026-06-20 17:05:46,473 - INFO -   batch 210/381 | loss=0.0968 mse=0.0624 sym=0.0108 phy=0.0183 | 25.8s
2026-06-20 17:05:47,655 - INFO -   batch 220/381 | loss=0.0894 mse=0.0577 sym=0.0108 phy=0.0184 | 27.0s
2026-06-20 17:05:48,886 - INFO -   batch 230/381 | loss=0.0914 mse=0.0581 sym=0.0108 phy=0.0185 | 28.2s
2026-06-20 17:05:50,099 - INFO -   batch 240/381 | loss=0.0991 mse=0.0661 sym=0.0108 phy=0.0186 | 29.4s
2026-06-20 17:05:51,324 - INFO -   batch 250/381 | loss=0.0625 mse=0.0420 sym=0.0108 phy=0.0185 | 30.6s
2026-06-20 17:05:52,551 - INFO -   batch 260/381 | loss=0.0864 mse=0.0565 sym=0.0109 phy=0.0184 | 31.9s
2026-06-20 17:05:53,749 - INFO -   batch 270/381 | loss=0.0655 mse=0.0401 sym=0.0109 phy=0.0185 | 33.1s
2026-06-20 17:05:54,985 - INFO -   batch 280/381 | loss=0.0975 mse=0.0708 sym=0.0109 phy=0.0185 | 34.3s
2026-06-20 17:05:56,260 - INFO -   batch 290/381 | loss=0.0761 mse=0.0543 sym=0.0109 phy=0.0186 | 35.6s
2026-06-20 17:05:57,488 - INFO -   batch 300/381 | loss=0.0830 mse=0.0561 sym=0.0109 phy=0.0186 | 36.8s
2026-06-20 17:05:58,687 - INFO -   batch 310/381 | loss=0.0950 mse=0.0655 sym=0.0109 phy=0.0186 | 38.0s
2026-06-20 17:05:59,942 - INFO -   batch 320/381 | loss=0.1087 mse=0.0772 sym=0.0109 phy=0.0186 | 39.3s
2026-06-20 17:06:01,179 - INFO -   batch 330/381 | loss=0.1028 mse=0.0752 sym=0.0109 phy=0.0185 | 40.5s
2026-06-20 17:06:02,428 - INFO -   batch 340/381 | loss=0.0813 mse=0.0485 sym=0.0109 phy=0.0186 | 41.7s
2026-06-20 17:06:03,617 - INFO -   batch 350/381 | loss=0.0737 mse=0.0457 sym=0.0109 phy=0.0186 | 42.9s
2026-06-20 17:06:04,878 - INFO -   batch 360/381 | loss=0.1018 mse=0.0656 sym=0.0109 phy=0.0186 | 44.2s
2026-06-20 17:06:06,118 - INFO -   batch 370/381 | loss=0.0992 mse=0.0689 sym=0.0109 phy=0.0185 | 45.4s
2026-06-20 17:06:07,358 - INFO -   batch 380/381 | loss=0.0923 mse=0.0592 sym=0.0109 phy=0.0185 | 46.7s
2026-06-20 17:06:09,430 - INFO - Epoch  45/50 | Loss=0.0840 MSE=0.0545 Sym=0.0109 Phy=0.0185 | Val RMSE=0.2311 ρ=0.333 | 49s
2026-06-20 17:06:09,650 - INFO -   batch   1/381 | loss=0.0987 mse=0.0691 sym=0.0102 phy=0.0194 | 0.2s
2026-06-20 17:06:10,735 - INFO -   batch  10/381 | loss=0.0866 mse=0.0628 sym=0.0111 phy=0.0183 | 1.3s
2026-06-20 17:06:11,977 - INFO -   batch  20/381 | loss=0.0866 mse=0.0564 sym=0.0109 phy=0.0190 | 2.5s
2026-06-20 17:06:13,218 - INFO -   batch  30/381 | loss=0.0574 mse=0.0356 sym=0.0109 phy=0.0183 | 3.8s
2026-06-20 17:06:14,407 - INFO -   batch  40/381 | loss=0.0935 mse=0.0646 sym=0.0109 phy=0.0179 | 5.0s
2026-06-20 17:06:15,656 - INFO -   batch  50/381 | loss=0.0864 mse=0.0540 sym=0.0108 phy=0.0187 | 6.2s
2026-06-20 17:06:16,928 - INFO -   batch  60/381 | loss=0.0807 mse=0.0585 sym=0.0108 phy=0.0188 | 7.5s
2026-06-20 17:06:18,165 - INFO -   batch  70/381 | loss=0.0879 mse=0.0626 sym=0.0108 phy=0.0186 | 8.7s
2026-06-20 17:06:19,333 - INFO -   batch  80/381 | loss=0.0762 mse=0.0473 sym=0.0108 phy=0.0186 | 9.9s
2026-06-20 17:06:20,586 - INFO -   batch  90/381 | loss=0.0878 mse=0.0585 sym=0.0108 phy=0.0184 | 11.2s
2026-06-20 17:06:21,842 - INFO -   batch 100/381 | loss=0.0967 mse=0.0658 sym=0.0108 phy=0.0184 | 12.4s
2026-06-20 17:06:23,094 - INFO -   batch 110/381 | loss=0.0980 mse=0.0717 sym=0.0108 phy=0.0184 | 13.7s
2026-06-20 17:06:24,264 - INFO -   batch 120/381 | loss=0.0935 mse=0.0569 sym=0.0108 phy=0.0186 | 14.8s
2026-06-20 17:06:25,563 - INFO -   batch 130/381 | loss=0.0887 mse=0.0583 sym=0.0108 phy=0.0187 | 16.1s
2026-06-20 17:06:26,828 - INFO -   batch 140/381 | loss=0.1019 mse=0.0632 sym=0.0108 phy=0.0186 | 17.4s
2026-06-20 17:06:28,122 - INFO -   batch 150/381 | loss=0.0745 mse=0.0460 sym=0.0108 phy=0.0185 | 18.7s
2026-06-20 17:06:29,314 - INFO -   batch 160/381 | loss=0.0988 mse=0.0591 sym=0.0108 phy=0.0187 | 19.9s
2026-06-20 17:06:30,630 - INFO -   batch 170/381 | loss=0.0762 mse=0.0411 sym=0.0108 phy=0.0188 | 21.2s
2026-06-20 17:06:31,904 - INFO -   batch 180/381 | loss=0.1020 mse=0.0540 sym=0.0108 phy=0.0188 | 22.5s
2026-06-20 17:06:33,153 - INFO -   batch 190/381 | loss=0.0864 mse=0.0454 sym=0.0109 phy=0.0189 | 23.7s
2026-06-20 17:06:34,477 - INFO -   batch 200/381 | loss=0.0962 mse=0.0601 sym=0.0109 phy=0.0190 | 25.0s
2026-06-20 17:06:35,809 - INFO -   batch 210/381 | loss=0.0945 mse=0.0639 sym=0.0109 phy=0.0189 | 26.4s
2026-06-20 17:06:37,098 - INFO -   batch 220/381 | loss=0.0906 mse=0.0635 sym=0.0109 phy=0.0189 | 27.7s
2026-06-20 17:06:38,360 - INFO -   batch 230/381 | loss=0.0881 mse=0.0570 sym=0.0109 phy=0.0189 | 28.9s
2026-06-20 17:06:39,660 - INFO -   batch 240/381 | loss=0.0713 mse=0.0462 sym=0.0109 phy=0.0189 | 30.2s
2026-06-20 17:06:40,971 - INFO -   batch 250/381 | loss=0.1067 mse=0.0710 sym=0.0109 phy=0.0190 | 31.5s
2026-06-20 17:06:42,187 - INFO -   batch 260/381 | loss=0.0687 mse=0.0399 sym=0.0109 phy=0.0189 | 32.8s
2026-06-20 17:06:43,491 - INFO -   batch 270/381 | loss=0.0849 mse=0.0583 sym=0.0109 phy=0.0189 | 34.1s
2026-06-20 17:06:44,767 - INFO -   batch 280/381 | loss=0.0851 mse=0.0461 sym=0.0109 phy=0.0189 | 35.3s
2026-06-20 17:06:46,040 - INFO -   batch 290/381 | loss=0.0772 mse=0.0453 sym=0.0109 phy=0.0190 | 36.6s
2026-06-20 17:06:47,309 - INFO -   batch 300/381 | loss=0.0799 mse=0.0488 sym=0.0109 phy=0.0191 | 37.9s
2026-06-20 17:06:48,645 - INFO -   batch 310/381 | loss=0.1048 mse=0.0699 sym=0.0109 phy=0.0190 | 39.2s
2026-06-20 17:06:49,946 - INFO -   batch 320/381 | loss=0.0796 mse=0.0501 sym=0.0109 phy=0.0190 | 40.5s
2026-06-20 17:06:51,183 - INFO -   batch 330/381 | loss=0.0761 mse=0.0483 sym=0.0109 phy=0.0189 | 41.8s
2026-06-20 17:06:52,521 - INFO -   batch 340/381 | loss=0.0850 mse=0.0511 sym=0.0109 phy=0.0189 | 43.1s
2026-06-20 17:06:53,843 - INFO -   batch 350/381 | loss=0.1021 mse=0.0688 sym=0.0109 phy=0.0189 | 44.4s
2026-06-20 17:06:55,068 - INFO -   batch 360/381 | loss=0.0861 mse=0.0547 sym=0.0109 phy=0.0188 | 45.6s
2026-06-20 17:06:56,385 - INFO -   batch 370/381 | loss=0.0802 mse=0.0532 sym=0.0109 phy=0.0188 | 47.0s
2026-06-20 17:06:57,639 - INFO -   batch 380/381 | loss=0.0798 mse=0.0550 sym=0.0110 phy=0.0188 | 48.2s
2026-06-20 17:07:00,109 - INFO -   batch   1/381 | loss=0.0924 mse=0.0624 sym=0.0105 phy=0.0195 | 0.2s
2026-06-20 17:07:01,234 - INFO -   batch  10/381 | loss=0.0993 mse=0.0658 sym=0.0107 phy=0.0194 | 1.4s
2026-06-20 17:07:02,571 - INFO -   batch  20/381 | loss=0.0881 mse=0.0593 sym=0.0109 phy=0.0183 | 2.7s
2026-06-20 17:07:03,849 - INFO -   batch  30/381 | loss=0.0706 mse=0.0471 sym=0.0109 phy=0.0177 | 4.0s
2026-06-20 17:07:05,122 - INFO -   batch  40/381 | loss=0.0945 mse=0.0653 sym=0.0110 phy=0.0173 | 5.2s
2026-06-20 17:07:06,415 - INFO -   batch  50/381 | loss=0.0792 mse=0.0427 sym=0.0109 phy=0.0182 | 6.5s
2026-06-20 17:07:07,719 - INFO -   batch  60/381 | loss=0.0945 mse=0.0569 sym=0.0109 phy=0.0183 | 7.8s
2026-06-20 17:07:08,922 - INFO -   batch  70/381 | loss=0.0746 mse=0.0447 sym=0.0109 phy=0.0183 | 9.0s
2026-06-20 17:07:10,177 - INFO -   batch  80/381 | loss=0.0830 mse=0.0516 sym=0.0109 phy=0.0185 | 10.3s
2026-06-20 17:07:11,502 - INFO -   batch  90/381 | loss=0.0687 mse=0.0404 sym=0.0109 phy=0.0185 | 11.6s
2026-06-20 17:07:12,794 - INFO -   batch 100/381 | loss=0.0751 mse=0.0472 sym=0.0109 phy=0.0187 | 12.9s
2026-06-20 17:07:14,038 - INFO -   batch 110/381 | loss=0.0757 mse=0.0476 sym=0.0109 phy=0.0186 | 14.2s
2026-06-20 17:07:15,278 - INFO -   batch 120/381 | loss=0.0803 mse=0.0545 sym=0.0109 phy=0.0188 | 15.4s
2026-06-20 17:07:16,563 - INFO -   batch 130/381 | loss=0.0904 mse=0.0555 sym=0.0109 phy=0.0189 | 16.7s
2026-06-20 17:07:17,812 - INFO -   batch 140/381 | loss=0.1003 mse=0.0698 sym=0.0109 phy=0.0190 | 17.9s
2026-06-20 17:07:19,095 - INFO -   batch 150/381 | loss=0.0971 mse=0.0677 sym=0.0109 phy=0.0192 | 19.2s
2026-06-20 17:07:20,372 - INFO -   batch 160/381 | loss=0.0779 mse=0.0473 sym=0.0109 phy=0.0191 | 20.5s
2026-06-20 17:07:21,666 - INFO -   batch 170/381 | loss=0.0740 mse=0.0478 sym=0.0109 phy=0.0189 | 21.8s
2026-06-20 17:07:22,866 - INFO -   batch 180/381 | loss=0.0795 mse=0.0548 sym=0.0109 phy=0.0188 | 23.0s
2026-06-20 17:07:24,171 - INFO -   batch 190/381 | loss=0.0809 mse=0.0488 sym=0.0109 phy=0.0189 | 24.3s
2026-06-20 17:07:25,478 - INFO -   batch 200/381 | loss=0.0938 mse=0.0631 sym=0.0109 phy=0.0190 | 25.6s
2026-06-20 17:07:26,711 - INFO -   batch 210/381 | loss=0.1153 mse=0.0836 sym=0.0109 phy=0.0190 | 26.8s
2026-06-20 17:07:27,989 - INFO -   batch 220/381 | loss=0.0848 mse=0.0468 sym=0.0109 phy=0.0189 | 28.1s
2026-06-20 17:07:29,312 - INFO -   batch 230/381 | loss=0.0606 mse=0.0341 sym=0.0109 phy=0.0190 | 29.4s
2026-06-20 17:07:30,636 - INFO -   batch 240/381 | loss=0.0908 mse=0.0629 sym=0.0109 phy=0.0188 | 30.8s
2026-06-20 17:07:31,936 - INFO -   batch 250/381 | loss=0.0743 mse=0.0456 sym=0.0109 phy=0.0188 | 32.1s
2026-06-20 17:07:33,278 - INFO -   batch 260/381 | loss=0.0864 mse=0.0591 sym=0.0109 phy=0.0188 | 33.4s
2026-06-20 17:07:34,555 - INFO -   batch 270/381 | loss=0.0605 mse=0.0362 sym=0.0109 phy=0.0186 | 34.7s
2026-06-20 17:07:35,852 - INFO -   batch 280/381 | loss=0.0858 mse=0.0567 sym=0.0109 phy=0.0187 | 36.0s
2026-06-20 17:07:37,121 - INFO -   batch 290/381 | loss=0.0833 mse=0.0454 sym=0.0109 phy=0.0186 | 37.2s
2026-06-20 17:07:38,424 - INFO -   batch 300/381 | loss=0.0771 mse=0.0517 sym=0.0109 phy=0.0186 | 38.5s
2026-06-20 17:07:39,696 - INFO -   batch 310/381 | loss=0.0853 mse=0.0534 sym=0.0109 phy=0.0186 | 39.8s
2026-06-20 17:07:41,014 - INFO -   batch 320/381 | loss=0.1025 mse=0.0699 sym=0.0109 phy=0.0187 | 41.1s
2026-06-20 17:07:42,298 - INFO -   batch 330/381 | loss=0.0680 mse=0.0423 sym=0.0109 phy=0.0187 | 42.4s
2026-06-20 17:07:43,531 - INFO -   batch 340/381 | loss=0.0631 mse=0.0417 sym=0.0109 phy=0.0186 | 43.7s
2026-06-20 17:07:44,846 - INFO -   batch 350/381 | loss=0.0865 mse=0.0602 sym=0.0109 phy=0.0186 | 45.0s
2026-06-20 17:07:46,149 - INFO -   batch 360/381 | loss=0.0715 mse=0.0424 sym=0.0109 phy=0.0186 | 46.3s
2026-06-20 17:07:47,458 - INFO -   batch 370/381 | loss=0.0866 mse=0.0556 sym=0.0109 phy=0.0186 | 47.6s
2026-06-20 17:07:48,680 - INFO -   batch 380/381 | loss=0.0873 mse=0.0628 sym=0.0109 phy=0.0186 | 48.8s
2026-06-20 17:07:51,071 - INFO -   batch   1/381 | loss=0.0763 mse=0.0446 sym=0.0110 phy=0.0208 | 0.2s
2026-06-20 17:07:52,275 - INFO -   batch  10/381 | loss=0.0818 mse=0.0572 sym=0.0108 phy=0.0174 | 1.4s
2026-06-20 17:07:53,524 - INFO -   batch  20/381 | loss=0.0767 mse=0.0507 sym=0.0108 phy=0.0171 | 2.7s
2026-06-20 17:07:54,835 - INFO -   batch  30/381 | loss=0.0743 mse=0.0402 sym=0.0108 phy=0.0175 | 4.0s
2026-06-20 17:07:56,187 - INFO -   batch  40/381 | loss=0.0821 mse=0.0565 sym=0.0108 phy=0.0177 | 5.3s
2026-06-20 17:07:57,440 - INFO -   batch  50/381 | loss=0.0732 mse=0.0459 sym=0.0108 phy=0.0180 | 6.6s
2026-06-20 17:07:58,746 - INFO -   batch  60/381 | loss=0.0815 mse=0.0550 sym=0.0108 phy=0.0181 | 7.9s
2026-06-20 17:08:00,004 - INFO -   batch  70/381 | loss=0.0672 mse=0.0441 sym=0.0108 phy=0.0179 | 9.2s
2026-06-20 17:08:01,432 - INFO -   batch  80/381 | loss=0.0812 mse=0.0539 sym=0.0109 phy=0.0181 | 10.6s
2026-06-20 17:08:02,703 - INFO -   batch  90/381 | loss=0.0871 mse=0.0594 sym=0.0108 phy=0.0183 | 11.9s
2026-06-20 17:08:04,001 - INFO -   batch 100/381 | loss=0.0879 mse=0.0555 sym=0.0108 phy=0.0183 | 13.2s
2026-06-20 17:08:05,314 - INFO -   batch 110/381 | loss=0.0918 mse=0.0635 sym=0.0108 phy=0.0182 | 14.5s
2026-06-20 17:08:06,556 - INFO -   batch 120/381 | loss=0.0766 mse=0.0486 sym=0.0108 phy=0.0183 | 15.7s
2026-06-20 17:08:07,875 - INFO -   batch 130/381 | loss=0.0905 mse=0.0621 sym=0.0109 phy=0.0182 | 17.0s
2026-06-20 17:08:09,162 - INFO -   batch 140/381 | loss=0.0716 mse=0.0420 sym=0.0109 phy=0.0184 | 18.3s
2026-06-20 17:08:10,428 - INFO -   batch 150/381 | loss=0.0852 mse=0.0598 sym=0.0109 phy=0.0183 | 19.6s
2026-06-20 17:08:11,749 - INFO -   batch 160/381 | loss=0.0764 mse=0.0465 sym=0.0109 phy=0.0182 | 20.9s
2026-06-20 17:08:13,043 - INFO -   batch 170/381 | loss=0.0843 mse=0.0511 sym=0.0109 phy=0.0183 | 22.2s
2026-06-20 17:08:14,292 - INFO -   batch 180/381 | loss=0.0851 mse=0.0551 sym=0.0109 phy=0.0184 | 23.4s
2026-06-20 17:08:15,576 - INFO -   batch 190/381 | loss=0.0812 mse=0.0497 sym=0.0108 phy=0.0184 | 24.7s
2026-06-20 17:08:16,897 - INFO -   batch 200/381 | loss=0.0947 mse=0.0662 sym=0.0109 phy=0.0184 | 26.1s
2026-06-20 17:08:18,171 - INFO -   batch 210/381 | loss=0.0736 mse=0.0479 sym=0.0109 phy=0.0185 | 27.3s
2026-06-20 17:08:19,373 - INFO -   batch 220/381 | loss=0.0851 mse=0.0601 sym=0.0109 phy=0.0184 | 28.5s
2026-06-20 17:08:20,677 - INFO -   batch 230/381 | loss=0.0888 mse=0.0588 sym=0.0109 phy=0.0184 | 29.8s
2026-06-20 17:08:21,995 - INFO -   batch 240/381 | loss=0.0978 mse=0.0640 sym=0.0109 phy=0.0184 | 31.1s
2026-06-20 17:08:23,315 - INFO -   batch 250/381 | loss=0.0801 mse=0.0500 sym=0.0109 phy=0.0183 | 32.5s
2026-06-20 17:08:24,691 - INFO -   batch 260/381 | loss=0.0722 mse=0.0463 sym=0.0109 phy=0.0183 | 33.8s
2026-06-20 17:08:25,980 - INFO -   batch 270/381 | loss=0.0909 mse=0.0557 sym=0.0109 phy=0.0185 | 35.1s
2026-06-20 17:08:27,291 - INFO -   batch 280/381 | loss=0.0600 mse=0.0347 sym=0.0109 phy=0.0185 | 36.4s
2026-06-20 17:08:28,644 - INFO -   batch 290/381 | loss=0.1003 mse=0.0569 sym=0.0109 phy=0.0185 | 37.8s
2026-06-20 17:08:29,991 - INFO -   batch 300/381 | loss=0.1186 mse=0.0888 sym=0.0109 phy=0.0185 | 39.1s
2026-06-20 17:08:31,261 - INFO -   batch 310/381 | loss=0.0891 mse=0.0609 sym=0.0109 phy=0.0186 | 40.4s
2026-06-20 17:08:32,618 - INFO -   batch 320/381 | loss=0.1050 mse=0.0788 sym=0.0109 phy=0.0185 | 41.8s
2026-06-20 17:08:34,004 - INFO -   batch 330/381 | loss=0.0883 mse=0.0483 sym=0.0109 phy=0.0186 | 43.2s
2026-06-20 17:08:35,190 - INFO -   batch 340/381 | loss=0.0869 mse=0.0581 sym=0.0109 phy=0.0186 | 44.3s
2026-06-20 17:08:36,528 - INFO -   batch 350/381 | loss=0.0662 mse=0.0417 sym=0.0109 phy=0.0186 | 45.7s
2026-06-20 17:08:37,870 - INFO -   batch 360/381 | loss=0.0722 mse=0.0507 sym=0.0109 phy=0.0185 | 47.0s
2026-06-20 17:08:39,136 - INFO -   batch 370/381 | loss=0.0799 mse=0.0562 sym=0.0109 phy=0.0185 | 48.3s
2026-06-20 17:08:40,474 - INFO -   batch 380/381 | loss=0.0865 mse=0.0597 sym=0.0109 phy=0.0185 | 49.6s
2026-06-20 17:08:42,833 - INFO -   batch   1/381 | loss=0.0892 mse=0.0596 sym=0.0106 phy=0.0191 | 0.2s
2026-06-20 17:08:44,002 - INFO -   batch  10/381 | loss=0.0682 mse=0.0427 sym=0.0111 phy=0.0172 | 1.4s
2026-06-20 17:08:45,272 - INFO -   batch  20/381 | loss=0.0748 mse=0.0468 sym=0.0110 phy=0.0176 | 2.7s
2026-06-20 17:08:46,609 - INFO -   batch  30/381 | loss=0.0857 mse=0.0567 sym=0.0109 phy=0.0181 | 4.0s
2026-06-20 17:08:47,959 - INFO -   batch  40/381 | loss=0.1028 mse=0.0780 sym=0.0109 phy=0.0181 | 5.4s
2026-06-20 17:08:49,235 - INFO -   batch  50/381 | loss=0.0929 mse=0.0651 sym=0.0109 phy=0.0181 | 6.6s
2026-06-20 17:08:50,573 - INFO -   batch  60/381 | loss=0.0708 mse=0.0426 sym=0.0110 phy=0.0180 | 8.0s
2026-06-20 17:08:51,927 - INFO -   batch  70/381 | loss=0.0878 mse=0.0628 sym=0.0110 phy=0.0179 | 9.3s
2026-06-20 17:08:53,226 - INFO -   batch  80/381 | loss=0.0992 mse=0.0730 sym=0.0109 phy=0.0180 | 10.6s
2026-06-20 17:08:54,595 - INFO -   batch  90/381 | loss=0.0944 mse=0.0646 sym=0.0110 phy=0.0176 | 12.0s
2026-06-20 17:08:55,962 - INFO -   batch 100/381 | loss=0.0726 mse=0.0459 sym=0.0109 phy=0.0178 | 13.4s
2026-06-20 17:08:57,276 - INFO -   batch 110/381 | loss=0.0989 mse=0.0718 sym=0.0110 phy=0.0177 | 14.7s
2026-06-20 17:08:58,538 - INFO -   batch 120/381 | loss=0.0815 mse=0.0553 sym=0.0109 phy=0.0178 | 15.9s
2026-06-20 17:08:59,890 - INFO -   batch 130/381 | loss=0.0673 mse=0.0459 sym=0.0109 phy=0.0178 | 17.3s
2026-06-20 17:09:01,118 - INFO -   batch 140/381 | loss=0.0942 mse=0.0606 sym=0.0109 phy=0.0179 | 18.5s
2026-06-20 17:09:02,504 - INFO -   batch 150/381 | loss=0.0882 mse=0.0555 sym=0.0109 phy=0.0178 | 19.9s
2026-06-20 17:09:03,879 - INFO -   batch 160/381 | loss=0.0700 mse=0.0426 sym=0.0109 phy=0.0178 | 21.3s
2026-06-20 17:09:05,126 - INFO -   batch 170/381 | loss=0.0794 mse=0.0516 sym=0.0110 phy=0.0177 | 22.5s
2026-06-20 17:09:06,495 - INFO -   batch 180/381 | loss=0.0894 mse=0.0589 sym=0.0109 phy=0.0179 | 23.9s
2026-06-20 17:09:07,869 - INFO -   batch 190/381 | loss=0.1045 mse=0.0716 sym=0.0110 phy=0.0180 | 25.3s
2026-06-20 17:09:09,086 - INFO -   batch 200/381 | loss=0.0820 mse=0.0521 sym=0.0110 phy=0.0180 | 26.5s
2026-06-20 17:09:10,480 - INFO -   batch 210/381 | loss=0.0884 mse=0.0541 sym=0.0109 phy=0.0182 | 27.9s
2026-06-20 17:09:11,850 - INFO -   batch 220/381 | loss=0.0875 mse=0.0556 sym=0.0109 phy=0.0183 | 29.3s
2026-06-20 17:09:13,133 - INFO -   batch 230/381 | loss=0.1020 mse=0.0708 sym=0.0109 phy=0.0183 | 30.5s
2026-06-20 17:09:14,426 - INFO -   batch 240/381 | loss=0.0772 mse=0.0511 sym=0.0110 phy=0.0183 | 31.8s
2026-06-20 17:09:15,722 - INFO -   batch 250/381 | loss=0.0820 mse=0.0493 sym=0.0110 phy=0.0183 | 33.1s
2026-06-20 17:09:16,965 - INFO -   batch 260/381 | loss=0.0826 mse=0.0563 sym=0.0109 phy=0.0183 | 34.4s
2026-06-20 17:09:18,332 - INFO -   batch 270/381 | loss=0.0770 mse=0.0413 sym=0.0109 phy=0.0183 | 35.7s
2026-06-20 17:09:19,728 - INFO -   batch 280/381 | loss=0.0804 mse=0.0511 sym=0.0109 phy=0.0183 | 37.1s
2026-06-20 17:09:20,973 - INFO -   batch 290/381 | loss=0.1017 mse=0.0676 sym=0.0109 phy=0.0183 | 38.4s
2026-06-20 17:09:22,350 - INFO -   batch 300/381 | loss=0.0819 mse=0.0470 sym=0.0109 phy=0.0184 | 39.8s
2026-06-20 17:09:23,734 - INFO -   batch 310/381 | loss=0.0759 mse=0.0525 sym=0.0109 phy=0.0184 | 41.1s
2026-06-20 17:09:24,951 - INFO -   batch 320/381 | loss=0.0924 mse=0.0604 sym=0.0109 phy=0.0185 | 42.4s
2026-06-20 17:09:26,280 - INFO -   batch 330/381 | loss=0.0941 mse=0.0668 sym=0.0109 phy=0.0185 | 43.7s
2026-06-20 17:09:27,569 - INFO -   batch 340/381 | loss=0.1059 mse=0.0688 sym=0.0109 phy=0.0185 | 45.0s
2026-06-20 17:09:28,806 - INFO -   batch 350/381 | loss=0.0755 mse=0.0475 sym=0.0109 phy=0.0185 | 46.2s
2026-06-20 17:09:30,042 - INFO -   batch 360/381 | loss=0.0596 mse=0.0352 sym=0.0109 phy=0.0185 | 47.4s
2026-06-20 17:09:31,324 - INFO -   batch 370/381 | loss=0.1045 mse=0.0719 sym=0.0109 phy=0.0185 | 48.7s
2026-06-20 17:09:32,635 - INFO -   batch 380/381 | loss=0.0942 mse=0.0623 sym=0.0109 phy=0.0185 | 50.0s
2026-06-20 17:09:35,040 - INFO -   batch   1/381 | loss=0.0822 mse=0.0527 sym=0.0110 phy=0.0185 | 0.2s
2026-06-20 17:09:36,216 - INFO -   batch  10/381 | loss=0.0921 mse=0.0551 sym=0.0110 phy=0.0199 | 1.4s
2026-06-20 17:09:37,482 - INFO -   batch  20/381 | loss=0.0736 mse=0.0408 sym=0.0107 phy=0.0188 | 2.7s
2026-06-20 17:09:38,727 - INFO -   batch  30/381 | loss=0.0928 mse=0.0670 sym=0.0109 phy=0.0184 | 3.9s
2026-06-20 17:09:39,997 - INFO -   batch  40/381 | loss=0.0910 mse=0.0639 sym=0.0109 phy=0.0179 | 5.2s
2026-06-20 17:09:41,310 - INFO -   batch  50/381 | loss=0.0823 mse=0.0564 sym=0.0110 phy=0.0181 | 6.5s
2026-06-20 17:09:42,640 - INFO -   batch  60/381 | loss=0.0868 mse=0.0572 sym=0.0109 phy=0.0181 | 7.8s
2026-06-20 17:09:43,852 - INFO -   batch  70/381 | loss=0.0840 mse=0.0541 sym=0.0110 phy=0.0178 | 9.0s
2026-06-20 17:09:45,154 - INFO -   batch  80/381 | loss=0.1048 mse=0.0757 sym=0.0110 phy=0.0180 | 10.3s
2026-06-20 17:09:46,475 - INFO -   batch  90/381 | loss=0.0933 mse=0.0662 sym=0.0110 phy=0.0180 | 11.6s
2026-06-20 17:09:47,718 - INFO -   batch 100/381 | loss=0.0865 mse=0.0609 sym=0.0110 phy=0.0182 | 12.9s
2026-06-20 17:09:49,034 - INFO -   batch 110/381 | loss=0.0789 mse=0.0509 sym=0.0110 phy=0.0182 | 14.2s
2026-06-20 17:09:50,314 - INFO -   batch 120/381 | loss=0.0632 mse=0.0369 sym=0.0110 phy=0.0182 | 15.5s
2026-06-20 17:09:51,600 - INFO -   batch 130/381 | loss=0.0850 mse=0.0597 sym=0.0110 phy=0.0182 | 16.8s
2026-06-20 17:09:52,875 - INFO -   batch 140/381 | loss=0.0776 mse=0.0514 sym=0.0110 phy=0.0182 | 18.1s
2026-06-20 17:09:54,178 - INFO -   batch 150/381 | loss=0.0832 mse=0.0540 sym=0.0110 phy=0.0182 | 19.4s
2026-06-20 17:09:55,507 - INFO -   batch 160/381 | loss=0.0861 mse=0.0512 sym=0.0110 phy=0.0182 | 20.7s
2026-06-20 17:09:56,756 - INFO -   batch 170/381 | loss=0.1109 mse=0.0761 sym=0.0110 phy=0.0182 | 21.9s
2026-06-20 17:09:58,090 - INFO -   batch 180/381 | loss=0.0984 mse=0.0694 sym=0.0110 phy=0.0184 | 23.3s
2026-06-20 17:09:59,464 - INFO -   batch 190/381 | loss=0.0803 mse=0.0513 sym=0.0110 phy=0.0183 | 24.6s
2026-06-20 17:10:00,606 - INFO -   batch 200/381 | loss=0.0820 mse=0.0514 sym=0.0110 phy=0.0184 | 25.8s
2026-06-20 17:10:01,920 - INFO -   batch 210/381 | loss=0.0823 mse=0.0560 sym=0.0110 phy=0.0185 | 27.1s
2026-06-20 17:10:03,193 - INFO -   batch 220/381 | loss=0.0891 mse=0.0597 sym=0.0110 phy=0.0185 | 28.4s
2026-06-20 17:10:04,479 - INFO -   batch 230/381 | loss=0.0795 mse=0.0529 sym=0.0110 phy=0.0185 | 29.7s
2026-06-20 17:10:05,747 - INFO -   batch 240/381 | loss=0.0807 mse=0.0470 sym=0.0110 phy=0.0185 | 30.9s
2026-06-20 17:10:07,087 - INFO -   batch 250/381 | loss=0.0803 mse=0.0559 sym=0.0110 phy=0.0184 | 32.3s
2026-06-20 17:10:08,385 - INFO -   batch 260/381 | loss=0.0837 mse=0.0544 sym=0.0110 phy=0.0185 | 33.6s
2026-06-20 17:10:09,633 - INFO -   batch 270/381 | loss=0.0757 mse=0.0496 sym=0.0110 phy=0.0185 | 34.8s
2026-06-20 17:10:10,914 - INFO -   batch 280/381 | loss=0.0835 mse=0.0484 sym=0.0110 phy=0.0186 | 36.1s
2026-06-20 17:10:12,220 - INFO -   batch 290/381 | loss=0.0718 mse=0.0470 sym=0.0110 phy=0.0186 | 37.4s
2026-06-20 17:10:13,454 - INFO -   batch 300/381 | loss=0.1117 mse=0.0729 sym=0.0110 phy=0.0186 | 38.6s
2026-06-20 17:10:14,735 - INFO -   batch 310/381 | loss=0.0800 mse=0.0563 sym=0.0110 phy=0.0186 | 39.9s
2026-06-20 17:10:16,061 - INFO -   batch 320/381 | loss=0.0815 mse=0.0600 sym=0.0109 phy=0.0185 | 41.2s
2026-06-20 17:10:17,360 - INFO -   batch 330/381 | loss=0.0794 mse=0.0453 sym=0.0109 phy=0.0185 | 42.5s
2026-06-20 17:10:18,624 - INFO -   batch 340/381 | loss=0.0706 mse=0.0431 sym=0.0109 phy=0.0185 | 43.8s
2026-06-20 17:10:19,946 - INFO -   batch 350/381 | loss=0.0775 mse=0.0498 sym=0.0109 phy=0.0185 | 45.1s
2026-06-20 17:10:21,186 - INFO -   batch 360/381 | loss=0.0889 mse=0.0569 sym=0.0109 phy=0.0185 | 46.4s
2026-06-20 17:10:22,390 - INFO -   batch 370/381 | loss=0.0970 mse=0.0697 sym=0.0109 phy=0.0185 | 47.6s
2026-06-20 17:10:23,646 - INFO -   batch 380/381 | loss=0.0727 mse=0.0465 sym=0.0109 phy=0.0186 | 48.8s
2026-06-20 17:10:25,822 - INFO - Epoch  50/50 | Loss=0.0841 MSE=0.0546 Sym=0.0109 Phy=0.0186 | Val RMSE=0.2318 ρ=0.331 | 51s
2026-06-20 17:10:25,841 - INFO - Saved: checkpoints/gors_spike.pth (best RMSE=0.2272)
2026-06-20 17:10:25,841 - INFO - Done. Best Val RMSE=0.2272 at epoch 13, ρ=0.3329
