2026-06-20 16:29:52,851 - INFO - Device: cuda
2026-06-20 16:29:52,851 - INFO - Loading 26 zones...
2026-06-20 16:29:52,852 - INFO - Loading ERCOT_zone_1_ from ERCOT_zone_1_.csv
2026-06-20 16:29:52,945 - INFO -   rows=50000, features=11
2026-06-20 16:29:52,945 - INFO - Loading ERCOT_zone_2_ from ERCOT_zone_2_.csv
2026-06-20 16:29:53,033 - INFO -   rows=50000, features=11
2026-06-20 16:29:53,034 - INFO - Loading ERCOT_zone_3_ from ERCOT_zone_3_.csv
2026-06-20 16:29:53,122 - INFO -   rows=50000, features=11
2026-06-20 16:29:53,122 - INFO - Loading ERCOT_zone_4_ from ERCOT_zone_4_.csv
2026-06-20 16:29:53,210 - INFO -   rows=50000, features=11
2026-06-20 16:29:53,210 - INFO - Loading MISO_zone_1_ from MISO_zone_1_.csv
2026-06-20 16:29:53,295 - INFO -   rows=50000, features=11
2026-06-20 16:29:53,295 - INFO - Loading MISO_zone_2_ from MISO_zone_2_.csv
2026-06-20 16:29:53,380 - INFO -   rows=50000, features=11
2026-06-20 16:29:53,381 - INFO - Loading MISO_zone_3_ from MISO_zone_3_.csv
2026-06-20 16:29:53,465 - INFO -   rows=50000, features=11
2026-06-20 16:29:53,465 - INFO - Loading MISO_zone_4_ from MISO_zone_4_.csv
2026-06-20 16:29:53,550 - INFO -   rows=50000, features=11
2026-06-20 16:29:53,550 - INFO - Loading SPP_zone_1_ from SPP_zone_1_.csv
2026-06-20 16:29:53,634 - INFO -   rows=50000, features=11
2026-06-20 16:29:53,634 - INFO - Loading SPP_zone_2_ from SPP_zone_2_.csv
2026-06-20 16:29:53,718 - INFO -   rows=50000, features=11
2026-06-20 16:29:53,718 - INFO - Loading SPP_zone_3_ from SPP_zone_3_.csv
2026-06-20 16:29:53,803 - INFO -   rows=50000, features=11
2026-06-20 16:29:53,803 - INFO - Loading SPP_zone_4_ from SPP_zone_4_.csv
2026-06-20 16:29:53,886 - INFO -   rows=50000, features=11
2026-06-20 16:29:53,886 - INFO - Loading SPP_zone_5_ from SPP_zone_5_.csv
2026-06-20 16:29:53,970 - INFO -   rows=50000, features=11
2026-06-20 16:29:53,970 - INFO - Loading SPP_zone_6_ from SPP_zone_6_.csv
2026-06-20 16:29:54,094 - INFO -   rows=50000, features=11
2026-06-20 16:29:54,095 - INFO - Loading SPP_zone_7_ from SPP_zone_7_.csv
2026-06-20 16:29:54,202 - INFO -   rows=50000, features=11
2026-06-20 16:29:54,202 - INFO - Loading SPP_zone_8_ from SPP_zone_8_.csv
2026-06-20 16:29:54,288 - INFO -   rows=50000, features=11
2026-06-20 16:29:54,288 - INFO - Loading PJM_zone_1_ from PJM_zone_1_.csv
2026-06-20 16:29:54,374 - INFO -   rows=50000, features=11
2026-06-20 16:29:54,374 - INFO - Loading PJM_zone_2_ from PJM_zone_2_.csv
2026-06-20 16:29:54,461 - INFO -   rows=50000, features=11
2026-06-20 16:29:54,461 - INFO - Loading PJM_zone_3_ from PJM_zone_3_.csv
2026-06-20 16:29:54,548 - INFO -   rows=50000, features=11
2026-06-20 16:29:54,548 - INFO - Loading PJM_zone_4_ from PJM_zone_4_.csv
2026-06-20 16:29:54,633 - INFO -   rows=50000, features=11
2026-06-20 16:29:54,633 - INFO - Loading PJM_zone_5_ from PJM_zone_5_.csv
2026-06-20 16:29:54,713 - INFO -   rows=50000, features=11
2026-06-20 16:29:54,714 - INFO - Loading PJM_zone_6_ from PJM_zone_6_.csv
2026-06-20 16:29:54,795 - INFO -   rows=50000, features=11
2026-06-20 16:29:54,796 - INFO - Loading PJM_zone_7_ from PJM_zone_7_.csv
2026-06-20 16:29:54,881 - INFO -   rows=50000, features=11
2026-06-20 16:29:54,881 - INFO - Loading PJM_zone_8_ from PJM_zone_8_.csv
2026-06-20 16:29:54,965 - INFO -   rows=50000, features=11
2026-06-20 16:29:54,965 - INFO - Loading PJM_zone_9_ from PJM_zone_9_.csv
2026-06-20 16:29:55,066 - INFO -   rows=50000, features=11
2026-06-20 16:29:55,066 - INFO - Loading PJM_zone_10_ from PJM_zone_10_.csv
2026-06-20 16:29:55,158 - INFO -   rows=50000, features=11
2026-06-20 16:29:56,205 - INFO - Generating GORS labels...
2026-06-20 16:29:56,221 - INFO - GORS distribution: train μ=0.498 σ=0.241 | val μ=0.488 σ=0.237
2026-06-20 16:29:56,280 - INFO - Model: 1.0M params
2026-06-20 16:29:56,280 - INFO - Symbolic: True | Physics: True | Feedback: True | Arch: single-LIF | Spike: False
2026-06-20 16:29:58,087 - INFO - Starting training: 50 epochs, 381 batches/epoch
2026-06-20 16:29:58,849 - INFO -   batch   1/381 | loss=0.1113 mse=0.0644 sym=0.0112 phy=0.0356 | 0.8s
2026-06-20 16:29:59,884 - INFO -   batch  10/381 | loss=0.1073 mse=0.0618 sym=0.0109 phy=0.0260 | 1.8s
2026-06-20 16:30:01,046 - INFO -   batch  20/381 | loss=0.0976 mse=0.0638 sym=0.0110 phy=0.0241 | 3.0s
2026-06-20 16:30:02,213 - INFO -   batch  30/381 | loss=0.0994 mse=0.0693 sym=0.0111 phy=0.0236 | 4.1s
2026-06-20 16:30:03,364 - INFO -   batch  40/381 | loss=0.0729 mse=0.0473 sym=0.0109 phy=0.0229 | 5.3s
2026-06-20 16:30:04,543 - INFO -   batch  50/381 | loss=0.0951 mse=0.0595 sym=0.0110 phy=0.0222 | 6.5s
2026-06-20 16:30:05,719 - INFO -   batch  60/381 | loss=0.0852 mse=0.0498 sym=0.0110 phy=0.0220 | 7.6s
2026-06-20 16:30:06,887 - INFO -   batch  70/381 | loss=0.0734 mse=0.0405 sym=0.0111 phy=0.0223 | 8.8s
2026-06-20 16:30:08,067 - INFO -   batch  80/381 | loss=0.1007 mse=0.0673 sym=0.0111 phy=0.0220 | 10.0s
2026-06-20 16:30:09,219 - INFO -   batch  90/381 | loss=0.0902 mse=0.0595 sym=0.0111 phy=0.0219 | 11.1s
2026-06-20 16:30:10,372 - INFO -   batch 100/381 | loss=0.0761 mse=0.0433 sym=0.0110 phy=0.0213 | 12.3s
2026-06-20 16:30:11,544 - INFO -   batch 110/381 | loss=0.1000 mse=0.0665 sym=0.0110 phy=0.0215 | 13.5s
2026-06-20 16:30:12,722 - INFO -   batch 120/381 | loss=0.1170 mse=0.0706 sym=0.0111 phy=0.0215 | 14.6s
2026-06-20 16:30:13,888 - INFO -   batch 130/381 | loss=0.0844 mse=0.0630 sym=0.0111 phy=0.0212 | 15.8s
2026-06-20 16:30:15,074 - INFO -   batch 140/381 | loss=0.0777 mse=0.0486 sym=0.0111 phy=0.0210 | 17.0s
2026-06-20 16:30:16,220 - INFO -   batch 150/381 | loss=0.0873 mse=0.0512 sym=0.0110 phy=0.0209 | 18.1s
2026-06-20 16:30:17,396 - INFO -   batch 160/381 | loss=0.0927 mse=0.0710 sym=0.0110 phy=0.0206 | 19.3s
2026-06-20 16:30:18,566 - INFO -   batch 170/381 | loss=0.0760 mse=0.0482 sym=0.0110 phy=0.0206 | 20.5s
2026-06-20 16:30:19,727 - INFO -   batch 180/381 | loss=0.0777 mse=0.0532 sym=0.0111 phy=0.0205 | 21.6s
2026-06-20 16:30:20,869 - INFO -   batch 190/381 | loss=0.1202 mse=0.0835 sym=0.0110 phy=0.0206 | 22.8s
2026-06-20 16:30:21,988 - INFO -   batch 200/381 | loss=0.0739 mse=0.0478 sym=0.0110 phy=0.0205 | 23.9s
2026-06-20 16:30:23,102 - INFO -   batch 210/381 | loss=0.0971 mse=0.0683 sym=0.0110 phy=0.0205 | 25.0s
2026-06-20 16:30:24,231 - INFO -   batch 220/381 | loss=0.0949 mse=0.0627 sym=0.0110 phy=0.0202 | 26.1s
2026-06-20 16:30:25,375 - INFO -   batch 230/381 | loss=0.0862 mse=0.0545 sym=0.0110 phy=0.0202 | 27.3s
2026-06-20 16:30:26,532 - INFO -   batch 240/381 | loss=0.0838 mse=0.0519 sym=0.0110 phy=0.0201 | 28.4s
2026-06-20 16:30:27,664 - INFO -   batch 250/381 | loss=0.0866 mse=0.0567 sym=0.0110 phy=0.0201 | 29.6s
2026-06-20 16:30:28,800 - INFO -   batch 260/381 | loss=0.0862 mse=0.0611 sym=0.0110 phy=0.0201 | 30.7s
2026-06-20 16:30:29,928 - INFO -   batch 270/381 | loss=0.0799 mse=0.0454 sym=0.0110 phy=0.0201 | 31.8s
2026-06-20 16:30:31,048 - INFO -   batch 280/381 | loss=0.0796 mse=0.0501 sym=0.0111 phy=0.0200 | 33.0s
2026-06-20 16:30:32,191 - INFO -   batch 290/381 | loss=0.0969 mse=0.0661 sym=0.0111 phy=0.0200 | 34.1s
2026-06-20 16:30:33,334 - INFO -   batch 300/381 | loss=0.1006 mse=0.0710 sym=0.0110 phy=0.0200 | 35.2s
2026-06-20 16:30:34,491 - INFO -   batch 310/381 | loss=0.0999 mse=0.0708 sym=0.0110 phy=0.0200 | 36.4s
2026-06-20 16:30:35,635 - INFO -   batch 320/381 | loss=0.0817 mse=0.0535 sym=0.0110 phy=0.0200 | 37.5s
2026-06-20 16:30:36,798 - INFO -   batch 330/381 | loss=0.0755 mse=0.0370 sym=0.0110 phy=0.0200 | 38.7s
2026-06-20 16:30:37,910 - INFO -   batch 340/381 | loss=0.0534 mse=0.0300 sym=0.0110 phy=0.0199 | 39.8s
2026-06-20 16:30:39,061 - INFO -   batch 350/381 | loss=0.0989 mse=0.0636 sym=0.0110 phy=0.0200 | 41.0s
2026-06-20 16:30:40,201 - INFO -   batch 360/381 | loss=0.0963 mse=0.0562 sym=0.0110 phy=0.0200 | 42.1s
2026-06-20 16:30:41,330 - INFO -   batch 370/381 | loss=0.0738 mse=0.0462 sym=0.0110 phy=0.0200 | 43.2s
2026-06-20 16:30:42,477 - INFO -   batch 380/381 | loss=0.0869 mse=0.0488 sym=0.0110 phy=0.0199 | 44.4s
2026-06-20 16:30:45,053 - INFO - Epoch   1/50 | Loss=0.0888 MSE=0.0578 Sym=0.0110 Phy=0.0200 | Val RMSE=0.2264 ρ=0.312 | 47s
2026-06-20 16:30:45,259 - INFO -   batch   1/381 | loss=0.0874 mse=0.0529 sym=0.0098 phy=0.0248 | 0.2s
2026-06-20 16:30:46,288 - INFO -   batch  10/381 | loss=0.0707 mse=0.0467 sym=0.0107 phy=0.0212 | 1.2s
2026-06-20 16:30:47,435 - INFO -   batch  20/381 | loss=0.0771 mse=0.0472 sym=0.0108 phy=0.0188 | 2.4s
2026-06-20 16:30:48,560 - INFO -   batch  30/381 | loss=0.0891 mse=0.0560 sym=0.0111 phy=0.0193 | 3.5s
2026-06-20 16:30:49,699 - INFO -   batch  40/381 | loss=0.0904 mse=0.0653 sym=0.0110 phy=0.0188 | 4.6s
2026-06-20 16:30:50,815 - INFO -   batch  50/381 | loss=0.0889 mse=0.0623 sym=0.0109 phy=0.0191 | 5.8s
2026-06-20 16:30:51,952 - INFO -   batch  60/381 | loss=0.0886 mse=0.0553 sym=0.0109 phy=0.0196 | 6.9s
2026-06-20 16:30:53,125 - INFO -   batch  70/381 | loss=0.0877 mse=0.0582 sym=0.0108 phy=0.0192 | 8.1s
2026-06-20 16:30:54,269 - INFO -   batch  80/381 | loss=0.0732 mse=0.0447 sym=0.0108 phy=0.0191 | 9.2s
2026-06-20 16:30:55,411 - INFO -   batch  90/381 | loss=0.0968 mse=0.0701 sym=0.0108 phy=0.0190 | 10.4s
2026-06-20 16:30:56,565 - INFO -   batch 100/381 | loss=0.1012 mse=0.0609 sym=0.0109 phy=0.0191 | 11.5s
2026-06-20 16:30:57,696 - INFO -   batch 110/381 | loss=0.0866 mse=0.0644 sym=0.0108 phy=0.0191 | 12.6s
2026-06-20 16:30:58,834 - INFO -   batch 120/381 | loss=0.0737 mse=0.0475 sym=0.0108 phy=0.0193 | 13.8s
2026-06-20 16:31:00,000 - INFO -   batch 130/381 | loss=0.0907 mse=0.0695 sym=0.0108 phy=0.0193 | 14.9s
2026-06-20 16:31:01,133 - INFO -   batch 140/381 | loss=0.0695 mse=0.0382 sym=0.0108 phy=0.0195 | 16.1s
2026-06-20 16:31:02,291 - INFO -   batch 150/381 | loss=0.0789 mse=0.0575 sym=0.0108 phy=0.0192 | 17.2s
2026-06-20 16:31:03,433 - INFO -   batch 160/381 | loss=0.1025 mse=0.0677 sym=0.0108 phy=0.0193 | 18.4s
2026-06-20 16:31:04,572 - INFO -   batch 170/381 | loss=0.0964 mse=0.0577 sym=0.0109 phy=0.0193 | 19.5s
2026-06-20 16:31:05,692 - INFO -   batch 180/381 | loss=0.0868 mse=0.0587 sym=0.0109 phy=0.0191 | 20.6s
2026-06-20 16:31:06,857 - INFO -   batch 190/381 | loss=0.0939 mse=0.0636 sym=0.0109 phy=0.0194 | 21.8s
2026-06-20 16:31:08,018 - INFO -   batch 200/381 | loss=0.0787 mse=0.0519 sym=0.0109 phy=0.0192 | 23.0s
2026-06-20 16:31:09,183 - INFO -   batch 210/381 | loss=0.0757 mse=0.0510 sym=0.0109 phy=0.0191 | 24.1s
2026-06-20 16:31:10,316 - INFO -   batch 220/381 | loss=0.0967 mse=0.0635 sym=0.0109 phy=0.0193 | 25.3s
2026-06-20 16:31:11,457 - INFO -   batch 230/381 | loss=0.0896 mse=0.0605 sym=0.0109 phy=0.0191 | 26.4s
2026-06-20 16:31:12,567 - INFO -   batch 240/381 | loss=0.0974 mse=0.0586 sym=0.0109 phy=0.0192 | 27.5s
2026-06-20 16:31:13,719 - INFO -   batch 250/381 | loss=0.0799 mse=0.0500 sym=0.0109 phy=0.0193 | 28.7s
2026-06-20 16:31:14,882 - INFO -   batch 260/381 | loss=0.0711 mse=0.0420 sym=0.0109 phy=0.0193 | 29.8s
2026-06-20 16:31:15,997 - INFO -   batch 270/381 | loss=0.0829 mse=0.0507 sym=0.0109 phy=0.0193 | 30.9s
2026-06-20 16:31:17,174 - INFO -   batch 280/381 | loss=0.0952 mse=0.0674 sym=0.0109 phy=0.0192 | 32.1s
2026-06-20 16:31:18,315 - INFO -   batch 290/381 | loss=0.0788 mse=0.0554 sym=0.0110 phy=0.0192 | 33.3s
2026-06-20 16:31:19,471 - INFO -   batch 300/381 | loss=0.0758 mse=0.0466 sym=0.0110 phy=0.0192 | 34.4s
2026-06-20 16:31:20,654 - INFO -   batch 310/381 | loss=0.0987 mse=0.0644 sym=0.0109 phy=0.0193 | 35.6s
2026-06-20 16:31:21,823 - INFO -   batch 320/381 | loss=0.1088 mse=0.0745 sym=0.0109 phy=0.0193 | 36.8s
2026-06-20 16:31:23,001 - INFO -   batch 330/381 | loss=0.0870 mse=0.0643 sym=0.0110 phy=0.0193 | 37.9s
2026-06-20 16:31:24,162 - INFO -   batch 340/381 | loss=0.0724 mse=0.0443 sym=0.0109 phy=0.0192 | 39.1s
2026-06-20 16:31:25,325 - INFO -   batch 350/381 | loss=0.0686 mse=0.0446 sym=0.0109 phy=0.0192 | 40.3s
2026-06-20 16:31:26,484 - INFO -   batch 360/381 | loss=0.0876 mse=0.0568 sym=0.0109 phy=0.0191 | 41.4s
2026-06-20 16:31:27,650 - INFO -   batch 370/381 | loss=0.1027 mse=0.0692 sym=0.0110 phy=0.0192 | 42.6s
2026-06-20 16:31:28,832 - INFO -   batch 380/381 | loss=0.1084 mse=0.0701 sym=0.0109 phy=0.0193 | 43.8s
2026-06-20 16:31:31,084 - INFO -   batch   1/381 | loss=0.0950 mse=0.0725 sym=0.0112 phy=0.0113 | 0.2s
2026-06-20 16:31:32,146 - INFO -   batch  10/381 | loss=0.0754 mse=0.0501 sym=0.0112 phy=0.0185 | 1.2s
2026-06-20 16:31:33,299 - INFO -   batch  20/381 | loss=0.1017 mse=0.0769 sym=0.0108 phy=0.0183 | 2.4s
2026-06-20 16:31:34,430 - INFO -   batch  30/381 | loss=0.0931 mse=0.0529 sym=0.0110 phy=0.0204 | 3.5s
2026-06-20 16:31:35,612 - INFO -   batch  40/381 | loss=0.0833 mse=0.0605 sym=0.0109 phy=0.0202 | 4.7s
2026-06-20 16:31:36,780 - INFO -   batch  50/381 | loss=0.0717 mse=0.0393 sym=0.0108 phy=0.0196 | 5.9s
2026-06-20 16:31:37,967 - INFO -   batch  60/381 | loss=0.0805 mse=0.0429 sym=0.0108 phy=0.0198 | 7.1s
2026-06-20 16:31:39,133 - INFO -   batch  70/381 | loss=0.0836 mse=0.0568 sym=0.0108 phy=0.0194 | 8.2s
2026-06-20 16:31:40,279 - INFO -   batch  80/381 | loss=0.0999 mse=0.0680 sym=0.0108 phy=0.0194 | 9.4s
2026-06-20 16:31:41,463 - INFO -   batch  90/381 | loss=0.0940 mse=0.0649 sym=0.0109 phy=0.0194 | 10.6s
2026-06-20 16:31:42,633 - INFO -   batch 100/381 | loss=0.0892 mse=0.0593 sym=0.0109 phy=0.0191 | 11.7s
2026-06-20 16:31:43,813 - INFO -   batch 110/381 | loss=0.0968 mse=0.0628 sym=0.0109 phy=0.0192 | 12.9s
2026-06-20 16:31:44,983 - INFO -   batch 120/381 | loss=0.0688 mse=0.0337 sym=0.0109 phy=0.0196 | 14.1s
2026-06-20 16:31:46,171 - INFO -   batch 130/381 | loss=0.0858 mse=0.0561 sym=0.0108 phy=0.0195 | 15.3s
2026-06-20 16:31:47,317 - INFO -   batch 140/381 | loss=0.0888 mse=0.0545 sym=0.0108 phy=0.0194 | 16.4s
2026-06-20 16:31:48,487 - INFO -   batch 150/381 | loss=0.0690 mse=0.0478 sym=0.0108 phy=0.0194 | 17.6s
2026-06-20 16:31:49,665 - INFO -   batch 160/381 | loss=0.0673 mse=0.0346 sym=0.0109 phy=0.0193 | 18.8s
2026-06-20 16:31:50,841 - INFO -   batch 170/381 | loss=0.0646 mse=0.0360 sym=0.0109 phy=0.0194 | 19.9s
2026-06-20 16:31:52,013 - INFO -   batch 180/381 | loss=0.0972 mse=0.0721 sym=0.0109 phy=0.0193 | 21.1s
2026-06-20 16:31:53,191 - INFO -   batch 190/381 | loss=0.0869 mse=0.0587 sym=0.0109 phy=0.0195 | 22.3s
2026-06-20 16:31:54,335 - INFO -   batch 200/381 | loss=0.0925 mse=0.0679 sym=0.0109 phy=0.0196 | 23.4s
2026-06-20 16:31:55,509 - INFO -   batch 210/381 | loss=0.0770 mse=0.0523 sym=0.0109 phy=0.0195 | 24.6s
2026-06-20 16:31:56,686 - INFO -   batch 220/381 | loss=0.0699 mse=0.0488 sym=0.0109 phy=0.0194 | 25.8s
2026-06-20 16:31:57,865 - INFO -   batch 230/381 | loss=0.0838 mse=0.0554 sym=0.0109 phy=0.0193 | 27.0s
2026-06-20 16:31:59,043 - INFO -   batch 240/381 | loss=0.0840 mse=0.0546 sym=0.0109 phy=0.0192 | 28.1s
2026-06-20 16:32:00,209 - INFO -   batch 250/381 | loss=0.0740 mse=0.0460 sym=0.0110 phy=0.0192 | 29.3s
2026-06-20 16:32:01,350 - INFO -   batch 260/381 | loss=0.0976 mse=0.0684 sym=0.0110 phy=0.0192 | 30.4s
2026-06-20 16:32:02,526 - INFO -   batch 270/381 | loss=0.0873 mse=0.0641 sym=0.0109 phy=0.0193 | 31.6s
2026-06-20 16:32:03,697 - INFO -   batch 280/381 | loss=0.0706 mse=0.0432 sym=0.0109 phy=0.0191 | 32.8s
2026-06-20 16:32:04,858 - INFO -   batch 290/381 | loss=0.0838 mse=0.0588 sym=0.0109 phy=0.0191 | 34.0s
2026-06-20 16:32:06,025 - INFO -   batch 300/381 | loss=0.0873 mse=0.0494 sym=0.0109 phy=0.0192 | 35.1s
2026-06-20 16:32:07,204 - INFO -   batch 310/381 | loss=0.0877 mse=0.0595 sym=0.0109 phy=0.0191 | 36.3s
2026-06-20 16:32:08,350 - INFO -   batch 320/381 | loss=0.0823 mse=0.0568 sym=0.0109 phy=0.0190 | 37.4s
2026-06-20 16:32:09,512 - INFO -   batch 330/381 | loss=0.0875 mse=0.0532 sym=0.0109 phy=0.0190 | 38.6s
2026-06-20 16:32:10,690 - INFO -   batch 340/381 | loss=0.0967 mse=0.0571 sym=0.0109 phy=0.0191 | 39.8s
2026-06-20 16:32:11,865 - INFO -   batch 350/381 | loss=0.0828 mse=0.0546 sym=0.0109 phy=0.0191 | 41.0s
2026-06-20 16:32:13,033 - INFO -   batch 360/381 | loss=0.0826 mse=0.0519 sym=0.0109 phy=0.0191 | 42.1s
2026-06-20 16:32:14,205 - INFO -   batch 370/381 | loss=0.0950 mse=0.0607 sym=0.0109 phy=0.0192 | 43.3s
2026-06-20 16:32:15,356 - INFO -   batch 380/381 | loss=0.0750 mse=0.0523 sym=0.0109 phy=0.0192 | 44.4s
2026-06-20 16:32:17,626 - INFO -   batch   1/381 | loss=0.0863 mse=0.0527 sym=0.0111 phy=0.0225 | 0.2s
2026-06-20 16:32:18,677 - INFO -   batch  10/381 | loss=0.0964 mse=0.0616 sym=0.0110 phy=0.0172 | 1.2s
2026-06-20 16:32:19,848 - INFO -   batch  20/381 | loss=0.0828 mse=0.0522 sym=0.0111 phy=0.0181 | 2.4s
2026-06-20 16:32:21,011 - INFO -   batch  30/381 | loss=0.0950 mse=0.0636 sym=0.0110 phy=0.0179 | 3.6s
2026-06-20 16:32:22,158 - INFO -   batch  40/381 | loss=0.0860 mse=0.0563 sym=0.0111 phy=0.0182 | 4.7s
2026-06-20 16:32:23,338 - INFO -   batch  50/381 | loss=0.0948 mse=0.0550 sym=0.0110 phy=0.0182 | 5.9s
2026-06-20 16:32:24,502 - INFO -   batch  60/381 | loss=0.1022 mse=0.0595 sym=0.0109 phy=0.0188 | 7.1s
2026-06-20 16:32:25,677 - INFO -   batch  70/381 | loss=0.0700 mse=0.0459 sym=0.0108 phy=0.0192 | 8.2s
2026-06-20 16:32:26,829 - INFO -   batch  80/381 | loss=0.0877 mse=0.0610 sym=0.0109 phy=0.0189 | 9.4s
2026-06-20 16:32:27,996 - INFO -   batch  90/381 | loss=0.0723 mse=0.0453 sym=0.0109 phy=0.0187 | 10.6s
2026-06-20 16:32:29,146 - INFO -   batch 100/381 | loss=0.0933 mse=0.0606 sym=0.0110 phy=0.0187 | 11.7s
2026-06-20 16:32:30,316 - INFO -   batch 110/381 | loss=0.0923 mse=0.0640 sym=0.0110 phy=0.0187 | 12.9s
2026-06-20 16:32:31,501 - INFO -   batch 120/381 | loss=0.1082 mse=0.0699 sym=0.0110 phy=0.0186 | 14.1s
2026-06-20 16:32:32,668 - INFO -   batch 130/381 | loss=0.0778 mse=0.0449 sym=0.0110 phy=0.0187 | 15.2s
2026-06-20 16:32:33,814 - INFO -   batch 140/381 | loss=0.0994 mse=0.0699 sym=0.0110 phy=0.0185 | 16.4s
2026-06-20 16:32:34,995 - INFO -   batch 150/381 | loss=0.0814 mse=0.0519 sym=0.0110 phy=0.0187 | 17.6s
2026-06-20 16:32:36,140 - INFO -   batch 160/381 | loss=0.0830 mse=0.0595 sym=0.0110 phy=0.0185 | 18.7s
2026-06-20 16:32:37,319 - INFO -   batch 170/381 | loss=0.0877 mse=0.0532 sym=0.0110 phy=0.0187 | 19.9s
2026-06-20 16:32:38,482 - INFO -   batch 180/381 | loss=0.0806 mse=0.0496 sym=0.0110 phy=0.0189 | 21.0s
2026-06-20 16:32:39,667 - INFO -   batch 190/381 | loss=0.0899 mse=0.0602 sym=0.0110 phy=0.0189 | 22.2s
2026-06-20 16:32:40,847 - INFO -   batch 200/381 | loss=0.0764 mse=0.0485 sym=0.0110 phy=0.0189 | 23.4s
2026-06-20 16:32:41,980 - INFO -   batch 210/381 | loss=0.0856 mse=0.0535 sym=0.0110 phy=0.0189 | 24.5s
2026-06-20 16:32:43,161 - INFO -   batch 220/381 | loss=0.0880 mse=0.0617 sym=0.0110 phy=0.0190 | 25.7s
2026-06-20 16:32:44,339 - INFO -   batch 230/381 | loss=0.0885 mse=0.0565 sym=0.0109 phy=0.0189 | 26.9s
2026-06-20 16:32:45,521 - INFO -   batch 240/381 | loss=0.1056 mse=0.0632 sym=0.0109 phy=0.0190 | 28.1s
2026-06-20 16:32:46,708 - INFO -   batch 250/381 | loss=0.1009 mse=0.0691 sym=0.0109 phy=0.0189 | 29.3s
2026-06-20 16:32:47,877 - INFO -   batch 260/381 | loss=0.0792 mse=0.0493 sym=0.0109 phy=0.0188 | 30.4s
2026-06-20 16:32:49,019 - INFO -   batch 270/381 | loss=0.0931 mse=0.0618 sym=0.0109 phy=0.0189 | 31.6s
2026-06-20 16:32:50,208 - INFO -   batch 280/381 | loss=0.0797 mse=0.0500 sym=0.0109 phy=0.0189 | 32.8s
2026-06-20 16:32:51,372 - INFO -   batch 290/381 | loss=0.0727 mse=0.0369 sym=0.0109 phy=0.0189 | 33.9s
2026-06-20 16:32:52,556 - INFO -   batch 300/381 | loss=0.0770 mse=0.0522 sym=0.0109 phy=0.0189 | 35.1s
2026-06-20 16:32:53,724 - INFO -   batch 310/381 | loss=0.1047 mse=0.0633 sym=0.0109 phy=0.0190 | 36.3s
2026-06-20 16:32:54,867 - INFO -   batch 320/381 | loss=0.0859 mse=0.0592 sym=0.0109 phy=0.0191 | 37.4s
2026-06-20 16:32:56,044 - INFO -   batch 330/381 | loss=0.0774 mse=0.0520 sym=0.0109 phy=0.0190 | 38.6s
2026-06-20 16:32:57,209 - INFO -   batch 340/381 | loss=0.1011 mse=0.0709 sym=0.0109 phy=0.0190 | 39.8s
2026-06-20 16:32:58,396 - INFO -   batch 350/381 | loss=0.0820 mse=0.0528 sym=0.0109 phy=0.0192 | 41.0s
2026-06-20 16:32:59,574 - INFO -   batch 360/381 | loss=0.0711 mse=0.0445 sym=0.0109 phy=0.0193 | 42.1s
2026-06-20 16:33:00,718 - INFO -   batch 370/381 | loss=0.0845 mse=0.0485 sym=0.0109 phy=0.0192 | 43.3s
2026-06-20 16:33:01,876 - INFO -   batch 380/381 | loss=0.0943 mse=0.0658 sym=0.0109 phy=0.0192 | 44.4s
2026-06-20 16:33:04,102 - INFO -   batch   1/381 | loss=0.0668 mse=0.0381 sym=0.0111 phy=0.0177 | 0.2s
2026-06-20 16:33:05,156 - INFO -   batch  10/381 | loss=0.0675 mse=0.0466 sym=0.0105 phy=0.0169 | 1.2s
2026-06-20 16:33:06,323 - INFO -   batch  20/381 | loss=0.0902 mse=0.0586 sym=0.0107 phy=0.0192 | 2.4s
2026-06-20 16:33:07,498 - INFO -   batch  30/381 | loss=0.0849 mse=0.0549 sym=0.0110 phy=0.0201 | 3.6s
2026-06-20 16:33:08,650 - INFO -   batch  40/381 | loss=0.0743 mse=0.0364 sym=0.0110 phy=0.0195 | 4.7s
2026-06-20 16:33:09,827 - INFO -   batch  50/381 | loss=0.0855 mse=0.0608 sym=0.0110 phy=0.0193 | 5.9s
2026-06-20 16:33:11,000 - INFO -   batch  60/381 | loss=0.1094 mse=0.0710 sym=0.0110 phy=0.0198 | 7.1s
2026-06-20 16:33:12,153 - INFO -   batch  70/381 | loss=0.0796 mse=0.0558 sym=0.0111 phy=0.0192 | 8.2s
2026-06-20 16:33:13,323 - INFO -   batch  80/381 | loss=0.1051 mse=0.0732 sym=0.0110 phy=0.0193 | 9.4s
2026-06-20 16:33:14,497 - INFO -   batch  90/381 | loss=0.0996 mse=0.0631 sym=0.0110 phy=0.0192 | 10.6s
2026-06-20 16:33:15,644 - INFO -   batch 100/381 | loss=0.0833 mse=0.0609 sym=0.0111 phy=0.0189 | 11.7s
2026-06-20 16:33:16,824 - INFO -   batch 110/381 | loss=0.0834 mse=0.0492 sym=0.0111 phy=0.0190 | 12.9s
2026-06-20 16:33:17,981 - INFO -   batch 120/381 | loss=0.0948 mse=0.0650 sym=0.0110 phy=0.0194 | 14.1s
2026-06-20 16:33:19,140 - INFO -   batch 130/381 | loss=0.0751 mse=0.0497 sym=0.0110 phy=0.0195 | 15.2s
2026-06-20 16:33:20,316 - INFO -   batch 140/381 | loss=0.0900 mse=0.0645 sym=0.0110 phy=0.0194 | 16.4s
2026-06-20 16:33:21,477 - INFO -   batch 150/381 | loss=0.0948 mse=0.0608 sym=0.0110 phy=0.0191 | 17.6s
2026-06-20 16:33:22,626 - INFO -   batch 160/381 | loss=0.0888 mse=0.0655 sym=0.0110 phy=0.0192 | 18.7s
2026-06-20 16:33:23,782 - INFO -   batch 170/381 | loss=0.0821 mse=0.0476 sym=0.0109 phy=0.0190 | 19.9s
2026-06-20 16:33:24,974 - INFO -   batch 180/381 | loss=0.0959 mse=0.0605 sym=0.0110 phy=0.0192 | 21.1s
2026-06-20 16:33:26,156 - INFO -   batch 190/381 | loss=0.0715 mse=0.0514 sym=0.0110 phy=0.0190 | 22.2s
2026-06-20 16:33:27,330 - INFO -   batch 200/381 | loss=0.0740 mse=0.0424 sym=0.0110 phy=0.0190 | 23.4s
2026-06-20 16:33:28,473 - INFO -   batch 210/381 | loss=0.0603 mse=0.0383 sym=0.0110 phy=0.0189 | 24.6s
2026-06-20 16:33:29,644 - INFO -   batch 220/381 | loss=0.0967 mse=0.0609 sym=0.0110 phy=0.0189 | 25.7s
2026-06-20 16:33:30,810 - INFO -   batch 230/381 | loss=0.0862 mse=0.0557 sym=0.0110 phy=0.0189 | 26.9s
2026-06-20 16:33:31,997 - INFO -   batch 240/381 | loss=0.0932 mse=0.0600 sym=0.0110 phy=0.0191 | 28.1s
2026-06-20 16:33:33,159 - INFO -   batch 250/381 | loss=0.0671 mse=0.0438 sym=0.0110 phy=0.0190 | 29.2s
2026-06-20 16:33:34,337 - INFO -   batch 260/381 | loss=0.0755 mse=0.0450 sym=0.0110 phy=0.0190 | 30.4s
2026-06-20 16:33:35,479 - INFO -   batch 270/381 | loss=0.0895 mse=0.0637 sym=0.0110 phy=0.0189 | 31.6s
2026-06-20 16:33:36,651 - INFO -   batch 280/381 | loss=0.0819 mse=0.0546 sym=0.0110 phy=0.0188 | 32.7s
2026-06-20 16:33:37,841 - INFO -   batch 290/381 | loss=0.0845 mse=0.0528 sym=0.0110 phy=0.0189 | 33.9s
2026-06-20 16:33:39,004 - INFO -   batch 300/381 | loss=0.0980 mse=0.0674 sym=0.0110 phy=0.0188 | 35.1s
2026-06-20 16:33:40,193 - INFO -   batch 310/381 | loss=0.0816 mse=0.0411 sym=0.0110 phy=0.0189 | 36.3s
2026-06-20 16:33:41,360 - INFO -   batch 320/381 | loss=0.0973 mse=0.0551 sym=0.0109 phy=0.0190 | 37.4s
2026-06-20 16:33:42,515 - INFO -   batch 330/381 | loss=0.0850 mse=0.0557 sym=0.0109 phy=0.0190 | 38.6s
2026-06-20 16:33:43,701 - INFO -   batch 340/381 | loss=0.0794 mse=0.0478 sym=0.0109 phy=0.0190 | 39.8s
2026-06-20 16:33:44,878 - INFO -   batch 350/381 | loss=0.0895 mse=0.0623 sym=0.0110 phy=0.0190 | 41.0s
2026-06-20 16:33:46,060 - INFO -   batch 360/381 | loss=0.0767 mse=0.0472 sym=0.0109 phy=0.0191 | 42.1s
2026-06-20 16:33:47,228 - INFO -   batch 370/381 | loss=0.1024 mse=0.0758 sym=0.0109 phy=0.0191 | 43.3s
2026-06-20 16:33:48,380 - INFO -   batch 380/381 | loss=0.0823 mse=0.0592 sym=0.0109 phy=0.0191 | 44.5s
2026-06-20 16:33:50,437 - INFO - Epoch   5/50 | Loss=0.0855 MSE=0.0555 Sym=0.0109 Phy=0.0190 | Val RMSE=0.2312 ρ=0.328 | 47s
2026-06-20 16:33:50,630 - INFO -   batch   1/381 | loss=0.0772 mse=0.0464 sym=0.0112 phy=0.0196 | 0.2s
2026-06-20 16:33:51,660 - INFO -   batch  10/381 | loss=0.0859 mse=0.0516 sym=0.0109 phy=0.0181 | 1.2s
2026-06-20 16:33:52,843 - INFO -   batch  20/381 | loss=0.1011 mse=0.0720 sym=0.0106 phy=0.0177 | 2.4s
2026-06-20 16:33:54,013 - INFO -   batch  30/381 | loss=0.0847 mse=0.0592 sym=0.0107 phy=0.0189 | 3.6s
2026-06-20 16:33:55,183 - INFO -   batch  40/381 | loss=0.0823 mse=0.0546 sym=0.0107 phy=0.0192 | 4.7s
2026-06-20 16:33:56,330 - INFO -   batch  50/381 | loss=0.0807 mse=0.0523 sym=0.0108 phy=0.0204 | 5.9s
2026-06-20 16:33:57,516 - INFO -   batch  60/381 | loss=0.0920 mse=0.0608 sym=0.0108 phy=0.0203 | 7.1s
2026-06-20 16:33:58,708 - INFO -   batch  70/381 | loss=0.0920 mse=0.0581 sym=0.0108 phy=0.0201 | 8.3s
2026-06-20 16:33:59,867 - INFO -   batch  80/381 | loss=0.0887 mse=0.0623 sym=0.0109 phy=0.0198 | 9.4s
2026-06-20 16:34:01,049 - INFO -   batch  90/381 | loss=0.0727 mse=0.0449 sym=0.0109 phy=0.0195 | 10.6s
2026-06-20 16:34:02,210 - INFO -   batch 100/381 | loss=0.0773 mse=0.0475 sym=0.0109 phy=0.0194 | 11.8s
2026-06-20 16:34:03,331 - INFO -   batch 110/381 | loss=0.0857 mse=0.0451 sym=0.0110 phy=0.0193 | 12.9s
2026-06-20 16:34:04,497 - INFO -   batch 120/381 | loss=0.0854 mse=0.0526 sym=0.0109 phy=0.0194 | 14.1s
2026-06-20 16:34:05,666 - INFO -   batch 130/381 | loss=0.0847 mse=0.0565 sym=0.0109 phy=0.0192 | 15.2s
2026-06-20 16:34:06,852 - INFO -   batch 140/381 | loss=0.0736 mse=0.0476 sym=0.0109 phy=0.0191 | 16.4s
2026-06-20 16:34:08,025 - INFO -   batch 150/381 | loss=0.0773 mse=0.0466 sym=0.0109 phy=0.0190 | 17.6s
2026-06-20 16:34:09,182 - INFO -   batch 160/381 | loss=0.0763 mse=0.0474 sym=0.0109 phy=0.0192 | 18.7s
2026-06-20 16:34:10,342 - INFO -   batch 170/381 | loss=0.0928 mse=0.0595 sym=0.0109 phy=0.0192 | 19.9s
2026-06-20 16:34:11,536 - INFO -   batch 180/381 | loss=0.0824 mse=0.0509 sym=0.0109 phy=0.0193 | 21.1s
2026-06-20 16:34:12,719 - INFO -   batch 190/381 | loss=0.0890 mse=0.0564 sym=0.0109 phy=0.0192 | 22.3s
2026-06-20 16:34:13,882 - INFO -   batch 200/381 | loss=0.0745 mse=0.0515 sym=0.0109 phy=0.0191 | 23.4s
2026-06-20 16:34:15,062 - INFO -   batch 210/381 | loss=0.0708 mse=0.0427 sym=0.0109 phy=0.0190 | 24.6s
2026-06-20 16:34:16,218 - INFO -   batch 220/381 | loss=0.0964 mse=0.0629 sym=0.0109 phy=0.0190 | 25.8s
2026-06-20 16:34:17,383 - INFO -   batch 230/381 | loss=0.0720 mse=0.0432 sym=0.0109 phy=0.0189 | 26.9s
2026-06-20 16:34:18,559 - INFO -   batch 240/381 | loss=0.0823 mse=0.0544 sym=0.0109 phy=0.0190 | 28.1s
2026-06-20 16:34:19,725 - INFO -   batch 250/381 | loss=0.0866 mse=0.0624 sym=0.0109 phy=0.0189 | 29.3s
2026-06-20 16:34:20,894 - INFO -   batch 260/381 | loss=0.0976 mse=0.0665 sym=0.0109 phy=0.0189 | 30.5s
2026-06-20 16:34:22,051 - INFO -   batch 270/381 | loss=0.0647 mse=0.0374 sym=0.0110 phy=0.0190 | 31.6s
2026-06-20 16:34:23,221 - INFO -   batch 280/381 | loss=0.1001 mse=0.0665 sym=0.0110 phy=0.0189 | 32.8s
2026-06-20 16:34:24,392 - INFO -   batch 290/381 | loss=0.0891 mse=0.0632 sym=0.0109 phy=0.0189 | 34.0s
2026-06-20 16:34:25,574 - INFO -   batch 300/381 | loss=0.0911 mse=0.0596 sym=0.0109 phy=0.0190 | 35.1s
2026-06-20 16:34:26,748 - INFO -   batch 310/381 | loss=0.0962 mse=0.0682 sym=0.0109 phy=0.0191 | 36.3s
2026-06-20 16:34:27,922 - INFO -   batch 320/381 | loss=0.0883 mse=0.0579 sym=0.0109 phy=0.0191 | 37.5s
2026-06-20 16:34:29,077 - INFO -   batch 330/381 | loss=0.0873 mse=0.0567 sym=0.0109 phy=0.0190 | 38.6s
2026-06-20 16:34:30,248 - INFO -   batch 340/381 | loss=0.0931 mse=0.0608 sym=0.0109 phy=0.0190 | 39.8s
2026-06-20 16:34:31,434 - INFO -   batch 350/381 | loss=0.0813 mse=0.0523 sym=0.0109 phy=0.0190 | 41.0s
2026-06-20 16:34:32,600 - INFO -   batch 360/381 | loss=0.0848 mse=0.0610 sym=0.0109 phy=0.0191 | 42.2s
2026-06-20 16:34:33,780 - INFO -   batch 370/381 | loss=0.0813 mse=0.0575 sym=0.0109 phy=0.0190 | 43.3s
2026-06-20 16:34:34,927 - INFO -   batch 380/381 | loss=0.0746 mse=0.0514 sym=0.0109 phy=0.0190 | 44.5s
2026-06-20 16:34:37,182 - INFO -   batch   1/381 | loss=0.0777 mse=0.0497 sym=0.0108 phy=0.0172 | 0.2s
2026-06-20 16:34:38,198 - INFO -   batch  10/381 | loss=0.0765 mse=0.0524 sym=0.0112 phy=0.0184 | 1.2s
2026-06-20 16:34:39,332 - INFO -   batch  20/381 | loss=0.0807 mse=0.0570 sym=0.0113 phy=0.0198 | 2.3s
2026-06-20 16:34:40,495 - INFO -   batch  30/381 | loss=0.0631 mse=0.0367 sym=0.0109 phy=0.0195 | 3.5s
2026-06-20 16:34:41,620 - INFO -   batch  40/381 | loss=0.0928 mse=0.0525 sym=0.0109 phy=0.0187 | 4.6s
2026-06-20 16:34:42,763 - INFO -   batch  50/381 | loss=0.0701 mse=0.0420 sym=0.0108 phy=0.0188 | 5.8s
2026-06-20 16:34:43,870 - INFO -   batch  60/381 | loss=0.0903 mse=0.0647 sym=0.0109 phy=0.0194 | 6.9s
2026-06-20 16:34:45,037 - INFO -   batch  70/381 | loss=0.0758 mse=0.0510 sym=0.0109 phy=0.0188 | 8.0s
2026-06-20 16:34:46,196 - INFO -   batch  80/381 | loss=0.0954 mse=0.0685 sym=0.0109 phy=0.0188 | 9.2s
2026-06-20 16:34:47,314 - INFO -   batch  90/381 | loss=0.0750 mse=0.0460 sym=0.0109 phy=0.0188 | 10.3s
2026-06-20 16:34:48,472 - INFO -   batch 100/381 | loss=0.0760 mse=0.0428 sym=0.0110 phy=0.0191 | 11.5s
2026-06-20 16:34:49,615 - INFO -   batch 110/381 | loss=0.0841 mse=0.0544 sym=0.0110 phy=0.0189 | 12.6s
2026-06-20 16:34:50,759 - INFO -   batch 120/381 | loss=0.0691 mse=0.0372 sym=0.0110 phy=0.0189 | 13.8s
2026-06-20 16:34:51,902 - INFO -   batch 130/381 | loss=0.0817 mse=0.0567 sym=0.0110 phy=0.0190 | 14.9s
2026-06-20 16:34:53,036 - INFO -   batch 140/381 | loss=0.0839 mse=0.0542 sym=0.0110 phy=0.0192 | 16.0s
2026-06-20 16:34:54,191 - INFO -   batch 150/381 | loss=0.0824 mse=0.0564 sym=0.0110 phy=0.0190 | 17.2s
2026-06-20 16:34:55,362 - INFO -   batch 160/381 | loss=0.0875 mse=0.0511 sym=0.0109 phy=0.0189 | 18.4s
2026-06-20 16:34:56,482 - INFO -   batch 170/381 | loss=0.0698 mse=0.0381 sym=0.0109 phy=0.0193 | 19.5s
2026-06-20 16:34:57,640 - INFO -   batch 180/381 | loss=0.0826 mse=0.0529 sym=0.0110 phy=0.0193 | 20.6s
2026-06-20 16:34:58,754 - INFO -   batch 190/381 | loss=0.0981 mse=0.0696 sym=0.0109 phy=0.0192 | 21.8s
2026-06-20 16:34:59,914 - INFO -   batch 200/381 | loss=0.0821 mse=0.0549 sym=0.0109 phy=0.0191 | 22.9s
2026-06-20 16:35:01,065 - INFO -   batch 210/381 | loss=0.0715 mse=0.0459 sym=0.0109 phy=0.0192 | 24.1s
2026-06-20 16:35:02,194 - INFO -   batch 220/381 | loss=0.0869 mse=0.0584 sym=0.0110 phy=0.0191 | 25.2s
2026-06-20 16:35:03,353 - INFO -   batch 230/381 | loss=0.0854 mse=0.0615 sym=0.0110 phy=0.0191 | 26.4s
2026-06-20 16:35:04,488 - INFO -   batch 240/381 | loss=0.0938 mse=0.0541 sym=0.0109 phy=0.0189 | 27.5s
2026-06-20 16:35:05,632 - INFO -   batch 250/381 | loss=0.0780 mse=0.0393 sym=0.0110 phy=0.0190 | 28.6s
2026-06-20 16:35:06,752 - INFO -   batch 260/381 | loss=0.0692 mse=0.0421 sym=0.0110 phy=0.0192 | 29.8s
2026-06-20 16:35:07,915 - INFO -   batch 270/381 | loss=0.0853 mse=0.0576 sym=0.0110 phy=0.0192 | 30.9s
2026-06-20 16:35:09,063 - INFO -   batch 280/381 | loss=0.0885 mse=0.0622 sym=0.0110 phy=0.0191 | 32.1s
2026-06-20 16:35:10,200 - INFO -   batch 290/381 | loss=0.0705 mse=0.0475 sym=0.0110 phy=0.0191 | 33.2s
2026-06-20 16:35:11,340 - INFO -   batch 300/381 | loss=0.0640 mse=0.0369 sym=0.0110 phy=0.0191 | 34.3s
2026-06-20 16:35:12,489 - INFO -   batch 310/381 | loss=0.0915 mse=0.0567 sym=0.0110 phy=0.0191 | 35.5s
2026-06-20 16:35:13,618 - INFO -   batch 320/381 | loss=0.0771 mse=0.0447 sym=0.0110 phy=0.0191 | 36.6s
2026-06-20 16:35:14,758 - INFO -   batch 330/381 | loss=0.0904 mse=0.0654 sym=0.0110 phy=0.0191 | 37.8s
2026-06-20 16:35:15,905 - INFO -   batch 340/381 | loss=0.0915 mse=0.0617 sym=0.0109 phy=0.0191 | 38.9s
2026-06-20 16:35:17,038 - INFO -   batch 350/381 | loss=0.0903 mse=0.0562 sym=0.0109 phy=0.0191 | 40.0s
2026-06-20 16:35:18,197 - INFO -   batch 360/381 | loss=0.0916 mse=0.0670 sym=0.0109 phy=0.0191 | 41.2s
2026-06-20 16:35:19,329 - INFO -   batch 370/381 | loss=0.0779 mse=0.0508 sym=0.0109 phy=0.0190 | 42.3s
2026-06-20 16:35:20,488 - INFO -   batch 380/381 | loss=0.0807 mse=0.0470 sym=0.0109 phy=0.0190 | 43.5s
2026-06-20 16:35:22,718 - INFO -   batch   1/381 | loss=0.0851 mse=0.0524 sym=0.0109 phy=0.0218 | 0.2s
2026-06-20 16:35:23,783 - INFO -   batch  10/381 | loss=0.0854 mse=0.0550 sym=0.0111 phy=0.0214 | 1.2s
2026-06-20 16:35:24,978 - INFO -   batch  20/381 | loss=0.0814 mse=0.0520 sym=0.0109 phy=0.0199 | 2.4s
2026-06-20 16:35:26,140 - INFO -   batch  30/381 | loss=0.0933 mse=0.0567 sym=0.0110 phy=0.0191 | 3.6s
2026-06-20 16:35:27,318 - INFO -   batch  40/381 | loss=0.1074 mse=0.0662 sym=0.0111 phy=0.0199 | 4.8s
2026-06-20 16:35:28,472 - INFO -   batch  50/381 | loss=0.1057 mse=0.0754 sym=0.0111 phy=0.0199 | 5.9s
2026-06-20 16:35:29,660 - INFO -   batch  60/381 | loss=0.0913 mse=0.0648 sym=0.0110 phy=0.0195 | 7.1s
2026-06-20 16:35:30,822 - INFO -   batch  70/381 | loss=0.0953 mse=0.0582 sym=0.0110 phy=0.0193 | 8.3s
2026-06-20 16:35:31,968 - INFO -   batch  80/381 | loss=0.0862 mse=0.0578 sym=0.0109 phy=0.0194 | 9.4s
2026-06-20 16:35:33,140 - INFO -   batch  90/381 | loss=0.0816 mse=0.0573 sym=0.0109 phy=0.0193 | 10.6s
2026-06-20 16:35:34,314 - INFO -   batch 100/381 | loss=0.0830 mse=0.0520 sym=0.0109 phy=0.0193 | 11.8s
2026-06-20 16:35:35,476 - INFO -   batch 110/381 | loss=0.0932 mse=0.0606 sym=0.0109 phy=0.0192 | 12.9s
2026-06-20 16:35:36,657 - INFO -   batch 120/381 | loss=0.0972 mse=0.0667 sym=0.0110 phy=0.0193 | 14.1s
2026-06-20 16:35:37,818 - INFO -   batch 130/381 | loss=0.0766 mse=0.0561 sym=0.0110 phy=0.0191 | 15.3s
2026-06-20 16:35:38,997 - INFO -   batch 140/381 | loss=0.1136 mse=0.0807 sym=0.0110 phy=0.0191 | 16.5s
2026-06-20 16:35:40,176 - INFO -   batch 150/381 | loss=0.1193 mse=0.0839 sym=0.0110 phy=0.0191 | 17.6s
2026-06-20 16:35:41,322 - INFO -   batch 160/381 | loss=0.0755 mse=0.0420 sym=0.0110 phy=0.0192 | 18.8s
2026-06-20 16:35:42,504 - INFO -   batch 170/381 | loss=0.0933 mse=0.0688 sym=0.0110 phy=0.0191 | 20.0s
2026-06-20 16:35:43,684 - INFO -   batch 180/381 | loss=0.0947 mse=0.0638 sym=0.0110 phy=0.0189 | 21.1s
2026-06-20 16:35:44,856 - INFO -   batch 190/381 | loss=0.0683 mse=0.0413 sym=0.0110 phy=0.0190 | 22.3s
2026-06-20 16:35:45,998 - INFO -   batch 200/381 | loss=0.0689 mse=0.0469 sym=0.0110 phy=0.0189 | 23.5s
2026-06-20 16:35:47,133 - INFO -   batch 210/381 | loss=0.0729 mse=0.0409 sym=0.0109 phy=0.0188 | 24.6s
2026-06-20 16:35:48,239 - INFO -   batch 220/381 | loss=0.0705 mse=0.0465 sym=0.0109 phy=0.0188 | 25.7s
2026-06-20 16:35:49,370 - INFO -   batch 230/381 | loss=0.1060 mse=0.0772 sym=0.0109 phy=0.0186 | 26.8s
2026-06-20 16:35:50,511 - INFO -   batch 240/381 | loss=0.0789 mse=0.0424 sym=0.0109 phy=0.0187 | 28.0s
2026-06-20 16:35:51,656 - INFO -   batch 250/381 | loss=0.0762 mse=0.0492 sym=0.0109 phy=0.0187 | 29.1s
2026-06-20 16:35:52,798 - INFO -   batch 260/381 | loss=0.0824 mse=0.0592 sym=0.0109 phy=0.0186 | 30.3s
2026-06-20 16:35:53,938 - INFO -   batch 270/381 | loss=0.0825 mse=0.0510 sym=0.0109 phy=0.0187 | 31.4s
2026-06-20 16:35:55,092 - INFO -   batch 280/381 | loss=0.0985 mse=0.0535 sym=0.0110 phy=0.0187 | 32.6s
2026-06-20 16:35:56,198 - INFO -   batch 290/381 | loss=0.0780 mse=0.0493 sym=0.0110 phy=0.0186 | 33.7s
2026-06-20 16:35:57,344 - INFO -   batch 300/381 | loss=0.1103 mse=0.0830 sym=0.0109 phy=0.0186 | 34.8s
2026-06-20 16:35:58,488 - INFO -   batch 310/381 | loss=0.0775 mse=0.0481 sym=0.0109 phy=0.0186 | 36.0s
2026-06-20 16:35:59,625 - INFO -   batch 320/381 | loss=0.0959 mse=0.0520 sym=0.0109 phy=0.0187 | 37.1s
2026-06-20 16:36:00,780 - INFO -   batch 330/381 | loss=0.1025 mse=0.0635 sym=0.0109 phy=0.0188 | 38.2s
2026-06-20 16:36:01,930 - INFO -   batch 340/381 | loss=0.0628 mse=0.0379 sym=0.0109 phy=0.0188 | 39.4s
2026-06-20 16:36:03,059 - INFO -   batch 350/381 | loss=0.0823 mse=0.0544 sym=0.0109 phy=0.0188 | 40.5s
2026-06-20 16:36:04,187 - INFO -   batch 360/381 | loss=0.0947 mse=0.0641 sym=0.0109 phy=0.0188 | 41.7s
2026-06-20 16:36:05,352 - INFO -   batch 370/381 | loss=0.0948 mse=0.0634 sym=0.0109 phy=0.0189 | 42.8s
2026-06-20 16:36:06,486 - INFO -   batch 380/381 | loss=0.0920 mse=0.0576 sym=0.0109 phy=0.0190 | 43.9s
2026-06-20 16:36:08,758 - INFO -   batch   1/381 | loss=0.0708 mse=0.0344 sym=0.0108 phy=0.0257 | 0.2s
2026-06-20 16:36:09,797 - INFO -   batch  10/381 | loss=0.0697 mse=0.0436 sym=0.0109 phy=0.0189 | 1.2s
2026-06-20 16:36:10,962 - INFO -   batch  20/381 | loss=0.0861 mse=0.0559 sym=0.0109 phy=0.0187 | 2.4s
2026-06-20 16:36:12,119 - INFO -   batch  30/381 | loss=0.0809 mse=0.0576 sym=0.0108 phy=0.0173 | 3.5s
2026-06-20 16:36:13,299 - INFO -   batch  40/381 | loss=0.0867 mse=0.0553 sym=0.0108 phy=0.0173 | 4.7s
2026-06-20 16:36:14,475 - INFO -   batch  50/381 | loss=0.0761 mse=0.0408 sym=0.0107 phy=0.0176 | 5.9s
2026-06-20 16:36:15,645 - INFO -   batch  60/381 | loss=0.0719 mse=0.0472 sym=0.0109 phy=0.0174 | 7.1s
2026-06-20 16:36:16,787 - INFO -   batch  70/381 | loss=0.0861 mse=0.0508 sym=0.0110 phy=0.0177 | 8.2s
2026-06-20 16:36:17,928 - INFO -   batch  80/381 | loss=0.0946 mse=0.0555 sym=0.0110 phy=0.0182 | 9.4s
2026-06-20 16:36:19,115 - INFO -   batch  90/381 | loss=0.0742 mse=0.0526 sym=0.0110 phy=0.0181 | 10.5s
2026-06-20 16:36:20,287 - INFO -   batch 100/381 | loss=0.0883 mse=0.0635 sym=0.0110 phy=0.0179 | 11.7s
2026-06-20 16:36:21,475 - INFO -   batch 110/381 | loss=0.0802 mse=0.0468 sym=0.0110 phy=0.0183 | 12.9s
2026-06-20 16:36:22,648 - INFO -   batch 120/381 | loss=0.0986 mse=0.0642 sym=0.0110 phy=0.0184 | 14.1s
2026-06-20 16:36:23,812 - INFO -   batch 130/381 | loss=0.0764 mse=0.0497 sym=0.0110 phy=0.0185 | 15.2s
2026-06-20 16:36:24,974 - INFO -   batch 140/381 | loss=0.0741 mse=0.0465 sym=0.0110 phy=0.0186 | 16.4s
2026-06-20 16:36:26,156 - INFO -   batch 150/381 | loss=0.0984 mse=0.0673 sym=0.0110 phy=0.0187 | 17.6s
2026-06-20 16:36:27,339 - INFO -   batch 160/381 | loss=0.0990 mse=0.0519 sym=0.0110 phy=0.0187 | 18.8s
2026-06-20 16:36:28,511 - INFO -   batch 170/381 | loss=0.0894 mse=0.0565 sym=0.0110 phy=0.0189 | 19.9s
2026-06-20 16:36:29,684 - INFO -   batch 180/381 | loss=0.0822 mse=0.0579 sym=0.0109 phy=0.0189 | 21.1s
2026-06-20 16:36:30,833 - INFO -   batch 190/381 | loss=0.0818 mse=0.0542 sym=0.0109 phy=0.0187 | 22.3s
2026-06-20 16:36:32,013 - INFO -   batch 200/381 | loss=0.0924 mse=0.0620 sym=0.0109 phy=0.0187 | 23.4s
2026-06-20 16:36:33,192 - INFO -   batch 210/381 | loss=0.0875 mse=0.0569 sym=0.0109 phy=0.0185 | 24.6s
2026-06-20 16:36:34,356 - INFO -   batch 220/381 | loss=0.0937 mse=0.0589 sym=0.0109 phy=0.0186 | 25.8s
2026-06-20 16:36:35,525 - INFO -   batch 230/381 | loss=0.0801 mse=0.0483 sym=0.0109 phy=0.0185 | 26.9s
2026-06-20 16:36:36,704 - INFO -   batch 240/381 | loss=0.0742 mse=0.0462 sym=0.0109 phy=0.0187 | 28.1s
2026-06-20 16:36:37,844 - INFO -   batch 250/381 | loss=0.0853 mse=0.0605 sym=0.0109 phy=0.0187 | 29.3s
2026-06-20 16:36:39,011 - INFO -   batch 260/381 | loss=0.0877 mse=0.0545 sym=0.0109 phy=0.0189 | 30.4s
2026-06-20 16:36:40,184 - INFO -   batch 270/381 | loss=0.0883 mse=0.0528 sym=0.0109 phy=0.0190 | 31.6s
2026-06-20 16:36:41,362 - INFO -   batch 280/381 | loss=0.0832 mse=0.0560 sym=0.0109 phy=0.0190 | 32.8s
2026-06-20 16:36:42,530 - INFO -   batch 290/381 | loss=0.0817 mse=0.0539 sym=0.0109 phy=0.0189 | 34.0s
2026-06-20 16:36:43,703 - INFO -   batch 300/381 | loss=0.1015 mse=0.0696 sym=0.0109 phy=0.0189 | 35.1s
2026-06-20 16:36:44,878 - INFO -   batch 310/381 | loss=0.1011 mse=0.0644 sym=0.0109 phy=0.0191 | 36.3s
2026-06-20 16:36:46,040 - INFO -   batch 320/381 | loss=0.0952 mse=0.0608 sym=0.0109 phy=0.0191 | 37.5s
2026-06-20 16:36:47,222 - INFO -   batch 330/381 | loss=0.0759 mse=0.0429 sym=0.0109 phy=0.0191 | 38.6s
2026-06-20 16:36:48,406 - INFO -   batch 340/381 | loss=0.0754 mse=0.0425 sym=0.0109 phy=0.0191 | 39.8s
2026-06-20 16:36:49,582 - INFO -   batch 350/381 | loss=0.0710 mse=0.0471 sym=0.0109 phy=0.0191 | 41.0s
2026-06-20 16:36:50,723 - INFO -   batch 360/381 | loss=0.0787 mse=0.0550 sym=0.0109 phy=0.0190 | 42.1s
2026-06-20 16:36:51,876 - INFO -   batch 370/381 | loss=0.0822 mse=0.0558 sym=0.0109 phy=0.0191 | 43.3s
2026-06-20 16:36:53,058 - INFO -   batch 380/381 | loss=0.0922 mse=0.0643 sym=0.0109 phy=0.0191 | 44.5s
2026-06-20 16:36:55,292 - INFO -   batch   1/381 | loss=0.0696 mse=0.0402 sym=0.0101 phy=0.0193 | 0.2s
2026-06-20 16:36:56,337 - INFO -   batch  10/381 | loss=0.0873 mse=0.0623 sym=0.0109 phy=0.0183 | 1.2s
2026-06-20 16:36:57,504 - INFO -   batch  20/381 | loss=0.0799 mse=0.0534 sym=0.0107 phy=0.0178 | 2.4s
2026-06-20 16:36:58,645 - INFO -   batch  30/381 | loss=0.1036 mse=0.0622 sym=0.0108 phy=0.0191 | 3.5s
2026-06-20 16:36:59,827 - INFO -   batch  40/381 | loss=0.0657 mse=0.0422 sym=0.0109 phy=0.0190 | 4.7s
2026-06-20 16:37:01,001 - INFO -   batch  50/381 | loss=0.0995 mse=0.0681 sym=0.0108 phy=0.0188 | 5.9s
2026-06-20 16:37:02,188 - INFO -   batch  60/381 | loss=0.0838 mse=0.0533 sym=0.0110 phy=0.0186 | 7.1s
2026-06-20 16:37:03,368 - INFO -   batch  70/381 | loss=0.1021 mse=0.0655 sym=0.0109 phy=0.0187 | 8.3s
2026-06-20 16:37:04,544 - INFO -   batch  80/381 | loss=0.0769 mse=0.0500 sym=0.0109 phy=0.0187 | 9.4s
2026-06-20 16:37:05,699 - INFO -   batch  90/381 | loss=0.0831 mse=0.0564 sym=0.0109 phy=0.0189 | 10.6s
2026-06-20 16:37:06,884 - INFO -   batch 100/381 | loss=0.0810 mse=0.0484 sym=0.0110 phy=0.0190 | 11.8s
2026-06-20 16:37:08,062 - INFO -   batch 110/381 | loss=0.0921 mse=0.0657 sym=0.0110 phy=0.0190 | 12.9s
2026-06-20 16:37:09,233 - INFO -   batch 120/381 | loss=0.0949 mse=0.0661 sym=0.0109 phy=0.0190 | 14.1s
2026-06-20 16:37:10,405 - INFO -   batch 130/381 | loss=0.0903 mse=0.0600 sym=0.0109 phy=0.0191 | 15.3s
2026-06-20 16:37:11,568 - INFO -   batch 140/381 | loss=0.0882 mse=0.0479 sym=0.0109 phy=0.0191 | 16.5s
2026-06-20 16:37:12,735 - INFO -   batch 150/381 | loss=0.0950 mse=0.0681 sym=0.0109 phy=0.0192 | 17.6s
2026-06-20 16:37:13,907 - INFO -   batch 160/381 | loss=0.1037 mse=0.0731 sym=0.0109 phy=0.0190 | 18.8s
2026-06-20 16:37:15,089 - INFO -   batch 170/381 | loss=0.0710 mse=0.0398 sym=0.0109 phy=0.0190 | 20.0s
2026-06-20 16:37:16,234 - INFO -   batch 180/381 | loss=0.0804 mse=0.0486 sym=0.0110 phy=0.0190 | 21.1s
2026-06-20 16:37:17,393 - INFO -   batch 190/381 | loss=0.0873 mse=0.0523 sym=0.0109 phy=0.0191 | 22.3s
2026-06-20 16:37:18,524 - INFO -   batch 200/381 | loss=0.0801 mse=0.0477 sym=0.0109 phy=0.0191 | 23.4s
2026-06-20 16:37:19,713 - INFO -   batch 210/381 | loss=0.0854 mse=0.0512 sym=0.0109 phy=0.0193 | 24.6s
2026-06-20 16:37:20,901 - INFO -   batch 220/381 | loss=0.0726 mse=0.0437 sym=0.0109 phy=0.0192 | 25.8s
2026-06-20 16:37:22,058 - INFO -   batch 230/381 | loss=0.0949 mse=0.0632 sym=0.0109 phy=0.0192 | 26.9s
2026-06-20 16:37:23,242 - INFO -   batch 240/381 | loss=0.0842 mse=0.0579 sym=0.0109 phy=0.0192 | 28.1s
2026-06-20 16:37:24,389 - INFO -   batch 250/381 | loss=0.0759 mse=0.0488 sym=0.0109 phy=0.0191 | 29.3s
2026-06-20 16:37:25,556 - INFO -   batch 260/381 | loss=0.0796 mse=0.0527 sym=0.0109 phy=0.0191 | 30.4s
2026-06-20 16:37:26,733 - INFO -   batch 270/381 | loss=0.0757 mse=0.0484 sym=0.0109 phy=0.0190 | 31.6s
2026-06-20 16:37:27,906 - INFO -   batch 280/381 | loss=0.0903 mse=0.0619 sym=0.0109 phy=0.0190 | 32.8s
2026-06-20 16:37:29,074 - INFO -   batch 290/381 | loss=0.0735 mse=0.0443 sym=0.0109 phy=0.0190 | 34.0s
2026-06-20 16:37:30,249 - INFO -   batch 300/381 | loss=0.0846 mse=0.0559 sym=0.0109 phy=0.0191 | 35.1s
2026-06-20 16:37:31,388 - INFO -   batch 310/381 | loss=0.0858 mse=0.0581 sym=0.0109 phy=0.0191 | 36.3s
2026-06-20 16:37:32,568 - INFO -   batch 320/381 | loss=0.0755 mse=0.0471 sym=0.0109 phy=0.0191 | 37.5s
2026-06-20 16:37:33,754 - INFO -   batch 330/381 | loss=0.0774 mse=0.0515 sym=0.0109 phy=0.0191 | 38.6s
2026-06-20 16:37:34,919 - INFO -   batch 340/381 | loss=0.0986 mse=0.0561 sym=0.0109 phy=0.0192 | 39.8s
2026-06-20 16:37:36,094 - INFO -   batch 350/381 | loss=0.0735 mse=0.0436 sym=0.0109 phy=0.0192 | 41.0s
2026-06-20 16:37:37,252 - INFO -   batch 360/381 | loss=0.0763 mse=0.0451 sym=0.0109 phy=0.0191 | 42.1s
2026-06-20 16:37:38,436 - INFO -   batch 370/381 | loss=0.0888 mse=0.0564 sym=0.0109 phy=0.0191 | 43.3s
2026-06-20 16:37:39,609 - INFO -   batch 380/381 | loss=0.0934 mse=0.0663 sym=0.0109 phy=0.0190 | 44.5s
2026-06-20 16:37:41,685 - INFO - Epoch  10/50 | Loss=0.0851 MSE=0.0552 Sym=0.0109 Phy=0.0190 | Val RMSE=0.2425 ρ=0.320 | 47s
2026-06-20 16:37:41,861 - INFO -   batch   1/381 | loss=0.0688 mse=0.0449 sym=0.0102 phy=0.0136 | 0.2s
2026-06-20 16:37:42,905 - INFO -   batch  10/381 | loss=0.0575 mse=0.0371 sym=0.0107 phy=0.0150 | 1.2s
2026-06-20 16:37:44,057 - INFO -   batch  20/381 | loss=0.0793 mse=0.0512 sym=0.0108 phy=0.0166 | 2.4s
2026-06-20 16:37:45,196 - INFO -   batch  30/381 | loss=0.0929 mse=0.0614 sym=0.0108 phy=0.0182 | 3.5s
2026-06-20 16:37:46,366 - INFO -   batch  40/381 | loss=0.0837 mse=0.0537 sym=0.0107 phy=0.0180 | 4.7s
2026-06-20 16:37:47,522 - INFO -   batch  50/381 | loss=0.0786 mse=0.0550 sym=0.0107 phy=0.0173 | 5.8s
2026-06-20 16:37:48,681 - INFO -   batch  60/381 | loss=0.0822 mse=0.0507 sym=0.0107 phy=0.0172 | 7.0s
2026-06-20 16:37:49,864 - INFO -   batch  70/381 | loss=0.0820 mse=0.0526 sym=0.0108 phy=0.0178 | 8.2s
2026-06-20 16:37:51,041 - INFO -   batch  80/381 | loss=0.0971 mse=0.0700 sym=0.0108 phy=0.0177 | 9.4s
2026-06-20 16:37:52,190 - INFO -   batch  90/381 | loss=0.0911 mse=0.0618 sym=0.0108 phy=0.0179 | 10.5s
2026-06-20 16:37:53,368 - INFO -   batch 100/381 | loss=0.0780 mse=0.0537 sym=0.0107 phy=0.0182 | 11.7s
2026-06-20 16:37:54,551 - INFO -   batch 110/381 | loss=0.0927 mse=0.0620 sym=0.0107 phy=0.0181 | 12.9s
2026-06-20 16:37:55,728 - INFO -   batch 120/381 | loss=0.0991 mse=0.0683 sym=0.0107 phy=0.0181 | 14.0s
2026-06-20 16:37:56,902 - INFO -   batch 130/381 | loss=0.0786 mse=0.0466 sym=0.0108 phy=0.0183 | 15.2s
2026-06-20 16:37:58,062 - INFO -   batch 140/381 | loss=0.0898 mse=0.0638 sym=0.0108 phy=0.0184 | 16.4s
2026-06-20 16:37:59,254 - INFO -   batch 150/381 | loss=0.0992 mse=0.0695 sym=0.0108 phy=0.0184 | 17.6s
2026-06-20 16:38:00,414 - INFO -   batch 160/381 | loss=0.0837 mse=0.0498 sym=0.0108 phy=0.0185 | 18.7s
2026-06-20 16:38:01,594 - INFO -   batch 170/381 | loss=0.0912 mse=0.0556 sym=0.0108 phy=0.0187 | 19.9s
2026-06-20 16:38:02,766 - INFO -   batch 180/381 | loss=0.0812 mse=0.0542 sym=0.0108 phy=0.0185 | 21.1s
2026-06-20 16:38:03,949 - INFO -   batch 190/381 | loss=0.0940 mse=0.0679 sym=0.0108 phy=0.0186 | 22.3s
2026-06-20 16:38:05,097 - INFO -   batch 200/381 | loss=0.0947 mse=0.0587 sym=0.0108 phy=0.0187 | 23.4s
2026-06-20 16:38:06,282 - INFO -   batch 210/381 | loss=0.0777 mse=0.0493 sym=0.0109 phy=0.0188 | 24.6s
2026-06-20 16:38:07,464 - INFO -   batch 220/381 | loss=0.0850 mse=0.0535 sym=0.0109 phy=0.0189 | 25.8s
2026-06-20 16:38:08,651 - INFO -   batch 230/381 | loss=0.0854 mse=0.0594 sym=0.0109 phy=0.0189 | 27.0s
2026-06-20 16:38:09,822 - INFO -   batch 240/381 | loss=0.0759 mse=0.0514 sym=0.0109 phy=0.0188 | 28.1s
2026-06-20 16:38:10,954 - INFO -   batch 250/381 | loss=0.0806 mse=0.0518 sym=0.0109 phy=0.0189 | 29.3s
2026-06-20 16:38:12,108 - INFO -   batch 260/381 | loss=0.0917 mse=0.0666 sym=0.0109 phy=0.0189 | 30.4s
2026-06-20 16:38:13,295 - INFO -   batch 270/381 | loss=0.0911 mse=0.0668 sym=0.0109 phy=0.0188 | 31.6s
2026-06-20 16:38:14,487 - INFO -   batch 280/381 | loss=0.0829 mse=0.0505 sym=0.0109 phy=0.0188 | 32.8s
2026-06-20 16:38:15,652 - INFO -   batch 290/381 | loss=0.0878 mse=0.0597 sym=0.0109 phy=0.0188 | 34.0s
2026-06-20 16:38:16,836 - INFO -   batch 300/381 | loss=0.0771 mse=0.0476 sym=0.0110 phy=0.0188 | 35.2s
2026-06-20 16:38:17,980 - INFO -   batch 310/381 | loss=0.0772 mse=0.0439 sym=0.0109 phy=0.0188 | 36.3s
2026-06-20 16:38:19,161 - INFO -   batch 320/381 | loss=0.0833 mse=0.0525 sym=0.0109 phy=0.0188 | 37.5s
2026-06-20 16:38:20,350 - INFO -   batch 330/381 | loss=0.0877 mse=0.0608 sym=0.0109 phy=0.0188 | 38.7s
2026-06-20 16:38:21,516 - INFO -   batch 340/381 | loss=0.0782 mse=0.0442 sym=0.0109 phy=0.0189 | 39.8s
2026-06-20 16:38:22,703 - INFO -   batch 350/381 | loss=0.0749 mse=0.0468 sym=0.0109 phy=0.0190 | 41.0s
2026-06-20 16:38:23,845 - INFO -   batch 360/381 | loss=0.0719 mse=0.0493 sym=0.0109 phy=0.0189 | 42.2s
2026-06-20 16:38:25,031 - INFO -   batch 370/381 | loss=0.0866 mse=0.0597 sym=0.0109 phy=0.0189 | 43.3s
2026-06-20 16:38:26,206 - INFO -   batch 380/381 | loss=0.0926 mse=0.0536 sym=0.0109 phy=0.0189 | 44.5s
2026-06-20 16:38:28,454 - INFO -   batch   1/381 | loss=0.0817 mse=0.0455 sym=0.0115 phy=0.0247 | 0.2s
2026-06-20 16:38:29,513 - INFO -   batch  10/381 | loss=0.0757 mse=0.0481 sym=0.0106 phy=0.0203 | 1.2s
2026-06-20 16:38:30,694 - INFO -   batch  20/381 | loss=0.0678 mse=0.0344 sym=0.0108 phy=0.0198 | 2.4s
2026-06-20 16:38:31,844 - INFO -   batch  30/381 | loss=0.0892 mse=0.0571 sym=0.0108 phy=0.0201 | 3.6s
2026-06-20 16:38:33,016 - INFO -   batch  40/381 | loss=0.0804 mse=0.0519 sym=0.0107 phy=0.0200 | 4.8s
2026-06-20 16:38:34,194 - INFO -   batch  50/381 | loss=0.0743 mse=0.0461 sym=0.0107 phy=0.0195 | 5.9s
2026-06-20 16:38:35,371 - INFO -   batch  60/381 | loss=0.0799 mse=0.0433 sym=0.0107 phy=0.0195 | 7.1s
2026-06-20 16:38:36,548 - INFO -   batch  70/381 | loss=0.0872 mse=0.0599 sym=0.0108 phy=0.0190 | 8.3s
2026-06-20 16:38:37,689 - INFO -   batch  80/381 | loss=0.0844 mse=0.0563 sym=0.0108 phy=0.0190 | 9.4s
2026-06-20 16:38:38,870 - INFO -   batch  90/381 | loss=0.0983 mse=0.0713 sym=0.0108 phy=0.0188 | 10.6s
2026-06-20 16:38:40,055 - INFO -   batch 100/381 | loss=0.0809 mse=0.0540 sym=0.0108 phy=0.0184 | 11.8s
2026-06-20 16:38:41,236 - INFO -   batch 110/381 | loss=0.0887 mse=0.0599 sym=0.0107 phy=0.0184 | 13.0s
2026-06-20 16:38:42,415 - INFO -   batch 120/381 | loss=0.0748 mse=0.0485 sym=0.0107 phy=0.0184 | 14.2s
2026-06-20 16:38:43,592 - INFO -   batch 130/381 | loss=0.0926 mse=0.0590 sym=0.0108 phy=0.0187 | 15.3s
2026-06-20 16:38:44,751 - INFO -   batch 140/381 | loss=0.0841 mse=0.0603 sym=0.0108 phy=0.0187 | 16.5s
2026-06-20 16:38:45,934 - INFO -   batch 150/381 | loss=0.1016 mse=0.0643 sym=0.0108 phy=0.0188 | 17.7s
2026-06-20 16:38:47,095 - INFO -   batch 160/381 | loss=0.0742 mse=0.0393 sym=0.0108 phy=0.0190 | 18.8s
2026-06-20 16:38:48,243 - INFO -   batch 170/381 | loss=0.0950 mse=0.0623 sym=0.0108 phy=0.0189 | 20.0s
2026-06-20 16:38:49,412 - INFO -   batch 180/381 | loss=0.0980 mse=0.0647 sym=0.0108 phy=0.0190 | 21.1s
2026-06-20 16:38:50,563 - INFO -   batch 190/381 | loss=0.0918 mse=0.0575 sym=0.0109 phy=0.0189 | 22.3s
2026-06-20 16:38:51,732 - INFO -   batch 200/381 | loss=0.0890 mse=0.0606 sym=0.0109 phy=0.0189 | 23.5s
2026-06-20 16:38:52,895 - INFO -   batch 210/381 | loss=0.0809 mse=0.0565 sym=0.0109 phy=0.0188 | 24.6s
2026-06-20 16:38:54,074 - INFO -   batch 220/381 | loss=0.0858 mse=0.0549 sym=0.0109 phy=0.0188 | 25.8s
2026-06-20 16:38:55,258 - INFO -   batch 230/381 | loss=0.0616 mse=0.0325 sym=0.0109 phy=0.0189 | 27.0s
2026-06-20 16:38:56,424 - INFO -   batch 240/381 | loss=0.0960 mse=0.0650 sym=0.0109 phy=0.0188 | 28.2s
2026-06-20 16:38:57,565 - INFO -   batch 250/381 | loss=0.0914 mse=0.0541 sym=0.0109 phy=0.0189 | 29.3s
2026-06-20 16:38:58,743 - INFO -   batch 260/381 | loss=0.0811 mse=0.0518 sym=0.0109 phy=0.0190 | 30.5s
2026-06-20 16:38:59,927 - INFO -   batch 270/381 | loss=0.0852 mse=0.0612 sym=0.0109 phy=0.0190 | 31.7s
2026-06-20 16:39:01,100 - INFO -   batch 280/381 | loss=0.1070 mse=0.0731 sym=0.0109 phy=0.0190 | 32.8s
2026-06-20 16:39:02,273 - INFO -   batch 290/381 | loss=0.0850 mse=0.0569 sym=0.0110 phy=0.0190 | 34.0s
2026-06-20 16:39:03,425 - INFO -   batch 300/381 | loss=0.1018 mse=0.0703 sym=0.0109 phy=0.0190 | 35.2s
2026-06-20 16:39:04,597 - INFO -   batch 310/381 | loss=0.0867 mse=0.0574 sym=0.0109 phy=0.0191 | 36.3s
2026-06-20 16:39:05,775 - INFO -   batch 320/381 | loss=0.0835 mse=0.0550 sym=0.0109 phy=0.0191 | 37.5s
2026-06-20 16:39:06,953 - INFO -   batch 330/381 | loss=0.0802 mse=0.0455 sym=0.0109 phy=0.0191 | 38.7s
2026-06-20 16:39:08,127 - INFO -   batch 340/381 | loss=0.0865 mse=0.0551 sym=0.0109 phy=0.0190 | 39.9s
2026-06-20 16:39:09,300 - INFO -   batch 350/381 | loss=0.0770 mse=0.0534 sym=0.0109 phy=0.0190 | 41.0s
2026-06-20 16:39:10,458 - INFO -   batch 360/381 | loss=0.0725 mse=0.0431 sym=0.0109 phy=0.0190 | 42.2s
2026-06-20 16:39:11,624 - INFO -   batch 370/381 | loss=0.0925 mse=0.0671 sym=0.0109 phy=0.0190 | 43.4s
2026-06-20 16:39:12,807 - INFO -   batch 380/381 | loss=0.0866 mse=0.0610 sym=0.0109 phy=0.0190 | 44.5s
2026-06-20 16:39:15,073 - INFO -   batch   1/381 | loss=0.0707 mse=0.0487 sym=0.0094 phy=0.0126 | 0.2s
2026-06-20 16:39:16,129 - INFO -   batch  10/381 | loss=0.0835 mse=0.0558 sym=0.0108 phy=0.0182 | 1.2s
2026-06-20 16:39:17,296 - INFO -   batch  20/381 | loss=0.0860 mse=0.0520 sym=0.0109 phy=0.0197 | 2.4s
2026-06-20 16:39:18,445 - INFO -   batch  30/381 | loss=0.0847 mse=0.0577 sym=0.0109 phy=0.0199 | 3.6s
2026-06-20 16:39:19,633 - INFO -   batch  40/381 | loss=0.0787 mse=0.0469 sym=0.0109 phy=0.0190 | 4.7s
2026-06-20 16:39:20,808 - INFO -   batch  50/381 | loss=0.0835 mse=0.0484 sym=0.0108 phy=0.0191 | 5.9s
2026-06-20 16:39:21,995 - INFO -   batch  60/381 | loss=0.0726 mse=0.0395 sym=0.0109 phy=0.0191 | 7.1s
2026-06-20 16:39:23,167 - INFO -   batch  70/381 | loss=0.0579 mse=0.0369 sym=0.0108 phy=0.0187 | 8.3s
2026-06-20 16:39:24,314 - INFO -   batch  80/381 | loss=0.0856 mse=0.0500 sym=0.0109 phy=0.0188 | 9.4s
2026-06-20 16:39:25,475 - INFO -   batch  90/381 | loss=0.0800 mse=0.0460 sym=0.0110 phy=0.0191 | 10.6s
2026-06-20 16:39:26,627 - INFO -   batch 100/381 | loss=0.0741 mse=0.0459 sym=0.0110 phy=0.0191 | 11.7s
2026-06-20 16:39:27,800 - INFO -   batch 110/381 | loss=0.0661 mse=0.0440 sym=0.0110 phy=0.0188 | 12.9s
2026-06-20 16:39:28,977 - INFO -   batch 120/381 | loss=0.1039 mse=0.0681 sym=0.0110 phy=0.0190 | 14.1s
2026-06-20 16:39:30,138 - INFO -   batch 130/381 | loss=0.0976 mse=0.0687 sym=0.0110 phy=0.0191 | 15.2s
2026-06-20 16:39:31,289 - INFO -   batch 140/381 | loss=0.0856 mse=0.0590 sym=0.0110 phy=0.0189 | 16.4s
2026-06-20 16:39:32,462 - INFO -   batch 150/381 | loss=0.0692 mse=0.0351 sym=0.0110 phy=0.0191 | 17.6s
2026-06-20 16:39:33,651 - INFO -   batch 160/381 | loss=0.0825 mse=0.0507 sym=0.0110 phy=0.0190 | 18.8s
2026-06-20 16:39:34,827 - INFO -   batch 170/381 | loss=0.1124 mse=0.0788 sym=0.0110 phy=0.0190 | 19.9s
2026-06-20 16:39:36,000 - INFO -   batch 180/381 | loss=0.0925 mse=0.0574 sym=0.0110 phy=0.0192 | 21.1s
2026-06-20 16:39:37,139 - INFO -   batch 190/381 | loss=0.0628 mse=0.0439 sym=0.0110 phy=0.0190 | 22.2s
2026-06-20 16:39:38,319 - INFO -   batch 200/381 | loss=0.0727 mse=0.0451 sym=0.0110 phy=0.0190 | 23.4s
2026-06-20 16:39:39,477 - INFO -   batch 210/381 | loss=0.0948 mse=0.0654 sym=0.0110 phy=0.0190 | 24.6s
2026-06-20 16:39:40,655 - INFO -   batch 220/381 | loss=0.0923 mse=0.0545 sym=0.0110 phy=0.0189 | 25.8s
2026-06-20 16:39:41,823 - INFO -   batch 230/381 | loss=0.0844 mse=0.0573 sym=0.0110 phy=0.0189 | 26.9s
2026-06-20 16:39:43,002 - INFO -   batch 240/381 | loss=0.0948 mse=0.0595 sym=0.0110 phy=0.0190 | 28.1s
2026-06-20 16:39:44,157 - INFO -   batch 250/381 | loss=0.0840 mse=0.0590 sym=0.0110 phy=0.0189 | 29.3s
2026-06-20 16:39:45,343 - INFO -   batch 260/381 | loss=0.0704 mse=0.0454 sym=0.0110 phy=0.0189 | 30.4s
2026-06-20 16:39:46,517 - INFO -   batch 270/381 | loss=0.0902 mse=0.0591 sym=0.0110 phy=0.0189 | 31.6s
2026-06-20 16:39:47,698 - INFO -   batch 280/381 | loss=0.0963 mse=0.0558 sym=0.0110 phy=0.0189 | 32.8s
2026-06-20 16:39:48,874 - INFO -   batch 290/381 | loss=0.0869 mse=0.0647 sym=0.0110 phy=0.0189 | 34.0s
2026-06-20 16:39:50,013 - INFO -   batch 300/381 | loss=0.0725 mse=0.0510 sym=0.0110 phy=0.0188 | 35.1s
2026-06-20 16:39:51,188 - INFO -   batch 310/381 | loss=0.0771 mse=0.0512 sym=0.0110 phy=0.0188 | 36.3s
2026-06-20 16:39:52,363 - INFO -   batch 320/381 | loss=0.1021 mse=0.0656 sym=0.0110 phy=0.0188 | 37.5s
2026-06-20 16:39:53,545 - INFO -   batch 330/381 | loss=0.0939 mse=0.0641 sym=0.0109 phy=0.0189 | 38.7s
2026-06-20 16:39:54,719 - INFO -   batch 340/381 | loss=0.0871 mse=0.0605 sym=0.0109 phy=0.0188 | 39.8s
2026-06-20 16:39:55,895 - INFO -   batch 350/381 | loss=0.0937 mse=0.0556 sym=0.0109 phy=0.0189 | 41.0s
2026-06-20 16:39:57,052 - INFO -   batch 360/381 | loss=0.1005 mse=0.0711 sym=0.0109 phy=0.0189 | 42.2s
2026-06-20 16:39:58,241 - INFO -   batch 370/381 | loss=0.0773 mse=0.0528 sym=0.0109 phy=0.0189 | 43.3s
2026-06-20 16:39:59,411 - INFO -   batch 380/381 | loss=0.0865 mse=0.0553 sym=0.0109 phy=0.0189 | 44.5s
2026-06-20 16:40:01,670 - INFO -   batch   1/381 | loss=0.0962 mse=0.0636 sym=0.0102 phy=0.0225 | 0.2s
2026-06-20 16:40:02,712 - INFO -   batch  10/381 | loss=0.0969 mse=0.0585 sym=0.0108 phy=0.0223 | 1.2s
2026-06-20 16:40:03,860 - INFO -   batch  20/381 | loss=0.0811 mse=0.0461 sym=0.0108 phy=0.0190 | 2.4s
2026-06-20 16:40:05,019 - INFO -   batch  30/381 | loss=0.0733 mse=0.0435 sym=0.0108 phy=0.0191 | 3.5s
2026-06-20 16:40:06,208 - INFO -   batch  40/381 | loss=0.0970 mse=0.0562 sym=0.0109 phy=0.0198 | 4.7s
2026-06-20 16:40:07,380 - INFO -   batch  50/381 | loss=0.0882 mse=0.0604 sym=0.0108 phy=0.0194 | 5.9s
2026-06-20 16:40:08,549 - INFO -   batch  60/381 | loss=0.1032 mse=0.0720 sym=0.0108 phy=0.0192 | 7.1s
2026-06-20 16:40:09,730 - INFO -   batch  70/381 | loss=0.0786 mse=0.0514 sym=0.0109 phy=0.0190 | 8.2s
2026-06-20 16:40:10,872 - INFO -   batch  80/381 | loss=0.0837 mse=0.0572 sym=0.0108 phy=0.0187 | 9.4s
2026-06-20 16:40:12,049 - INFO -   batch  90/381 | loss=0.0774 mse=0.0468 sym=0.0109 phy=0.0190 | 10.6s
2026-06-20 16:40:13,236 - INFO -   batch 100/381 | loss=0.0982 mse=0.0679 sym=0.0109 phy=0.0193 | 11.7s
2026-06-20 16:40:14,404 - INFO -   batch 110/381 | loss=0.0828 mse=0.0576 sym=0.0108 phy=0.0192 | 12.9s
2026-06-20 16:40:15,584 - INFO -   batch 120/381 | loss=0.0763 mse=0.0515 sym=0.0108 phy=0.0190 | 14.1s
2026-06-20 16:40:16,747 - INFO -   batch 130/381 | loss=0.0970 mse=0.0618 sym=0.0109 phy=0.0190 | 15.3s
2026-06-20 16:40:17,916 - INFO -   batch 140/381 | loss=0.0709 mse=0.0442 sym=0.0109 phy=0.0189 | 16.4s
2026-06-20 16:40:19,088 - INFO -   batch 150/381 | loss=0.0950 mse=0.0700 sym=0.0109 phy=0.0187 | 17.6s
2026-06-20 16:40:20,269 - INFO -   batch 160/381 | loss=0.0745 mse=0.0459 sym=0.0109 phy=0.0187 | 18.8s
2026-06-20 16:40:21,446 - INFO -   batch 170/381 | loss=0.0852 mse=0.0508 sym=0.0109 phy=0.0187 | 20.0s
2026-06-20 16:40:22,606 - INFO -   batch 180/381 | loss=0.0723 mse=0.0475 sym=0.0109 phy=0.0185 | 21.1s
2026-06-20 16:40:23,728 - INFO -   batch 190/381 | loss=0.0792 mse=0.0486 sym=0.0109 phy=0.0186 | 22.2s
2026-06-20 16:40:24,863 - INFO -   batch 200/381 | loss=0.0622 mse=0.0374 sym=0.0109 phy=0.0186 | 23.4s
2026-06-20 16:40:26,000 - INFO -   batch 210/381 | loss=0.0871 mse=0.0614 sym=0.0109 phy=0.0186 | 24.5s
2026-06-20 16:40:27,154 - INFO -   batch 220/381 | loss=0.0795 mse=0.0499 sym=0.0109 phy=0.0186 | 25.7s
2026-06-20 16:40:28,296 - INFO -   batch 230/381 | loss=0.0824 mse=0.0494 sym=0.0109 phy=0.0188 | 26.8s
2026-06-20 16:40:29,454 - INFO -   batch 240/381 | loss=0.0927 mse=0.0604 sym=0.0109 phy=0.0189 | 28.0s
2026-06-20 16:40:30,608 - INFO -   batch 250/381 | loss=0.0809 mse=0.0532 sym=0.0109 phy=0.0188 | 29.1s
2026-06-20 16:40:31,782 - INFO -   batch 260/381 | loss=0.0932 mse=0.0645 sym=0.0109 phy=0.0187 | 30.3s
2026-06-20 16:40:32,958 - INFO -   batch 270/381 | loss=0.0906 mse=0.0594 sym=0.0109 phy=0.0187 | 31.5s
2026-06-20 16:40:34,138 - INFO -   batch 280/381 | loss=0.0910 mse=0.0571 sym=0.0109 phy=0.0187 | 32.7s
2026-06-20 16:40:35,316 - INFO -   batch 290/381 | loss=0.0791 mse=0.0493 sym=0.0109 phy=0.0187 | 33.8s
2026-06-20 16:40:36,490 - INFO -   batch 300/381 | loss=0.0798 mse=0.0554 sym=0.0109 phy=0.0188 | 35.0s
2026-06-20 16:40:37,644 - INFO -   batch 310/381 | loss=0.0726 mse=0.0465 sym=0.0109 phy=0.0189 | 36.2s
2026-06-20 16:40:38,825 - INFO -   batch 320/381 | loss=0.0811 mse=0.0484 sym=0.0109 phy=0.0189 | 37.3s
2026-06-20 16:40:39,998 - INFO -   batch 330/381 | loss=0.0855 mse=0.0482 sym=0.0109 phy=0.0189 | 38.5s
2026-06-20 16:40:41,176 - INFO -   batch 340/381 | loss=0.0852 mse=0.0564 sym=0.0109 phy=0.0188 | 39.7s
2026-06-20 16:40:42,354 - INFO -   batch 350/381 | loss=0.0868 mse=0.0530 sym=0.0109 phy=0.0189 | 40.9s
2026-06-20 16:40:43,504 - INFO -   batch 360/381 | loss=0.0706 mse=0.0399 sym=0.0109 phy=0.0190 | 42.0s
2026-06-20 16:40:44,693 - INFO -   batch 370/381 | loss=0.1035 mse=0.0718 sym=0.0109 phy=0.0189 | 43.2s
2026-06-20 16:40:45,875 - INFO -   batch 380/381 | loss=0.0829 mse=0.0586 sym=0.0109 phy=0.0190 | 44.4s
2026-06-20 16:40:48,092 - INFO -   batch   1/381 | loss=0.0727 mse=0.0433 sym=0.0108 phy=0.0186 | 0.2s
2026-06-20 16:40:49,138 - INFO -   batch  10/381 | loss=0.0724 mse=0.0465 sym=0.0106 phy=0.0166 | 1.2s
2026-06-20 16:40:50,321 - INFO -   batch  20/381 | loss=0.0956 mse=0.0593 sym=0.0108 phy=0.0170 | 2.4s
2026-06-20 16:40:51,491 - INFO -   batch  30/381 | loss=0.0939 mse=0.0645 sym=0.0111 phy=0.0185 | 3.6s
2026-06-20 16:40:52,665 - INFO -   batch  40/381 | loss=0.0756 mse=0.0488 sym=0.0110 phy=0.0189 | 4.8s
2026-06-20 16:40:53,838 - INFO -   batch  50/381 | loss=0.0859 mse=0.0620 sym=0.0109 phy=0.0184 | 5.9s
2026-06-20 16:40:55,012 - INFO -   batch  60/381 | loss=0.0762 mse=0.0422 sym=0.0109 phy=0.0189 | 7.1s
2026-06-20 16:40:56,193 - INFO -   batch  70/381 | loss=0.0843 mse=0.0622 sym=0.0110 phy=0.0192 | 8.3s
2026-06-20 16:40:57,349 - INFO -   batch  80/381 | loss=0.0759 mse=0.0488 sym=0.0109 phy=0.0187 | 9.4s
2026-06-20 16:40:58,513 - INFO -   batch  90/381 | loss=0.0758 mse=0.0514 sym=0.0109 phy=0.0185 | 10.6s
2026-06-20 16:40:59,691 - INFO -   batch 100/381 | loss=0.0743 mse=0.0525 sym=0.0109 phy=0.0185 | 11.8s
2026-06-20 16:41:00,883 - INFO -   batch 110/381 | loss=0.0972 mse=0.0606 sym=0.0108 phy=0.0187 | 13.0s
2026-06-20 16:41:02,042 - INFO -   batch 120/381 | loss=0.0679 mse=0.0416 sym=0.0108 phy=0.0187 | 14.1s
2026-06-20 16:41:03,216 - INFO -   batch 130/381 | loss=0.0985 mse=0.0728 sym=0.0108 phy=0.0185 | 15.3s
2026-06-20 16:41:04,366 - INFO -   batch 140/381 | loss=0.0957 mse=0.0546 sym=0.0108 phy=0.0187 | 16.5s
2026-06-20 16:41:05,553 - INFO -   batch 150/381 | loss=0.0783 mse=0.0486 sym=0.0109 phy=0.0189 | 17.6s
2026-06-20 16:41:06,743 - INFO -   batch 160/381 | loss=0.0961 mse=0.0610 sym=0.0109 phy=0.0190 | 18.8s
2026-06-20 16:41:07,907 - INFO -   batch 170/381 | loss=0.0799 mse=0.0522 sym=0.0109 phy=0.0190 | 20.0s
2026-06-20 16:41:09,078 - INFO -   batch 180/381 | loss=0.0853 mse=0.0550 sym=0.0109 phy=0.0190 | 21.2s
2026-06-20 16:41:10,241 - INFO -   batch 190/381 | loss=0.0722 mse=0.0505 sym=0.0109 phy=0.0190 | 22.3s
2026-06-20 16:41:11,395 - INFO -   batch 200/381 | loss=0.1018 mse=0.0768 sym=0.0109 phy=0.0190 | 23.5s
2026-06-20 16:41:12,584 - INFO -   batch 210/381 | loss=0.0861 mse=0.0556 sym=0.0109 phy=0.0189 | 24.7s
2026-06-20 16:41:13,746 - INFO -   batch 220/381 | loss=0.0734 mse=0.0494 sym=0.0109 phy=0.0187 | 25.8s
2026-06-20 16:41:14,931 - INFO -   batch 230/381 | loss=0.0817 mse=0.0541 sym=0.0109 phy=0.0188 | 27.0s
2026-06-20 16:41:16,106 - INFO -   batch 240/381 | loss=0.0669 mse=0.0383 sym=0.0109 phy=0.0188 | 28.2s
2026-06-20 16:41:17,270 - INFO -   batch 250/381 | loss=0.0690 mse=0.0419 sym=0.0109 phy=0.0189 | 29.4s
2026-06-20 16:41:18,442 - INFO -   batch 260/381 | loss=0.1007 mse=0.0718 sym=0.0109 phy=0.0189 | 30.5s
2026-06-20 16:41:19,612 - INFO -   batch 270/381 | loss=0.1060 mse=0.0655 sym=0.0108 phy=0.0188 | 31.7s
2026-06-20 16:41:20,781 - INFO -   batch 280/381 | loss=0.0806 mse=0.0480 sym=0.0109 phy=0.0188 | 32.9s
2026-06-20 16:41:21,949 - INFO -   batch 290/381 | loss=0.0953 mse=0.0506 sym=0.0109 phy=0.0189 | 34.0s
2026-06-20 16:41:23,113 - INFO -   batch 300/381 | loss=0.0848 mse=0.0570 sym=0.0109 phy=0.0189 | 35.2s
2026-06-20 16:41:24,295 - INFO -   batch 310/381 | loss=0.0697 mse=0.0499 sym=0.0109 phy=0.0190 | 36.4s
2026-06-20 16:41:25,464 - INFO -   batch 320/381 | loss=0.0884 mse=0.0539 sym=0.0109 phy=0.0189 | 37.5s
2026-06-20 16:41:26,641 - INFO -   batch 330/381 | loss=0.0961 mse=0.0662 sym=0.0109 phy=0.0190 | 38.7s
2026-06-20 16:41:27,814 - INFO -   batch 340/381 | loss=0.0884 mse=0.0575 sym=0.0109 phy=0.0190 | 39.9s
2026-06-20 16:41:28,997 - INFO -   batch 350/381 | loss=0.1027 mse=0.0703 sym=0.0109 phy=0.0190 | 41.1s
2026-06-20 16:41:30,138 - INFO -   batch 360/381 | loss=0.0924 mse=0.0606 sym=0.0109 phy=0.0190 | 42.2s
2026-06-20 16:41:31,292 - INFO -   batch 370/381 | loss=0.0981 mse=0.0680 sym=0.0109 phy=0.0190 | 43.4s
2026-06-20 16:41:32,472 - INFO -   batch 380/381 | loss=0.0883 mse=0.0596 sym=0.0109 phy=0.0190 | 44.6s
2026-06-20 16:41:34,519 - INFO - Epoch  15/50 | Loss=0.0850 MSE=0.0551 Sym=0.0109 Phy=0.0190 | Val RMSE=0.2310 ρ=0.334 | 47s
2026-06-20 16:41:34,696 - INFO -   batch   1/381 | loss=0.1080 mse=0.0671 sym=0.0094 phy=0.0315 | 0.2s
2026-06-20 16:41:35,747 - INFO -   batch  10/381 | loss=0.1023 mse=0.0625 sym=0.0104 phy=0.0229 | 1.2s
2026-06-20 16:41:36,916 - INFO -   batch  20/381 | loss=0.0907 mse=0.0573 sym=0.0109 phy=0.0204 | 2.4s
2026-06-20 16:41:38,090 - INFO -   batch  30/381 | loss=0.0849 mse=0.0556 sym=0.0109 phy=0.0199 | 3.6s
2026-06-20 16:41:39,274 - INFO -   batch  40/381 | loss=0.0745 mse=0.0423 sym=0.0109 phy=0.0201 | 4.8s
2026-06-20 16:41:40,435 - INFO -   batch  50/381 | loss=0.0898 mse=0.0612 sym=0.0109 phy=0.0197 | 5.9s
2026-06-20 16:41:41,612 - INFO -   batch  60/381 | loss=0.0830 mse=0.0525 sym=0.0108 phy=0.0197 | 7.1s
2026-06-20 16:41:42,767 - INFO -   batch  70/381 | loss=0.0658 mse=0.0403 sym=0.0108 phy=0.0194 | 8.2s
2026-06-20 16:41:43,954 - INFO -   batch  80/381 | loss=0.0848 mse=0.0571 sym=0.0108 phy=0.0192 | 9.4s
2026-06-20 16:41:45,115 - INFO -   batch  90/381 | loss=0.1046 mse=0.0747 sym=0.0108 phy=0.0190 | 10.6s
2026-06-20 16:41:46,281 - INFO -   batch 100/381 | loss=0.0889 mse=0.0503 sym=0.0109 phy=0.0193 | 11.8s
2026-06-20 16:41:47,472 - INFO -   batch 110/381 | loss=0.0853 mse=0.0509 sym=0.0109 phy=0.0193 | 13.0s
2026-06-20 16:41:48,636 - INFO -   batch 120/381 | loss=0.0851 mse=0.0605 sym=0.0109 phy=0.0191 | 14.1s
2026-06-20 16:41:49,819 - INFO -   batch 130/381 | loss=0.0782 mse=0.0545 sym=0.0109 phy=0.0190 | 15.3s
2026-06-20 16:41:50,967 - INFO -   batch 140/381 | loss=0.0891 mse=0.0563 sym=0.0110 phy=0.0188 | 16.4s
2026-06-20 16:41:52,140 - INFO -   batch 150/381 | loss=0.1110 mse=0.0670 sym=0.0110 phy=0.0191 | 17.6s
2026-06-20 16:41:53,314 - INFO -   batch 160/381 | loss=0.0672 mse=0.0425 sym=0.0110 phy=0.0190 | 18.8s
2026-06-20 16:41:54,492 - INFO -   batch 170/381 | loss=0.0978 mse=0.0645 sym=0.0110 phy=0.0189 | 20.0s
2026-06-20 16:41:55,655 - INFO -   batch 180/381 | loss=0.0822 mse=0.0445 sym=0.0110 phy=0.0189 | 21.1s
2026-06-20 16:41:56,837 - INFO -   batch 190/381 | loss=0.0718 mse=0.0434 sym=0.0110 phy=0.0190 | 22.3s
2026-06-20 16:41:57,997 - INFO -   batch 200/381 | loss=0.0939 mse=0.0673 sym=0.0110 phy=0.0191 | 23.5s
2026-06-20 16:41:59,180 - INFO -   batch 210/381 | loss=0.0940 mse=0.0662 sym=0.0110 phy=0.0191 | 24.7s
2026-06-20 16:42:00,351 - INFO -   batch 220/381 | loss=0.0901 mse=0.0545 sym=0.0110 phy=0.0190 | 25.8s
2026-06-20 16:42:01,525 - INFO -   batch 230/381 | loss=0.0804 mse=0.0504 sym=0.0110 phy=0.0191 | 27.0s
2026-06-20 16:42:02,715 - INFO -   batch 240/381 | loss=0.0978 mse=0.0623 sym=0.0110 phy=0.0192 | 28.2s
2026-06-20 16:42:03,845 - INFO -   batch 250/381 | loss=0.0904 mse=0.0592 sym=0.0110 phy=0.0193 | 29.3s
2026-06-20 16:42:05,035 - INFO -   batch 260/381 | loss=0.0906 mse=0.0680 sym=0.0110 phy=0.0193 | 30.5s
2026-06-20 16:42:06,208 - INFO -   batch 270/381 | loss=0.0975 mse=0.0694 sym=0.0110 phy=0.0192 | 31.7s
2026-06-20 16:42:07,386 - INFO -   batch 280/381 | loss=0.0721 mse=0.0455 sym=0.0109 phy=0.0192 | 32.9s
2026-06-20 16:42:08,570 - INFO -   batch 290/381 | loss=0.0705 mse=0.0469 sym=0.0109 phy=0.0191 | 34.0s
2026-06-20 16:42:09,718 - INFO -   batch 300/381 | loss=0.0735 mse=0.0433 sym=0.0109 phy=0.0190 | 35.2s
2026-06-20 16:42:10,878 - INFO -   batch 310/381 | loss=0.0784 mse=0.0490 sym=0.0109 phy=0.0190 | 36.4s
2026-06-20 16:42:12,077 - INFO -   batch 320/381 | loss=0.0860 mse=0.0562 sym=0.0109 phy=0.0189 | 37.6s
2026-06-20 16:42:13,248 - INFO -   batch 330/381 | loss=0.0796 mse=0.0550 sym=0.0109 phy=0.0189 | 38.7s
2026-06-20 16:42:14,417 - INFO -   batch 340/381 | loss=0.1011 mse=0.0628 sym=0.0109 phy=0.0190 | 39.9s
2026-06-20 16:42:15,596 - INFO -   batch 350/381 | loss=0.0769 mse=0.0473 sym=0.0109 phy=0.0191 | 41.1s
2026-06-20 16:42:16,759 - INFO -   batch 360/381 | loss=0.0879 mse=0.0590 sym=0.0109 phy=0.0190 | 42.2s
2026-06-20 16:42:17,934 - INFO -   batch 370/381 | loss=0.0730 mse=0.0392 sym=0.0109 phy=0.0190 | 43.4s
2026-06-20 16:42:19,107 - INFO -   batch 380/381 | loss=0.0844 mse=0.0556 sym=0.0109 phy=0.0189 | 44.6s
2026-06-20 16:42:21,338 - INFO -   batch   1/381 | loss=0.0771 mse=0.0527 sym=0.0117 phy=0.0126 | 0.2s
2026-06-20 16:42:22,390 - INFO -   batch  10/381 | loss=0.0958 mse=0.0608 sym=0.0106 phy=0.0175 | 1.2s
2026-06-20 16:42:23,550 - INFO -   batch  20/381 | loss=0.0697 mse=0.0455 sym=0.0107 phy=0.0177 | 2.4s
2026-06-20 16:42:24,702 - INFO -   batch  30/381 | loss=0.0623 mse=0.0388 sym=0.0107 phy=0.0175 | 3.5s
2026-06-20 16:42:25,899 - INFO -   batch  40/381 | loss=0.0871 mse=0.0476 sym=0.0107 phy=0.0175 | 4.7s
2026-06-20 16:42:27,079 - INFO -   batch  50/381 | loss=0.0795 mse=0.0502 sym=0.0107 phy=0.0182 | 5.9s
2026-06-20 16:42:28,249 - INFO -   batch  60/381 | loss=0.0942 mse=0.0653 sym=0.0106 phy=0.0182 | 7.1s
2026-06-20 16:42:29,436 - INFO -   batch  70/381 | loss=0.0930 mse=0.0643 sym=0.0107 phy=0.0190 | 8.3s
2026-06-20 16:42:30,566 - INFO -   batch  80/381 | loss=0.1004 mse=0.0695 sym=0.0107 phy=0.0194 | 9.4s
2026-06-20 16:42:31,719 - INFO -   batch  90/381 | loss=0.0886 mse=0.0565 sym=0.0107 phy=0.0195 | 10.5s
2026-06-20 16:42:32,899 - INFO -   batch 100/381 | loss=0.0903 mse=0.0573 sym=0.0108 phy=0.0194 | 11.7s
2026-06-20 16:42:34,071 - INFO -   batch 110/381 | loss=0.1224 mse=0.0920 sym=0.0108 phy=0.0193 | 12.9s
2026-06-20 16:42:35,257 - INFO -   batch 120/381 | loss=0.0817 mse=0.0483 sym=0.0108 phy=0.0195 | 14.1s
2026-06-20 16:42:36,424 - INFO -   batch 130/381 | loss=0.0718 mse=0.0450 sym=0.0109 phy=0.0194 | 15.3s
2026-06-20 16:42:37,568 - INFO -   batch 140/381 | loss=0.0828 mse=0.0525 sym=0.0109 phy=0.0193 | 16.4s
2026-06-20 16:42:38,739 - INFO -   batch 150/381 | loss=0.1100 mse=0.0725 sym=0.0109 phy=0.0194 | 17.6s
2026-06-20 16:42:39,907 - INFO -   batch 160/381 | loss=0.0711 mse=0.0460 sym=0.0109 phy=0.0192 | 18.7s
2026-06-20 16:42:41,083 - INFO -   batch 170/381 | loss=0.0892 mse=0.0633 sym=0.0108 phy=0.0190 | 19.9s
2026-06-20 16:42:42,245 - INFO -   batch 180/381 | loss=0.0707 mse=0.0447 sym=0.0109 phy=0.0189 | 21.1s
2026-06-20 16:42:43,402 - INFO -   batch 190/381 | loss=0.0742 mse=0.0448 sym=0.0109 phy=0.0190 | 22.2s
2026-06-20 16:42:44,587 - INFO -   batch 200/381 | loss=0.0849 mse=0.0527 sym=0.0109 phy=0.0189 | 23.4s
2026-06-20 16:42:45,757 - INFO -   batch 210/381 | loss=0.0854 mse=0.0582 sym=0.0108 phy=0.0189 | 24.6s
2026-06-20 16:42:46,931 - INFO -   batch 220/381 | loss=0.1100 mse=0.0743 sym=0.0108 phy=0.0189 | 25.8s
2026-06-20 16:42:48,057 - INFO -   batch 230/381 | loss=0.0743 mse=0.0419 sym=0.0109 phy=0.0189 | 26.9s
2026-06-20 16:42:49,246 - INFO -   batch 240/381 | loss=0.0926 mse=0.0651 sym=0.0109 phy=0.0190 | 28.1s
2026-06-20 16:42:50,393 - INFO -   batch 250/381 | loss=0.0840 mse=0.0544 sym=0.0109 phy=0.0190 | 29.2s
2026-06-20 16:42:51,558 - INFO -   batch 260/381 | loss=0.0751 mse=0.0491 sym=0.0109 phy=0.0190 | 30.4s
2026-06-20 16:42:52,740 - INFO -   batch 270/381 | loss=0.0931 mse=0.0697 sym=0.0109 phy=0.0190 | 31.6s
2026-06-20 16:42:53,936 - INFO -   batch 280/381 | loss=0.0522 mse=0.0284 sym=0.0109 phy=0.0189 | 32.8s
2026-06-20 16:42:55,098 - INFO -   batch 290/381 | loss=0.0951 mse=0.0692 sym=0.0109 phy=0.0189 | 33.9s
2026-06-20 16:42:56,272 - INFO -   batch 300/381 | loss=0.0894 mse=0.0606 sym=0.0109 phy=0.0189 | 35.1s
2026-06-20 16:42:57,418 - INFO -   batch 310/381 | loss=0.0795 mse=0.0519 sym=0.0109 phy=0.0189 | 36.2s
2026-06-20 16:42:58,583 - INFO -   batch 320/381 | loss=0.0909 mse=0.0487 sym=0.0109 phy=0.0190 | 37.4s
2026-06-20 16:42:59,812 - INFO -   batch 330/381 | loss=0.0951 mse=0.0574 sym=0.0109 phy=0.0191 | 38.6s
2026-06-20 16:43:01,071 - INFO -   batch 340/381 | loss=0.0928 mse=0.0699 sym=0.0109 phy=0.0189 | 39.9s
2026-06-20 16:43:02,335 - INFO -   batch 350/381 | loss=0.0997 mse=0.0673 sym=0.0109 phy=0.0189 | 41.2s
2026-06-20 16:43:03,583 - INFO -   batch 360/381 | loss=0.0993 mse=0.0569 sym=0.0109 phy=0.0190 | 42.4s
2026-06-20 16:43:04,848 - INFO -   batch 370/381 | loss=0.0833 mse=0.0588 sym=0.0109 phy=0.0190 | 43.7s
2026-06-20 16:43:06,123 - INFO -   batch 380/381 | loss=0.0932 mse=0.0621 sym=0.0109 phy=0.0189 | 45.0s
2026-06-20 16:43:08,556 - INFO -   batch   1/381 | loss=0.0874 mse=0.0485 sym=0.0101 phy=0.0288 | 0.2s
2026-06-20 16:43:09,663 - INFO -   batch  10/381 | loss=0.0735 mse=0.0411 sym=0.0111 phy=0.0193 | 1.3s
2026-06-20 16:43:10,899 - INFO -   batch  20/381 | loss=0.0797 mse=0.0469 sym=0.0111 phy=0.0208 | 2.6s
2026-06-20 16:43:12,138 - INFO -   batch  30/381 | loss=0.1047 mse=0.0676 sym=0.0111 phy=0.0201 | 3.8s
2026-06-20 16:43:13,398 - INFO -   batch  40/381 | loss=0.0880 mse=0.0601 sym=0.0111 phy=0.0195 | 5.1s
2026-06-20 16:43:14,646 - INFO -   batch  50/381 | loss=0.0744 mse=0.0435 sym=0.0110 phy=0.0193 | 6.3s
2026-06-20 16:43:15,882 - INFO -   batch  60/381 | loss=0.0954 mse=0.0640 sym=0.0111 phy=0.0196 | 7.5s
2026-06-20 16:43:17,145 - INFO -   batch  70/381 | loss=0.1096 mse=0.0803 sym=0.0111 phy=0.0200 | 8.8s
2026-06-20 16:43:18,384 - INFO -   batch  80/381 | loss=0.0770 mse=0.0476 sym=0.0110 phy=0.0197 | 10.0s
2026-06-20 16:43:19,660 - INFO -   batch  90/381 | loss=0.1004 mse=0.0656 sym=0.0110 phy=0.0194 | 11.3s
2026-06-20 16:43:20,916 - INFO -   batch 100/381 | loss=0.0787 mse=0.0485 sym=0.0110 phy=0.0194 | 12.6s
2026-06-20 16:43:22,153 - INFO -   batch 110/381 | loss=0.0901 mse=0.0657 sym=0.0110 phy=0.0194 | 13.8s
2026-06-20 16:43:23,418 - INFO -   batch 120/381 | loss=0.0959 mse=0.0658 sym=0.0110 phy=0.0193 | 15.1s
2026-06-20 16:43:24,650 - INFO -   batch 130/381 | loss=0.0724 mse=0.0487 sym=0.0110 phy=0.0191 | 16.3s
2026-06-20 16:43:25,904 - INFO -   batch 140/381 | loss=0.0934 mse=0.0662 sym=0.0110 phy=0.0191 | 17.6s
2026-06-20 16:43:27,165 - INFO -   batch 150/381 | loss=0.0986 mse=0.0649 sym=0.0110 phy=0.0194 | 18.8s
2026-06-20 16:43:28,412 - INFO -   batch 160/381 | loss=0.0900 mse=0.0568 sym=0.0110 phy=0.0193 | 20.1s
2026-06-20 16:43:29,679 - INFO -   batch 170/381 | loss=0.0956 mse=0.0620 sym=0.0110 phy=0.0191 | 21.3s
2026-06-20 16:43:30,925 - INFO -   batch 180/381 | loss=0.0863 mse=0.0554 sym=0.0110 phy=0.0192 | 22.6s
2026-06-20 16:43:32,188 - INFO -   batch 190/381 | loss=0.1020 mse=0.0673 sym=0.0110 phy=0.0192 | 23.8s
2026-06-20 16:43:33,452 - INFO -   batch 200/381 | loss=0.0765 mse=0.0427 sym=0.0110 phy=0.0193 | 25.1s
2026-06-20 16:43:34,728 - INFO -   batch 210/381 | loss=0.0767 mse=0.0462 sym=0.0109 phy=0.0191 | 26.4s
2026-06-20 16:43:36,000 - INFO -   batch 220/381 | loss=0.0796 mse=0.0533 sym=0.0109 phy=0.0190 | 27.7s
2026-06-20 16:43:37,254 - INFO -   batch 230/381 | loss=0.0960 mse=0.0653 sym=0.0109 phy=0.0191 | 28.9s
2026-06-20 16:43:38,511 - INFO -   batch 240/381 | loss=0.1053 mse=0.0653 sym=0.0109 phy=0.0191 | 30.2s
2026-06-20 16:43:39,761 - INFO -   batch 250/381 | loss=0.0742 mse=0.0428 sym=0.0109 phy=0.0191 | 31.4s
2026-06-20 16:43:41,039 - INFO -   batch 260/381 | loss=0.0687 mse=0.0459 sym=0.0109 phy=0.0191 | 32.7s
2026-06-20 16:43:42,252 - INFO -   batch 270/381 | loss=0.0876 mse=0.0598 sym=0.0109 phy=0.0191 | 33.9s
2026-06-20 16:43:43,533 - INFO -   batch 280/381 | loss=0.0745 mse=0.0430 sym=0.0109 phy=0.0192 | 35.2s
2026-06-20 16:43:44,804 - INFO -   batch 290/381 | loss=0.0894 mse=0.0589 sym=0.0109 phy=0.0191 | 36.5s
2026-06-20 16:43:46,074 - INFO -   batch 300/381 | loss=0.0901 mse=0.0613 sym=0.0109 phy=0.0190 | 37.7s
2026-06-20 16:43:47,338 - INFO -   batch 310/381 | loss=0.0902 mse=0.0556 sym=0.0109 phy=0.0190 | 39.0s
2026-06-20 16:43:48,592 - INFO -   batch 320/381 | loss=0.0795 mse=0.0505 sym=0.0109 phy=0.0190 | 40.3s
2026-06-20 16:43:49,837 - INFO -   batch 330/381 | loss=0.0921 mse=0.0665 sym=0.0109 phy=0.0189 | 41.5s
2026-06-20 16:43:51,059 - INFO -   batch 340/381 | loss=0.0722 mse=0.0360 sym=0.0109 phy=0.0189 | 42.7s
2026-06-20 16:43:52,332 - INFO -   batch 350/381 | loss=0.0799 mse=0.0468 sym=0.0109 phy=0.0189 | 44.0s
2026-06-20 16:43:53,594 - INFO -   batch 360/381 | loss=0.0943 mse=0.0694 sym=0.0109 phy=0.0190 | 45.3s
2026-06-20 16:43:54,835 - INFO -   batch 370/381 | loss=0.0906 mse=0.0613 sym=0.0109 phy=0.0190 | 46.5s
2026-06-20 16:43:56,062 - INFO -   batch 380/381 | loss=0.0927 mse=0.0628 sym=0.0109 phy=0.0190 | 47.7s
2026-06-20 16:43:58,486 - INFO -   batch   1/381 | loss=0.0828 mse=0.0529 sym=0.0095 phy=0.0204 | 0.2s
2026-06-20 16:43:59,603 - INFO -   batch  10/381 | loss=0.0698 mse=0.0371 sym=0.0106 phy=0.0169 | 1.3s
2026-06-20 16:44:00,840 - INFO -   batch  20/381 | loss=0.0845 mse=0.0620 sym=0.0105 phy=0.0192 | 2.6s
2026-06-20 16:44:02,103 - INFO -   batch  30/381 | loss=0.0792 mse=0.0462 sym=0.0105 phy=0.0185 | 3.8s
2026-06-20 16:44:03,360 - INFO -   batch  40/381 | loss=0.0861 mse=0.0604 sym=0.0107 phy=0.0179 | 5.1s
2026-06-20 16:44:04,640 - INFO -   batch  50/381 | loss=0.0689 mse=0.0387 sym=0.0106 phy=0.0187 | 6.4s
2026-06-20 16:44:05,903 - INFO -   batch  60/381 | loss=0.0961 mse=0.0654 sym=0.0107 phy=0.0187 | 7.6s
2026-06-20 16:44:07,175 - INFO -   batch  70/381 | loss=0.0793 mse=0.0487 sym=0.0107 phy=0.0182 | 8.9s
2026-06-20 16:44:08,418 - INFO -   batch  80/381 | loss=0.0714 mse=0.0434 sym=0.0108 phy=0.0184 | 10.1s
2026-06-20 16:44:09,662 - INFO -   batch  90/381 | loss=0.0946 mse=0.0525 sym=0.0109 phy=0.0188 | 11.4s
2026-06-20 16:44:10,900 - INFO -   batch 100/381 | loss=0.0858 mse=0.0584 sym=0.0109 phy=0.0185 | 12.6s
2026-06-20 16:44:12,140 - INFO -   batch 110/381 | loss=0.0745 mse=0.0441 sym=0.0108 phy=0.0184 | 13.9s
2026-06-20 16:44:13,414 - INFO -   batch 120/381 | loss=0.0758 mse=0.0445 sym=0.0108 phy=0.0185 | 15.1s
2026-06-20 16:44:14,668 - INFO -   batch 130/381 | loss=0.0718 mse=0.0318 sym=0.0108 phy=0.0187 | 16.4s
2026-06-20 16:44:15,917 - INFO -   batch 140/381 | loss=0.0675 mse=0.0358 sym=0.0108 phy=0.0187 | 17.6s
2026-06-20 16:44:17,153 - INFO -   batch 150/381 | loss=0.0699 mse=0.0443 sym=0.0108 phy=0.0188 | 18.9s
2026-06-20 16:44:18,411 - INFO -   batch 160/381 | loss=0.0784 mse=0.0499 sym=0.0108 phy=0.0190 | 20.1s
2026-06-20 16:44:19,662 - INFO -   batch 170/381 | loss=0.0802 mse=0.0563 sym=0.0108 phy=0.0190 | 21.4s
2026-06-20 16:44:20,872 - INFO -   batch 180/381 | loss=0.0782 mse=0.0537 sym=0.0108 phy=0.0190 | 22.6s
2026-06-20 16:44:22,114 - INFO -   batch 190/381 | loss=0.0988 mse=0.0576 sym=0.0108 phy=0.0190 | 23.8s
2026-06-20 16:44:23,370 - INFO -   batch 200/381 | loss=0.0935 mse=0.0543 sym=0.0108 phy=0.0193 | 25.1s
2026-06-20 16:44:24,642 - INFO -   batch 210/381 | loss=0.0708 mse=0.0446 sym=0.0108 phy=0.0192 | 26.4s
2026-06-20 16:44:25,862 - INFO -   batch 220/381 | loss=0.1065 mse=0.0756 sym=0.0109 phy=0.0192 | 27.6s
2026-06-20 16:44:27,136 - INFO -   batch 230/381 | loss=0.0841 mse=0.0573 sym=0.0109 phy=0.0191 | 28.9s
2026-06-20 16:44:28,405 - INFO -   batch 240/381 | loss=0.0776 mse=0.0482 sym=0.0109 phy=0.0191 | 30.1s
2026-06-20 16:44:29,660 - INFO -   batch 250/381 | loss=0.0910 mse=0.0649 sym=0.0109 phy=0.0189 | 31.4s
2026-06-20 16:44:30,900 - INFO -   batch 260/381 | loss=0.0880 mse=0.0571 sym=0.0109 phy=0.0189 | 32.6s
2026-06-20 16:44:32,163 - INFO -   batch 270/381 | loss=0.0911 mse=0.0626 sym=0.0109 phy=0.0189 | 33.9s
2026-06-20 16:44:33,424 - INFO -   batch 280/381 | loss=0.0857 mse=0.0610 sym=0.0109 phy=0.0189 | 35.1s
2026-06-20 16:44:34,641 - INFO -   batch 290/381 | loss=0.0834 mse=0.0552 sym=0.0109 phy=0.0188 | 36.4s
2026-06-20 16:44:35,864 - INFO -   batch 300/381 | loss=0.0830 mse=0.0575 sym=0.0109 phy=0.0188 | 37.6s
2026-06-20 16:44:37,126 - INFO -   batch 310/381 | loss=0.0949 mse=0.0638 sym=0.0109 phy=0.0189 | 38.8s
2026-06-20 16:44:38,350 - INFO -   batch 320/381 | loss=0.0999 mse=0.0707 sym=0.0109 phy=0.0188 | 40.1s
2026-06-20 16:44:39,607 - INFO -   batch 330/381 | loss=0.0968 mse=0.0624 sym=0.0109 phy=0.0187 | 41.3s
2026-06-20 16:44:40,888 - INFO -   batch 340/381 | loss=0.0856 mse=0.0472 sym=0.0109 phy=0.0188 | 42.6s
2026-06-20 16:44:42,154 - INFO -   batch 350/381 | loss=0.0806 mse=0.0476 sym=0.0109 phy=0.0188 | 43.9s
2026-06-20 16:44:43,437 - INFO -   batch 360/381 | loss=0.0862 mse=0.0555 sym=0.0109 phy=0.0189 | 45.2s
2026-06-20 16:44:44,691 - INFO -   batch 370/381 | loss=0.0889 mse=0.0596 sym=0.0109 phy=0.0189 | 46.4s
2026-06-20 16:44:45,920 - INFO -   batch 380/381 | loss=0.0861 mse=0.0566 sym=0.0109 phy=0.0189 | 47.6s
2026-06-20 16:44:48,413 - INFO -   batch   1/381 | loss=0.0725 mse=0.0372 sym=0.0118 phy=0.0234 | 0.2s
2026-06-20 16:44:49,544 - INFO -   batch  10/381 | loss=0.0756 mse=0.0405 sym=0.0111 phy=0.0214 | 1.3s
2026-06-20 16:44:50,797 - INFO -   batch  20/381 | loss=0.0816 mse=0.0532 sym=0.0111 phy=0.0213 | 2.6s
2026-06-20 16:44:52,055 - INFO -   batch  30/381 | loss=0.0818 mse=0.0484 sym=0.0111 phy=0.0213 | 3.8s
2026-06-20 16:44:53,316 - INFO -   batch  40/381 | loss=0.0956 mse=0.0644 sym=0.0112 phy=0.0210 | 5.1s
2026-06-20 16:44:54,556 - INFO -   batch  50/381 | loss=0.0747 mse=0.0473 sym=0.0112 phy=0.0211 | 6.3s
2026-06-20 16:44:55,818 - INFO -   batch  60/381 | loss=0.0681 mse=0.0420 sym=0.0112 phy=0.0207 | 7.6s
2026-06-20 16:44:57,070 - INFO -   batch  70/381 | loss=0.0991 mse=0.0722 sym=0.0111 phy=0.0201 | 8.9s
2026-06-20 16:44:58,340 - INFO -   batch  80/381 | loss=0.0954 mse=0.0686 sym=0.0111 phy=0.0196 | 10.1s
2026-06-20 16:44:59,583 - INFO -   batch  90/381 | loss=0.0779 mse=0.0501 sym=0.0111 phy=0.0200 | 11.4s
2026-06-20 16:45:00,865 - INFO -   batch 100/381 | loss=0.0764 mse=0.0471 sym=0.0111 phy=0.0199 | 12.7s
2026-06-20 16:45:02,110 - INFO -   batch 110/381 | loss=0.0937 mse=0.0656 sym=0.0110 phy=0.0199 | 13.9s
2026-06-20 16:45:03,359 - INFO -   batch 120/381 | loss=0.0826 mse=0.0535 sym=0.0111 phy=0.0202 | 15.2s
2026-06-20 16:45:04,600 - INFO -   batch 130/381 | loss=0.0702 mse=0.0413 sym=0.0111 phy=0.0202 | 16.4s
2026-06-20 16:45:05,841 - INFO -   batch 140/381 | loss=0.0831 mse=0.0529 sym=0.0110 phy=0.0201 | 17.6s
2026-06-20 16:45:07,120 - INFO -   batch 150/381 | loss=0.0831 mse=0.0532 sym=0.0110 phy=0.0197 | 18.9s
2026-06-20 16:45:08,359 - INFO -   batch 160/381 | loss=0.0877 mse=0.0580 sym=0.0110 phy=0.0198 | 20.2s
2026-06-20 16:45:09,638 - INFO -   batch 170/381 | loss=0.0796 mse=0.0500 sym=0.0110 phy=0.0197 | 21.4s
2026-06-20 16:45:10,907 - INFO -   batch 180/381 | loss=0.0868 mse=0.0609 sym=0.0110 phy=0.0195 | 22.7s
2026-06-20 16:45:12,181 - INFO -   batch 190/381 | loss=0.0796 mse=0.0540 sym=0.0110 phy=0.0195 | 24.0s
2026-06-20 16:45:13,432 - INFO -   batch 200/381 | loss=0.0899 mse=0.0526 sym=0.0110 phy=0.0195 | 25.2s
2026-06-20 16:45:14,681 - INFO -   batch 210/381 | loss=0.0849 mse=0.0566 sym=0.0110 phy=0.0195 | 26.5s
2026-06-20 16:45:15,895 - INFO -   batch 220/381 | loss=0.0798 mse=0.0504 sym=0.0110 phy=0.0194 | 27.7s
2026-06-20 16:45:17,139 - INFO -   batch 230/381 | loss=0.0684 mse=0.0407 sym=0.0110 phy=0.0192 | 28.9s
2026-06-20 16:45:18,354 - INFO -   batch 240/381 | loss=0.0766 mse=0.0498 sym=0.0110 phy=0.0193 | 30.1s
2026-06-20 16:45:19,614 - INFO -   batch 250/381 | loss=0.0747 mse=0.0511 sym=0.0109 phy=0.0191 | 31.4s
2026-06-20 16:45:20,846 - INFO -   batch 260/381 | loss=0.0888 mse=0.0547 sym=0.0110 phy=0.0191 | 32.6s
2026-06-20 16:45:22,077 - INFO -   batch 270/381 | loss=0.0649 mse=0.0336 sym=0.0110 phy=0.0191 | 33.9s
2026-06-20 16:45:23,305 - INFO -   batch 280/381 | loss=0.0984 mse=0.0572 sym=0.0109 phy=0.0191 | 35.1s
2026-06-20 16:45:24,551 - INFO -   batch 290/381 | loss=0.0715 mse=0.0429 sym=0.0109 phy=0.0191 | 36.3s
2026-06-20 16:45:25,798 - INFO -   batch 300/381 | loss=0.0676 mse=0.0465 sym=0.0109 phy=0.0190 | 37.6s
2026-06-20 16:45:27,067 - INFO -   batch 310/381 | loss=0.0996 mse=0.0673 sym=0.0109 phy=0.0190 | 38.9s
2026-06-20 16:45:28,329 - INFO -   batch 320/381 | loss=0.0946 mse=0.0649 sym=0.0109 phy=0.0190 | 40.1s
2026-06-20 16:45:29,585 - INFO -   batch 330/381 | loss=0.1044 mse=0.0654 sym=0.0109 phy=0.0190 | 41.4s
2026-06-20 16:45:30,844 - INFO -   batch 340/381 | loss=0.0877 mse=0.0581 sym=0.0109 phy=0.0190 | 42.6s
2026-06-20 16:45:32,086 - INFO -   batch 350/381 | loss=0.0872 mse=0.0612 sym=0.0109 phy=0.0189 | 43.9s
2026-06-20 16:45:33,332 - INFO -   batch 360/381 | loss=0.0789 mse=0.0408 sym=0.0109 phy=0.0190 | 45.1s
2026-06-20 16:45:34,615 - INFO -   batch 370/381 | loss=0.0806 mse=0.0535 sym=0.0109 phy=0.0189 | 46.4s
2026-06-20 16:45:35,884 - INFO -   batch 380/381 | loss=0.0995 mse=0.0691 sym=0.0109 phy=0.0189 | 47.7s
2026-06-20 16:45:38,125 - INFO - Epoch  20/50 | Loss=0.0848 MSE=0.0550 Sym=0.0109 Phy=0.0189 | Val RMSE=0.2345 ρ=0.337 | 50s
2026-06-20 16:45:38,300 - INFO -   batch   1/381 | loss=0.0747 mse=0.0409 sym=0.0113 phy=0.0224 | 0.2s
2026-06-20 16:45:39,409 - INFO -   batch  10/381 | loss=0.1056 mse=0.0745 sym=0.0104 phy=0.0211 | 1.3s
2026-06-20 16:45:40,678 - INFO -   batch  20/381 | loss=0.0941 mse=0.0670 sym=0.0104 phy=0.0186 | 2.6s
2026-06-20 16:45:41,928 - INFO -   batch  30/381 | loss=0.0881 mse=0.0555 sym=0.0106 phy=0.0185 | 3.8s
2026-06-20 16:45:43,193 - INFO -   batch  40/381 | loss=0.0733 mse=0.0462 sym=0.0108 phy=0.0182 | 5.1s
2026-06-20 16:45:44,443 - INFO -   batch  50/381 | loss=0.1064 mse=0.0742 sym=0.0109 phy=0.0185 | 6.3s
2026-06-20 16:45:45,699 - INFO -   batch  60/381 | loss=0.0889 mse=0.0602 sym=0.0109 phy=0.0182 | 7.6s
2026-06-20 16:45:46,913 - INFO -   batch  70/381 | loss=0.0788 mse=0.0544 sym=0.0110 phy=0.0186 | 8.8s
2026-06-20 16:45:48,127 - INFO -   batch  80/381 | loss=0.0911 mse=0.0529 sym=0.0110 phy=0.0189 | 10.0s
2026-06-20 16:45:49,395 - INFO -   batch  90/381 | loss=0.0773 mse=0.0461 sym=0.0109 phy=0.0188 | 11.3s
2026-06-20 16:45:50,658 - INFO -   batch 100/381 | loss=0.0797 mse=0.0506 sym=0.0108 phy=0.0186 | 12.5s
2026-06-20 16:45:51,938 - INFO -   batch 110/381 | loss=0.0773 mse=0.0436 sym=0.0109 phy=0.0187 | 13.8s
2026-06-20 16:45:53,195 - INFO -   batch 120/381 | loss=0.0718 mse=0.0439 sym=0.0109 phy=0.0186 | 15.1s
2026-06-20 16:45:54,473 - INFO -   batch 130/381 | loss=0.0963 mse=0.0633 sym=0.0108 phy=0.0187 | 16.3s
2026-06-20 16:45:55,715 - INFO -   batch 140/381 | loss=0.0728 mse=0.0433 sym=0.0109 phy=0.0186 | 17.6s
2026-06-20 16:45:56,942 - INFO -   batch 150/381 | loss=0.0850 mse=0.0515 sym=0.0109 phy=0.0189 | 18.8s
2026-06-20 16:45:58,182 - INFO -   batch 160/381 | loss=0.0708 mse=0.0411 sym=0.0109 phy=0.0189 | 20.1s
2026-06-20 16:45:59,466 - INFO -   batch 170/381 | loss=0.0829 mse=0.0529 sym=0.0109 phy=0.0187 | 21.3s
2026-06-20 16:46:00,708 - INFO -   batch 180/381 | loss=0.0896 mse=0.0573 sym=0.0109 phy=0.0188 | 22.6s
2026-06-20 16:46:01,930 - INFO -   batch 190/381 | loss=0.0703 mse=0.0466 sym=0.0109 phy=0.0188 | 23.8s
2026-06-20 16:46:03,191 - INFO -   batch 200/381 | loss=0.0834 mse=0.0564 sym=0.0109 phy=0.0186 | 25.1s
2026-06-20 16:46:04,473 - INFO -   batch 210/381 | loss=0.0842 mse=0.0574 sym=0.0109 phy=0.0187 | 26.3s
2026-06-20 16:46:05,702 - INFO -   batch 220/381 | loss=0.0766 mse=0.0515 sym=0.0109 phy=0.0188 | 27.6s
2026-06-20 16:46:06,947 - INFO -   batch 230/381 | loss=0.1004 mse=0.0768 sym=0.0109 phy=0.0187 | 28.8s
2026-06-20 16:46:08,183 - INFO -   batch 240/381 | loss=0.1016 mse=0.0719 sym=0.0109 phy=0.0188 | 30.1s
2026-06-20 16:46:09,450 - INFO -   batch 250/381 | loss=0.0776 mse=0.0484 sym=0.0109 phy=0.0188 | 31.3s
2026-06-20 16:46:10,690 - INFO -   batch 260/381 | loss=0.1026 mse=0.0711 sym=0.0109 phy=0.0188 | 32.6s
2026-06-20 16:46:11,951 - INFO -   batch 270/381 | loss=0.0817 mse=0.0529 sym=0.0109 phy=0.0188 | 33.8s
2026-06-20 16:46:13,220 - INFO -   batch 280/381 | loss=0.0866 mse=0.0632 sym=0.0109 phy=0.0188 | 35.1s
2026-06-20 16:46:14,484 - INFO -   batch 290/381 | loss=0.0685 mse=0.0414 sym=0.0109 phy=0.0187 | 36.4s
2026-06-20 16:46:15,774 - INFO -   batch 300/381 | loss=0.0773 mse=0.0497 sym=0.0109 phy=0.0187 | 37.6s
2026-06-20 16:46:17,022 - INFO -   batch 310/381 | loss=0.1072 mse=0.0761 sym=0.0109 phy=0.0187 | 38.9s
2026-06-20 16:46:18,287 - INFO -   batch 320/381 | loss=0.0813 mse=0.0527 sym=0.0109 phy=0.0187 | 40.2s
2026-06-20 16:46:19,506 - INFO -   batch 330/381 | loss=0.0803 mse=0.0504 sym=0.0109 phy=0.0188 | 41.4s
2026-06-20 16:46:20,768 - INFO -   batch 340/381 | loss=0.0882 mse=0.0635 sym=0.0109 phy=0.0188 | 42.6s
2026-06-20 16:46:22,009 - INFO -   batch 350/381 | loss=0.0815 mse=0.0555 sym=0.0109 phy=0.0187 | 43.9s
2026-06-20 16:46:23,274 - INFO -   batch 360/381 | loss=0.0616 mse=0.0355 sym=0.0109 phy=0.0188 | 45.1s
2026-06-20 16:46:24,558 - INFO -   batch 370/381 | loss=0.0974 mse=0.0686 sym=0.0109 phy=0.0188 | 46.4s
2026-06-20 16:46:25,821 - INFO -   batch 380/381 | loss=0.0856 mse=0.0556 sym=0.0109 phy=0.0188 | 47.7s
2026-06-20 16:46:28,206 - INFO -   batch   1/381 | loss=0.0820 mse=0.0505 sym=0.0118 phy=0.0196 | 0.2s
2026-06-20 16:46:29,339 - INFO -   batch  10/381 | loss=0.0881 mse=0.0586 sym=0.0112 phy=0.0208 | 1.3s
2026-06-20 16:46:30,601 - INFO -   batch  20/381 | loss=0.0845 mse=0.0555 sym=0.0110 phy=0.0195 | 2.6s
2026-06-20 16:46:31,814 - INFO -   batch  30/381 | loss=0.0966 mse=0.0651 sym=0.0110 phy=0.0188 | 3.8s
2026-06-20 16:46:33,059 - INFO -   batch  40/381 | loss=0.0968 mse=0.0705 sym=0.0110 phy=0.0177 | 5.0s
2026-06-20 16:46:34,340 - INFO -   batch  50/381 | loss=0.0650 mse=0.0383 sym=0.0111 phy=0.0179 | 6.3s
2026-06-20 16:46:35,581 - INFO -   batch  60/381 | loss=0.0848 mse=0.0602 sym=0.0111 phy=0.0181 | 7.6s
2026-06-20 16:46:36,844 - INFO -   batch  70/381 | loss=0.0962 mse=0.0708 sym=0.0110 phy=0.0181 | 8.8s
2026-06-20 16:46:38,106 - INFO -   batch  80/381 | loss=0.0948 mse=0.0654 sym=0.0110 phy=0.0184 | 10.1s
2026-06-20 16:46:39,371 - INFO -   batch  90/381 | loss=0.0889 mse=0.0664 sym=0.0110 phy=0.0180 | 11.4s
2026-06-20 16:46:40,618 - INFO -   batch 100/381 | loss=0.0834 mse=0.0493 sym=0.0110 phy=0.0180 | 12.6s
2026-06-20 16:46:41,873 - INFO -   batch 110/381 | loss=0.0744 mse=0.0427 sym=0.0111 phy=0.0181 | 13.9s
2026-06-20 16:46:43,135 - INFO -   batch 120/381 | loss=0.0708 mse=0.0446 sym=0.0111 phy=0.0180 | 15.1s
2026-06-20 16:46:44,379 - INFO -   batch 130/381 | loss=0.0538 mse=0.0285 sym=0.0111 phy=0.0183 | 16.4s
2026-06-20 16:46:45,649 - INFO -   batch 140/381 | loss=0.0924 mse=0.0605 sym=0.0110 phy=0.0183 | 17.6s
2026-06-20 16:46:46,890 - INFO -   batch 150/381 | loss=0.0894 mse=0.0575 sym=0.0110 phy=0.0183 | 18.9s
2026-06-20 16:46:48,151 - INFO -   batch 160/381 | loss=0.0907 mse=0.0595 sym=0.0110 phy=0.0184 | 20.1s
2026-06-20 16:46:49,396 - INFO -   batch 170/381 | loss=0.0823 mse=0.0592 sym=0.0110 phy=0.0183 | 21.4s
2026-06-20 16:46:50,646 - INFO -   batch 180/381 | loss=0.0791 mse=0.0547 sym=0.0110 phy=0.0182 | 22.6s
2026-06-20 16:46:51,891 - INFO -   batch 190/381 | loss=0.0757 mse=0.0517 sym=0.0110 phy=0.0183 | 23.9s
2026-06-20 16:46:53,148 - INFO -   batch 200/381 | loss=0.0662 mse=0.0414 sym=0.0109 phy=0.0182 | 25.1s
2026-06-20 16:46:54,408 - INFO -   batch 210/381 | loss=0.1048 mse=0.0711 sym=0.0109 phy=0.0181 | 26.4s
2026-06-20 16:46:55,642 - INFO -   batch 220/381 | loss=0.0876 mse=0.0556 sym=0.0109 phy=0.0183 | 27.6s
2026-06-20 16:46:56,923 - INFO -   batch 230/381 | loss=0.0734 mse=0.0381 sym=0.0109 phy=0.0185 | 28.9s
2026-06-20 16:46:58,191 - INFO -   batch 240/381 | loss=0.0823 mse=0.0516 sym=0.0109 phy=0.0185 | 30.2s
2026-06-20 16:46:59,459 - INFO -   batch 250/381 | loss=0.0888 mse=0.0573 sym=0.0109 phy=0.0186 | 31.4s
2026-06-20 16:47:00,689 - INFO -   batch 260/381 | loss=0.0813 mse=0.0541 sym=0.0109 phy=0.0187 | 32.7s
2026-06-20 16:47:01,910 - INFO -   batch 270/381 | loss=0.0851 mse=0.0546 sym=0.0109 phy=0.0187 | 33.9s
2026-06-20 16:47:03,155 - INFO -   batch 280/381 | loss=0.0862 mse=0.0616 sym=0.0109 phy=0.0187 | 35.1s
2026-06-20 16:47:04,380 - INFO -   batch 290/381 | loss=0.0808 mse=0.0536 sym=0.0109 phy=0.0187 | 36.4s
2026-06-20 16:47:05,606 - INFO -   batch 300/381 | loss=0.0623 mse=0.0342 sym=0.0109 phy=0.0187 | 37.6s
2026-06-20 16:47:06,873 - INFO -   batch 310/381 | loss=0.0932 mse=0.0613 sym=0.0109 phy=0.0188 | 38.9s
2026-06-20 16:47:08,144 - INFO -   batch 320/381 | loss=0.0723 mse=0.0476 sym=0.0109 phy=0.0188 | 40.1s
2026-06-20 16:47:09,388 - INFO -   batch 330/381 | loss=0.1022 mse=0.0706 sym=0.0109 phy=0.0187 | 41.4s
2026-06-20 16:47:10,665 - INFO -   batch 340/381 | loss=0.0873 mse=0.0585 sym=0.0109 phy=0.0187 | 42.6s
2026-06-20 16:47:11,908 - INFO -   batch 350/381 | loss=0.0899 mse=0.0603 sym=0.0109 phy=0.0188 | 43.9s
2026-06-20 16:47:13,152 - INFO -   batch 360/381 | loss=0.0920 mse=0.0559 sym=0.0109 phy=0.0188 | 45.1s
2026-06-20 16:47:14,418 - INFO -   batch 370/381 | loss=0.0812 mse=0.0544 sym=0.0109 phy=0.0188 | 46.4s
2026-06-20 16:47:15,687 - INFO -   batch 380/381 | loss=0.0774 mse=0.0405 sym=0.0109 phy=0.0189 | 47.7s
2026-06-20 16:47:18,172 - INFO -   batch   1/381 | loss=0.0951 mse=0.0621 sym=0.0109 phy=0.0221 | 0.2s
2026-06-20 16:47:19,296 - INFO -   batch  10/381 | loss=0.0767 mse=0.0491 sym=0.0110 phy=0.0182 | 1.3s
2026-06-20 16:47:20,526 - INFO -   batch  20/381 | loss=0.0857 mse=0.0473 sym=0.0107 phy=0.0179 | 2.6s
2026-06-20 16:47:21,794 - INFO -   batch  30/381 | loss=0.0893 mse=0.0524 sym=0.0108 phy=0.0194 | 3.8s
2026-06-20 16:47:23,056 - INFO -   batch  40/381 | loss=0.0828 mse=0.0585 sym=0.0110 phy=0.0188 | 5.1s
2026-06-20 16:47:24,312 - INFO -   batch  50/381 | loss=0.0729 mse=0.0455 sym=0.0110 phy=0.0189 | 6.3s
2026-06-20 16:47:25,561 - INFO -   batch  60/381 | loss=0.0942 mse=0.0608 sym=0.0110 phy=0.0187 | 7.6s
2026-06-20 16:47:26,813 - INFO -   batch  70/381 | loss=0.0961 mse=0.0605 sym=0.0110 phy=0.0184 | 8.8s
2026-06-20 16:47:28,051 - INFO -   batch  80/381 | loss=0.0882 mse=0.0546 sym=0.0109 phy=0.0184 | 10.1s
2026-06-20 16:47:29,311 - INFO -   batch  90/381 | loss=0.0927 mse=0.0660 sym=0.0109 phy=0.0183 | 11.3s
2026-06-20 16:47:30,604 - INFO -   batch 100/381 | loss=0.0739 mse=0.0448 sym=0.0109 phy=0.0183 | 12.6s
2026-06-20 16:47:31,862 - INFO -   batch 110/381 | loss=0.0910 mse=0.0616 sym=0.0109 phy=0.0185 | 13.9s
2026-06-20 16:47:33,136 - INFO -   batch 120/381 | loss=0.0880 mse=0.0634 sym=0.0109 phy=0.0184 | 15.2s
2026-06-20 16:47:34,377 - INFO -   batch 130/381 | loss=0.0959 mse=0.0627 sym=0.0109 phy=0.0184 | 16.4s
2026-06-20 16:47:35,618 - INFO -   batch 140/381 | loss=0.0835 mse=0.0527 sym=0.0109 phy=0.0186 | 17.7s
2026-06-20 16:47:36,842 - INFO -   batch 150/381 | loss=0.0833 mse=0.0585 sym=0.0109 phy=0.0188 | 18.9s
2026-06-20 16:47:38,091 - INFO -   batch 160/381 | loss=0.0693 mse=0.0413 sym=0.0109 phy=0.0190 | 20.1s
2026-06-20 16:47:39,331 - INFO -   batch 170/381 | loss=0.0744 mse=0.0510 sym=0.0109 phy=0.0189 | 21.4s
2026-06-20 16:47:40,593 - INFO -   batch 180/381 | loss=0.0743 mse=0.0503 sym=0.0109 phy=0.0189 | 22.6s
2026-06-20 16:47:41,861 - INFO -   batch 190/381 | loss=0.0870 mse=0.0603 sym=0.0109 phy=0.0188 | 23.9s
2026-06-20 16:47:43,101 - INFO -   batch 200/381 | loss=0.0745 mse=0.0487 sym=0.0109 phy=0.0188 | 25.1s
2026-06-20 16:47:44,375 - INFO -   batch 210/381 | loss=0.0955 mse=0.0629 sym=0.0109 phy=0.0190 | 26.4s
2026-06-20 16:47:45,647 - INFO -   batch 220/381 | loss=0.0984 mse=0.0682 sym=0.0109 phy=0.0190 | 27.7s
2026-06-20 16:47:46,904 - INFO -   batch 230/381 | loss=0.0773 mse=0.0508 sym=0.0109 phy=0.0190 | 28.9s
2026-06-20 16:47:48,130 - INFO -   batch 240/381 | loss=0.0772 mse=0.0478 sym=0.0109 phy=0.0189 | 30.2s
2026-06-20 16:47:49,358 - INFO -   batch 250/381 | loss=0.0979 mse=0.0631 sym=0.0109 phy=0.0189 | 31.4s
2026-06-20 16:47:50,618 - INFO -   batch 260/381 | loss=0.0776 mse=0.0513 sym=0.0109 phy=0.0188 | 32.7s
2026-06-20 16:47:51,867 - INFO -   batch 270/381 | loss=0.0817 mse=0.0558 sym=0.0109 phy=0.0187 | 33.9s
2026-06-20 16:47:53,114 - INFO -   batch 280/381 | loss=0.0884 mse=0.0553 sym=0.0110 phy=0.0188 | 35.2s
2026-06-20 16:47:54,383 - INFO -   batch 290/381 | loss=0.0944 mse=0.0658 sym=0.0110 phy=0.0188 | 36.4s
2026-06-20 16:47:55,656 - INFO -   batch 300/381 | loss=0.0836 mse=0.0598 sym=0.0110 phy=0.0188 | 37.7s
2026-06-20 16:47:56,891 - INFO -   batch 310/381 | loss=0.0610 mse=0.0325 sym=0.0110 phy=0.0188 | 38.9s
2026-06-20 16:47:58,142 - INFO -   batch 320/381 | loss=0.0906 mse=0.0542 sym=0.0110 phy=0.0188 | 40.2s
2026-06-20 16:47:59,413 - INFO -   batch 330/381 | loss=0.1023 mse=0.0618 sym=0.0110 phy=0.0189 | 41.4s
2026-06-20 16:48:00,675 - INFO -   batch 340/381 | loss=0.0733 mse=0.0470 sym=0.0109 phy=0.0188 | 42.7s
2026-06-20 16:48:01,924 - INFO -   batch 350/381 | loss=0.0739 mse=0.0477 sym=0.0109 phy=0.0188 | 44.0s
2026-06-20 16:48:03,163 - INFO -   batch 360/381 | loss=0.0824 mse=0.0495 sym=0.0109 phy=0.0188 | 45.2s
2026-06-20 16:48:04,434 - INFO -   batch 370/381 | loss=0.0797 mse=0.0520 sym=0.0109 phy=0.0188 | 46.5s
2026-06-20 16:48:05,707 - INFO -   batch 380/381 | loss=0.0793 mse=0.0524 sym=0.0109 phy=0.0188 | 47.7s
2026-06-20 16:48:08,091 - INFO -   batch   1/381 | loss=0.0789 mse=0.0480 sym=0.0109 phy=0.0200 | 0.2s
2026-06-20 16:48:09,253 - INFO -   batch  10/381 | loss=0.0940 mse=0.0569 sym=0.0108 phy=0.0193 | 1.4s
2026-06-20 16:48:10,516 - INFO -   batch  20/381 | loss=0.0787 mse=0.0518 sym=0.0105 phy=0.0179 | 2.6s
2026-06-20 16:48:11,746 - INFO -   batch  30/381 | loss=0.0961 mse=0.0638 sym=0.0107 phy=0.0177 | 3.8s
2026-06-20 16:48:12,988 - INFO -   batch  40/381 | loss=0.0808 mse=0.0494 sym=0.0108 phy=0.0187 | 5.1s
2026-06-20 16:48:14,242 - INFO -   batch  50/381 | loss=0.0738 mse=0.0464 sym=0.0109 phy=0.0189 | 6.3s
2026-06-20 16:48:15,480 - INFO -   batch  60/381 | loss=0.0862 mse=0.0613 sym=0.0110 phy=0.0189 | 7.6s
2026-06-20 16:48:16,754 - INFO -   batch  70/381 | loss=0.1035 mse=0.0724 sym=0.0110 phy=0.0186 | 8.9s
2026-06-20 16:48:18,017 - INFO -   batch  80/381 | loss=0.1010 mse=0.0741 sym=0.0110 phy=0.0187 | 10.1s
2026-06-20 16:48:19,279 - INFO -   batch  90/381 | loss=0.0802 mse=0.0508 sym=0.0110 phy=0.0186 | 11.4s
2026-06-20 16:48:20,541 - INFO -   batch 100/381 | loss=0.0859 mse=0.0616 sym=0.0109 phy=0.0186 | 12.6s
2026-06-20 16:48:21,800 - INFO -   batch 110/381 | loss=0.0771 mse=0.0513 sym=0.0109 phy=0.0184 | 13.9s
2026-06-20 16:48:23,065 - INFO -   batch 120/381 | loss=0.0750 mse=0.0503 sym=0.0109 phy=0.0183 | 15.2s
2026-06-20 16:48:24,356 - INFO -   batch 130/381 | loss=0.0894 mse=0.0565 sym=0.0109 phy=0.0184 | 16.5s
2026-06-20 16:48:25,617 - INFO -   batch 140/381 | loss=0.0816 mse=0.0476 sym=0.0109 phy=0.0183 | 17.7s
2026-06-20 16:48:26,889 - INFO -   batch 150/381 | loss=0.0881 mse=0.0608 sym=0.0109 phy=0.0184 | 19.0s
2026-06-20 16:48:28,149 - INFO -   batch 160/381 | loss=0.1020 mse=0.0670 sym=0.0109 phy=0.0186 | 20.3s
2026-06-20 16:48:29,419 - INFO -   batch 170/381 | loss=0.0935 mse=0.0603 sym=0.0110 phy=0.0186 | 21.5s
2026-06-20 16:48:30,633 - INFO -   batch 180/381 | loss=0.0766 mse=0.0469 sym=0.0110 phy=0.0187 | 22.7s
2026-06-20 16:48:31,901 - INFO -   batch 190/381 | loss=0.0783 mse=0.0533 sym=0.0110 phy=0.0188 | 24.0s
2026-06-20 16:48:33,144 - INFO -   batch 200/381 | loss=0.0757 mse=0.0495 sym=0.0110 phy=0.0190 | 25.2s
2026-06-20 16:48:34,394 - INFO -   batch 210/381 | loss=0.1051 mse=0.0707 sym=0.0110 phy=0.0191 | 26.5s
2026-06-20 16:48:35,657 - INFO -   batch 220/381 | loss=0.0826 mse=0.0557 sym=0.0110 phy=0.0189 | 27.8s
2026-06-20 16:48:36,914 - INFO -   batch 230/381 | loss=0.0717 mse=0.0433 sym=0.0110 phy=0.0189 | 29.0s
2026-06-20 16:48:38,164 - INFO -   batch 240/381 | loss=0.0833 mse=0.0554 sym=0.0110 phy=0.0189 | 30.3s
2026-06-20 16:48:39,425 - INFO -   batch 250/381 | loss=0.0801 mse=0.0585 sym=0.0110 phy=0.0188 | 31.5s
2026-06-20 16:48:40,689 - INFO -   batch 260/381 | loss=0.0790 mse=0.0512 sym=0.0110 phy=0.0189 | 32.8s
2026-06-20 16:48:41,958 - INFO -   batch 270/381 | loss=0.0764 mse=0.0503 sym=0.0110 phy=0.0189 | 34.1s
2026-06-20 16:48:43,229 - INFO -   batch 280/381 | loss=0.0935 mse=0.0647 sym=0.0110 phy=0.0189 | 35.3s
2026-06-20 16:48:44,495 - INFO -   batch 290/381 | loss=0.1067 mse=0.0721 sym=0.0110 phy=0.0189 | 36.6s
2026-06-20 16:48:45,713 - INFO -   batch 300/381 | loss=0.0927 mse=0.0657 sym=0.0110 phy=0.0188 | 37.8s
2026-06-20 16:48:46,960 - INFO -   batch 310/381 | loss=0.0704 mse=0.0452 sym=0.0110 phy=0.0189 | 39.1s
2026-06-20 16:48:48,207 - INFO -   batch 320/381 | loss=0.0906 mse=0.0586 sym=0.0109 phy=0.0188 | 40.3s
2026-06-20 16:48:49,488 - INFO -   batch 330/381 | loss=0.0922 mse=0.0640 sym=0.0109 phy=0.0188 | 41.6s
2026-06-20 16:48:50,714 - INFO -   batch 340/381 | loss=0.0992 mse=0.0725 sym=0.0109 phy=0.0188 | 42.8s
2026-06-20 16:48:51,976 - INFO -   batch 350/381 | loss=0.0938 mse=0.0670 sym=0.0109 phy=0.0187 | 44.1s
2026-06-20 16:48:53,228 - INFO -   batch 360/381 | loss=0.0789 mse=0.0487 sym=0.0109 phy=0.0187 | 45.3s
2026-06-20 16:48:54,471 - INFO -   batch 370/381 | loss=0.1120 mse=0.0619 sym=0.0109 phy=0.0189 | 46.6s
2026-06-20 16:48:55,716 - INFO -   batch 380/381 | loss=0.0791 mse=0.0537 sym=0.0109 phy=0.0188 | 47.8s
2026-06-20 16:48:58,118 - INFO -   batch   1/381 | loss=0.0730 mse=0.0501 sym=0.0108 phy=0.0121 | 0.2s
2026-06-20 16:48:59,225 - INFO -   batch  10/381 | loss=0.0857 mse=0.0422 sym=0.0109 phy=0.0198 | 1.3s
2026-06-20 16:49:00,455 - INFO -   batch  20/381 | loss=0.0688 mse=0.0399 sym=0.0112 phy=0.0192 | 2.5s
2026-06-20 16:49:01,736 - INFO -   batch  30/381 | loss=0.0783 mse=0.0492 sym=0.0113 phy=0.0199 | 3.8s
2026-06-20 16:49:03,010 - INFO -   batch  40/381 | loss=0.0868 mse=0.0571 sym=0.0112 phy=0.0194 | 5.1s
2026-06-20 16:49:04,251 - INFO -   batch  50/381 | loss=0.0719 mse=0.0473 sym=0.0111 phy=0.0194 | 6.3s
2026-06-20 16:49:05,479 - INFO -   batch  60/381 | loss=0.0835 mse=0.0497 sym=0.0109 phy=0.0196 | 7.6s
2026-06-20 16:49:06,718 - INFO -   batch  70/381 | loss=0.0812 mse=0.0517 sym=0.0109 phy=0.0196 | 8.8s
2026-06-20 16:49:07,983 - INFO -   batch  80/381 | loss=0.0741 mse=0.0454 sym=0.0109 phy=0.0196 | 10.1s
2026-06-20 16:49:09,245 - INFO -   batch  90/381 | loss=0.0870 mse=0.0605 sym=0.0109 phy=0.0193 | 11.3s
2026-06-20 16:49:10,488 - INFO -   batch 100/381 | loss=0.1053 mse=0.0735 sym=0.0109 phy=0.0191 | 12.6s
2026-06-20 16:49:11,768 - INFO -   batch 110/381 | loss=0.0750 mse=0.0403 sym=0.0109 phy=0.0190 | 13.9s
2026-06-20 16:49:13,030 - INFO -   batch 120/381 | loss=0.0798 mse=0.0496 sym=0.0110 phy=0.0191 | 15.1s
2026-06-20 16:49:14,296 - INFO -   batch 130/381 | loss=0.0747 mse=0.0474 sym=0.0110 phy=0.0190 | 16.4s
2026-06-20 16:49:15,556 - INFO -   batch 140/381 | loss=0.0723 mse=0.0505 sym=0.0110 phy=0.0188 | 17.6s
2026-06-20 16:49:16,803 - INFO -   batch 150/381 | loss=0.0700 mse=0.0435 sym=0.0110 phy=0.0188 | 18.9s
2026-06-20 16:49:18,062 - INFO -   batch 160/381 | loss=0.0851 mse=0.0591 sym=0.0109 phy=0.0189 | 20.2s
2026-06-20 16:49:19,309 - INFO -   batch 170/381 | loss=0.1047 mse=0.0680 sym=0.0109 phy=0.0189 | 21.4s
2026-06-20 16:49:20,563 - INFO -   batch 180/381 | loss=0.0716 mse=0.0409 sym=0.0110 phy=0.0191 | 22.7s
2026-06-20 16:49:21,826 - INFO -   batch 190/381 | loss=0.0874 mse=0.0585 sym=0.0110 phy=0.0192 | 23.9s
2026-06-20 16:49:23,086 - INFO -   batch 200/381 | loss=0.0972 mse=0.0719 sym=0.0110 phy=0.0192 | 25.2s
2026-06-20 16:49:24,285 - INFO -   batch 210/381 | loss=0.1026 mse=0.0732 sym=0.0110 phy=0.0192 | 26.4s
2026-06-20 16:49:25,546 - INFO -   batch 220/381 | loss=0.0847 mse=0.0594 sym=0.0109 phy=0.0192 | 27.6s
2026-06-20 16:49:26,773 - INFO -   batch 230/381 | loss=0.0950 mse=0.0606 sym=0.0109 phy=0.0192 | 28.9s
2026-06-20 16:49:28,028 - INFO -   batch 240/381 | loss=0.0785 mse=0.0586 sym=0.0109 phy=0.0191 | 30.1s
2026-06-20 16:49:29,284 - INFO -   batch 250/381 | loss=0.0893 mse=0.0646 sym=0.0109 phy=0.0190 | 31.4s
2026-06-20 16:49:30,512 - INFO -   batch 260/381 | loss=0.0864 mse=0.0477 sym=0.0109 phy=0.0189 | 32.6s
2026-06-20 16:49:31,760 - INFO -   batch 270/381 | loss=0.1027 mse=0.0765 sym=0.0109 phy=0.0188 | 33.9s
2026-06-20 16:49:32,993 - INFO -   batch 280/381 | loss=0.0929 mse=0.0635 sym=0.0109 phy=0.0188 | 35.1s
2026-06-20 16:49:34,247 - INFO -   batch 290/381 | loss=0.0979 mse=0.0668 sym=0.0110 phy=0.0188 | 36.3s
2026-06-20 16:49:35,505 - INFO -   batch 300/381 | loss=0.0836 mse=0.0535 sym=0.0109 phy=0.0188 | 37.6s
2026-06-20 16:49:36,709 - INFO -   batch 310/381 | loss=0.0911 mse=0.0539 sym=0.0109 phy=0.0188 | 38.8s
2026-06-20 16:49:37,977 - INFO -   batch 320/381 | loss=0.0780 mse=0.0539 sym=0.0109 phy=0.0188 | 40.1s
2026-06-20 16:49:39,187 - INFO -   batch 330/381 | loss=0.0891 mse=0.0545 sym=0.0109 phy=0.0189 | 41.3s
2026-06-20 16:49:40,472 - INFO -   batch 340/381 | loss=0.0897 mse=0.0655 sym=0.0109 phy=0.0188 | 42.6s
2026-06-20 16:49:41,716 - INFO -   batch 350/381 | loss=0.0901 mse=0.0630 sym=0.0109 phy=0.0188 | 43.8s
2026-06-20 16:49:42,970 - INFO -   batch 360/381 | loss=0.0945 mse=0.0646 sym=0.0109 phy=0.0189 | 45.1s
2026-06-20 16:49:44,225 - INFO -   batch 370/381 | loss=0.0733 mse=0.0482 sym=0.0109 phy=0.0189 | 46.3s
2026-06-20 16:49:45,481 - INFO -   batch 380/381 | loss=0.0741 mse=0.0469 sym=0.0109 phy=0.0188 | 47.6s
2026-06-20 16:49:47,657 - INFO - Epoch  25/50 | Loss=0.0846 MSE=0.0549 Sym=0.0109 Phy=0.0188 | Val RMSE=0.2336 ρ=0.337 | 50s
2026-06-20 16:49:47,886 - INFO -   batch   1/381 | loss=0.0969 mse=0.0637 sym=0.0110 phy=0.0221 | 0.2s
2026-06-20 16:49:49,002 - INFO -   batch  10/381 | loss=0.0794 mse=0.0507 sym=0.0110 phy=0.0189 | 1.3s
2026-06-20 16:49:50,276 - INFO -   batch  20/381 | loss=0.0629 mse=0.0353 sym=0.0111 phy=0.0192 | 2.6s
2026-06-20 16:49:51,519 - INFO -   batch  30/381 | loss=0.0800 mse=0.0541 sym=0.0112 phy=0.0194 | 3.9s
2026-06-20 16:49:52,776 - INFO -   batch  40/381 | loss=0.1029 mse=0.0674 sym=0.0112 phy=0.0190 | 5.1s
2026-06-20 16:49:54,006 - INFO -   batch  50/381 | loss=0.0869 mse=0.0633 sym=0.0112 phy=0.0187 | 6.3s
2026-06-20 16:49:55,264 - INFO -   batch  60/381 | loss=0.0860 mse=0.0554 sym=0.0111 phy=0.0186 | 7.6s
2026-06-20 16:49:56,511 - INFO -   batch  70/381 | loss=0.0861 mse=0.0629 sym=0.0111 phy=0.0184 | 8.9s
2026-06-20 16:49:57,777 - INFO -   batch  80/381 | loss=0.1095 mse=0.0756 sym=0.0110 phy=0.0185 | 10.1s
2026-06-20 16:49:58,988 - INFO -   batch  90/381 | loss=0.0807 mse=0.0547 sym=0.0110 phy=0.0187 | 11.3s
2026-06-20 16:50:00,221 - INFO -   batch 100/381 | loss=0.0730 mse=0.0440 sym=0.0110 phy=0.0188 | 12.6s
2026-06-20 16:50:01,379 - INFO -   batch 110/381 | loss=0.0864 mse=0.0479 sym=0.0109 phy=0.0188 | 13.7s
2026-06-20 16:50:02,551 - INFO -   batch 120/381 | loss=0.0771 mse=0.0499 sym=0.0110 phy=0.0187 | 14.9s
2026-06-20 16:50:03,707 - INFO -   batch 130/381 | loss=0.0766 mse=0.0369 sym=0.0110 phy=0.0189 | 16.0s
2026-06-20 16:50:04,853 - INFO -   batch 140/381 | loss=0.0885 mse=0.0558 sym=0.0110 phy=0.0191 | 17.2s
2026-06-20 16:50:06,022 - INFO -   batch 150/381 | loss=0.0713 mse=0.0494 sym=0.0110 phy=0.0189 | 18.4s
2026-06-20 16:50:07,206 - INFO -   batch 160/381 | loss=0.0713 mse=0.0413 sym=0.0110 phy=0.0187 | 19.5s
2026-06-20 16:50:08,373 - INFO -   batch 170/381 | loss=0.0864 mse=0.0605 sym=0.0109 phy=0.0187 | 20.7s
2026-06-20 16:50:09,556 - INFO -   batch 180/381 | loss=0.0939 mse=0.0575 sym=0.0109 phy=0.0189 | 21.9s
2026-06-20 16:50:10,719 - INFO -   batch 190/381 | loss=0.0924 mse=0.0669 sym=0.0109 phy=0.0187 | 23.1s
2026-06-20 16:50:11,886 - INFO -   batch 200/381 | loss=0.0894 mse=0.0609 sym=0.0109 phy=0.0187 | 24.2s
2026-06-20 16:50:13,076 - INFO -   batch 210/381 | loss=0.0811 mse=0.0449 sym=0.0109 phy=0.0189 | 25.4s
2026-06-20 16:50:14,241 - INFO -   batch 220/381 | loss=0.0958 mse=0.0626 sym=0.0109 phy=0.0189 | 26.6s
2026-06-20 16:50:15,407 - INFO -   batch 230/381 | loss=0.1076 mse=0.0771 sym=0.0109 phy=0.0188 | 27.7s
2026-06-20 16:50:16,572 - INFO -   batch 240/381 | loss=0.0831 mse=0.0575 sym=0.0109 phy=0.0188 | 28.9s
2026-06-20 16:50:17,723 - INFO -   batch 250/381 | loss=0.0846 mse=0.0586 sym=0.0109 phy=0.0188 | 30.1s
2026-06-20 16:50:18,917 - INFO -   batch 260/381 | loss=0.0839 mse=0.0542 sym=0.0109 phy=0.0188 | 31.3s
2026-06-20 16:50:20,108 - INFO -   batch 270/381 | loss=0.0911 mse=0.0663 sym=0.0109 phy=0.0187 | 32.5s
2026-06-20 16:50:21,275 - INFO -   batch 280/381 | loss=0.0896 mse=0.0563 sym=0.0109 phy=0.0187 | 33.6s
2026-06-20 16:50:22,442 - INFO -   batch 290/381 | loss=0.1013 mse=0.0669 sym=0.0109 phy=0.0188 | 34.8s
2026-06-20 16:50:23,588 - INFO -   batch 300/381 | loss=0.0779 mse=0.0515 sym=0.0109 phy=0.0189 | 35.9s
2026-06-20 16:50:24,761 - INFO -   batch 310/381 | loss=0.0747 mse=0.0502 sym=0.0109 phy=0.0189 | 37.1s
2026-06-20 16:50:25,946 - INFO -   batch 320/381 | loss=0.0907 mse=0.0614 sym=0.0109 phy=0.0189 | 38.3s
2026-06-20 16:50:27,096 - INFO -   batch 330/381 | loss=0.0751 mse=0.0503 sym=0.0109 phy=0.0188 | 39.4s
2026-06-20 16:50:28,258 - INFO -   batch 340/381 | loss=0.0759 mse=0.0510 sym=0.0109 phy=0.0188 | 40.6s
2026-06-20 16:50:29,416 - INFO -   batch 350/381 | loss=0.0738 mse=0.0424 sym=0.0109 phy=0.0187 | 41.8s
2026-06-20 16:50:30,577 - INFO -   batch 360/381 | loss=0.0749 mse=0.0526 sym=0.0109 phy=0.0188 | 42.9s
2026-06-20 16:50:31,760 - INFO -   batch 370/381 | loss=0.0639 mse=0.0353 sym=0.0109 phy=0.0188 | 44.1s
2026-06-20 16:50:32,937 - INFO -   batch 380/381 | loss=0.0782 mse=0.0484 sym=0.0109 phy=0.0188 | 45.3s
2026-06-20 16:50:35,211 - INFO -   batch   1/381 | loss=0.0754 mse=0.0445 sym=0.0103 phy=0.0206 | 0.2s
2026-06-20 16:50:36,263 - INFO -   batch  10/381 | loss=0.0891 mse=0.0621 sym=0.0107 phy=0.0171 | 1.2s
2026-06-20 16:50:37,428 - INFO -   batch  20/381 | loss=0.0713 mse=0.0471 sym=0.0110 phy=0.0171 | 2.4s
2026-06-20 16:50:38,559 - INFO -   batch  30/381 | loss=0.0703 mse=0.0410 sym=0.0109 phy=0.0174 | 3.5s
2026-06-20 16:50:39,743 - INFO -   batch  40/381 | loss=0.0868 mse=0.0603 sym=0.0111 phy=0.0174 | 4.7s
2026-06-20 16:50:40,931 - INFO -   batch  50/381 | loss=0.0900 mse=0.0547 sym=0.0111 phy=0.0177 | 5.9s
2026-06-20 16:50:42,100 - INFO -   batch  60/381 | loss=0.0693 mse=0.0444 sym=0.0111 phy=0.0179 | 7.1s
2026-06-20 16:50:43,274 - INFO -   batch  70/381 | loss=0.0840 mse=0.0588 sym=0.0111 phy=0.0186 | 8.2s
2026-06-20 16:50:44,442 - INFO -   batch  80/381 | loss=0.0806 mse=0.0535 sym=0.0111 phy=0.0185 | 9.4s
2026-06-20 16:50:45,602 - INFO -   batch  90/381 | loss=0.0981 mse=0.0710 sym=0.0110 phy=0.0183 | 10.6s
2026-06-20 16:50:46,785 - INFO -   batch 100/381 | loss=0.0872 mse=0.0541 sym=0.0110 phy=0.0188 | 11.7s
2026-06-20 16:50:47,950 - INFO -   batch 110/381 | loss=0.0744 mse=0.0483 sym=0.0110 phy=0.0188 | 12.9s
2026-06-20 16:50:49,138 - INFO -   batch 120/381 | loss=0.0848 mse=0.0590 sym=0.0110 phy=0.0188 | 14.1s
2026-06-20 16:50:50,314 - INFO -   batch 130/381 | loss=0.0783 mse=0.0532 sym=0.0110 phy=0.0186 | 15.3s
2026-06-20 16:50:51,468 - INFO -   batch 140/381 | loss=0.0837 mse=0.0546 sym=0.0110 phy=0.0187 | 16.4s
2026-06-20 16:50:52,637 - INFO -   batch 150/381 | loss=0.0800 mse=0.0568 sym=0.0110 phy=0.0184 | 17.6s
2026-06-20 16:50:53,804 - INFO -   batch 160/381 | loss=0.0775 mse=0.0515 sym=0.0110 phy=0.0184 | 18.8s
2026-06-20 16:50:54,981 - INFO -   batch 170/381 | loss=0.0733 mse=0.0459 sym=0.0110 phy=0.0184 | 19.9s
2026-06-20 16:50:56,149 - INFO -   batch 180/381 | loss=0.0873 mse=0.0535 sym=0.0110 phy=0.0185 | 21.1s
2026-06-20 16:50:57,329 - INFO -   batch 190/381 | loss=0.1042 mse=0.0630 sym=0.0110 phy=0.0188 | 22.3s
2026-06-20 16:50:58,509 - INFO -   batch 200/381 | loss=0.0813 mse=0.0561 sym=0.0110 phy=0.0189 | 23.5s
2026-06-20 16:50:59,674 - INFO -   batch 210/381 | loss=0.0984 mse=0.0675 sym=0.0110 phy=0.0188 | 24.6s
2026-06-20 16:51:00,851 - INFO -   batch 220/381 | loss=0.0819 mse=0.0563 sym=0.0110 phy=0.0188 | 25.8s
2026-06-20 16:51:02,014 - INFO -   batch 230/381 | loss=0.0755 mse=0.0443 sym=0.0109 phy=0.0188 | 27.0s
2026-06-20 16:51:03,201 - INFO -   batch 240/381 | loss=0.0724 mse=0.0497 sym=0.0109 phy=0.0188 | 28.2s
2026-06-20 16:51:04,349 - INFO -   batch 250/381 | loss=0.0856 mse=0.0544 sym=0.0109 phy=0.0187 | 29.3s
2026-06-20 16:51:05,526 - INFO -   batch 260/381 | loss=0.0733 mse=0.0501 sym=0.0109 phy=0.0188 | 30.5s
2026-06-20 16:51:06,703 - INFO -   batch 270/381 | loss=0.0984 mse=0.0591 sym=0.0109 phy=0.0188 | 31.7s
2026-06-20 16:51:07,890 - INFO -   batch 280/381 | loss=0.0751 mse=0.0485 sym=0.0109 phy=0.0188 | 32.9s
2026-06-20 16:51:09,067 - INFO -   batch 290/381 | loss=0.0964 mse=0.0698 sym=0.0109 phy=0.0188 | 34.0s
2026-06-20 16:51:10,240 - INFO -   batch 300/381 | loss=0.0836 mse=0.0546 sym=0.0109 phy=0.0187 | 35.2s
2026-06-20 16:51:11,397 - INFO -   batch 310/381 | loss=0.0830 mse=0.0467 sym=0.0109 phy=0.0187 | 36.4s
2026-06-20 16:51:12,583 - INFO -   batch 320/381 | loss=0.0742 mse=0.0486 sym=0.0109 phy=0.0186 | 37.5s
2026-06-20 16:51:13,772 - INFO -   batch 330/381 | loss=0.0986 mse=0.0662 sym=0.0109 phy=0.0187 | 38.7s
2026-06-20 16:51:14,946 - INFO -   batch 340/381 | loss=0.0774 mse=0.0510 sym=0.0109 phy=0.0187 | 39.9s
2026-06-20 16:51:16,136 - INFO -   batch 350/381 | loss=0.0723 mse=0.0439 sym=0.0109 phy=0.0187 | 41.1s
2026-06-20 16:51:17,278 - INFO -   batch 360/381 | loss=0.0877 mse=0.0633 sym=0.0109 phy=0.0187 | 42.2s
2026-06-20 16:51:18,450 - INFO -   batch 370/381 | loss=0.0973 mse=0.0684 sym=0.0109 phy=0.0187 | 43.4s
2026-06-20 16:51:19,639 - INFO -   batch 380/381 | loss=0.0884 mse=0.0595 sym=0.0109 phy=0.0188 | 44.6s
2026-06-20 16:51:21,904 - INFO -   batch   1/381 | loss=0.1133 mse=0.0863 sym=0.0105 phy=0.0165 | 0.2s
2026-06-20 16:51:22,951 - INFO -   batch  10/381 | loss=0.0799 mse=0.0498 sym=0.0107 phy=0.0167 | 1.2s
2026-06-20 16:51:24,119 - INFO -   batch  20/381 | loss=0.0908 mse=0.0652 sym=0.0108 phy=0.0166 | 2.4s
2026-06-20 16:51:25,234 - INFO -   batch  30/381 | loss=0.0852 mse=0.0592 sym=0.0107 phy=0.0174 | 3.5s
2026-06-20 16:51:26,411 - INFO -   batch  40/381 | loss=0.0671 mse=0.0395 sym=0.0108 phy=0.0178 | 4.7s
2026-06-20 16:51:27,589 - INFO -   batch  50/381 | loss=0.0995 mse=0.0674 sym=0.0108 phy=0.0180 | 5.9s
2026-06-20 16:51:28,775 - INFO -   batch  60/381 | loss=0.0995 mse=0.0708 sym=0.0108 phy=0.0186 | 7.1s
2026-06-20 16:51:29,955 - INFO -   batch  70/381 | loss=0.0959 mse=0.0619 sym=0.0107 phy=0.0184 | 8.2s
2026-06-20 16:51:31,109 - INFO -   batch  80/381 | loss=0.0835 mse=0.0485 sym=0.0107 phy=0.0183 | 9.4s
2026-06-20 16:51:32,277 - INFO -   batch  90/381 | loss=0.0824 mse=0.0556 sym=0.0108 phy=0.0181 | 10.6s
2026-06-20 16:51:33,453 - INFO -   batch 100/381 | loss=0.1088 mse=0.0745 sym=0.0108 phy=0.0182 | 11.7s
2026-06-20 16:51:34,642 - INFO -   batch 110/381 | loss=0.0809 mse=0.0496 sym=0.0108 phy=0.0184 | 12.9s
2026-06-20 16:51:35,803 - INFO -   batch 120/381 | loss=0.0802 mse=0.0538 sym=0.0108 phy=0.0184 | 14.1s
2026-06-20 16:51:36,979 - INFO -   batch 130/381 | loss=0.0893 mse=0.0529 sym=0.0108 phy=0.0183 | 15.3s
2026-06-20 16:51:38,127 - INFO -   batch 140/381 | loss=0.0717 mse=0.0384 sym=0.0108 phy=0.0184 | 16.4s
2026-06-20 16:51:39,292 - INFO -   batch 150/381 | loss=0.1089 mse=0.0829 sym=0.0109 phy=0.0184 | 17.6s
2026-06-20 16:51:40,472 - INFO -   batch 160/381 | loss=0.0812 mse=0.0534 sym=0.0109 phy=0.0185 | 18.8s
2026-06-20 16:51:41,646 - INFO -   batch 170/381 | loss=0.0899 mse=0.0576 sym=0.0108 phy=0.0184 | 19.9s
2026-06-20 16:51:42,830 - INFO -   batch 180/381 | loss=0.0885 mse=0.0630 sym=0.0108 phy=0.0184 | 21.1s
2026-06-20 16:51:43,982 - INFO -   batch 190/381 | loss=0.0725 mse=0.0438 sym=0.0108 phy=0.0184 | 22.3s
2026-06-20 16:51:45,137 - INFO -   batch 200/381 | loss=0.0875 mse=0.0615 sym=0.0108 phy=0.0184 | 23.4s
2026-06-20 16:51:46,327 - INFO -   batch 210/381 | loss=0.0855 mse=0.0596 sym=0.0109 phy=0.0183 | 24.6s
2026-06-20 16:51:47,481 - INFO -   batch 220/381 | loss=0.0870 mse=0.0579 sym=0.0109 phy=0.0183 | 25.8s
2026-06-20 16:51:48,652 - INFO -   batch 230/381 | loss=0.0878 mse=0.0650 sym=0.0109 phy=0.0183 | 26.9s
2026-06-20 16:51:49,831 - INFO -   batch 240/381 | loss=0.0827 mse=0.0589 sym=0.0109 phy=0.0183 | 28.1s
2026-06-20 16:51:51,001 - INFO -   batch 250/381 | loss=0.1033 mse=0.0744 sym=0.0109 phy=0.0182 | 29.3s
2026-06-20 16:51:52,168 - INFO -   batch 260/381 | loss=0.0879 mse=0.0567 sym=0.0109 phy=0.0183 | 30.4s
2026-06-20 16:51:53,354 - INFO -   batch 270/381 | loss=0.0808 mse=0.0518 sym=0.0109 phy=0.0183 | 31.6s
2026-06-20 16:51:54,528 - INFO -   batch 280/381 | loss=0.0821 mse=0.0522 sym=0.0109 phy=0.0183 | 32.8s
2026-06-20 16:51:55,700 - INFO -   batch 290/381 | loss=0.0904 mse=0.0601 sym=0.0109 phy=0.0184 | 34.0s
2026-06-20 16:51:56,858 - INFO -   batch 300/381 | loss=0.0853 mse=0.0576 sym=0.0109 phy=0.0185 | 35.1s
2026-06-20 16:51:57,969 - INFO -   batch 310/381 | loss=0.0724 mse=0.0502 sym=0.0109 phy=0.0184 | 36.3s
2026-06-20 16:51:59,151 - INFO -   batch 320/381 | loss=0.0773 mse=0.0472 sym=0.0109 phy=0.0185 | 37.4s
2026-06-20 16:52:00,344 - INFO -   batch 330/381 | loss=0.0783 mse=0.0439 sym=0.0109 phy=0.0186 | 38.6s
2026-06-20 16:52:01,519 - INFO -   batch 340/381 | loss=0.0891 mse=0.0581 sym=0.0109 phy=0.0186 | 39.8s
2026-06-20 16:52:02,700 - INFO -   batch 350/381 | loss=0.0933 mse=0.0590 sym=0.0109 phy=0.0186 | 41.0s
2026-06-20 16:52:03,833 - INFO -   batch 360/381 | loss=0.0807 mse=0.0530 sym=0.0109 phy=0.0186 | 42.1s
2026-06-20 16:52:04,989 - INFO -   batch 370/381 | loss=0.0976 mse=0.0705 sym=0.0109 phy=0.0187 | 43.3s
2026-06-20 16:52:06,173 - INFO -   batch 380/381 | loss=0.0960 mse=0.0677 sym=0.0109 phy=0.0187 | 44.5s
2026-06-20 16:52:08,430 - INFO -   batch   1/381 | loss=0.0842 mse=0.0562 sym=0.0091 phy=0.0189 | 0.2s
2026-06-20 16:52:09,488 - INFO -   batch  10/381 | loss=0.0771 mse=0.0431 sym=0.0105 phy=0.0193 | 1.2s
2026-06-20 16:52:10,656 - INFO -   batch  20/381 | loss=0.0643 mse=0.0374 sym=0.0108 phy=0.0196 | 2.4s
2026-06-20 16:52:11,793 - INFO -   batch  30/381 | loss=0.1021 mse=0.0767 sym=0.0108 phy=0.0185 | 3.6s
2026-06-20 16:52:12,972 - INFO -   batch  40/381 | loss=0.0836 mse=0.0515 sym=0.0108 phy=0.0183 | 4.7s
2026-06-20 16:52:14,141 - INFO -   batch  50/381 | loss=0.0940 mse=0.0555 sym=0.0109 phy=0.0184 | 5.9s
2026-06-20 16:52:15,314 - INFO -   batch  60/381 | loss=0.0772 mse=0.0479 sym=0.0109 phy=0.0189 | 7.1s
2026-06-20 16:52:16,480 - INFO -   batch  70/381 | loss=0.0791 mse=0.0530 sym=0.0109 phy=0.0186 | 8.2s
2026-06-20 16:52:17,668 - INFO -   batch  80/381 | loss=0.0805 mse=0.0507 sym=0.0109 phy=0.0183 | 9.4s
2026-06-20 16:52:18,810 - INFO -   batch  90/381 | loss=0.0830 mse=0.0505 sym=0.0109 phy=0.0183 | 10.6s
2026-06-20 16:52:19,973 - INFO -   batch 100/381 | loss=0.0602 mse=0.0337 sym=0.0109 phy=0.0185 | 11.7s
2026-06-20 16:52:21,134 - INFO -   batch 110/381 | loss=0.0985 mse=0.0695 sym=0.0109 phy=0.0183 | 12.9s
2026-06-20 16:52:22,310 - INFO -   batch 120/381 | loss=0.0720 mse=0.0479 sym=0.0109 phy=0.0180 | 14.1s
2026-06-20 16:52:23,480 - INFO -   batch 130/381 | loss=0.0939 mse=0.0611 sym=0.0109 phy=0.0183 | 15.2s
2026-06-20 16:52:24,641 - INFO -   batch 140/381 | loss=0.0967 mse=0.0605 sym=0.0109 phy=0.0187 | 16.4s
2026-06-20 16:52:25,801 - INFO -   batch 150/381 | loss=0.0848 mse=0.0548 sym=0.0109 phy=0.0187 | 17.6s
2026-06-20 16:52:26,988 - INFO -   batch 160/381 | loss=0.1062 mse=0.0799 sym=0.0109 phy=0.0187 | 18.7s
2026-06-20 16:52:28,183 - INFO -   batch 170/381 | loss=0.0841 mse=0.0577 sym=0.0109 phy=0.0187 | 19.9s
2026-06-20 16:52:29,346 - INFO -   batch 180/381 | loss=0.0971 mse=0.0649 sym=0.0109 phy=0.0186 | 21.1s
2026-06-20 16:52:30,521 - INFO -   batch 190/381 | loss=0.0803 mse=0.0500 sym=0.0109 phy=0.0185 | 22.3s
2026-06-20 16:52:31,676 - INFO -   batch 200/381 | loss=0.0907 mse=0.0621 sym=0.0109 phy=0.0185 | 23.4s
2026-06-20 16:52:32,862 - INFO -   batch 210/381 | loss=0.0807 mse=0.0529 sym=0.0109 phy=0.0185 | 24.6s
2026-06-20 16:52:34,052 - INFO -   batch 220/381 | loss=0.0990 mse=0.0609 sym=0.0109 phy=0.0186 | 25.8s
2026-06-20 16:52:35,223 - INFO -   batch 230/381 | loss=0.0767 mse=0.0531 sym=0.0109 phy=0.0187 | 27.0s
2026-06-20 16:52:36,391 - INFO -   batch 240/381 | loss=0.0873 mse=0.0443 sym=0.0109 phy=0.0186 | 28.1s
2026-06-20 16:52:37,542 - INFO -   batch 250/381 | loss=0.0876 mse=0.0608 sym=0.0109 phy=0.0185 | 29.3s
2026-06-20 16:52:38,729 - INFO -   batch 260/381 | loss=0.1102 mse=0.0741 sym=0.0109 phy=0.0185 | 30.5s
2026-06-20 16:52:39,914 - INFO -   batch 270/381 | loss=0.0826 mse=0.0565 sym=0.0109 phy=0.0186 | 31.7s
2026-06-20 16:52:41,074 - INFO -   batch 280/381 | loss=0.0925 mse=0.0623 sym=0.0109 phy=0.0187 | 32.8s
2026-06-20 16:52:42,255 - INFO -   batch 290/381 | loss=0.0962 mse=0.0642 sym=0.0109 phy=0.0187 | 34.0s
2026-06-20 16:52:43,432 - INFO -   batch 300/381 | loss=0.1184 mse=0.0824 sym=0.0109 phy=0.0188 | 35.2s
2026-06-20 16:52:44,572 - INFO -   batch 310/381 | loss=0.1090 mse=0.0750 sym=0.0109 phy=0.0188 | 36.3s
2026-06-20 16:52:45,748 - INFO -   batch 320/381 | loss=0.0712 mse=0.0461 sym=0.0109 phy=0.0188 | 37.5s
2026-06-20 16:52:46,931 - INFO -   batch 330/381 | loss=0.0652 mse=0.0421 sym=0.0109 phy=0.0187 | 38.7s
2026-06-20 16:52:48,119 - INFO -   batch 340/381 | loss=0.0620 mse=0.0364 sym=0.0109 phy=0.0187 | 39.9s
2026-06-20 16:52:49,294 - INFO -   batch 350/381 | loss=0.0884 mse=0.0616 sym=0.0109 phy=0.0187 | 41.1s
2026-06-20 16:52:50,441 - INFO -   batch 360/381 | loss=0.0742 mse=0.0517 sym=0.0109 phy=0.0187 | 42.2s
2026-06-20 16:52:51,615 - INFO -   batch 370/381 | loss=0.1061 mse=0.0757 sym=0.0109 phy=0.0187 | 43.4s
2026-06-20 16:52:52,791 - INFO -   batch 380/381 | loss=0.0809 mse=0.0534 sym=0.0109 phy=0.0187 | 44.5s
2026-06-20 16:52:55,052 - INFO -   batch   1/381 | loss=0.0801 mse=0.0483 sym=0.0115 phy=0.0203 | 0.2s
2026-06-20 16:52:56,107 - INFO -   batch  10/381 | loss=0.0734 mse=0.0453 sym=0.0107 phy=0.0197 | 1.2s
2026-06-20 16:52:57,305 - INFO -   batch  20/381 | loss=0.0905 mse=0.0620 sym=0.0107 phy=0.0172 | 2.4s
2026-06-20 16:52:58,467 - INFO -   batch  30/381 | loss=0.0790 mse=0.0539 sym=0.0106 phy=0.0167 | 3.6s
2026-06-20 16:52:59,643 - INFO -   batch  40/381 | loss=0.0797 mse=0.0500 sym=0.0105 phy=0.0173 | 4.8s
2026-06-20 16:53:00,819 - INFO -   batch  50/381 | loss=0.0724 mse=0.0430 sym=0.0106 phy=0.0175 | 6.0s
2026-06-20 16:53:02,006 - INFO -   batch  60/381 | loss=0.0798 mse=0.0543 sym=0.0107 phy=0.0178 | 7.1s
2026-06-20 16:53:03,181 - INFO -   batch  70/381 | loss=0.0820 mse=0.0504 sym=0.0108 phy=0.0182 | 8.3s
2026-06-20 16:53:04,320 - INFO -   batch  80/381 | loss=0.0849 mse=0.0451 sym=0.0108 phy=0.0188 | 9.5s
2026-06-20 16:53:05,482 - INFO -   batch  90/381 | loss=0.0853 mse=0.0602 sym=0.0107 phy=0.0187 | 10.6s
2026-06-20 16:53:06,663 - INFO -   batch 100/381 | loss=0.0937 mse=0.0632 sym=0.0108 phy=0.0187 | 11.8s
2026-06-20 16:53:07,836 - INFO -   batch 110/381 | loss=0.0853 mse=0.0553 sym=0.0108 phy=0.0191 | 13.0s
2026-06-20 16:53:09,010 - INFO -   batch 120/381 | loss=0.0811 mse=0.0521 sym=0.0108 phy=0.0189 | 14.1s
2026-06-20 16:53:10,164 - INFO -   batch 130/381 | loss=0.0918 mse=0.0669 sym=0.0108 phy=0.0188 | 15.3s
2026-06-20 16:53:11,306 - INFO -   batch 140/381 | loss=0.0771 mse=0.0465 sym=0.0108 phy=0.0188 | 16.4s
2026-06-20 16:53:12,484 - INFO -   batch 150/381 | loss=0.0847 mse=0.0550 sym=0.0108 phy=0.0188 | 17.6s
2026-06-20 16:53:13,670 - INFO -   batch 160/381 | loss=0.0781 mse=0.0420 sym=0.0108 phy=0.0188 | 18.8s
2026-06-20 16:53:14,852 - INFO -   batch 170/381 | loss=0.0995 mse=0.0683 sym=0.0108 phy=0.0187 | 20.0s
2026-06-20 16:53:16,030 - INFO -   batch 180/381 | loss=0.1046 mse=0.0730 sym=0.0108 phy=0.0185 | 21.2s
2026-06-20 16:53:17,174 - INFO -   batch 190/381 | loss=0.0754 mse=0.0445 sym=0.0108 phy=0.0184 | 22.3s
2026-06-20 16:53:18,357 - INFO -   batch 200/381 | loss=0.0822 mse=0.0531 sym=0.0109 phy=0.0185 | 23.5s
2026-06-20 16:53:19,530 - INFO -   batch 210/381 | loss=0.0931 mse=0.0586 sym=0.0109 phy=0.0187 | 24.7s
2026-06-20 16:53:20,713 - INFO -   batch 220/381 | loss=0.0712 mse=0.0450 sym=0.0109 phy=0.0188 | 25.8s
2026-06-20 16:53:21,890 - INFO -   batch 230/381 | loss=0.0962 mse=0.0695 sym=0.0109 phy=0.0188 | 27.0s
2026-06-20 16:53:23,052 - INFO -   batch 240/381 | loss=0.0775 mse=0.0492 sym=0.0108 phy=0.0187 | 28.2s
2026-06-20 16:53:24,206 - INFO -   batch 250/381 | loss=0.0866 mse=0.0623 sym=0.0108 phy=0.0187 | 29.3s
2026-06-20 16:53:25,381 - INFO -   batch 260/381 | loss=0.0954 mse=0.0665 sym=0.0108 phy=0.0186 | 30.5s
2026-06-20 16:53:26,557 - INFO -   batch 270/381 | loss=0.0924 mse=0.0618 sym=0.0109 phy=0.0186 | 31.7s
2026-06-20 16:53:27,732 - INFO -   batch 280/381 | loss=0.0932 mse=0.0607 sym=0.0109 phy=0.0187 | 32.9s
2026-06-20 16:53:28,883 - INFO -   batch 290/381 | loss=0.0896 mse=0.0575 sym=0.0109 phy=0.0187 | 34.0s
2026-06-20 16:53:30,021 - INFO -   batch 300/381 | loss=0.0983 mse=0.0722 sym=0.0109 phy=0.0188 | 35.2s
2026-06-20 16:53:31,202 - INFO -   batch 310/381 | loss=0.0785 mse=0.0527 sym=0.0109 phy=0.0188 | 36.3s
2026-06-20 16:53:32,385 - INFO -   batch 320/381 | loss=0.0785 mse=0.0532 sym=0.0109 phy=0.0188 | 37.5s
2026-06-20 16:53:33,573 - INFO -   batch 330/381 | loss=0.0791 mse=0.0486 sym=0.0109 phy=0.0187 | 38.7s
2026-06-20 16:53:34,737 - INFO -   batch 340/381 | loss=0.1176 mse=0.0819 sym=0.0109 phy=0.0188 | 39.9s
2026-06-20 16:53:35,907 - INFO -   batch 350/381 | loss=0.0942 mse=0.0687 sym=0.0109 phy=0.0188 | 41.0s
2026-06-20 16:53:37,065 - INFO -   batch 360/381 | loss=0.0687 mse=0.0463 sym=0.0109 phy=0.0188 | 42.2s
2026-06-20 16:53:38,248 - INFO -   batch 370/381 | loss=0.0840 mse=0.0524 sym=0.0109 phy=0.0188 | 43.4s
2026-06-20 16:53:39,420 - INFO -   batch 380/381 | loss=0.0951 mse=0.0690 sym=0.0109 phy=0.0188 | 44.6s
2026-06-20 16:53:41,487 - INFO - Epoch  30/50 | Loss=0.0844 MSE=0.0547 Sym=0.0109 Phy=0.0188 | Val RMSE=0.2323 ρ=0.337 | 47s
2026-06-20 16:53:41,687 - INFO -   batch   1/381 | loss=0.0864 mse=0.0584 sym=0.0095 phy=0.0185 | 0.2s
2026-06-20 16:53:42,717 - INFO -   batch  10/381 | loss=0.1056 mse=0.0750 sym=0.0106 phy=0.0199 | 1.2s
2026-06-20 16:53:43,861 - INFO -   batch  20/381 | loss=0.0872 mse=0.0575 sym=0.0106 phy=0.0183 | 2.4s
2026-06-20 16:53:45,041 - INFO -   batch  30/381 | loss=0.0783 mse=0.0459 sym=0.0108 phy=0.0184 | 3.6s
2026-06-20 16:53:46,205 - INFO -   batch  40/381 | loss=0.0996 mse=0.0576 sym=0.0108 phy=0.0190 | 4.7s
2026-06-20 16:53:47,388 - INFO -   batch  50/381 | loss=0.0894 mse=0.0532 sym=0.0108 phy=0.0186 | 5.9s
2026-06-20 16:53:48,557 - INFO -   batch  60/381 | loss=0.0859 mse=0.0502 sym=0.0107 phy=0.0185 | 7.1s
2026-06-20 16:53:49,732 - INFO -   batch  70/381 | loss=0.0560 mse=0.0306 sym=0.0108 phy=0.0185 | 8.2s
2026-06-20 16:53:50,876 - INFO -   batch  80/381 | loss=0.1204 mse=0.0893 sym=0.0108 phy=0.0184 | 9.4s
2026-06-20 16:53:52,060 - INFO -   batch  90/381 | loss=0.0662 mse=0.0408 sym=0.0108 phy=0.0185 | 10.6s
2026-06-20 16:53:53,240 - INFO -   batch 100/381 | loss=0.0781 mse=0.0413 sym=0.0109 phy=0.0186 | 11.8s
2026-06-20 16:53:54,410 - INFO -   batch 110/381 | loss=0.0996 mse=0.0613 sym=0.0109 phy=0.0186 | 12.9s
2026-06-20 16:53:55,589 - INFO -   batch 120/381 | loss=0.0967 mse=0.0634 sym=0.0109 phy=0.0186 | 14.1s
2026-06-20 16:53:56,751 - INFO -   batch 130/381 | loss=0.0816 mse=0.0528 sym=0.0109 phy=0.0186 | 15.3s
2026-06-20 16:53:57,895 - INFO -   batch 140/381 | loss=0.0949 mse=0.0675 sym=0.0109 phy=0.0187 | 16.4s
2026-06-20 16:53:59,034 - INFO -   batch 150/381 | loss=0.0735 mse=0.0502 sym=0.0109 phy=0.0185 | 17.5s
2026-06-20 16:54:00,215 - INFO -   batch 160/381 | loss=0.0784 mse=0.0508 sym=0.0109 phy=0.0185 | 18.7s
2026-06-20 16:54:01,403 - INFO -   batch 170/381 | loss=0.0839 mse=0.0538 sym=0.0109 phy=0.0185 | 19.9s
2026-06-20 16:54:02,591 - INFO -   batch 180/381 | loss=0.0766 mse=0.0498 sym=0.0109 phy=0.0185 | 21.1s
2026-06-20 16:54:03,736 - INFO -   batch 190/381 | loss=0.0884 mse=0.0605 sym=0.0109 phy=0.0186 | 22.2s
2026-06-20 16:54:04,918 - INFO -   batch 200/381 | loss=0.0933 mse=0.0645 sym=0.0109 phy=0.0186 | 23.4s
2026-06-20 16:54:06,089 - INFO -   batch 210/381 | loss=0.0961 mse=0.0615 sym=0.0109 phy=0.0188 | 24.6s
2026-06-20 16:54:07,273 - INFO -   batch 220/381 | loss=0.0801 mse=0.0613 sym=0.0109 phy=0.0188 | 25.8s
2026-06-20 16:54:08,435 - INFO -   batch 230/381 | loss=0.0645 mse=0.0390 sym=0.0109 phy=0.0188 | 26.9s
2026-06-20 16:54:09,608 - INFO -   batch 240/381 | loss=0.0918 mse=0.0628 sym=0.0109 phy=0.0188 | 28.1s
2026-06-20 16:54:10,775 - INFO -   batch 250/381 | loss=0.0942 mse=0.0618 sym=0.0109 phy=0.0187 | 29.3s
2026-06-20 16:54:11,960 - INFO -   batch 260/381 | loss=0.0884 mse=0.0588 sym=0.0109 phy=0.0187 | 30.5s
2026-06-20 16:54:13,113 - INFO -   batch 270/381 | loss=0.0739 mse=0.0494 sym=0.0109 phy=0.0187 | 31.6s
2026-06-20 16:54:14,301 - INFO -   batch 280/381 | loss=0.0884 mse=0.0560 sym=0.0109 phy=0.0186 | 32.8s
2026-06-20 16:54:15,455 - INFO -   batch 290/381 | loss=0.0868 mse=0.0562 sym=0.0109 phy=0.0185 | 34.0s
2026-06-20 16:54:16,606 - INFO -   batch 300/381 | loss=0.0741 mse=0.0457 sym=0.0109 phy=0.0186 | 35.1s
2026-06-20 16:54:17,751 - INFO -   batch 310/381 | loss=0.0872 mse=0.0575 sym=0.0109 phy=0.0186 | 36.3s
2026-06-20 16:54:18,938 - INFO -   batch 320/381 | loss=0.1130 mse=0.0847 sym=0.0109 phy=0.0186 | 37.4s
2026-06-20 16:54:20,127 - INFO -   batch 330/381 | loss=0.0752 mse=0.0484 sym=0.0109 phy=0.0185 | 38.6s
2026-06-20 16:54:21,296 - INFO -   batch 340/381 | loss=0.0746 mse=0.0434 sym=0.0109 phy=0.0186 | 39.8s
2026-06-20 16:54:22,480 - INFO -   batch 350/381 | loss=0.0935 mse=0.0695 sym=0.0109 phy=0.0186 | 41.0s
2026-06-20 16:54:23,627 - INFO -   batch 360/381 | loss=0.0862 mse=0.0530 sym=0.0109 phy=0.0186 | 42.1s
2026-06-20 16:54:24,797 - INFO -   batch 370/381 | loss=0.0765 mse=0.0498 sym=0.0109 phy=0.0186 | 43.3s
2026-06-20 16:54:25,966 - INFO -   batch 380/381 | loss=0.0842 mse=0.0522 sym=0.0109 phy=0.0186 | 44.5s
2026-06-20 16:54:28,233 - INFO -   batch   1/381 | loss=0.0973 mse=0.0675 sym=0.0120 phy=0.0177 | 0.2s
2026-06-20 16:54:29,287 - INFO -   batch  10/381 | loss=0.1018 mse=0.0707 sym=0.0113 phy=0.0196 | 1.2s
2026-06-20 16:54:30,460 - INFO -   batch  20/381 | loss=0.0909 mse=0.0597 sym=0.0112 phy=0.0193 | 2.4s
2026-06-20 16:54:31,618 - INFO -   batch  30/381 | loss=0.0823 mse=0.0526 sym=0.0111 phy=0.0186 | 3.6s
2026-06-20 16:54:32,781 - INFO -   batch  40/381 | loss=0.0922 mse=0.0499 sym=0.0110 phy=0.0187 | 4.7s
2026-06-20 16:54:33,967 - INFO -   batch  50/381 | loss=0.1059 mse=0.0657 sym=0.0110 phy=0.0188 | 5.9s
2026-06-20 16:54:35,149 - INFO -   batch  60/381 | loss=0.0881 mse=0.0568 sym=0.0110 phy=0.0195 | 7.1s
2026-06-20 16:54:36,324 - INFO -   batch  70/381 | loss=0.0734 mse=0.0467 sym=0.0110 phy=0.0194 | 8.3s
2026-06-20 16:54:37,471 - INFO -   batch  80/381 | loss=0.0889 mse=0.0610 sym=0.0109 phy=0.0193 | 9.4s
2026-06-20 16:54:38,649 - INFO -   batch  90/381 | loss=0.0747 mse=0.0422 sym=0.0109 phy=0.0193 | 10.6s
2026-06-20 16:54:39,820 - INFO -   batch 100/381 | loss=0.0904 mse=0.0566 sym=0.0109 phy=0.0192 | 11.8s
2026-06-20 16:54:41,002 - INFO -   batch 110/381 | loss=0.0842 mse=0.0592 sym=0.0110 phy=0.0189 | 13.0s
2026-06-20 16:54:42,153 - INFO -   batch 120/381 | loss=0.1160 mse=0.0778 sym=0.0110 phy=0.0190 | 14.1s
2026-06-20 16:54:43,304 - INFO -   batch 130/381 | loss=0.0790 mse=0.0492 sym=0.0110 phy=0.0188 | 15.3s
2026-06-20 16:54:44,445 - INFO -   batch 140/381 | loss=0.0935 mse=0.0609 sym=0.0110 phy=0.0190 | 16.4s
2026-06-20 16:54:45,622 - INFO -   batch 150/381 | loss=0.0859 mse=0.0549 sym=0.0110 phy=0.0190 | 17.6s
2026-06-20 16:54:46,792 - INFO -   batch 160/381 | loss=0.0750 mse=0.0452 sym=0.0110 phy=0.0190 | 18.7s
2026-06-20 16:54:47,979 - INFO -   batch 170/381 | loss=0.0794 mse=0.0497 sym=0.0110 phy=0.0189 | 19.9s
2026-06-20 16:54:49,154 - INFO -   batch 180/381 | loss=0.0815 mse=0.0478 sym=0.0110 phy=0.0190 | 21.1s
2026-06-20 16:54:50,334 - INFO -   batch 190/381 | loss=0.0779 mse=0.0483 sym=0.0110 phy=0.0190 | 22.3s
2026-06-20 16:54:51,493 - INFO -   batch 200/381 | loss=0.1100 mse=0.0730 sym=0.0110 phy=0.0192 | 23.4s
2026-06-20 16:54:52,676 - INFO -   batch 210/381 | loss=0.0818 mse=0.0521 sym=0.0110 phy=0.0190 | 24.6s
2026-06-20 16:54:53,854 - INFO -   batch 220/381 | loss=0.0817 mse=0.0518 sym=0.0110 phy=0.0190 | 25.8s
2026-06-20 16:54:55,031 - INFO -   batch 230/381 | loss=0.0832 mse=0.0571 sym=0.0110 phy=0.0191 | 27.0s
2026-06-20 16:54:56,210 - INFO -   batch 240/381 | loss=0.0746 mse=0.0482 sym=0.0110 phy=0.0191 | 28.2s
2026-06-20 16:54:57,352 - INFO -   batch 250/381 | loss=0.0996 mse=0.0672 sym=0.0110 phy=0.0191 | 29.3s
2026-06-20 16:54:58,534 - INFO -   batch 260/381 | loss=0.0815 mse=0.0535 sym=0.0110 phy=0.0190 | 30.5s
2026-06-20 16:54:59,709 - INFO -   batch 270/381 | loss=0.0881 mse=0.0600 sym=0.0110 phy=0.0190 | 31.7s
2026-06-20 16:55:00,880 - INFO -   batch 280/381 | loss=0.0786 mse=0.0562 sym=0.0110 phy=0.0189 | 32.8s
2026-06-20 16:55:02,057 - INFO -   batch 290/381 | loss=0.0972 mse=0.0714 sym=0.0109 phy=0.0189 | 34.0s
2026-06-20 16:55:03,224 - INFO -   batch 300/381 | loss=0.0789 mse=0.0499 sym=0.0109 phy=0.0188 | 35.2s
2026-06-20 16:55:04,376 - INFO -   batch 310/381 | loss=0.0845 mse=0.0589 sym=0.0109 phy=0.0189 | 36.3s
2026-06-20 16:55:05,558 - INFO -   batch 320/381 | loss=0.0703 mse=0.0484 sym=0.0109 phy=0.0187 | 37.5s
2026-06-20 16:55:06,723 - INFO -   batch 330/381 | loss=0.0643 mse=0.0356 sym=0.0109 phy=0.0187 | 38.7s
2026-06-20 16:55:07,900 - INFO -   batch 340/381 | loss=0.0816 mse=0.0558 sym=0.0109 phy=0.0186 | 39.9s
2026-06-20 16:55:09,064 - INFO -   batch 350/381 | loss=0.0801 mse=0.0531 sym=0.0109 phy=0.0187 | 41.0s
2026-06-20 16:55:10,228 - INFO -   batch 360/381 | loss=0.0685 mse=0.0394 sym=0.0109 phy=0.0187 | 42.2s
2026-06-20 16:55:11,397 - INFO -   batch 370/381 | loss=0.0863 mse=0.0582 sym=0.0109 phy=0.0187 | 43.3s
2026-06-20 16:55:12,567 - INFO -   batch 380/381 | loss=0.0846 mse=0.0575 sym=0.0109 phy=0.0187 | 44.5s
2026-06-20 16:55:14,816 - INFO -   batch   1/381 | loss=0.0810 mse=0.0560 sym=0.0104 phy=0.0146 | 0.2s
2026-06-20 16:55:15,876 - INFO -   batch  10/381 | loss=0.0845 mse=0.0590 sym=0.0107 phy=0.0164 | 1.2s
2026-06-20 16:55:17,051 - INFO -   batch  20/381 | loss=0.1052 mse=0.0678 sym=0.0106 phy=0.0166 | 2.4s
2026-06-20 16:55:18,193 - INFO -   batch  30/381 | loss=0.0865 mse=0.0593 sym=0.0106 phy=0.0169 | 3.6s
2026-06-20 16:55:19,392 - INFO -   batch  40/381 | loss=0.0849 mse=0.0583 sym=0.0106 phy=0.0177 | 4.8s
2026-06-20 16:55:20,575 - INFO -   batch  50/381 | loss=0.0771 mse=0.0495 sym=0.0108 phy=0.0179 | 5.9s
2026-06-20 16:55:21,744 - INFO -   batch  60/381 | loss=0.0953 mse=0.0578 sym=0.0107 phy=0.0181 | 7.1s
2026-06-20 16:55:22,923 - INFO -   batch  70/381 | loss=0.0834 mse=0.0493 sym=0.0107 phy=0.0184 | 8.3s
2026-06-20 16:55:24,084 - INFO -   batch  80/381 | loss=0.0767 mse=0.0431 sym=0.0108 phy=0.0181 | 9.5s
2026-06-20 16:55:25,227 - INFO -   batch  90/381 | loss=0.0930 mse=0.0636 sym=0.0107 phy=0.0180 | 10.6s
2026-06-20 16:55:26,416 - INFO -   batch 100/381 | loss=0.0747 mse=0.0434 sym=0.0108 phy=0.0180 | 11.8s
2026-06-20 16:55:27,586 - INFO -   batch 110/381 | loss=0.0673 mse=0.0392 sym=0.0108 phy=0.0179 | 13.0s
2026-06-20 16:55:28,754 - INFO -   batch 120/381 | loss=0.0844 mse=0.0575 sym=0.0108 phy=0.0179 | 14.1s
2026-06-20 16:55:29,926 - INFO -   batch 130/381 | loss=0.0811 mse=0.0500 sym=0.0109 phy=0.0180 | 15.3s
2026-06-20 16:55:31,070 - INFO -   batch 140/381 | loss=0.0813 mse=0.0514 sym=0.0109 phy=0.0180 | 16.4s
2026-06-20 16:55:32,259 - INFO -   batch 150/381 | loss=0.0833 mse=0.0580 sym=0.0109 phy=0.0179 | 17.6s
2026-06-20 16:55:33,427 - INFO -   batch 160/381 | loss=0.0761 mse=0.0482 sym=0.0109 phy=0.0178 | 18.8s
2026-06-20 16:55:34,613 - INFO -   batch 170/381 | loss=0.0803 mse=0.0510 sym=0.0109 phy=0.0179 | 20.0s
2026-06-20 16:55:35,795 - INFO -   batch 180/381 | loss=0.0764 mse=0.0510 sym=0.0109 phy=0.0180 | 21.2s
2026-06-20 16:55:36,968 - INFO -   batch 190/381 | loss=0.1022 mse=0.0663 sym=0.0109 phy=0.0181 | 22.3s
2026-06-20 16:55:38,126 - INFO -   batch 200/381 | loss=0.1020 mse=0.0690 sym=0.0109 phy=0.0181 | 23.5s
2026-06-20 16:55:39,302 - INFO -   batch 210/381 | loss=0.0770 mse=0.0458 sym=0.0109 phy=0.0182 | 24.7s
2026-06-20 16:55:40,474 - INFO -   batch 220/381 | loss=0.0814 mse=0.0526 sym=0.0109 phy=0.0181 | 25.8s
2026-06-20 16:55:41,649 - INFO -   batch 230/381 | loss=0.1008 mse=0.0732 sym=0.0109 phy=0.0181 | 27.0s
2026-06-20 16:55:42,803 - INFO -   batch 240/381 | loss=0.0788 mse=0.0500 sym=0.0109 phy=0.0182 | 28.2s
2026-06-20 16:55:43,962 - INFO -   batch 250/381 | loss=0.0762 mse=0.0492 sym=0.0109 phy=0.0183 | 29.3s
2026-06-20 16:55:45,135 - INFO -   batch 260/381 | loss=0.0811 mse=0.0480 sym=0.0109 phy=0.0183 | 30.5s
2026-06-20 16:55:46,319 - INFO -   batch 270/381 | loss=0.0904 mse=0.0640 sym=0.0109 phy=0.0183 | 31.7s
2026-06-20 16:55:47,490 - INFO -   batch 280/381 | loss=0.0742 mse=0.0469 sym=0.0109 phy=0.0184 | 32.9s
2026-06-20 16:55:48,666 - INFO -   batch 290/381 | loss=0.0956 mse=0.0668 sym=0.0109 phy=0.0184 | 34.0s
2026-06-20 16:55:49,820 - INFO -   batch 300/381 | loss=0.0986 mse=0.0613 sym=0.0109 phy=0.0185 | 35.2s
2026-06-20 16:55:50,979 - INFO -   batch 310/381 | loss=0.0757 mse=0.0460 sym=0.0109 phy=0.0185 | 36.3s
2026-06-20 16:55:52,170 - INFO -   batch 320/381 | loss=0.0910 mse=0.0643 sym=0.0109 phy=0.0185 | 37.5s
2026-06-20 16:55:53,343 - INFO -   batch 330/381 | loss=0.0716 mse=0.0483 sym=0.0109 phy=0.0185 | 38.7s
2026-06-20 16:55:54,518 - INFO -   batch 340/381 | loss=0.0690 mse=0.0435 sym=0.0109 phy=0.0185 | 39.9s
2026-06-20 16:55:55,701 - INFO -   batch 350/381 | loss=0.0843 mse=0.0542 sym=0.0109 phy=0.0185 | 41.1s
2026-06-20 16:55:56,829 - INFO -   batch 360/381 | loss=0.0655 mse=0.0411 sym=0.0109 phy=0.0185 | 42.2s
2026-06-20 16:55:58,013 - INFO -   batch 370/381 | loss=0.0945 mse=0.0621 sym=0.0109 phy=0.0186 | 43.4s
2026-06-20 16:55:59,192 - INFO -   batch 380/381 | loss=0.0804 mse=0.0481 sym=0.0109 phy=0.0186 | 44.6s
2026-06-20 16:56:01,467 - INFO -   batch   1/381 | loss=0.0757 mse=0.0420 sym=0.0099 phy=0.0239 | 0.2s
2026-06-20 16:56:02,495 - INFO -   batch  10/381 | loss=0.0884 mse=0.0570 sym=0.0105 phy=0.0198 | 1.2s
2026-06-20 16:56:03,662 - INFO -   batch  20/381 | loss=0.1015 mse=0.0636 sym=0.0105 phy=0.0196 | 2.4s
2026-06-20 16:56:04,795 - INFO -   batch  30/381 | loss=0.1051 mse=0.0740 sym=0.0107 phy=0.0196 | 3.5s
2026-06-20 16:56:05,947 - INFO -   batch  40/381 | loss=0.0927 mse=0.0589 sym=0.0107 phy=0.0194 | 4.7s
2026-06-20 16:56:07,123 - INFO -   batch  50/381 | loss=0.0864 mse=0.0561 sym=0.0106 phy=0.0192 | 5.9s
2026-06-20 16:56:08,302 - INFO -   batch  60/381 | loss=0.0923 mse=0.0629 sym=0.0107 phy=0.0189 | 7.0s
2026-06-20 16:56:09,480 - INFO -   batch  70/381 | loss=0.0788 mse=0.0482 sym=0.0107 phy=0.0188 | 8.2s
2026-06-20 16:56:10,630 - INFO -   batch  80/381 | loss=0.0694 mse=0.0488 sym=0.0107 phy=0.0184 | 9.4s
2026-06-20 16:56:11,807 - INFO -   batch  90/381 | loss=0.0943 mse=0.0591 sym=0.0107 phy=0.0186 | 10.5s
2026-06-20 16:56:12,983 - INFO -   batch 100/381 | loss=0.0735 mse=0.0427 sym=0.0107 phy=0.0184 | 11.7s
2026-06-20 16:56:14,174 - INFO -   batch 110/381 | loss=0.0855 mse=0.0587 sym=0.0107 phy=0.0184 | 12.9s
2026-06-20 16:56:15,334 - INFO -   batch 120/381 | loss=0.0881 mse=0.0600 sym=0.0107 phy=0.0185 | 14.1s
2026-06-20 16:56:16,524 - INFO -   batch 130/381 | loss=0.0789 mse=0.0520 sym=0.0107 phy=0.0182 | 15.3s
2026-06-20 16:56:17,664 - INFO -   batch 140/381 | loss=0.0998 mse=0.0651 sym=0.0108 phy=0.0182 | 16.4s
2026-06-20 16:56:18,835 - INFO -   batch 150/381 | loss=0.0886 mse=0.0602 sym=0.0108 phy=0.0182 | 17.6s
2026-06-20 16:56:20,020 - INFO -   batch 160/381 | loss=0.1001 mse=0.0536 sym=0.0108 phy=0.0185 | 18.7s
2026-06-20 16:56:21,193 - INFO -   batch 170/381 | loss=0.0812 mse=0.0476 sym=0.0108 phy=0.0186 | 19.9s
2026-06-20 16:56:22,376 - INFO -   batch 180/381 | loss=0.0816 mse=0.0483 sym=0.0108 phy=0.0186 | 21.1s
2026-06-20 16:56:23,525 - INFO -   batch 190/381 | loss=0.0882 mse=0.0566 sym=0.0108 phy=0.0186 | 22.3s
2026-06-20 16:56:24,693 - INFO -   batch 200/381 | loss=0.0685 mse=0.0395 sym=0.0108 phy=0.0185 | 23.4s
2026-06-20 16:56:25,867 - INFO -   batch 210/381 | loss=0.0816 mse=0.0523 sym=0.0109 phy=0.0185 | 24.6s
2026-06-20 16:56:27,050 - INFO -   batch 220/381 | loss=0.0830 mse=0.0559 sym=0.0109 phy=0.0186 | 25.8s
2026-06-20 16:56:28,233 - INFO -   batch 230/381 | loss=0.0930 mse=0.0638 sym=0.0109 phy=0.0186 | 27.0s
2026-06-20 16:56:29,416 - INFO -   batch 240/381 | loss=0.0820 mse=0.0593 sym=0.0109 phy=0.0185 | 28.1s
2026-06-20 16:56:30,549 - INFO -   batch 250/381 | loss=0.0748 mse=0.0487 sym=0.0109 phy=0.0184 | 29.3s
2026-06-20 16:56:31,714 - INFO -   batch 260/381 | loss=0.0720 mse=0.0432 sym=0.0109 phy=0.0185 | 30.4s
2026-06-20 16:56:32,873 - INFO -   batch 270/381 | loss=0.0889 mse=0.0575 sym=0.0109 phy=0.0185 | 31.6s
2026-06-20 16:56:34,050 - INFO -   batch 280/381 | loss=0.0784 mse=0.0552 sym=0.0109 phy=0.0186 | 32.8s
2026-06-20 16:56:35,220 - INFO -   batch 290/381 | loss=0.0925 mse=0.0662 sym=0.0109 phy=0.0185 | 33.9s
2026-06-20 16:56:36,401 - INFO -   batch 300/381 | loss=0.0919 mse=0.0662 sym=0.0109 phy=0.0185 | 35.1s
2026-06-20 16:56:37,565 - INFO -   batch 310/381 | loss=0.0827 mse=0.0516 sym=0.0109 phy=0.0184 | 36.3s
2026-06-20 16:56:38,735 - INFO -   batch 320/381 | loss=0.0819 mse=0.0509 sym=0.0109 phy=0.0184 | 37.5s
2026-06-20 16:56:39,911 - INFO -   batch 330/381 | loss=0.0841 mse=0.0495 sym=0.0109 phy=0.0185 | 38.6s
2026-06-20 16:56:41,084 - INFO -   batch 340/381 | loss=0.1006 mse=0.0706 sym=0.0109 phy=0.0185 | 39.8s
2026-06-20 16:56:42,258 - INFO -   batch 350/381 | loss=0.0852 mse=0.0589 sym=0.0109 phy=0.0185 | 41.0s
2026-06-20 16:56:43,397 - INFO -   batch 360/381 | loss=0.0707 mse=0.0445 sym=0.0109 phy=0.0185 | 42.1s
2026-06-20 16:56:44,567 - INFO -   batch 370/381 | loss=0.0931 mse=0.0626 sym=0.0109 phy=0.0186 | 43.3s
2026-06-20 16:56:45,730 - INFO -   batch 380/381 | loss=0.0897 mse=0.0600 sym=0.0109 phy=0.0187 | 44.5s
2026-06-20 16:56:47,957 - INFO -   batch   1/381 | loss=0.0918 mse=0.0589 sym=0.0103 phy=0.0225 | 0.2s
2026-06-20 16:56:48,998 - INFO -   batch  10/381 | loss=0.0817 mse=0.0497 sym=0.0109 phy=0.0211 | 1.2s
2026-06-20 16:56:50,177 - INFO -   batch  20/381 | loss=0.0866 mse=0.0545 sym=0.0110 phy=0.0207 | 2.4s
2026-06-20 16:56:51,333 - INFO -   batch  30/381 | loss=0.0732 mse=0.0451 sym=0.0111 phy=0.0197 | 3.6s
2026-06-20 16:56:52,497 - INFO -   batch  40/381 | loss=0.0649 mse=0.0409 sym=0.0110 phy=0.0192 | 4.7s
2026-06-20 16:56:53,675 - INFO -   batch  50/381 | loss=0.0738 mse=0.0497 sym=0.0109 phy=0.0191 | 5.9s
2026-06-20 16:56:54,851 - INFO -   batch  60/381 | loss=0.0804 mse=0.0524 sym=0.0109 phy=0.0187 | 7.1s
2026-06-20 16:56:56,025 - INFO -   batch  70/381 | loss=0.1019 mse=0.0696 sym=0.0109 phy=0.0190 | 8.2s
2026-06-20 16:56:57,210 - INFO -   batch  80/381 | loss=0.0880 mse=0.0608 sym=0.0109 phy=0.0192 | 9.4s
2026-06-20 16:56:58,365 - INFO -   batch  90/381 | loss=0.0829 mse=0.0501 sym=0.0109 phy=0.0192 | 10.6s
2026-06-20 16:56:59,535 - INFO -   batch 100/381 | loss=0.0862 mse=0.0487 sym=0.0109 phy=0.0190 | 11.8s
2026-06-20 16:57:00,723 - INFO -   batch 110/381 | loss=0.1005 mse=0.0681 sym=0.0109 phy=0.0192 | 12.9s
2026-06-20 16:57:01,910 - INFO -   batch 120/381 | loss=0.0834 mse=0.0581 sym=0.0108 phy=0.0190 | 14.1s
2026-06-20 16:57:03,086 - INFO -   batch 130/381 | loss=0.0872 mse=0.0524 sym=0.0108 phy=0.0192 | 15.3s
2026-06-20 16:57:04,226 - INFO -   batch 140/381 | loss=0.0625 mse=0.0363 sym=0.0108 phy=0.0191 | 16.4s
2026-06-20 16:57:05,377 - INFO -   batch 150/381 | loss=0.0825 mse=0.0586 sym=0.0108 phy=0.0189 | 17.6s
2026-06-20 16:57:06,536 - INFO -   batch 160/381 | loss=0.0641 mse=0.0392 sym=0.0108 phy=0.0189 | 18.8s
2026-06-20 16:57:07,689 - INFO -   batch 170/381 | loss=0.0822 mse=0.0558 sym=0.0108 phy=0.0187 | 19.9s
2026-06-20 16:57:08,859 - INFO -   batch 180/381 | loss=0.0911 mse=0.0553 sym=0.0108 phy=0.0187 | 21.1s
2026-06-20 16:57:10,033 - INFO -   batch 190/381 | loss=0.0653 mse=0.0376 sym=0.0108 phy=0.0187 | 22.3s
2026-06-20 16:57:11,208 - INFO -   batch 200/381 | loss=0.0685 mse=0.0425 sym=0.0108 phy=0.0187 | 23.4s
2026-06-20 16:57:12,360 - INFO -   batch 210/381 | loss=0.0687 mse=0.0428 sym=0.0109 phy=0.0187 | 24.6s
2026-06-20 16:57:13,558 - INFO -   batch 220/381 | loss=0.0897 mse=0.0609 sym=0.0109 phy=0.0187 | 25.8s
2026-06-20 16:57:14,729 - INFO -   batch 230/381 | loss=0.0789 mse=0.0548 sym=0.0109 phy=0.0187 | 27.0s
2026-06-20 16:57:15,901 - INFO -   batch 240/381 | loss=0.0935 mse=0.0541 sym=0.0109 phy=0.0187 | 28.1s
2026-06-20 16:57:17,073 - INFO -   batch 250/381 | loss=0.0780 mse=0.0438 sym=0.0109 phy=0.0188 | 29.3s
2026-06-20 16:57:18,206 - INFO -   batch 260/381 | loss=0.1001 mse=0.0589 sym=0.0109 phy=0.0188 | 30.4s
2026-06-20 16:57:19,375 - INFO -   batch 270/381 | loss=0.0697 mse=0.0445 sym=0.0109 phy=0.0187 | 31.6s
2026-06-20 16:57:20,554 - INFO -   batch 280/381 | loss=0.0875 mse=0.0589 sym=0.0109 phy=0.0188 | 32.8s
2026-06-20 16:57:21,743 - INFO -   batch 290/381 | loss=0.0747 mse=0.0433 sym=0.0109 phy=0.0188 | 34.0s
2026-06-20 16:57:22,906 - INFO -   batch 300/381 | loss=0.0739 mse=0.0504 sym=0.0109 phy=0.0187 | 35.1s
2026-06-20 16:57:24,077 - INFO -   batch 310/381 | loss=0.0879 mse=0.0506 sym=0.0109 phy=0.0187 | 36.3s
2026-06-20 16:57:25,228 - INFO -   batch 320/381 | loss=0.0889 mse=0.0557 sym=0.0109 phy=0.0187 | 37.5s
2026-06-20 16:57:26,379 - INFO -   batch 330/381 | loss=0.0959 mse=0.0592 sym=0.0109 phy=0.0187 | 38.6s
2026-06-20 16:57:27,564 - INFO -   batch 340/381 | loss=0.1007 mse=0.0660 sym=0.0109 phy=0.0187 | 39.8s
2026-06-20 16:57:28,752 - INFO -   batch 350/381 | loss=0.0826 mse=0.0522 sym=0.0109 phy=0.0187 | 41.0s
2026-06-20 16:57:29,924 - INFO -   batch 360/381 | loss=0.0730 mse=0.0408 sym=0.0109 phy=0.0187 | 42.1s
2026-06-20 16:57:31,094 - INFO -   batch 370/381 | loss=0.0717 mse=0.0466 sym=0.0109 phy=0.0187 | 43.3s
2026-06-20 16:57:32,251 - INFO -   batch 380/381 | loss=0.0892 mse=0.0654 sym=0.0109 phy=0.0186 | 44.5s
2026-06-20 16:57:34,331 - INFO - Epoch  35/50 | Loss=0.0841 MSE=0.0546 Sym=0.0109 Phy=0.0186 | Val RMSE=0.2344 ρ=0.333 | 47s
2026-06-20 16:57:34,526 - INFO -   batch   1/381 | loss=0.0735 mse=0.0484 sym=0.0117 phy=0.0133 | 0.2s
2026-06-20 16:57:35,581 - INFO -   batch  10/381 | loss=0.0834 mse=0.0484 sym=0.0112 phy=0.0156 | 1.2s
2026-06-20 16:57:36,756 - INFO -   batch  20/381 | loss=0.0956 mse=0.0689 sym=0.0109 phy=0.0167 | 2.4s
2026-06-20 16:57:37,933 - INFO -   batch  30/381 | loss=0.0950 mse=0.0611 sym=0.0110 phy=0.0169 | 3.6s
2026-06-20 16:57:39,085 - INFO -   batch  40/381 | loss=0.0927 mse=0.0588 sym=0.0110 phy=0.0178 | 4.8s
2026-06-20 16:57:40,266 - INFO -   batch  50/381 | loss=0.0776 mse=0.0486 sym=0.0109 phy=0.0174 | 5.9s
2026-06-20 16:57:41,427 - INFO -   batch  60/381 | loss=0.0812 mse=0.0469 sym=0.0109 phy=0.0174 | 7.1s
2026-06-20 16:57:42,619 - INFO -   batch  70/381 | loss=0.0864 mse=0.0545 sym=0.0109 phy=0.0173 | 8.3s
2026-06-20 16:57:43,786 - INFO -   batch  80/381 | loss=0.0746 mse=0.0482 sym=0.0110 phy=0.0174 | 9.5s
2026-06-20 16:57:44,964 - INFO -   batch  90/381 | loss=0.0855 mse=0.0593 sym=0.0109 phy=0.0175 | 10.6s
2026-06-20 16:57:46,110 - INFO -   batch 100/381 | loss=0.0805 mse=0.0475 sym=0.0109 phy=0.0176 | 11.8s
2026-06-20 16:57:47,289 - INFO -   batch 110/381 | loss=0.0783 mse=0.0466 sym=0.0109 phy=0.0177 | 13.0s
2026-06-20 16:57:48,476 - INFO -   batch 120/381 | loss=0.0956 mse=0.0666 sym=0.0109 phy=0.0179 | 14.1s
2026-06-20 16:57:49,639 - INFO -   batch 130/381 | loss=0.1041 mse=0.0736 sym=0.0109 phy=0.0177 | 15.3s
2026-06-20 16:57:50,807 - INFO -   batch 140/381 | loss=0.0917 mse=0.0502 sym=0.0109 phy=0.0179 | 16.5s
2026-06-20 16:57:51,953 - INFO -   batch 150/381 | loss=0.0717 mse=0.0397 sym=0.0109 phy=0.0180 | 17.6s
2026-06-20 16:57:53,116 - INFO -   batch 160/381 | loss=0.0854 mse=0.0585 sym=0.0109 phy=0.0180 | 18.8s
2026-06-20 16:57:54,276 - INFO -   batch 170/381 | loss=0.0838 mse=0.0489 sym=0.0109 phy=0.0181 | 19.9s
2026-06-20 16:57:55,458 - INFO -   batch 180/381 | loss=0.0687 mse=0.0349 sym=0.0109 phy=0.0181 | 21.1s
2026-06-20 16:57:56,618 - INFO -   batch 190/381 | loss=0.0694 mse=0.0405 sym=0.0109 phy=0.0182 | 22.3s
2026-06-20 16:57:57,802 - INFO -   batch 200/381 | loss=0.0663 mse=0.0350 sym=0.0109 phy=0.0182 | 23.5s
2026-06-20 16:57:58,932 - INFO -   batch 210/381 | loss=0.0846 mse=0.0545 sym=0.0109 phy=0.0183 | 24.6s
2026-06-20 16:58:00,111 - INFO -   batch 220/381 | loss=0.0826 mse=0.0532 sym=0.0109 phy=0.0182 | 25.8s
2026-06-20 16:58:01,282 - INFO -   batch 230/381 | loss=0.0828 mse=0.0577 sym=0.0109 phy=0.0182 | 26.9s
2026-06-20 16:58:02,479 - INFO -   batch 240/381 | loss=0.0979 mse=0.0598 sym=0.0109 phy=0.0182 | 28.1s
2026-06-20 16:58:03,656 - INFO -   batch 250/381 | loss=0.1060 mse=0.0771 sym=0.0109 phy=0.0182 | 29.3s
2026-06-20 16:58:04,822 - INFO -   batch 260/381 | loss=0.0913 mse=0.0622 sym=0.0109 phy=0.0183 | 30.5s
2026-06-20 16:58:05,982 - INFO -   batch 270/381 | loss=0.0952 mse=0.0680 sym=0.0109 phy=0.0183 | 31.7s
2026-06-20 16:58:07,158 - INFO -   batch 280/381 | loss=0.0819 mse=0.0457 sym=0.0109 phy=0.0183 | 32.8s
2026-06-20 16:58:08,322 - INFO -   batch 290/381 | loss=0.0917 mse=0.0591 sym=0.0109 phy=0.0184 | 34.0s
2026-06-20 16:58:09,492 - INFO -   batch 300/381 | loss=0.1067 mse=0.0786 sym=0.0109 phy=0.0185 | 35.2s
2026-06-20 16:58:10,663 - INFO -   batch 310/381 | loss=0.0827 mse=0.0486 sym=0.0109 phy=0.0185 | 36.3s
2026-06-20 16:58:11,809 - INFO -   batch 320/381 | loss=0.0793 mse=0.0470 sym=0.0109 phy=0.0185 | 37.5s
2026-06-20 16:58:12,992 - INFO -   batch 330/381 | loss=0.0700 mse=0.0469 sym=0.0109 phy=0.0186 | 38.7s
2026-06-20 16:58:14,155 - INFO -   batch 340/381 | loss=0.0734 mse=0.0492 sym=0.0109 phy=0.0186 | 39.8s
2026-06-20 16:58:15,333 - INFO -   batch 350/381 | loss=0.0928 mse=0.0565 sym=0.0109 phy=0.0186 | 41.0s
2026-06-20 16:58:16,506 - INFO -   batch 360/381 | loss=0.0924 mse=0.0631 sym=0.0109 phy=0.0186 | 42.2s
2026-06-20 16:58:17,687 - INFO -   batch 370/381 | loss=0.0819 mse=0.0525 sym=0.0109 phy=0.0185 | 43.4s
2026-06-20 16:58:18,839 - INFO -   batch 380/381 | loss=0.0835 mse=0.0453 sym=0.0109 phy=0.0186 | 44.5s
2026-06-20 16:58:21,089 - INFO -   batch   1/381 | loss=0.0690 mse=0.0401 sym=0.0113 phy=0.0176 | 0.2s
2026-06-20 16:58:22,149 - INFO -   batch  10/381 | loss=0.0777 mse=0.0470 sym=0.0112 phy=0.0173 | 1.3s
2026-06-20 16:58:23,322 - INFO -   batch  20/381 | loss=0.0946 mse=0.0550 sym=0.0112 phy=0.0185 | 2.4s
2026-06-20 16:58:24,502 - INFO -   batch  30/381 | loss=0.0760 mse=0.0455 sym=0.0111 phy=0.0189 | 3.6s
2026-06-20 16:58:25,649 - INFO -   batch  40/381 | loss=0.0843 mse=0.0605 sym=0.0111 phy=0.0185 | 4.8s
2026-06-20 16:58:26,794 - INFO -   batch  50/381 | loss=0.0913 mse=0.0586 sym=0.0111 phy=0.0183 | 5.9s
2026-06-20 16:58:27,980 - INFO -   batch  60/381 | loss=0.0820 mse=0.0475 sym=0.0110 phy=0.0183 | 7.1s
2026-06-20 16:58:29,147 - INFO -   batch  70/381 | loss=0.0715 mse=0.0444 sym=0.0109 phy=0.0185 | 8.3s
2026-06-20 16:58:30,325 - INFO -   batch  80/381 | loss=0.0788 mse=0.0507 sym=0.0109 phy=0.0183 | 9.4s
2026-06-20 16:58:31,493 - INFO -   batch  90/381 | loss=0.0839 mse=0.0499 sym=0.0109 phy=0.0184 | 10.6s
2026-06-20 16:58:32,639 - INFO -   batch 100/381 | loss=0.0772 mse=0.0414 sym=0.0109 phy=0.0183 | 11.7s
2026-06-20 16:58:33,808 - INFO -   batch 110/381 | loss=0.0838 mse=0.0617 sym=0.0109 phy=0.0181 | 12.9s
2026-06-20 16:58:34,980 - INFO -   batch 120/381 | loss=0.0777 mse=0.0472 sym=0.0110 phy=0.0181 | 14.1s
2026-06-20 16:58:36,151 - INFO -   batch 130/381 | loss=0.0703 mse=0.0462 sym=0.0109 phy=0.0183 | 15.3s
2026-06-20 16:58:37,313 - INFO -   batch 140/381 | loss=0.0787 mse=0.0507 sym=0.0109 phy=0.0183 | 16.4s
2026-06-20 16:58:38,464 - INFO -   batch 150/381 | loss=0.0825 mse=0.0542 sym=0.0109 phy=0.0184 | 17.6s
2026-06-20 16:58:39,598 - INFO -   batch 160/381 | loss=0.0799 mse=0.0536 sym=0.0110 phy=0.0182 | 18.7s
2026-06-20 16:58:40,776 - INFO -   batch 170/381 | loss=0.0991 mse=0.0675 sym=0.0110 phy=0.0184 | 19.9s
2026-06-20 16:58:41,957 - INFO -   batch 180/381 | loss=0.0976 mse=0.0634 sym=0.0109 phy=0.0185 | 21.1s
2026-06-20 16:58:43,131 - INFO -   batch 190/381 | loss=0.0964 mse=0.0701 sym=0.0110 phy=0.0186 | 22.2s
2026-06-20 16:58:44,293 - INFO -   batch 200/381 | loss=0.0892 mse=0.0627 sym=0.0109 phy=0.0185 | 23.4s
2026-06-20 16:58:45,478 - INFO -   batch 210/381 | loss=0.1013 mse=0.0708 sym=0.0109 phy=0.0184 | 24.6s
2026-06-20 16:58:46,633 - INFO -   batch 220/381 | loss=0.0855 mse=0.0594 sym=0.0109 phy=0.0184 | 25.7s
2026-06-20 16:58:47,801 - INFO -   batch 230/381 | loss=0.0903 mse=0.0646 sym=0.0109 phy=0.0184 | 26.9s
2026-06-20 16:58:48,990 - INFO -   batch 240/381 | loss=0.0884 mse=0.0575 sym=0.0109 phy=0.0183 | 28.1s
2026-06-20 16:58:50,156 - INFO -   batch 250/381 | loss=0.0751 mse=0.0453 sym=0.0109 phy=0.0183 | 29.3s
2026-06-20 16:58:51,334 - INFO -   batch 260/381 | loss=0.0801 mse=0.0477 sym=0.0110 phy=0.0183 | 30.4s
2026-06-20 16:58:52,497 - INFO -   batch 270/381 | loss=0.0853 mse=0.0595 sym=0.0110 phy=0.0183 | 31.6s
2026-06-20 16:58:53,658 - INFO -   batch 280/381 | loss=0.0840 mse=0.0489 sym=0.0110 phy=0.0183 | 32.8s
2026-06-20 16:58:54,834 - INFO -   batch 290/381 | loss=0.0979 mse=0.0650 sym=0.0110 phy=0.0183 | 33.9s
2026-06-20 16:58:55,980 - INFO -   batch 300/381 | loss=0.1020 mse=0.0710 sym=0.0110 phy=0.0183 | 35.1s
2026-06-20 16:58:57,156 - INFO -   batch 310/381 | loss=0.1058 mse=0.0626 sym=0.0110 phy=0.0185 | 36.3s
2026-06-20 16:58:58,327 - INFO -   batch 320/381 | loss=0.0795 mse=0.0492 sym=0.0110 phy=0.0185 | 37.4s
2026-06-20 16:58:59,468 - INFO -   batch 330/381 | loss=0.0914 mse=0.0675 sym=0.0110 phy=0.0185 | 38.6s
2026-06-20 16:59:00,648 - INFO -   batch 340/381 | loss=0.0812 mse=0.0544 sym=0.0110 phy=0.0185 | 39.8s
2026-06-20 16:59:01,821 - INFO -   batch 350/381 | loss=0.0873 mse=0.0617 sym=0.0110 phy=0.0185 | 40.9s
2026-06-20 16:59:03,004 - INFO -   batch 360/381 | loss=0.0818 mse=0.0499 sym=0.0110 phy=0.0185 | 42.1s
2026-06-20 16:59:04,172 - INFO -   batch 370/381 | loss=0.0791 mse=0.0485 sym=0.0109 phy=0.0185 | 43.3s
2026-06-20 16:59:05,339 - INFO -   batch 380/381 | loss=0.0946 mse=0.0629 sym=0.0109 phy=0.0185 | 44.4s
2026-06-20 16:59:07,588 - INFO -   batch   1/381 | loss=0.0724 mse=0.0423 sym=0.0108 phy=0.0193 | 0.2s
2026-06-20 16:59:08,649 - INFO -   batch  10/381 | loss=0.0802 mse=0.0528 sym=0.0105 phy=0.0196 | 1.3s
2026-06-20 16:59:09,828 - INFO -   batch  20/381 | loss=0.0742 mse=0.0462 sym=0.0108 phy=0.0194 | 2.4s
2026-06-20 16:59:10,964 - INFO -   batch  30/381 | loss=0.0788 mse=0.0505 sym=0.0107 phy=0.0189 | 3.6s
2026-06-20 16:59:12,133 - INFO -   batch  40/381 | loss=0.0895 mse=0.0532 sym=0.0108 phy=0.0186 | 4.7s
2026-06-20 16:59:13,289 - INFO -   batch  50/381 | loss=0.0849 mse=0.0578 sym=0.0108 phy=0.0186 | 5.9s
2026-06-20 16:59:14,455 - INFO -   batch  60/381 | loss=0.1051 mse=0.0782 sym=0.0109 phy=0.0185 | 7.1s
2026-06-20 16:59:15,642 - INFO -   batch  70/381 | loss=0.0915 mse=0.0613 sym=0.0109 phy=0.0190 | 8.2s
2026-06-20 16:59:16,814 - INFO -   batch  80/381 | loss=0.0806 mse=0.0434 sym=0.0109 phy=0.0191 | 9.4s
2026-06-20 16:59:17,990 - INFO -   batch  90/381 | loss=0.0851 mse=0.0553 sym=0.0109 phy=0.0190 | 10.6s
2026-06-20 16:59:19,165 - INFO -   batch 100/381 | loss=0.0794 mse=0.0510 sym=0.0108 phy=0.0190 | 11.8s
2026-06-20 16:59:20,295 - INFO -   batch 110/381 | loss=0.0644 mse=0.0366 sym=0.0108 phy=0.0188 | 12.9s
2026-06-20 16:59:21,451 - INFO -   batch 120/381 | loss=0.0732 mse=0.0479 sym=0.0109 phy=0.0189 | 14.1s
2026-06-20 16:59:22,625 - INFO -   batch 130/381 | loss=0.0729 mse=0.0428 sym=0.0109 phy=0.0191 | 15.2s
2026-06-20 16:59:23,804 - INFO -   batch 140/381 | loss=0.0866 mse=0.0523 sym=0.0109 phy=0.0190 | 16.4s
2026-06-20 16:59:24,983 - INFO -   batch 150/381 | loss=0.0869 mse=0.0605 sym=0.0109 phy=0.0190 | 17.6s
2026-06-20 16:59:26,167 - INFO -   batch 160/381 | loss=0.0783 mse=0.0488 sym=0.0109 phy=0.0189 | 18.8s
2026-06-20 16:59:27,304 - INFO -   batch 170/381 | loss=0.0860 mse=0.0509 sym=0.0109 phy=0.0189 | 19.9s
2026-06-20 16:59:28,484 - INFO -   batch 180/381 | loss=0.0845 mse=0.0531 sym=0.0109 phy=0.0190 | 21.1s
2026-06-20 16:59:29,650 - INFO -   batch 190/381 | loss=0.0872 mse=0.0632 sym=0.0109 phy=0.0189 | 22.3s
2026-06-20 16:59:30,812 - INFO -   batch 200/381 | loss=0.0881 mse=0.0606 sym=0.0109 phy=0.0188 | 23.4s
2026-06-20 16:59:31,960 - INFO -   batch 210/381 | loss=0.0999 mse=0.0689 sym=0.0109 phy=0.0188 | 24.6s
2026-06-20 16:59:33,135 - INFO -   batch 220/381 | loss=0.0793 mse=0.0512 sym=0.0109 phy=0.0189 | 25.7s
2026-06-20 16:59:34,291 - INFO -   batch 230/381 | loss=0.0805 mse=0.0478 sym=0.0109 phy=0.0189 | 26.9s
2026-06-20 16:59:35,465 - INFO -   batch 240/381 | loss=0.0863 mse=0.0585 sym=0.0109 phy=0.0190 | 28.1s
2026-06-20 16:59:36,641 - INFO -   batch 250/381 | loss=0.0791 mse=0.0500 sym=0.0109 phy=0.0190 | 29.2s
2026-06-20 16:59:37,812 - INFO -   batch 260/381 | loss=0.0974 mse=0.0712 sym=0.0109 phy=0.0189 | 30.4s
2026-06-20 16:59:38,989 - INFO -   batch 270/381 | loss=0.0875 mse=0.0564 sym=0.0109 phy=0.0189 | 31.6s
2026-06-20 16:59:40,143 - INFO -   batch 280/381 | loss=0.0909 mse=0.0570 sym=0.0109 phy=0.0189 | 32.7s
2026-06-20 16:59:41,311 - INFO -   batch 290/381 | loss=0.0992 mse=0.0658 sym=0.0109 phy=0.0189 | 33.9s
2026-06-20 16:59:42,502 - INFO -   batch 300/381 | loss=0.0744 mse=0.0453 sym=0.0109 phy=0.0189 | 35.1s
2026-06-20 16:59:43,665 - INFO -   batch 310/381 | loss=0.0783 mse=0.0511 sym=0.0109 phy=0.0188 | 36.3s
2026-06-20 16:59:44,849 - INFO -   batch 320/381 | loss=0.0641 mse=0.0375 sym=0.0109 phy=0.0188 | 37.5s
2026-06-20 16:59:45,988 - INFO -   batch 330/381 | loss=0.0844 mse=0.0561 sym=0.0109 phy=0.0188 | 38.6s
2026-06-20 16:59:47,149 - INFO -   batch 340/381 | loss=0.0906 mse=0.0647 sym=0.0109 phy=0.0187 | 39.8s
2026-06-20 16:59:48,325 - INFO -   batch 350/381 | loss=0.0729 mse=0.0512 sym=0.0109 phy=0.0187 | 40.9s
2026-06-20 16:59:49,488 - INFO -   batch 360/381 | loss=0.0771 mse=0.0465 sym=0.0109 phy=0.0187 | 42.1s
2026-06-20 16:59:50,645 - INFO -   batch 370/381 | loss=0.0759 mse=0.0481 sym=0.0109 phy=0.0186 | 43.3s
2026-06-20 16:59:51,817 - INFO -   batch 380/381 | loss=0.0906 mse=0.0644 sym=0.0109 phy=0.0186 | 44.4s
2026-06-20 16:59:54,078 - INFO -   batch   1/381 | loss=0.0941 mse=0.0598 sym=0.0122 phy=0.0221 | 0.2s
2026-06-20 16:59:55,093 - INFO -   batch  10/381 | loss=0.0921 mse=0.0599 sym=0.0109 phy=0.0201 | 1.2s
2026-06-20 16:59:56,271 - INFO -   batch  20/381 | loss=0.0888 mse=0.0624 sym=0.0110 phy=0.0198 | 2.4s
2026-06-20 16:59:57,447 - INFO -   batch  30/381 | loss=0.0922 mse=0.0556 sym=0.0109 phy=0.0193 | 3.6s
2026-06-20 16:59:58,624 - INFO -   batch  40/381 | loss=0.0817 mse=0.0463 sym=0.0110 phy=0.0195 | 4.7s
2026-06-20 16:59:59,806 - INFO -   batch  50/381 | loss=0.0799 mse=0.0522 sym=0.0110 phy=0.0198 | 5.9s
2026-06-20 17:00:00,988 - INFO -   batch  60/381 | loss=0.0735 mse=0.0387 sym=0.0110 phy=0.0198 | 7.1s
2026-06-20 17:00:02,128 - INFO -   batch  70/381 | loss=0.0784 mse=0.0525 sym=0.0110 phy=0.0195 | 8.2s
2026-06-20 17:00:03,316 - INFO -   batch  80/381 | loss=0.0874 mse=0.0546 sym=0.0109 phy=0.0195 | 9.4s
2026-06-20 17:00:04,499 - INFO -   batch  90/381 | loss=0.0865 mse=0.0507 sym=0.0109 phy=0.0192 | 10.6s
2026-06-20 17:00:05,667 - INFO -   batch 100/381 | loss=0.0829 mse=0.0541 sym=0.0110 phy=0.0192 | 11.8s
2026-06-20 17:00:06,838 - INFO -   batch 110/381 | loss=0.1014 mse=0.0746 sym=0.0109 phy=0.0190 | 12.9s
2026-06-20 17:00:08,002 - INFO -   batch 120/381 | loss=0.0817 mse=0.0556 sym=0.0110 phy=0.0189 | 14.1s
2026-06-20 17:00:09,174 - INFO -   batch 130/381 | loss=0.0827 mse=0.0573 sym=0.0110 phy=0.0187 | 15.3s
2026-06-20 17:00:10,351 - INFO -   batch 140/381 | loss=0.0621 mse=0.0355 sym=0.0110 phy=0.0187 | 16.5s
2026-06-20 17:00:11,527 - INFO -   batch 150/381 | loss=0.0903 mse=0.0615 sym=0.0110 phy=0.0186 | 17.6s
2026-06-20 17:00:12,700 - INFO -   batch 160/381 | loss=0.0700 mse=0.0443 sym=0.0110 phy=0.0186 | 18.8s
2026-06-20 17:00:13,870 - INFO -   batch 170/381 | loss=0.0852 mse=0.0509 sym=0.0109 phy=0.0188 | 20.0s
2026-06-20 17:00:15,024 - INFO -   batch 180/381 | loss=0.0828 mse=0.0468 sym=0.0109 phy=0.0189 | 21.1s
2026-06-20 17:00:16,192 - INFO -   batch 190/381 | loss=0.0749 mse=0.0490 sym=0.0109 phy=0.0189 | 22.3s
2026-06-20 17:00:17,379 - INFO -   batch 200/381 | loss=0.0854 mse=0.0603 sym=0.0109 phy=0.0187 | 23.5s
2026-06-20 17:00:18,553 - INFO -   batch 210/381 | loss=0.0940 mse=0.0577 sym=0.0109 phy=0.0186 | 24.7s
2026-06-20 17:00:19,721 - INFO -   batch 220/381 | loss=0.0730 mse=0.0453 sym=0.0109 phy=0.0186 | 25.8s
2026-06-20 17:00:20,896 - INFO -   batch 230/381 | loss=0.0716 mse=0.0489 sym=0.0109 phy=0.0185 | 27.0s
2026-06-20 17:00:22,051 - INFO -   batch 240/381 | loss=0.0739 mse=0.0462 sym=0.0109 phy=0.0187 | 28.2s
2026-06-20 17:00:23,232 - INFO -   batch 250/381 | loss=0.0896 mse=0.0537 sym=0.0109 phy=0.0185 | 29.3s
2026-06-20 17:00:24,412 - INFO -   batch 260/381 | loss=0.0938 mse=0.0533 sym=0.0109 phy=0.0185 | 30.5s
2026-06-20 17:00:25,582 - INFO -   batch 270/381 | loss=0.0735 mse=0.0437 sym=0.0109 phy=0.0186 | 31.7s
2026-06-20 17:00:26,760 - INFO -   batch 280/381 | loss=0.0815 mse=0.0556 sym=0.0109 phy=0.0186 | 32.9s
2026-06-20 17:00:27,903 - INFO -   batch 290/381 | loss=0.0695 mse=0.0410 sym=0.0109 phy=0.0184 | 34.0s
2026-06-20 17:00:29,074 - INFO -   batch 300/381 | loss=0.0925 mse=0.0609 sym=0.0109 phy=0.0185 | 35.2s
2026-06-20 17:00:30,258 - INFO -   batch 310/381 | loss=0.0888 mse=0.0502 sym=0.0109 phy=0.0185 | 36.4s
2026-06-20 17:00:31,430 - INFO -   batch 320/381 | loss=0.0673 mse=0.0384 sym=0.0109 phy=0.0185 | 37.5s
2026-06-20 17:00:32,602 - INFO -   batch 330/381 | loss=0.0842 mse=0.0540 sym=0.0109 phy=0.0185 | 38.7s
2026-06-20 17:00:33,782 - INFO -   batch 340/381 | loss=0.0606 mse=0.0343 sym=0.0109 phy=0.0185 | 39.9s
2026-06-20 17:00:34,943 - INFO -   batch 350/381 | loss=0.0909 mse=0.0623 sym=0.0109 phy=0.0185 | 41.1s
2026-06-20 17:00:36,117 - INFO -   batch 360/381 | loss=0.0984 mse=0.0717 sym=0.0109 phy=0.0185 | 42.2s
2026-06-20 17:00:37,295 - INFO -   batch 370/381 | loss=0.0939 mse=0.0570 sym=0.0109 phy=0.0186 | 43.4s
2026-06-20 17:00:38,468 - INFO -   batch 380/381 | loss=0.0834 mse=0.0505 sym=0.0109 phy=0.0185 | 44.6s
2026-06-20 17:00:40,733 - INFO -   batch   1/381 | loss=0.1023 mse=0.0640 sym=0.0103 phy=0.0280 | 0.2s
2026-06-20 17:00:41,781 - INFO -   batch  10/381 | loss=0.0839 mse=0.0532 sym=0.0106 phy=0.0222 | 1.2s
2026-06-20 17:00:42,904 - INFO -   batch  20/381 | loss=0.0959 mse=0.0696 sym=0.0107 phy=0.0200 | 2.4s
2026-06-20 17:00:44,079 - INFO -   batch  30/381 | loss=0.0745 mse=0.0435 sym=0.0108 phy=0.0185 | 3.5s
2026-06-20 17:00:45,263 - INFO -   batch  40/381 | loss=0.0843 mse=0.0508 sym=0.0108 phy=0.0185 | 4.7s
2026-06-20 17:00:46,434 - INFO -   batch  50/381 | loss=0.0808 mse=0.0506 sym=0.0109 phy=0.0186 | 5.9s
2026-06-20 17:00:47,617 - INFO -   batch  60/381 | loss=0.0981 mse=0.0587 sym=0.0109 phy=0.0192 | 7.1s
2026-06-20 17:00:48,782 - INFO -   batch  70/381 | loss=0.0785 mse=0.0515 sym=0.0109 phy=0.0195 | 8.2s
2026-06-20 17:00:49,941 - INFO -   batch  80/381 | loss=0.0806 mse=0.0505 sym=0.0110 phy=0.0193 | 9.4s
2026-06-20 17:00:51,132 - INFO -   batch  90/381 | loss=0.1095 mse=0.0763 sym=0.0109 phy=0.0195 | 10.6s
2026-06-20 17:00:52,303 - INFO -   batch 100/381 | loss=0.0753 mse=0.0421 sym=0.0110 phy=0.0193 | 11.8s
2026-06-20 17:00:53,487 - INFO -   batch 110/381 | loss=0.0621 mse=0.0362 sym=0.0110 phy=0.0192 | 13.0s
2026-06-20 17:00:54,664 - INFO -   batch 120/381 | loss=0.0757 mse=0.0514 sym=0.0110 phy=0.0191 | 14.1s
2026-06-20 17:00:55,821 - INFO -   batch 130/381 | loss=0.0881 mse=0.0563 sym=0.0110 phy=0.0191 | 15.3s
2026-06-20 17:00:56,986 - INFO -   batch 140/381 | loss=0.0807 mse=0.0533 sym=0.0110 phy=0.0189 | 16.5s
2026-06-20 17:00:58,126 - INFO -   batch 150/381 | loss=0.0882 mse=0.0553 sym=0.0110 phy=0.0189 | 17.6s
2026-06-20 17:00:59,309 - INFO -   batch 160/381 | loss=0.0783 mse=0.0503 sym=0.0110 phy=0.0189 | 18.8s
2026-06-20 17:01:00,479 - INFO -   batch 170/381 | loss=0.0912 mse=0.0606 sym=0.0110 phy=0.0189 | 19.9s
2026-06-20 17:01:01,660 - INFO -   batch 180/381 | loss=0.0853 mse=0.0553 sym=0.0110 phy=0.0189 | 21.1s
2026-06-20 17:01:02,815 - INFO -   batch 190/381 | loss=0.1013 mse=0.0743 sym=0.0110 phy=0.0189 | 22.3s
2026-06-20 17:01:03,987 - INFO -   batch 200/381 | loss=0.0940 mse=0.0692 sym=0.0110 phy=0.0189 | 23.5s
2026-06-20 17:01:05,158 - INFO -   batch 210/381 | loss=0.0753 mse=0.0468 sym=0.0110 phy=0.0189 | 24.6s
2026-06-20 17:01:06,333 - INFO -   batch 220/381 | loss=0.0739 mse=0.0461 sym=0.0110 phy=0.0189 | 25.8s
2026-06-20 17:01:07,515 - INFO -   batch 230/381 | loss=0.0846 mse=0.0606 sym=0.0110 phy=0.0188 | 27.0s
2026-06-20 17:01:08,651 - INFO -   batch 240/381 | loss=0.0740 mse=0.0424 sym=0.0110 phy=0.0189 | 28.1s
2026-06-20 17:01:09,821 - INFO -   batch 250/381 | loss=0.0846 mse=0.0547 sym=0.0110 phy=0.0188 | 29.3s
2026-06-20 17:01:10,974 - INFO -   batch 260/381 | loss=0.0721 mse=0.0441 sym=0.0109 phy=0.0189 | 30.4s
2026-06-20 17:01:12,151 - INFO -   batch 270/381 | loss=0.0780 mse=0.0449 sym=0.0109 phy=0.0189 | 31.6s
2026-06-20 17:01:13,319 - INFO -   batch 280/381 | loss=0.0799 mse=0.0517 sym=0.0109 phy=0.0188 | 32.8s
2026-06-20 17:01:14,489 - INFO -   batch 290/381 | loss=0.0795 mse=0.0501 sym=0.0110 phy=0.0187 | 34.0s
2026-06-20 17:01:15,607 - INFO -   batch 300/381 | loss=0.0978 mse=0.0721 sym=0.0109 phy=0.0188 | 35.1s
2026-06-20 17:01:16,760 - INFO -   batch 310/381 | loss=0.0586 mse=0.0349 sym=0.0110 phy=0.0187 | 36.2s
2026-06-20 17:01:17,945 - INFO -   batch 320/381 | loss=0.0762 mse=0.0492 sym=0.0110 phy=0.0186 | 37.4s
2026-06-20 17:01:19,102 - INFO -   batch 330/381 | loss=0.0937 mse=0.0563 sym=0.0110 phy=0.0186 | 38.6s
2026-06-20 17:01:20,296 - INFO -   batch 340/381 | loss=0.0893 mse=0.0607 sym=0.0110 phy=0.0186 | 39.8s
2026-06-20 17:01:21,471 - INFO -   batch 350/381 | loss=0.0880 mse=0.0585 sym=0.0109 phy=0.0186 | 40.9s
2026-06-20 17:01:22,626 - INFO -   batch 360/381 | loss=0.1378 mse=0.1003 sym=0.0109 phy=0.0186 | 42.1s
2026-06-20 17:01:23,800 - INFO -   batch 370/381 | loss=0.0946 mse=0.0621 sym=0.0109 phy=0.0186 | 43.3s
2026-06-20 17:01:24,971 - INFO -   batch 380/381 | loss=0.0809 mse=0.0531 sym=0.0109 phy=0.0186 | 44.4s
2026-06-20 17:01:27,036 - INFO - Epoch  40/50 | Loss=0.0840 MSE=0.0545 Sym=0.0109 Phy=0.0186 | Val RMSE=0.2339 ρ=0.328 | 47s
2026-06-20 17:01:27,202 - INFO -   batch   1/381 | loss=0.0851 mse=0.0621 sym=0.0115 phy=0.0115 | 0.2s
2026-06-20 17:01:28,268 - INFO -   batch  10/381 | loss=0.0982 mse=0.0701 sym=0.0108 phy=0.0188 | 1.2s
2026-06-20 17:01:29,447 - INFO -   batch  20/381 | loss=0.0692 mse=0.0421 sym=0.0108 phy=0.0179 | 2.4s
2026-06-20 17:01:30,601 - INFO -   batch  30/381 | loss=0.1132 mse=0.0893 sym=0.0109 phy=0.0183 | 3.6s
2026-06-20 17:01:31,774 - INFO -   batch  40/381 | loss=0.0833 mse=0.0575 sym=0.0109 phy=0.0187 | 4.7s
2026-06-20 17:01:32,947 - INFO -   batch  50/381 | loss=0.0813 mse=0.0523 sym=0.0110 phy=0.0181 | 5.9s
2026-06-20 17:01:34,121 - INFO -   batch  60/381 | loss=0.0672 mse=0.0411 sym=0.0110 phy=0.0182 | 7.1s
2026-06-20 17:01:35,288 - INFO -   batch  70/381 | loss=0.0785 mse=0.0514 sym=0.0110 phy=0.0180 | 8.3s
2026-06-20 17:01:36,445 - INFO -   batch  80/381 | loss=0.0728 mse=0.0497 sym=0.0110 phy=0.0179 | 9.4s
2026-06-20 17:01:37,610 - INFO -   batch  90/381 | loss=0.0672 mse=0.0452 sym=0.0110 phy=0.0175 | 10.6s
2026-06-20 17:01:38,797 - INFO -   batch 100/381 | loss=0.0672 mse=0.0391 sym=0.0110 phy=0.0176 | 11.8s
2026-06-20 17:01:39,956 - INFO -   batch 110/381 | loss=0.0830 mse=0.0517 sym=0.0110 phy=0.0177 | 12.9s
2026-06-20 17:01:41,135 - INFO -   batch 120/381 | loss=0.0776 mse=0.0474 sym=0.0110 phy=0.0178 | 14.1s
2026-06-20 17:01:42,307 - INFO -   batch 130/381 | loss=0.1062 mse=0.0779 sym=0.0109 phy=0.0178 | 15.3s
2026-06-20 17:01:43,447 - INFO -   batch 140/381 | loss=0.0856 mse=0.0554 sym=0.0109 phy=0.0179 | 16.4s
2026-06-20 17:01:44,620 - INFO -   batch 150/381 | loss=0.0939 mse=0.0578 sym=0.0109 phy=0.0181 | 17.6s
2026-06-20 17:01:45,795 - INFO -   batch 160/381 | loss=0.0814 mse=0.0507 sym=0.0109 phy=0.0182 | 18.8s
2026-06-20 17:01:46,964 - INFO -   batch 170/381 | loss=0.1200 mse=0.0817 sym=0.0109 phy=0.0185 | 19.9s
2026-06-20 17:01:48,138 - INFO -   batch 180/381 | loss=0.0917 mse=0.0646 sym=0.0109 phy=0.0185 | 21.1s
2026-06-20 17:01:49,297 - INFO -   batch 190/381 | loss=0.1053 mse=0.0657 sym=0.0109 phy=0.0185 | 22.3s
2026-06-20 17:01:50,414 - INFO -   batch 200/381 | loss=0.0738 mse=0.0489 sym=0.0109 phy=0.0184 | 23.4s
2026-06-20 17:01:51,581 - INFO -   batch 210/381 | loss=0.0994 mse=0.0704 sym=0.0109 phy=0.0184 | 24.5s
2026-06-20 17:01:52,765 - INFO -   batch 220/381 | loss=0.1047 mse=0.0753 sym=0.0109 phy=0.0183 | 25.7s
2026-06-20 17:01:53,947 - INFO -   batch 230/381 | loss=0.1011 mse=0.0696 sym=0.0109 phy=0.0184 | 26.9s
2026-06-20 17:01:55,129 - INFO -   batch 240/381 | loss=0.0916 mse=0.0569 sym=0.0109 phy=0.0184 | 28.1s
2026-06-20 17:01:56,279 - INFO -   batch 250/381 | loss=0.0925 mse=0.0640 sym=0.0109 phy=0.0185 | 29.2s
2026-06-20 17:01:57,441 - INFO -   batch 260/381 | loss=0.1110 mse=0.0840 sym=0.0109 phy=0.0186 | 30.4s
2026-06-20 17:01:58,630 - INFO -   batch 270/381 | loss=0.0653 mse=0.0361 sym=0.0109 phy=0.0186 | 31.6s
2026-06-20 17:01:59,821 - INFO -   batch 280/381 | loss=0.0761 mse=0.0504 sym=0.0109 phy=0.0186 | 32.8s
2026-06-20 17:02:00,991 - INFO -   batch 290/381 | loss=0.0924 mse=0.0558 sym=0.0109 phy=0.0186 | 34.0s
2026-06-20 17:02:02,173 - INFO -   batch 300/381 | loss=0.0978 mse=0.0671 sym=0.0109 phy=0.0187 | 35.1s
2026-06-20 17:02:03,315 - INFO -   batch 310/381 | loss=0.1007 mse=0.0724 sym=0.0109 phy=0.0187 | 36.3s
2026-06-20 17:02:04,495 - INFO -   batch 320/381 | loss=0.0863 mse=0.0552 sym=0.0109 phy=0.0187 | 37.5s
2026-06-20 17:02:05,678 - INFO -   batch 330/381 | loss=0.0770 mse=0.0480 sym=0.0109 phy=0.0187 | 38.6s
2026-06-20 17:02:06,858 - INFO -   batch 340/381 | loss=0.0888 mse=0.0600 sym=0.0109 phy=0.0187 | 39.8s
2026-06-20 17:02:08,035 - INFO -   batch 350/381 | loss=0.0805 mse=0.0546 sym=0.0109 phy=0.0186 | 41.0s
2026-06-20 17:02:09,179 - INFO -   batch 360/381 | loss=0.0626 mse=0.0398 sym=0.0109 phy=0.0186 | 42.1s
2026-06-20 17:02:10,363 - INFO -   batch 370/381 | loss=0.0752 mse=0.0506 sym=0.0109 phy=0.0185 | 43.3s
2026-06-20 17:02:11,552 - INFO -   batch 380/381 | loss=0.1030 mse=0.0629 sym=0.0109 phy=0.0185 | 44.5s
2026-06-20 17:02:13,807 - INFO -   batch   1/381 | loss=0.1006 mse=0.0677 sym=0.0115 phy=0.0215 | 0.2s
2026-06-20 17:02:14,851 - INFO -   batch  10/381 | loss=0.0871 mse=0.0541 sym=0.0116 phy=0.0196 | 1.2s
2026-06-20 17:02:16,029 - INFO -   batch  20/381 | loss=0.0710 mse=0.0405 sym=0.0114 phy=0.0184 | 2.4s
2026-06-20 17:02:17,177 - INFO -   batch  30/381 | loss=0.0753 mse=0.0470 sym=0.0112 phy=0.0189 | 3.5s
2026-06-20 17:02:18,347 - INFO -   batch  40/381 | loss=0.0877 mse=0.0566 sym=0.0111 phy=0.0193 | 4.7s
2026-06-20 17:02:19,540 - INFO -   batch  50/381 | loss=0.0832 mse=0.0477 sym=0.0111 phy=0.0189 | 5.9s
2026-06-20 17:02:20,706 - INFO -   batch  60/381 | loss=0.0898 mse=0.0543 sym=0.0110 phy=0.0192 | 7.1s
2026-06-20 17:02:21,890 - INFO -   batch  70/381 | loss=0.0804 mse=0.0540 sym=0.0111 phy=0.0188 | 8.3s
2026-06-20 17:02:23,036 - INFO -   batch  80/381 | loss=0.0893 mse=0.0614 sym=0.0110 phy=0.0191 | 9.4s
2026-06-20 17:02:24,213 - INFO -   batch  90/381 | loss=0.1019 mse=0.0684 sym=0.0110 phy=0.0193 | 10.6s
2026-06-20 17:02:25,380 - INFO -   batch 100/381 | loss=0.0838 mse=0.0550 sym=0.0110 phy=0.0192 | 11.7s
2026-06-20 17:02:26,560 - INFO -   batch 110/381 | loss=0.0793 mse=0.0519 sym=0.0109 phy=0.0191 | 12.9s
2026-06-20 17:02:27,717 - INFO -   batch 120/381 | loss=0.1046 mse=0.0648 sym=0.0109 phy=0.0193 | 14.1s
2026-06-20 17:02:28,907 - INFO -   batch 130/381 | loss=0.1197 mse=0.0857 sym=0.0109 phy=0.0192 | 15.3s
2026-06-20 17:02:30,054 - INFO -   batch 140/381 | loss=0.0853 mse=0.0544 sym=0.0109 phy=0.0192 | 16.4s
2026-06-20 17:02:31,219 - INFO -   batch 150/381 | loss=0.0761 mse=0.0489 sym=0.0109 phy=0.0193 | 17.6s
2026-06-20 17:02:32,395 - INFO -   batch 160/381 | loss=0.0839 mse=0.0566 sym=0.0109 phy=0.0191 | 18.8s
2026-06-20 17:02:33,564 - INFO -   batch 170/381 | loss=0.0699 mse=0.0431 sym=0.0109 phy=0.0192 | 19.9s
2026-06-20 17:02:34,738 - INFO -   batch 180/381 | loss=0.0851 mse=0.0589 sym=0.0108 phy=0.0191 | 21.1s
2026-06-20 17:02:35,890 - INFO -   batch 190/381 | loss=0.0787 mse=0.0534 sym=0.0108 phy=0.0190 | 22.3s
2026-06-20 17:02:37,042 - INFO -   batch 200/381 | loss=0.0773 mse=0.0512 sym=0.0109 phy=0.0189 | 23.4s
2026-06-20 17:02:38,225 - INFO -   batch 210/381 | loss=0.0743 mse=0.0436 sym=0.0109 phy=0.0189 | 24.6s
2026-06-20 17:02:39,407 - INFO -   batch 220/381 | loss=0.0756 mse=0.0535 sym=0.0109 phy=0.0189 | 25.8s
2026-06-20 17:02:40,596 - INFO -   batch 230/381 | loss=0.0953 mse=0.0638 sym=0.0109 phy=0.0190 | 27.0s
2026-06-20 17:02:41,781 - INFO -   batch 240/381 | loss=0.0777 mse=0.0397 sym=0.0109 phy=0.0191 | 28.1s
2026-06-20 17:02:42,921 - INFO -   batch 250/381 | loss=0.0907 mse=0.0609 sym=0.0109 phy=0.0191 | 29.3s
2026-06-20 17:02:44,095 - INFO -   batch 260/381 | loss=0.0887 mse=0.0453 sym=0.0109 phy=0.0192 | 30.5s
2026-06-20 17:02:45,253 - INFO -   batch 270/381 | loss=0.0826 mse=0.0532 sym=0.0109 phy=0.0192 | 31.6s
2026-06-20 17:02:46,431 - INFO -   batch 280/381 | loss=0.0775 mse=0.0511 sym=0.0109 phy=0.0192 | 32.8s
2026-06-20 17:02:47,598 - INFO -   batch 290/381 | loss=0.1084 mse=0.0798 sym=0.0109 phy=0.0191 | 34.0s
2026-06-20 17:02:48,779 - INFO -   batch 300/381 | loss=0.0800 mse=0.0546 sym=0.0109 phy=0.0190 | 35.1s
2026-06-20 17:02:49,922 - INFO -   batch 310/381 | loss=0.0880 mse=0.0602 sym=0.0109 phy=0.0189 | 36.3s
2026-06-20 17:02:51,100 - INFO -   batch 320/381 | loss=0.0818 mse=0.0511 sym=0.0109 phy=0.0190 | 37.5s
2026-06-20 17:02:52,281 - INFO -   batch 330/381 | loss=0.0725 mse=0.0460 sym=0.0109 phy=0.0190 | 38.6s
2026-06-20 17:02:53,454 - INFO -   batch 340/381 | loss=0.0908 mse=0.0594 sym=0.0109 phy=0.0189 | 39.8s
2026-06-20 17:02:54,629 - INFO -   batch 350/381 | loss=0.0940 mse=0.0607 sym=0.0109 phy=0.0189 | 41.0s
2026-06-20 17:02:55,800 - INFO -   batch 360/381 | loss=0.1013 mse=0.0659 sym=0.0109 phy=0.0188 | 42.2s
2026-06-20 17:02:56,957 - INFO -   batch 370/381 | loss=0.0747 mse=0.0494 sym=0.0109 phy=0.0187 | 43.3s
2026-06-20 17:02:58,144 - INFO -   batch 380/381 | loss=0.0815 mse=0.0544 sym=0.0109 phy=0.0187 | 44.5s
2026-06-20 17:03:00,399 - INFO -   batch   1/381 | loss=0.0849 mse=0.0589 sym=0.0124 phy=0.0136 | 0.2s
2026-06-20 17:03:01,462 - INFO -   batch  10/381 | loss=0.0853 mse=0.0536 sym=0.0110 phy=0.0160 | 1.3s
2026-06-20 17:03:02,623 - INFO -   batch  20/381 | loss=0.0841 mse=0.0551 sym=0.0112 phy=0.0172 | 2.4s
2026-06-20 17:03:03,800 - INFO -   batch  30/381 | loss=0.1031 mse=0.0779 sym=0.0110 phy=0.0179 | 3.6s
2026-06-20 17:03:04,943 - INFO -   batch  40/381 | loss=0.0790 mse=0.0473 sym=0.0110 phy=0.0181 | 4.7s
2026-06-20 17:03:06,114 - INFO -   batch  50/381 | loss=0.0899 mse=0.0597 sym=0.0110 phy=0.0178 | 5.9s
2026-06-20 17:03:07,269 - INFO -   batch  60/381 | loss=0.0732 mse=0.0434 sym=0.0110 phy=0.0178 | 7.1s
2026-06-20 17:03:08,441 - INFO -   batch  70/381 | loss=0.1040 mse=0.0726 sym=0.0110 phy=0.0178 | 8.2s
2026-06-20 17:03:09,621 - INFO -   batch  80/381 | loss=0.0753 mse=0.0514 sym=0.0110 phy=0.0178 | 9.4s
2026-06-20 17:03:10,761 - INFO -   batch  90/381 | loss=0.0593 mse=0.0306 sym=0.0109 phy=0.0179 | 10.6s
2026-06-20 17:03:11,924 - INFO -   batch 100/381 | loss=0.0817 mse=0.0556 sym=0.0108 phy=0.0179 | 11.7s
2026-06-20 17:03:13,112 - INFO -   batch 110/381 | loss=0.1004 mse=0.0748 sym=0.0108 phy=0.0179 | 12.9s
2026-06-20 17:03:14,293 - INFO -   batch 120/381 | loss=0.1035 mse=0.0714 sym=0.0108 phy=0.0178 | 14.1s
2026-06-20 17:03:15,462 - INFO -   batch 130/381 | loss=0.0680 mse=0.0399 sym=0.0109 phy=0.0179 | 15.3s
2026-06-20 17:03:16,635 - INFO -   batch 140/381 | loss=0.0898 mse=0.0610 sym=0.0109 phy=0.0178 | 16.4s
2026-06-20 17:03:17,747 - INFO -   batch 150/381 | loss=0.0760 mse=0.0492 sym=0.0109 phy=0.0179 | 17.5s
2026-06-20 17:03:18,912 - INFO -   batch 160/381 | loss=0.0856 mse=0.0477 sym=0.0109 phy=0.0179 | 18.7s
2026-06-20 17:03:20,094 - INFO -   batch 170/381 | loss=0.0771 mse=0.0469 sym=0.0109 phy=0.0180 | 19.9s
2026-06-20 17:03:21,265 - INFO -   batch 180/381 | loss=0.0778 mse=0.0481 sym=0.0109 phy=0.0179 | 21.1s
2026-06-20 17:03:22,450 - INFO -   batch 190/381 | loss=0.0888 mse=0.0619 sym=0.0109 phy=0.0178 | 22.2s
2026-06-20 17:03:23,626 - INFO -   batch 200/381 | loss=0.0489 mse=0.0263 sym=0.0109 phy=0.0177 | 23.4s
2026-06-20 17:03:24,762 - INFO -   batch 210/381 | loss=0.0835 mse=0.0579 sym=0.0109 phy=0.0178 | 24.6s
2026-06-20 17:03:25,948 - INFO -   batch 220/381 | loss=0.0948 mse=0.0650 sym=0.0109 phy=0.0178 | 25.7s
2026-06-20 17:03:27,121 - INFO -   batch 230/381 | loss=0.1032 mse=0.0629 sym=0.0109 phy=0.0180 | 26.9s
2026-06-20 17:03:28,305 - INFO -   batch 240/381 | loss=0.0923 mse=0.0586 sym=0.0109 phy=0.0180 | 28.1s
2026-06-20 17:03:29,473 - INFO -   batch 250/381 | loss=0.0706 mse=0.0487 sym=0.0109 phy=0.0180 | 29.3s
2026-06-20 17:03:30,619 - INFO -   batch 260/381 | loss=0.1011 mse=0.0682 sym=0.0109 phy=0.0181 | 30.4s
2026-06-20 17:03:31,809 - INFO -   batch 270/381 | loss=0.0672 mse=0.0357 sym=0.0109 phy=0.0181 | 31.6s
2026-06-20 17:03:32,986 - INFO -   batch 280/381 | loss=0.0711 mse=0.0442 sym=0.0109 phy=0.0181 | 32.8s
2026-06-20 17:03:34,156 - INFO -   batch 290/381 | loss=0.0785 mse=0.0491 sym=0.0109 phy=0.0181 | 34.0s
2026-06-20 17:03:35,326 - INFO -   batch 300/381 | loss=0.0681 mse=0.0461 sym=0.0109 phy=0.0181 | 35.1s
2026-06-20 17:03:36,516 - INFO -   batch 310/381 | loss=0.0903 mse=0.0641 sym=0.0109 phy=0.0181 | 36.3s
2026-06-20 17:03:37,658 - INFO -   batch 320/381 | loss=0.0758 mse=0.0503 sym=0.0109 phy=0.0181 | 37.5s
2026-06-20 17:03:38,836 - INFO -   batch 330/381 | loss=0.0692 mse=0.0363 sym=0.0109 phy=0.0181 | 38.6s
2026-06-20 17:03:40,023 - INFO -   batch 340/381 | loss=0.0796 mse=0.0498 sym=0.0109 phy=0.0182 | 39.8s
2026-06-20 17:03:41,204 - INFO -   batch 350/381 | loss=0.0765 mse=0.0508 sym=0.0109 phy=0.0182 | 41.0s
2026-06-20 17:03:42,364 - INFO -   batch 360/381 | loss=0.0725 mse=0.0482 sym=0.0109 phy=0.0183 | 42.2s
2026-06-20 17:03:43,519 - INFO -   batch 370/381 | loss=0.0801 mse=0.0519 sym=0.0109 phy=0.0183 | 43.3s
2026-06-20 17:03:44,705 - INFO -   batch 380/381 | loss=0.0756 mse=0.0493 sym=0.0109 phy=0.0183 | 44.5s
2026-06-20 17:03:46,978 - INFO -   batch   1/381 | loss=0.1193 mse=0.0813 sym=0.0113 phy=0.0266 | 0.2s
2026-06-20 17:03:48,027 - INFO -   batch  10/381 | loss=0.0824 mse=0.0512 sym=0.0112 phy=0.0204 | 1.2s
2026-06-20 17:03:49,206 - INFO -   batch  20/381 | loss=0.0725 mse=0.0460 sym=0.0110 phy=0.0187 | 2.4s
2026-06-20 17:03:50,368 - INFO -   batch  30/381 | loss=0.0742 mse=0.0437 sym=0.0110 phy=0.0186 | 3.6s
2026-06-20 17:03:51,532 - INFO -   batch  40/381 | loss=0.0747 mse=0.0463 sym=0.0111 phy=0.0189 | 4.7s
2026-06-20 17:03:52,705 - INFO -   batch  50/381 | loss=0.0972 mse=0.0681 sym=0.0111 phy=0.0193 | 5.9s
2026-06-20 17:03:53,876 - INFO -   batch  60/381 | loss=0.0704 mse=0.0378 sym=0.0111 phy=0.0195 | 7.1s
2026-06-20 17:03:55,054 - INFO -   batch  70/381 | loss=0.0733 mse=0.0506 sym=0.0111 phy=0.0191 | 8.3s
2026-06-20 17:03:56,226 - INFO -   batch  80/381 | loss=0.0848 mse=0.0577 sym=0.0111 phy=0.0190 | 9.4s
2026-06-20 17:03:57,387 - INFO -   batch  90/381 | loss=0.0752 mse=0.0462 sym=0.0112 phy=0.0189 | 10.6s
2026-06-20 17:03:58,560 - INFO -   batch 100/381 | loss=0.0837 mse=0.0589 sym=0.0111 phy=0.0189 | 11.8s
2026-06-20 17:03:59,752 - INFO -   batch 110/381 | loss=0.1052 mse=0.0743 sym=0.0111 phy=0.0188 | 13.0s
2026-06-20 17:04:00,922 - INFO -   batch 120/381 | loss=0.0841 mse=0.0642 sym=0.0111 phy=0.0186 | 14.1s
2026-06-20 17:04:02,090 - INFO -   batch 130/381 | loss=0.0768 mse=0.0461 sym=0.0111 phy=0.0184 | 15.3s
2026-06-20 17:04:03,280 - INFO -   batch 140/381 | loss=0.0745 mse=0.0417 sym=0.0111 phy=0.0186 | 16.5s
2026-06-20 17:04:04,438 - INFO -   batch 150/381 | loss=0.0736 mse=0.0462 sym=0.0111 phy=0.0187 | 17.6s
2026-06-20 17:04:05,609 - INFO -   batch 160/381 | loss=0.0755 mse=0.0488 sym=0.0110 phy=0.0188 | 18.8s
2026-06-20 17:04:06,791 - INFO -   batch 170/381 | loss=0.0845 mse=0.0519 sym=0.0110 phy=0.0189 | 20.0s
2026-06-20 17:04:07,969 - INFO -   batch 180/381 | loss=0.0965 mse=0.0664 sym=0.0110 phy=0.0189 | 21.2s
2026-06-20 17:04:09,136 - INFO -   batch 190/381 | loss=0.0799 mse=0.0475 sym=0.0110 phy=0.0189 | 22.3s
2026-06-20 17:04:10,297 - INFO -   batch 200/381 | loss=0.0646 mse=0.0411 sym=0.0110 phy=0.0188 | 23.5s
2026-06-20 17:04:11,400 - INFO -   batch 210/381 | loss=0.0668 mse=0.0388 sym=0.0110 phy=0.0187 | 24.6s
2026-06-20 17:04:12,573 - INFO -   batch 220/381 | loss=0.0904 mse=0.0597 sym=0.0110 phy=0.0187 | 25.8s
2026-06-20 17:04:13,751 - INFO -   batch 230/381 | loss=0.0976 mse=0.0715 sym=0.0110 phy=0.0187 | 27.0s
2026-06-20 17:04:14,936 - INFO -   batch 240/381 | loss=0.0744 mse=0.0412 sym=0.0110 phy=0.0187 | 28.1s
2026-06-20 17:04:16,115 - INFO -   batch 250/381 | loss=0.0889 mse=0.0630 sym=0.0110 phy=0.0187 | 29.3s
2026-06-20 17:04:17,285 - INFO -   batch 260/381 | loss=0.0696 mse=0.0449 sym=0.0110 phy=0.0186 | 30.5s
2026-06-20 17:04:18,440 - INFO -   batch 270/381 | loss=0.0674 mse=0.0461 sym=0.0110 phy=0.0185 | 31.6s
2026-06-20 17:04:19,624 - INFO -   batch 280/381 | loss=0.0851 mse=0.0587 sym=0.0110 phy=0.0185 | 32.8s
2026-06-20 17:04:20,794 - INFO -   batch 290/381 | loss=0.0751 mse=0.0493 sym=0.0110 phy=0.0185 | 34.0s
2026-06-20 17:04:21,954 - INFO -   batch 300/381 | loss=0.0882 mse=0.0618 sym=0.0110 phy=0.0185 | 35.2s
2026-06-20 17:04:23,092 - INFO -   batch 310/381 | loss=0.0695 mse=0.0410 sym=0.0110 phy=0.0185 | 36.3s
2026-06-20 17:04:24,257 - INFO -   batch 320/381 | loss=0.0905 mse=0.0561 sym=0.0110 phy=0.0186 | 37.5s
2026-06-20 17:04:25,406 - INFO -   batch 330/381 | loss=0.0852 mse=0.0552 sym=0.0110 phy=0.0185 | 38.6s
2026-06-20 17:04:26,569 - INFO -   batch 340/381 | loss=0.0814 mse=0.0569 sym=0.0110 phy=0.0185 | 39.8s
2026-06-20 17:04:27,759 - INFO -   batch 350/381 | loss=0.0739 mse=0.0519 sym=0.0110 phy=0.0186 | 41.0s
2026-06-20 17:04:28,939 - INFO -   batch 360/381 | loss=0.0835 mse=0.0529 sym=0.0110 phy=0.0185 | 42.1s
2026-06-20 17:04:30,114 - INFO -   batch 370/381 | loss=0.1139 mse=0.0771 sym=0.0110 phy=0.0186 | 43.3s
2026-06-20 17:04:31,262 - INFO -   batch 380/381 | loss=0.0686 mse=0.0454 sym=0.0109 phy=0.0187 | 44.5s
2026-06-20 17:04:33,497 - INFO -   batch   1/381 | loss=0.0770 mse=0.0510 sym=0.0096 phy=0.0164 | 0.2s
2026-06-20 17:04:34,561 - INFO -   batch  10/381 | loss=0.0687 mse=0.0421 sym=0.0107 phy=0.0191 | 1.3s
2026-06-20 17:04:35,734 - INFO -   batch  20/381 | loss=0.0880 mse=0.0555 sym=0.0109 phy=0.0179 | 2.4s
2026-06-20 17:04:36,921 - INFO -   batch  30/381 | loss=0.0737 mse=0.0456 sym=0.0108 phy=0.0177 | 3.6s
2026-06-20 17:04:38,094 - INFO -   batch  40/381 | loss=0.0736 mse=0.0513 sym=0.0108 phy=0.0177 | 4.8s
2026-06-20 17:04:39,253 - INFO -   batch  50/381 | loss=0.0744 mse=0.0482 sym=0.0107 phy=0.0177 | 5.9s
2026-06-20 17:04:40,440 - INFO -   batch  60/381 | loss=0.1018 mse=0.0605 sym=0.0107 phy=0.0181 | 7.1s
2026-06-20 17:04:41,608 - INFO -   batch  70/381 | loss=0.0711 mse=0.0487 sym=0.0108 phy=0.0179 | 8.3s
2026-06-20 17:04:42,794 - INFO -   batch  80/381 | loss=0.0748 mse=0.0483 sym=0.0107 phy=0.0177 | 9.5s
2026-06-20 17:04:43,970 - INFO -   batch  90/381 | loss=0.0803 mse=0.0540 sym=0.0107 phy=0.0178 | 10.7s
2026-06-20 17:04:45,149 - INFO -   batch 100/381 | loss=0.0788 mse=0.0483 sym=0.0107 phy=0.0178 | 11.8s
2026-06-20 17:04:46,306 - INFO -   batch 110/381 | loss=0.0932 mse=0.0639 sym=0.0107 phy=0.0176 | 13.0s
2026-06-20 17:04:47,474 - INFO -   batch 120/381 | loss=0.0942 mse=0.0617 sym=0.0108 phy=0.0176 | 14.2s
2026-06-20 17:04:48,650 - INFO -   batch 130/381 | loss=0.0766 mse=0.0528 sym=0.0107 phy=0.0176 | 15.3s
2026-06-20 17:04:49,824 - INFO -   batch 140/381 | loss=0.0750 mse=0.0500 sym=0.0108 phy=0.0177 | 16.5s
2026-06-20 17:04:50,991 - INFO -   batch 150/381 | loss=0.0936 mse=0.0662 sym=0.0108 phy=0.0178 | 17.7s
2026-06-20 17:04:52,141 - INFO -   batch 160/381 | loss=0.0903 mse=0.0592 sym=0.0108 phy=0.0179 | 18.8s
2026-06-20 17:04:53,320 - INFO -   batch 170/381 | loss=0.0836 mse=0.0588 sym=0.0108 phy=0.0180 | 20.0s
2026-06-20 17:04:54,499 - INFO -   batch 180/381 | loss=0.0720 mse=0.0398 sym=0.0108 phy=0.0181 | 21.2s
2026-06-20 17:04:55,682 - INFO -   batch 190/381 | loss=0.0801 mse=0.0517 sym=0.0108 phy=0.0182 | 22.4s
2026-06-20 17:04:56,865 - INFO -   batch 200/381 | loss=0.0819 mse=0.0541 sym=0.0108 phy=0.0182 | 23.6s
2026-06-20 17:04:58,037 - INFO -   batch 210/381 | loss=0.0984 mse=0.0647 sym=0.0108 phy=0.0183 | 24.7s
2026-06-20 17:04:59,185 - INFO -   batch 220/381 | loss=0.0880 mse=0.0569 sym=0.0108 phy=0.0184 | 25.9s
2026-06-20 17:05:00,375 - INFO -   batch 230/381 | loss=0.0925 mse=0.0591 sym=0.0108 phy=0.0185 | 27.1s
2026-06-20 17:05:01,558 - INFO -   batch 240/381 | loss=0.1002 mse=0.0675 sym=0.0108 phy=0.0186 | 28.3s
2026-06-20 17:05:02,732 - INFO -   batch 250/381 | loss=0.0603 mse=0.0391 sym=0.0108 phy=0.0185 | 29.4s
2026-06-20 17:05:03,902 - INFO -   batch 260/381 | loss=0.0849 mse=0.0548 sym=0.0109 phy=0.0185 | 30.6s
2026-06-20 17:05:05,043 - INFO -   batch 270/381 | loss=0.0681 mse=0.0435 sym=0.0109 phy=0.0185 | 31.7s
2026-06-20 17:05:06,198 - INFO -   batch 280/381 | loss=0.0974 mse=0.0716 sym=0.0109 phy=0.0185 | 32.9s
2026-06-20 17:05:07,374 - INFO -   batch 290/381 | loss=0.0719 mse=0.0502 sym=0.0109 phy=0.0185 | 34.1s
2026-06-20 17:05:08,512 - INFO -   batch 300/381 | loss=0.0834 mse=0.0562 sym=0.0109 phy=0.0185 | 35.2s
2026-06-20 17:05:09,687 - INFO -   batch 310/381 | loss=0.1023 mse=0.0730 sym=0.0109 phy=0.0185 | 36.4s
2026-06-20 17:05:10,856 - INFO -   batch 320/381 | loss=0.1050 mse=0.0733 sym=0.0109 phy=0.0185 | 37.6s
2026-06-20 17:05:11,996 - INFO -   batch 330/381 | loss=0.0999 mse=0.0719 sym=0.0109 phy=0.0184 | 38.7s
2026-06-20 17:05:13,172 - INFO -   batch 340/381 | loss=0.0841 mse=0.0523 sym=0.0109 phy=0.0184 | 39.9s
2026-06-20 17:05:14,354 - INFO -   batch 350/381 | loss=0.0731 mse=0.0464 sym=0.0109 phy=0.0185 | 41.0s
2026-06-20 17:05:15,534 - INFO -   batch 360/381 | loss=0.1032 mse=0.0685 sym=0.0109 phy=0.0184 | 42.2s
2026-06-20 17:05:16,713 - INFO -   batch 370/381 | loss=0.1006 mse=0.0707 sym=0.0109 phy=0.0184 | 43.4s
2026-06-20 17:05:17,883 - INFO -   batch 380/381 | loss=0.0917 mse=0.0584 sym=0.0109 phy=0.0184 | 44.6s
2026-06-20 17:05:19,951 - INFO - Epoch  45/50 | Loss=0.0838 MSE=0.0546 Sym=0.0109 Phy=0.0184 | Val RMSE=0.2316 ρ=0.328 | 47s
2026-06-20 17:05:20,130 - INFO -   batch   1/381 | loss=0.0963 mse=0.0666 sym=0.0100 phy=0.0197 | 0.2s
2026-06-20 17:05:21,179 - INFO -   batch  10/381 | loss=0.0868 mse=0.0626 sym=0.0111 phy=0.0183 | 1.2s
2026-06-20 17:05:22,358 - INFO -   batch  20/381 | loss=0.0885 mse=0.0590 sym=0.0109 phy=0.0190 | 2.4s
2026-06-20 17:05:23,524 - INFO -   batch  30/381 | loss=0.0585 mse=0.0369 sym=0.0109 phy=0.0182 | 3.6s
2026-06-20 17:05:24,715 - INFO -   batch  40/381 | loss=0.0960 mse=0.0672 sym=0.0108 phy=0.0178 | 4.8s
2026-06-20 17:05:25,869 - INFO -   batch  50/381 | loss=0.0848 mse=0.0523 sym=0.0108 phy=0.0187 | 5.9s
2026-06-20 17:05:27,052 - INFO -   batch  60/381 | loss=0.0800 mse=0.0577 sym=0.0108 phy=0.0189 | 7.1s
2026-06-20 17:05:28,186 - INFO -   batch  70/381 | loss=0.0871 mse=0.0608 sym=0.0108 phy=0.0187 | 8.2s
2026-06-20 17:05:29,350 - INFO -   batch  80/381 | loss=0.0770 mse=0.0477 sym=0.0108 phy=0.0187 | 9.4s
2026-06-20 17:05:30,523 - INFO -   batch  90/381 | loss=0.0889 mse=0.0586 sym=0.0108 phy=0.0185 | 10.6s
2026-06-20 17:05:31,705 - INFO -   batch 100/381 | loss=0.0949 mse=0.0634 sym=0.0108 phy=0.0184 | 11.8s
2026-06-20 17:05:32,856 - INFO -   batch 110/381 | loss=0.0990 mse=0.0734 sym=0.0107 phy=0.0184 | 12.9s
2026-06-20 17:05:34,037 - INFO -   batch 120/381 | loss=0.0928 mse=0.0569 sym=0.0108 phy=0.0186 | 14.1s
2026-06-20 17:05:35,206 - INFO -   batch 130/381 | loss=0.0880 mse=0.0579 sym=0.0108 phy=0.0187 | 15.3s
2026-06-20 17:05:36,381 - INFO -   batch 140/381 | loss=0.1021 mse=0.0638 sym=0.0108 phy=0.0186 | 16.4s
2026-06-20 17:05:37,557 - INFO -   batch 150/381 | loss=0.0746 mse=0.0470 sym=0.0108 phy=0.0185 | 17.6s
2026-06-20 17:05:38,717 - INFO -   batch 160/381 | loss=0.1010 mse=0.0614 sym=0.0108 phy=0.0187 | 18.8s
2026-06-20 17:05:39,879 - INFO -   batch 170/381 | loss=0.0772 mse=0.0422 sym=0.0108 phy=0.0187 | 19.9s
2026-06-20 17:05:41,053 - INFO -   batch 180/381 | loss=0.1035 mse=0.0551 sym=0.0108 phy=0.0188 | 21.1s
2026-06-20 17:05:42,217 - INFO -   batch 190/381 | loss=0.0893 mse=0.0484 sym=0.0108 phy=0.0189 | 22.3s
2026-06-20 17:05:43,369 - INFO -   batch 200/381 | loss=0.0959 mse=0.0594 sym=0.0109 phy=0.0190 | 23.4s
2026-06-20 17:05:44,548 - INFO -   batch 210/381 | loss=0.0949 mse=0.0644 sym=0.0109 phy=0.0190 | 24.6s
2026-06-20 17:05:45,687 - INFO -   batch 220/381 | loss=0.0907 mse=0.0640 sym=0.0109 phy=0.0189 | 25.7s
2026-06-20 17:05:46,868 - INFO -   batch 230/381 | loss=0.0886 mse=0.0581 sym=0.0109 phy=0.0189 | 26.9s
2026-06-20 17:05:48,041 - INFO -   batch 240/381 | loss=0.0740 mse=0.0495 sym=0.0109 phy=0.0189 | 28.1s
2026-06-20 17:05:49,231 - INFO -   batch 250/381 | loss=0.1072 mse=0.0707 sym=0.0109 phy=0.0190 | 29.3s
2026-06-20 17:05:50,403 - INFO -   batch 260/381 | loss=0.0680 mse=0.0390 sym=0.0109 phy=0.0189 | 30.5s
2026-06-20 17:05:51,581 - INFO -   batch 270/381 | loss=0.0860 mse=0.0600 sym=0.0109 phy=0.0189 | 31.6s
2026-06-20 17:05:52,728 - INFO -   batch 280/381 | loss=0.0846 mse=0.0456 sym=0.0109 phy=0.0189 | 32.8s
2026-06-20 17:05:53,908 - INFO -   batch 290/381 | loss=0.0797 mse=0.0484 sym=0.0109 phy=0.0190 | 34.0s
2026-06-20 17:05:55,079 - INFO -   batch 300/381 | loss=0.0794 mse=0.0489 sym=0.0109 phy=0.0190 | 35.1s
2026-06-20 17:05:56,258 - INFO -   batch 310/381 | loss=0.1056 mse=0.0715 sym=0.0109 phy=0.0190 | 36.3s
2026-06-20 17:05:57,441 - INFO -   batch 320/381 | loss=0.0795 mse=0.0503 sym=0.0109 phy=0.0190 | 37.5s
2026-06-20 17:05:58,574 - INFO -   batch 330/381 | loss=0.0753 mse=0.0461 sym=0.0109 phy=0.0189 | 38.6s
2026-06-20 17:05:59,751 - INFO -   batch 340/381 | loss=0.0848 mse=0.0511 sym=0.0109 phy=0.0189 | 39.8s
2026-06-20 17:06:00,923 - INFO -   batch 350/381 | loss=0.1039 mse=0.0716 sym=0.0109 phy=0.0188 | 41.0s
2026-06-20 17:06:02,109 - INFO -   batch 360/381 | loss=0.0871 mse=0.0567 sym=0.0109 phy=0.0188 | 42.2s
2026-06-20 17:06:03,291 - INFO -   batch 370/381 | loss=0.0804 mse=0.0537 sym=0.0109 phy=0.0188 | 43.3s
2026-06-20 17:06:04,451 - INFO -   batch 380/381 | loss=0.0766 mse=0.0512 sym=0.0109 phy=0.0187 | 44.5s
2026-06-20 17:06:06,677 - INFO -   batch   1/381 | loss=0.0926 mse=0.0628 sym=0.0106 phy=0.0192 | 0.2s
2026-06-20 17:06:07,723 - INFO -   batch  10/381 | loss=0.0963 mse=0.0629 sym=0.0107 phy=0.0190 | 1.2s
2026-06-20 17:06:08,908 - INFO -   batch  20/381 | loss=0.0868 mse=0.0570 sym=0.0109 phy=0.0180 | 2.4s
2026-06-20 17:06:10,089 - INFO -   batch  30/381 | loss=0.0707 mse=0.0478 sym=0.0109 phy=0.0174 | 3.6s
2026-06-20 17:06:11,264 - INFO -   batch  40/381 | loss=0.0924 mse=0.0627 sym=0.0110 phy=0.0170 | 4.8s
2026-06-20 17:06:12,422 - INFO -   batch  50/381 | loss=0.0774 mse=0.0409 sym=0.0108 phy=0.0179 | 5.9s
2026-06-20 17:06:13,598 - INFO -   batch  60/381 | loss=0.0963 mse=0.0590 sym=0.0108 phy=0.0181 | 7.1s
2026-06-20 17:06:14,771 - INFO -   batch  70/381 | loss=0.0800 mse=0.0509 sym=0.0108 phy=0.0181 | 8.3s
2026-06-20 17:06:15,954 - INFO -   batch  80/381 | loss=0.0809 mse=0.0507 sym=0.0109 phy=0.0183 | 9.5s
2026-06-20 17:06:17,137 - INFO -   batch  90/381 | loss=0.0684 mse=0.0393 sym=0.0109 phy=0.0183 | 10.7s
2026-06-20 17:06:18,299 - INFO -   batch 100/381 | loss=0.0769 mse=0.0512 sym=0.0109 phy=0.0184 | 11.8s
2026-06-20 17:06:19,460 - INFO -   batch 110/381 | loss=0.0755 mse=0.0466 sym=0.0109 phy=0.0183 | 13.0s
2026-06-20 17:06:20,644 - INFO -   batch 120/381 | loss=0.0796 mse=0.0537 sym=0.0109 phy=0.0185 | 14.2s
2026-06-20 17:06:21,819 - INFO -   batch 130/381 | loss=0.0905 mse=0.0557 sym=0.0109 phy=0.0186 | 15.3s
2026-06-20 17:06:22,988 - INFO -   batch 140/381 | loss=0.1029 mse=0.0722 sym=0.0109 phy=0.0187 | 16.5s
2026-06-20 17:06:24,166 - INFO -   batch 150/381 | loss=0.0962 mse=0.0678 sym=0.0108 phy=0.0189 | 17.7s
2026-06-20 17:06:25,301 - INFO -   batch 160/381 | loss=0.0779 mse=0.0470 sym=0.0108 phy=0.0188 | 18.8s
2026-06-20 17:06:26,477 - INFO -   batch 170/381 | loss=0.0708 mse=0.0442 sym=0.0109 phy=0.0187 | 20.0s
2026-06-20 17:06:27,658 - INFO -   batch 180/381 | loss=0.0825 mse=0.0583 sym=0.0109 phy=0.0186 | 21.2s
2026-06-20 17:06:28,826 - INFO -   batch 190/381 | loss=0.0803 mse=0.0477 sym=0.0109 phy=0.0187 | 22.3s
2026-06-20 17:06:30,007 - INFO -   batch 200/381 | loss=0.0968 mse=0.0656 sym=0.0109 phy=0.0188 | 23.5s
2026-06-20 17:06:31,174 - INFO -   batch 210/381 | loss=0.1128 mse=0.0813 sym=0.0109 phy=0.0188 | 24.7s
2026-06-20 17:06:32,316 - INFO -   batch 220/381 | loss=0.0863 mse=0.0486 sym=0.0109 phy=0.0188 | 25.8s
2026-06-20 17:06:33,499 - INFO -   batch 230/381 | loss=0.0623 mse=0.0362 sym=0.0109 phy=0.0188 | 27.0s
2026-06-20 17:06:34,669 - INFO -   batch 240/381 | loss=0.0890 mse=0.0618 sym=0.0109 phy=0.0187 | 28.2s
2026-06-20 17:06:35,847 - INFO -   batch 250/381 | loss=0.0737 mse=0.0447 sym=0.0109 phy=0.0186 | 29.4s
2026-06-20 17:06:37,012 - INFO -   batch 260/381 | loss=0.0884 mse=0.0617 sym=0.0109 phy=0.0186 | 30.5s
2026-06-20 17:06:38,172 - INFO -   batch 270/381 | loss=0.0586 mse=0.0348 sym=0.0109 phy=0.0185 | 31.7s
2026-06-20 17:06:39,352 - INFO -   batch 280/381 | loss=0.0844 mse=0.0559 sym=0.0109 phy=0.0185 | 32.9s
2026-06-20 17:06:40,514 - INFO -   batch 290/381 | loss=0.0827 mse=0.0442 sym=0.0109 phy=0.0185 | 34.0s
2026-06-20 17:06:41,696 - INFO -   batch 300/381 | loss=0.0783 mse=0.0524 sym=0.0109 phy=0.0185 | 35.2s
2026-06-20 17:06:42,865 - INFO -   batch 310/381 | loss=0.0840 mse=0.0515 sym=0.0109 phy=0.0185 | 36.4s
2026-06-20 17:06:44,036 - INFO -   batch 320/381 | loss=0.1046 mse=0.0717 sym=0.0109 phy=0.0185 | 37.5s
2026-06-20 17:06:45,187 - INFO -   batch 330/381 | loss=0.0683 mse=0.0419 sym=0.0109 phy=0.0185 | 38.7s
2026-06-20 17:06:46,322 - INFO -   batch 340/381 | loss=0.0630 mse=0.0425 sym=0.0109 phy=0.0184 | 39.8s
2026-06-20 17:06:47,487 - INFO -   batch 350/381 | loss=0.0860 mse=0.0599 sym=0.0109 phy=0.0184 | 41.0s
2026-06-20 17:06:48,679 - INFO -   batch 360/381 | loss=0.0701 mse=0.0417 sym=0.0109 phy=0.0184 | 42.2s
2026-06-20 17:06:49,845 - INFO -   batch 370/381 | loss=0.0858 mse=0.0545 sym=0.0109 phy=0.0185 | 43.4s
2026-06-20 17:06:50,996 - INFO -   batch 380/381 | loss=0.0881 mse=0.0631 sym=0.0109 phy=0.0185 | 44.5s
2026-06-20 17:06:53,221 - INFO -   batch   1/381 | loss=0.0776 mse=0.0451 sym=0.0110 phy=0.0214 | 0.2s
2026-06-20 17:06:54,291 - INFO -   batch  10/381 | loss=0.0809 mse=0.0552 sym=0.0108 phy=0.0172 | 1.2s
2026-06-20 17:06:55,456 - INFO -   batch  20/381 | loss=0.0769 mse=0.0513 sym=0.0108 phy=0.0170 | 2.4s
2026-06-20 17:06:56,596 - INFO -   batch  30/381 | loss=0.0752 mse=0.0421 sym=0.0107 phy=0.0174 | 3.6s
2026-06-20 17:06:57,756 - INFO -   batch  40/381 | loss=0.0827 mse=0.0576 sym=0.0108 phy=0.0176 | 4.7s
2026-06-20 17:06:58,915 - INFO -   batch  50/381 | loss=0.0742 mse=0.0469 sym=0.0108 phy=0.0178 | 5.9s
2026-06-20 17:07:00,097 - INFO -   batch  60/381 | loss=0.0812 mse=0.0549 sym=0.0108 phy=0.0179 | 7.1s
2026-06-20 17:07:01,255 - INFO -   batch  70/381 | loss=0.0661 mse=0.0431 sym=0.0108 phy=0.0178 | 8.2s
2026-06-20 17:07:02,434 - INFO -   batch  80/381 | loss=0.0798 mse=0.0528 sym=0.0108 phy=0.0180 | 9.4s
2026-06-20 17:07:03,598 - INFO -   batch  90/381 | loss=0.0867 mse=0.0586 sym=0.0108 phy=0.0183 | 10.6s
2026-06-20 17:07:04,772 - INFO -   batch 100/381 | loss=0.0877 mse=0.0547 sym=0.0108 phy=0.0182 | 11.7s
2026-06-20 17:07:05,926 - INFO -   batch 110/381 | loss=0.0921 mse=0.0634 sym=0.0108 phy=0.0182 | 12.9s
2026-06-20 17:07:07,113 - INFO -   batch 120/381 | loss=0.0753 mse=0.0461 sym=0.0108 phy=0.0182 | 14.1s
2026-06-20 17:07:08,278 - INFO -   batch 130/381 | loss=0.0913 mse=0.0632 sym=0.0109 phy=0.0182 | 15.2s
2026-06-20 17:07:09,456 - INFO -   batch 140/381 | loss=0.0717 mse=0.0424 sym=0.0108 phy=0.0183 | 16.4s
2026-06-20 17:07:10,620 - INFO -   batch 150/381 | loss=0.0837 mse=0.0584 sym=0.0109 phy=0.0182 | 17.6s
2026-06-20 17:07:11,796 - INFO -   batch 160/381 | loss=0.0772 mse=0.0475 sym=0.0109 phy=0.0182 | 18.8s
2026-06-20 17:07:12,952 - INFO -   batch 170/381 | loss=0.0860 mse=0.0530 sym=0.0108 phy=0.0183 | 19.9s
2026-06-20 17:07:14,130 - INFO -   batch 180/381 | loss=0.0856 mse=0.0564 sym=0.0108 phy=0.0183 | 21.1s
2026-06-20 17:07:15,299 - INFO -   batch 190/381 | loss=0.0833 mse=0.0519 sym=0.0108 phy=0.0183 | 22.3s
2026-06-20 17:07:16,464 - INFO -   batch 200/381 | loss=0.0929 mse=0.0642 sym=0.0109 phy=0.0184 | 23.4s
2026-06-20 17:07:17,617 - INFO -   batch 210/381 | loss=0.0741 mse=0.0479 sym=0.0109 phy=0.0185 | 24.6s
2026-06-20 17:07:18,778 - INFO -   batch 220/381 | loss=0.0836 mse=0.0584 sym=0.0109 phy=0.0184 | 25.7s
2026-06-20 17:07:19,894 - INFO -   batch 230/381 | loss=0.0910 mse=0.0617 sym=0.0109 phy=0.0183 | 26.9s
2026-06-20 17:07:21,072 - INFO -   batch 240/381 | loss=0.0959 mse=0.0626 sym=0.0109 phy=0.0183 | 28.0s
2026-06-20 17:07:22,251 - INFO -   batch 250/381 | loss=0.0821 mse=0.0496 sym=0.0109 phy=0.0183 | 29.2s
2026-06-20 17:07:23,436 - INFO -   batch 260/381 | loss=0.0723 mse=0.0461 sym=0.0109 phy=0.0183 | 30.4s
2026-06-20 17:07:24,594 - INFO -   batch 270/381 | loss=0.0919 mse=0.0570 sym=0.0109 phy=0.0184 | 31.6s
2026-06-20 17:07:25,712 - INFO -   batch 280/381 | loss=0.0600 mse=0.0349 sym=0.0109 phy=0.0184 | 32.7s
2026-06-20 17:07:26,875 - INFO -   batch 290/381 | loss=0.0999 mse=0.0572 sym=0.0109 phy=0.0184 | 33.8s
2026-06-20 17:07:28,057 - INFO -   batch 300/381 | loss=0.1143 mse=0.0854 sym=0.0109 phy=0.0185 | 35.0s
2026-06-20 17:07:29,253 - INFO -   batch 310/381 | loss=0.0901 mse=0.0619 sym=0.0109 phy=0.0185 | 36.2s
2026-06-20 17:07:30,429 - INFO -   batch 320/381 | loss=0.1064 mse=0.0804 sym=0.0109 phy=0.0185 | 37.4s
2026-06-20 17:07:31,600 - INFO -   batch 330/381 | loss=0.0897 mse=0.0495 sym=0.0109 phy=0.0186 | 38.6s
2026-06-20 17:07:32,716 - INFO -   batch 340/381 | loss=0.0877 mse=0.0601 sym=0.0109 phy=0.0185 | 39.7s
2026-06-20 17:07:33,888 - INFO -   batch 350/381 | loss=0.0649 mse=0.0404 sym=0.0109 phy=0.0185 | 40.8s
2026-06-20 17:07:35,072 - INFO -   batch 360/381 | loss=0.0734 mse=0.0524 sym=0.0109 phy=0.0185 | 42.0s
2026-06-20 17:07:36,250 - INFO -   batch 370/381 | loss=0.0791 mse=0.0554 sym=0.0109 phy=0.0184 | 43.2s
2026-06-20 17:07:37,413 - INFO -   batch 380/381 | loss=0.0842 mse=0.0583 sym=0.0109 phy=0.0185 | 44.4s
2026-06-20 17:07:39,727 - INFO -   batch   1/381 | loss=0.0917 mse=0.0630 sym=0.0104 phy=0.0183 | 0.2s
2026-06-20 17:07:40,800 - INFO -   batch  10/381 | loss=0.0667 mse=0.0416 sym=0.0111 phy=0.0171 | 1.3s
2026-06-20 17:07:41,979 - INFO -   batch  20/381 | loss=0.0738 mse=0.0457 sym=0.0110 phy=0.0177 | 2.4s
2026-06-20 17:07:43,151 - INFO -   batch  30/381 | loss=0.0871 mse=0.0579 sym=0.0109 phy=0.0181 | 3.6s
2026-06-20 17:07:44,327 - INFO -   batch  40/381 | loss=0.1005 mse=0.0753 sym=0.0109 phy=0.0181 | 4.8s
2026-06-20 17:07:45,494 - INFO -   batch  50/381 | loss=0.0903 mse=0.0626 sym=0.0109 phy=0.0182 | 6.0s
2026-06-20 17:07:46,629 - INFO -   batch  60/381 | loss=0.0709 mse=0.0431 sym=0.0110 phy=0.0181 | 7.1s
2026-06-20 17:07:47,795 - INFO -   batch  70/381 | loss=0.0860 mse=0.0605 sym=0.0110 phy=0.0179 | 8.3s
2026-06-20 17:07:48,942 - INFO -   batch  80/381 | loss=0.1005 mse=0.0746 sym=0.0109 phy=0.0180 | 9.4s
2026-06-20 17:07:50,126 - INFO -   batch  90/381 | loss=0.0937 mse=0.0641 sym=0.0110 phy=0.0177 | 10.6s
2026-06-20 17:07:51,303 - INFO -   batch 100/381 | loss=0.0730 mse=0.0465 sym=0.0109 phy=0.0178 | 11.8s
2026-06-20 17:07:52,463 - INFO -   batch 110/381 | loss=0.0983 mse=0.0713 sym=0.0110 phy=0.0178 | 12.9s
2026-06-20 17:07:53,612 - INFO -   batch 120/381 | loss=0.0817 mse=0.0563 sym=0.0109 phy=0.0178 | 14.1s
2026-06-20 17:07:54,790 - INFO -   batch 130/381 | loss=0.0678 mse=0.0469 sym=0.0109 phy=0.0179 | 15.3s
2026-06-20 17:07:55,965 - INFO -   batch 140/381 | loss=0.0920 mse=0.0584 sym=0.0109 phy=0.0180 | 16.4s
2026-06-20 17:07:57,141 - INFO -   batch 150/381 | loss=0.0900 mse=0.0582 sym=0.0109 phy=0.0179 | 17.6s
2026-06-20 17:07:58,318 - INFO -   batch 160/381 | loss=0.0684 mse=0.0408 sym=0.0109 phy=0.0179 | 18.8s
2026-06-20 17:07:59,473 - INFO -   batch 170/381 | loss=0.0809 mse=0.0540 sym=0.0110 phy=0.0178 | 19.9s
2026-06-20 17:08:00,646 - INFO -   batch 180/381 | loss=0.0872 mse=0.0571 sym=0.0109 phy=0.0180 | 21.1s
2026-06-20 17:08:01,816 - INFO -   batch 190/381 | loss=0.1064 mse=0.0744 sym=0.0110 phy=0.0181 | 22.3s
2026-06-20 17:08:02,999 - INFO -   batch 200/381 | loss=0.0806 mse=0.0512 sym=0.0110 phy=0.0181 | 23.5s
2026-06-20 17:08:04,171 - INFO -   batch 210/381 | loss=0.0887 mse=0.0542 sym=0.0109 phy=0.0183 | 24.6s
2026-06-20 17:08:05,331 - INFO -   batch 220/381 | loss=0.0896 mse=0.0572 sym=0.0109 phy=0.0183 | 25.8s
2026-06-20 17:08:06,487 - INFO -   batch 230/381 | loss=0.1046 mse=0.0741 sym=0.0109 phy=0.0183 | 27.0s
2026-06-20 17:08:07,657 - INFO -   batch 240/381 | loss=0.0767 mse=0.0502 sym=0.0110 phy=0.0184 | 28.1s
2026-06-20 17:08:08,848 - INFO -   batch 250/381 | loss=0.0811 mse=0.0484 sym=0.0110 phy=0.0183 | 29.3s
2026-06-20 17:08:10,029 - INFO -   batch 260/381 | loss=0.0846 mse=0.0577 sym=0.0109 phy=0.0183 | 30.5s
2026-06-20 17:08:11,199 - INFO -   batch 270/381 | loss=0.0776 mse=0.0423 sym=0.0109 phy=0.0183 | 31.7s
2026-06-20 17:08:12,355 - INFO -   batch 280/381 | loss=0.0803 mse=0.0518 sym=0.0109 phy=0.0183 | 32.8s
2026-06-20 17:08:13,530 - INFO -   batch 290/381 | loss=0.1020 mse=0.0677 sym=0.0109 phy=0.0183 | 34.0s
2026-06-20 17:08:14,712 - INFO -   batch 300/381 | loss=0.0815 mse=0.0470 sym=0.0109 phy=0.0184 | 35.2s
2026-06-20 17:08:15,884 - INFO -   batch 310/381 | loss=0.0759 mse=0.0524 sym=0.0109 phy=0.0184 | 36.3s
2026-06-20 17:08:17,050 - INFO -   batch 320/381 | loss=0.0948 mse=0.0618 sym=0.0109 phy=0.0185 | 37.5s
2026-06-20 17:08:18,220 - INFO -   batch 330/381 | loss=0.0955 mse=0.0684 sym=0.0109 phy=0.0185 | 38.7s
2026-06-20 17:08:19,368 - INFO -   batch 340/381 | loss=0.1071 mse=0.0713 sym=0.0109 phy=0.0185 | 39.8s
2026-06-20 17:08:20,544 - INFO -   batch 350/381 | loss=0.0730 mse=0.0445 sym=0.0109 phy=0.0185 | 41.0s
2026-06-20 17:08:21,728 - INFO -   batch 360/381 | loss=0.0605 mse=0.0369 sym=0.0109 phy=0.0185 | 42.2s
2026-06-20 17:08:22,912 - INFO -   batch 370/381 | loss=0.1059 mse=0.0733 sym=0.0109 phy=0.0184 | 43.4s
2026-06-20 17:08:24,051 - INFO -   batch 380/381 | loss=0.0938 mse=0.0612 sym=0.0109 phy=0.0185 | 44.5s
2026-06-20 17:08:26,317 - INFO -   batch   1/381 | loss=0.0832 mse=0.0536 sym=0.0109 phy=0.0188 | 0.2s
2026-06-20 17:08:27,367 - INFO -   batch  10/381 | loss=0.0912 mse=0.0534 sym=0.0110 phy=0.0198 | 1.2s
2026-06-20 17:08:28,543 - INFO -   batch  20/381 | loss=0.0740 mse=0.0413 sym=0.0107 phy=0.0188 | 2.4s
2026-06-20 17:08:29,714 - INFO -   batch  30/381 | loss=0.0902 mse=0.0636 sym=0.0109 phy=0.0184 | 3.6s
2026-06-20 17:08:30,887 - INFO -   batch  40/381 | loss=0.0918 mse=0.0639 sym=0.0109 phy=0.0180 | 4.7s
2026-06-20 17:08:32,072 - INFO -   batch  50/381 | loss=0.0828 mse=0.0561 sym=0.0110 phy=0.0181 | 5.9s
2026-06-20 17:08:33,214 - INFO -   batch  60/381 | loss=0.0876 mse=0.0586 sym=0.0109 phy=0.0181 | 7.1s
2026-06-20 17:08:34,396 - INFO -   batch  70/381 | loss=0.0864 mse=0.0561 sym=0.0110 phy=0.0179 | 8.3s
2026-06-20 17:08:35,570 - INFO -   batch  80/381 | loss=0.1052 mse=0.0747 sym=0.0110 phy=0.0180 | 9.4s
2026-06-20 17:08:36,755 - INFO -   batch  90/381 | loss=0.0901 mse=0.0634 sym=0.0110 phy=0.0180 | 10.6s
2026-06-20 17:08:37,924 - INFO -   batch 100/381 | loss=0.0874 mse=0.0609 sym=0.0110 phy=0.0182 | 11.8s
2026-06-20 17:08:39,066 - INFO -   batch 110/381 | loss=0.0781 mse=0.0515 sym=0.0110 phy=0.0182 | 12.9s
2026-06-20 17:08:40,224 - INFO -   batch 120/381 | loss=0.0622 mse=0.0362 sym=0.0110 phy=0.0182 | 14.1s
2026-06-20 17:08:41,400 - INFO -   batch 130/381 | loss=0.0799 mse=0.0542 sym=0.0110 phy=0.0182 | 15.3s
2026-06-20 17:08:42,576 - INFO -   batch 140/381 | loss=0.0780 mse=0.0500 sym=0.0110 phy=0.0182 | 16.4s
2026-06-20 17:08:43,752 - INFO -   batch 150/381 | loss=0.0823 mse=0.0530 sym=0.0110 phy=0.0182 | 17.6s
2026-06-20 17:08:44,924 - INFO -   batch 160/381 | loss=0.0867 mse=0.0513 sym=0.0110 phy=0.0182 | 18.8s
2026-06-20 17:08:46,098 - INFO -   batch 170/381 | loss=0.1102 mse=0.0753 sym=0.0110 phy=0.0182 | 20.0s
2026-06-20 17:08:47,246 - INFO -   batch 180/381 | loss=0.0945 mse=0.0661 sym=0.0110 phy=0.0184 | 21.1s
2026-06-20 17:08:48,390 - INFO -   batch 190/381 | loss=0.0770 mse=0.0480 sym=0.0110 phy=0.0183 | 22.3s
2026-06-20 17:08:49,562 - INFO -   batch 200/381 | loss=0.0815 mse=0.0507 sym=0.0110 phy=0.0184 | 23.4s
2026-06-20 17:08:50,744 - INFO -   batch 210/381 | loss=0.0817 mse=0.0554 sym=0.0110 phy=0.0185 | 24.6s
2026-06-20 17:08:51,914 - INFO -   batch 220/381 | loss=0.0888 mse=0.0593 sym=0.0109 phy=0.0185 | 25.8s
2026-06-20 17:08:53,070 - INFO -   batch 230/381 | loss=0.0799 mse=0.0538 sym=0.0110 phy=0.0185 | 26.9s
2026-06-20 17:08:54,192 - INFO -   batch 240/381 | loss=0.0808 mse=0.0470 sym=0.0110 phy=0.0184 | 28.1s
2026-06-20 17:08:55,373 - INFO -   batch 250/381 | loss=0.0781 mse=0.0547 sym=0.0110 phy=0.0184 | 29.2s
2026-06-20 17:08:56,563 - INFO -   batch 260/381 | loss=0.0828 mse=0.0530 sym=0.0110 phy=0.0184 | 30.4s
2026-06-20 17:08:57,729 - INFO -   batch 270/381 | loss=0.0755 mse=0.0496 sym=0.0110 phy=0.0184 | 31.6s
2026-06-20 17:08:58,905 - INFO -   batch 280/381 | loss=0.0826 mse=0.0472 sym=0.0109 phy=0.0185 | 32.8s
2026-06-20 17:09:00,042 - INFO -   batch 290/381 | loss=0.0726 mse=0.0477 sym=0.0110 phy=0.0185 | 33.9s
2026-06-20 17:09:01,195 - INFO -   batch 300/381 | loss=0.1110 mse=0.0723 sym=0.0110 phy=0.0185 | 35.1s
2026-06-20 17:09:02,363 - INFO -   batch 310/381 | loss=0.0796 mse=0.0568 sym=0.0109 phy=0.0185 | 36.2s
2026-06-20 17:09:03,516 - INFO -   batch 320/381 | loss=0.0802 mse=0.0591 sym=0.0109 phy=0.0185 | 37.4s
2026-06-20 17:09:04,685 - INFO -   batch 330/381 | loss=0.0814 mse=0.0474 sym=0.0109 phy=0.0184 | 38.5s
2026-06-20 17:09:05,855 - INFO -   batch 340/381 | loss=0.0714 mse=0.0439 sym=0.0109 phy=0.0184 | 39.7s
2026-06-20 17:09:07,011 - INFO -   batch 350/381 | loss=0.0749 mse=0.0481 sym=0.0109 phy=0.0184 | 40.9s
2026-06-20 17:09:08,158 - INFO -   batch 360/381 | loss=0.0896 mse=0.0584 sym=0.0109 phy=0.0184 | 42.0s
2026-06-20 17:09:09,325 - INFO -   batch 370/381 | loss=0.0950 mse=0.0683 sym=0.0109 phy=0.0185 | 43.2s
2026-06-20 17:09:10,487 - INFO -   batch 380/381 | loss=0.0734 mse=0.0468 sym=0.0109 phy=0.0185 | 44.3s
2026-06-20 17:09:12,558 - INFO - Epoch  50/50 | Loss=0.0839 MSE=0.0545 Sym=0.0109 Phy=0.0185 | Val RMSE=0.2323 ρ=0.328 | 46s
2026-06-20 17:09:12,567 - INFO - Saved: checkpoints/gors_dense.pth (best RMSE=0.2261)
2026-06-20 17:09:12,567 - INFO - Done. Best Val RMSE=0.2261 at epoch 31, ρ=0.3293
