2026-06-20 15:17:30,462 - INFO - Device: cuda
2026-06-20 15:17:30,463 - INFO - Loading 26 zones...
2026-06-20 15:17:30,463 - INFO - Loading ERCOT_zone_1_ from ERCOT_zone_1_.csv
2026-06-20 15:17:30,558 - INFO -   rows=50000, features=11
2026-06-20 15:17:30,558 - INFO - Loading ERCOT_zone_2_ from ERCOT_zone_2_.csv
2026-06-20 15:17:30,647 - INFO -   rows=50000, features=11
2026-06-20 15:17:30,647 - INFO - Loading ERCOT_zone_3_ from ERCOT_zone_3_.csv
2026-06-20 15:17:30,734 - INFO -   rows=50000, features=11
2026-06-20 15:17:30,735 - INFO - Loading ERCOT_zone_4_ from ERCOT_zone_4_.csv
2026-06-20 15:17:30,822 - INFO -   rows=50000, features=11
2026-06-20 15:17:30,822 - INFO - Loading MISO_zone_1_ from MISO_zone_1_.csv
2026-06-20 15:17:30,909 - INFO -   rows=50000, features=11
2026-06-20 15:17:30,909 - INFO - Loading MISO_zone_2_ from MISO_zone_2_.csv
2026-06-20 15:17:30,996 - INFO -   rows=50000, features=11
2026-06-20 15:17:30,996 - INFO - Loading MISO_zone_3_ from MISO_zone_3_.csv
2026-06-20 15:17:31,082 - INFO -   rows=50000, features=11
2026-06-20 15:17:31,083 - INFO - Loading MISO_zone_4_ from MISO_zone_4_.csv
2026-06-20 15:17:31,168 - INFO -   rows=50000, features=11
2026-06-20 15:17:31,168 - INFO - Loading SPP_zone_1_ from SPP_zone_1_.csv
2026-06-20 15:17:31,255 - INFO -   rows=50000, features=11
2026-06-20 15:17:31,255 - INFO - Loading SPP_zone_2_ from SPP_zone_2_.csv
2026-06-20 15:17:31,343 - INFO -   rows=50000, features=11
2026-06-20 15:17:31,343 - INFO - Loading SPP_zone_3_ from SPP_zone_3_.csv
2026-06-20 15:17:31,434 - INFO -   rows=50000, features=11
2026-06-20 15:17:31,434 - INFO - Loading SPP_zone_4_ from SPP_zone_4_.csv
2026-06-20 15:17:31,521 - INFO -   rows=50000, features=11
2026-06-20 15:17:31,521 - INFO - Loading SPP_zone_5_ from SPP_zone_5_.csv
2026-06-20 15:17:31,607 - INFO -   rows=50000, features=11
2026-06-20 15:17:31,608 - INFO - Loading SPP_zone_6_ from SPP_zone_6_.csv
2026-06-20 15:17:31,694 - INFO -   rows=50000, features=11
2026-06-20 15:17:31,694 - INFO - Loading SPP_zone_7_ from SPP_zone_7_.csv
2026-06-20 15:17:31,780 - INFO -   rows=50000, features=11
2026-06-20 15:17:31,780 - INFO - Loading SPP_zone_8_ from SPP_zone_8_.csv
2026-06-20 15:17:31,866 - INFO -   rows=50000, features=11
2026-06-20 15:17:31,866 - INFO - Loading PJM_zone_1_ from PJM_zone_1_.csv
2026-06-20 15:17:31,951 - INFO -   rows=50000, features=11
2026-06-20 15:17:31,951 - INFO - Loading PJM_zone_2_ from PJM_zone_2_.csv
2026-06-20 15:17:32,047 - INFO -   rows=50000, features=11
2026-06-20 15:17:32,048 - INFO - Loading PJM_zone_3_ from PJM_zone_3_.csv
2026-06-20 15:17:32,134 - INFO -   rows=50000, features=11
2026-06-20 15:17:32,134 - INFO - Loading PJM_zone_4_ from PJM_zone_4_.csv
2026-06-20 15:17:32,223 - INFO -   rows=50000, features=11
2026-06-20 15:17:32,223 - INFO - Loading PJM_zone_5_ from PJM_zone_5_.csv
2026-06-20 15:17:32,315 - INFO -   rows=50000, features=11
2026-06-20 15:17:32,315 - INFO - Loading PJM_zone_6_ from PJM_zone_6_.csv
2026-06-20 15:17:32,401 - INFO -   rows=50000, features=11
2026-06-20 15:17:32,401 - INFO - Loading PJM_zone_7_ from PJM_zone_7_.csv
2026-06-20 15:17:32,482 - INFO -   rows=50000, features=11
2026-06-20 15:17:32,482 - INFO - Loading PJM_zone_8_ from PJM_zone_8_.csv
2026-06-20 15:17:32,567 - INFO -   rows=50000, features=11
2026-06-20 15:17:32,567 - INFO - Loading PJM_zone_9_ from PJM_zone_9_.csv
2026-06-20 15:17:32,656 - INFO -   rows=50000, features=11
2026-06-20 15:17:32,656 - INFO - Loading PJM_zone_10_ from PJM_zone_10_.csv
2026-06-20 15:17:32,738 - INFO -   rows=50000, features=11
2026-06-20 15:17:33,824 - INFO - Generating GORS labels...
2026-06-20 15:17:33,841 - INFO - GORS distribution: train μ=0.498 σ=0.241 | val μ=0.488 σ=0.237
2026-06-20 15:17:33,897 - INFO - Model: 1.0M params
2026-06-20 15:17:33,897 - INFO - Symbolic: False | Physics: True | Feedback: True | Arch: single-LIF | Spike: True
2026-06-20 15:17:36,250 - INFO - Starting training: 50 epochs, 381 batches/epoch
2026-06-20 15:17:36,989 - INFO -   batch   1/381 | loss=0.0998 mse=0.0641 sym=0.0000 phy=0.0356 | 0.7s
2026-06-20 15:17:37,866 - INFO -   batch  10/381 | loss=0.0922 mse=0.0603 sym=0.0000 phy=0.0278 | 1.6s
2026-06-20 15:17:38,854 - INFO -   batch  20/381 | loss=0.0962 mse=0.0661 sym=0.0000 phy=0.0254 | 2.6s
2026-06-20 15:17:39,847 - INFO -   batch  30/381 | loss=0.0879 mse=0.0670 sym=0.0000 phy=0.0250 | 3.6s
2026-06-20 15:17:40,802 - INFO -   batch  40/381 | loss=0.0791 mse=0.0551 sym=0.0000 phy=0.0248 | 4.6s
2026-06-20 15:17:41,772 - INFO -   batch  50/381 | loss=0.1002 mse=0.0767 sym=0.0000 phy=0.0241 | 5.5s
2026-06-20 15:17:42,776 - INFO -   batch  60/381 | loss=0.0926 mse=0.0662 sym=0.0000 phy=0.0245 | 6.5s
2026-06-20 15:17:43,780 - INFO -   batch  70/381 | loss=0.0643 mse=0.0439 sym=0.0000 phy=0.0247 | 7.5s
2026-06-20 15:17:44,784 - INFO -   batch  80/381 | loss=0.0908 mse=0.0660 sym=0.0000 phy=0.0248 | 8.5s
2026-06-20 15:17:45,786 - INFO -   batch  90/381 | loss=0.0940 mse=0.0724 sym=0.0000 phy=0.0247 | 9.5s
2026-06-20 15:17:46,785 - INFO -   batch 100/381 | loss=0.0840 mse=0.0539 sym=0.0000 phy=0.0243 | 10.5s
2026-06-20 15:17:47,786 - INFO -   batch 110/381 | loss=0.1058 mse=0.0836 sym=0.0000 phy=0.0242 | 11.5s
2026-06-20 15:17:48,790 - INFO -   batch 120/381 | loss=0.1131 mse=0.0741 sym=0.0000 phy=0.0243 | 12.5s
2026-06-20 15:17:49,793 - INFO -   batch 130/381 | loss=0.0797 mse=0.0684 sym=0.0000 phy=0.0240 | 13.5s
2026-06-20 15:17:50,780 - INFO -   batch 140/381 | loss=0.0720 mse=0.0426 sym=0.0000 phy=0.0239 | 14.5s
2026-06-20 15:17:51,788 - INFO -   batch 150/381 | loss=0.0783 mse=0.0481 sym=0.0000 phy=0.0238 | 15.5s
2026-06-20 15:17:52,798 - INFO -   batch 160/381 | loss=0.0851 mse=0.0719 sym=0.0000 phy=0.0234 | 16.5s
2026-06-20 15:17:53,804 - INFO -   batch 170/381 | loss=0.0684 mse=0.0558 sym=0.0000 phy=0.0233 | 17.6s
2026-06-20 15:17:54,785 - INFO -   batch 180/381 | loss=0.0682 mse=0.0523 sym=0.0000 phy=0.0232 | 18.5s
2026-06-20 15:17:55,767 - INFO -   batch 190/381 | loss=0.1086 mse=0.0767 sym=0.0000 phy=0.0234 | 19.5s
2026-06-20 15:17:56,755 - INFO -   batch 200/381 | loss=0.0742 mse=0.0565 sym=0.0000 phy=0.0233 | 20.5s
2026-06-20 15:17:57,749 - INFO -   batch 210/381 | loss=0.0801 mse=0.0624 sym=0.0000 phy=0.0233 | 21.5s
2026-06-20 15:17:58,733 - INFO -   batch 220/381 | loss=0.0781 mse=0.0509 sym=0.0000 phy=0.0231 | 22.5s
2026-06-20 15:17:59,727 - INFO -   batch 230/381 | loss=0.0737 mse=0.0497 sym=0.0000 phy=0.0231 | 23.5s
2026-06-20 15:18:00,713 - INFO -   batch 240/381 | loss=0.0765 mse=0.0499 sym=0.0000 phy=0.0230 | 24.5s
2026-06-20 15:18:01,708 - INFO -   batch 250/381 | loss=0.0783 mse=0.0589 sym=0.0000 phy=0.0230 | 25.5s
2026-06-20 15:18:02,699 - INFO -   batch 260/381 | loss=0.0718 mse=0.0538 sym=0.0000 phy=0.0230 | 26.4s
2026-06-20 15:18:03,694 - INFO -   batch 270/381 | loss=0.0740 mse=0.0474 sym=0.0000 phy=0.0230 | 27.4s
2026-06-20 15:18:04,715 - INFO -   batch 280/381 | loss=0.0691 mse=0.0503 sym=0.0000 phy=0.0228 | 28.5s
2026-06-20 15:18:05,707 - INFO -   batch 290/381 | loss=0.0750 mse=0.0490 sym=0.0000 phy=0.0229 | 29.5s
2026-06-20 15:18:06,714 - INFO -   batch 300/381 | loss=0.1000 mse=0.0803 sym=0.0000 phy=0.0229 | 30.5s
2026-06-20 15:18:07,702 - INFO -   batch 310/381 | loss=0.0943 mse=0.0681 sym=0.0000 phy=0.0228 | 31.5s
2026-06-20 15:18:08,693 - INFO -   batch 320/381 | loss=0.0703 mse=0.0471 sym=0.0000 phy=0.0229 | 32.4s
2026-06-20 15:18:09,672 - INFO -   batch 330/381 | loss=0.0687 mse=0.0338 sym=0.0000 phy=0.0228 | 33.4s
2026-06-20 15:18:10,667 - INFO -   batch 340/381 | loss=0.0443 mse=0.0317 sym=0.0000 phy=0.0227 | 34.4s
2026-06-20 15:18:11,651 - INFO -   batch 350/381 | loss=0.0960 mse=0.0708 sym=0.0000 phy=0.0228 | 35.4s
2026-06-20 15:18:12,636 - INFO -   batch 360/381 | loss=0.0893 mse=0.0521 sym=0.0000 phy=0.0228 | 36.4s
2026-06-20 15:18:13,596 - INFO -   batch 370/381 | loss=0.0666 mse=0.0413 sym=0.0000 phy=0.0228 | 37.3s
2026-06-20 15:18:14,565 - INFO -   batch 380/381 | loss=0.0738 mse=0.0506 sym=0.0000 phy=0.0228 | 38.3s
2026-06-20 15:18:17,515 - INFO - Epoch   1/50 | Loss=0.0823 MSE=0.0596 Sym=0.0000 Phy=0.0228 | Val RMSE=0.2303 ρ=0.332 | 41s
2026-06-20 15:18:17,730 - INFO -   batch   1/381 | loss=0.0809 mse=0.0545 sym=0.0000 phy=0.0264 | 0.2s
2026-06-20 15:18:18,616 - INFO -   batch  10/381 | loss=0.0689 mse=0.0525 sym=0.0000 phy=0.0243 | 1.1s
2026-06-20 15:18:19,641 - INFO -   batch  20/381 | loss=0.0768 mse=0.0548 sym=0.0000 phy=0.0218 | 2.1s
2026-06-20 15:18:20,645 - INFO -   batch  30/381 | loss=0.0853 mse=0.0604 sym=0.0000 phy=0.0212 | 3.1s
2026-06-20 15:18:21,674 - INFO -   batch  40/381 | loss=0.0821 mse=0.0619 sym=0.0000 phy=0.0210 | 4.2s
2026-06-20 15:18:22,675 - INFO -   batch  50/381 | loss=0.0788 mse=0.0614 sym=0.0000 phy=0.0217 | 5.2s
2026-06-20 15:18:23,695 - INFO -   batch  60/381 | loss=0.0831 mse=0.0551 sym=0.0000 phy=0.0222 | 6.2s
2026-06-20 15:18:24,698 - INFO -   batch  70/381 | loss=0.0812 mse=0.0602 sym=0.0000 phy=0.0219 | 7.2s
2026-06-20 15:18:25,684 - INFO -   batch  80/381 | loss=0.0787 mse=0.0577 sym=0.0000 phy=0.0217 | 8.2s
2026-06-20 15:18:26,711 - INFO -   batch  90/381 | loss=0.0822 mse=0.0629 sym=0.0000 phy=0.0216 | 9.2s
2026-06-20 15:18:27,727 - INFO -   batch 100/381 | loss=0.0893 mse=0.0557 sym=0.0000 phy=0.0216 | 10.2s
2026-06-20 15:18:28,929 - INFO -   batch 110/381 | loss=0.0720 mse=0.0556 sym=0.0000 phy=0.0217 | 11.4s
2026-06-20 15:18:29,952 - INFO -   batch 120/381 | loss=0.0649 mse=0.0471 sym=0.0000 phy=0.0217 | 12.4s
2026-06-20 15:18:30,989 - INFO -   batch 130/381 | loss=0.0829 mse=0.0697 sym=0.0000 phy=0.0219 | 13.5s
2026-06-20 15:18:31,992 - INFO -   batch 140/381 | loss=0.0621 mse=0.0432 sym=0.0000 phy=0.0220 | 14.5s
2026-06-20 15:18:33,005 - INFO -   batch 150/381 | loss=0.0746 mse=0.0609 sym=0.0000 phy=0.0218 | 15.5s
2026-06-20 15:18:33,998 - INFO -   batch 160/381 | loss=0.0850 mse=0.0630 sym=0.0000 phy=0.0219 | 16.5s
2026-06-20 15:18:34,980 - INFO -   batch 170/381 | loss=0.0881 mse=0.0534 sym=0.0000 phy=0.0219 | 17.5s
2026-06-20 15:18:35,963 - INFO -   batch 180/381 | loss=0.0753 mse=0.0583 sym=0.0000 phy=0.0216 | 18.4s
2026-06-20 15:18:36,953 - INFO -   batch 190/381 | loss=0.0779 mse=0.0580 sym=0.0000 phy=0.0219 | 19.4s
2026-06-20 15:18:37,974 - INFO -   batch 200/381 | loss=0.0680 mse=0.0515 sym=0.0000 phy=0.0217 | 20.5s
2026-06-20 15:18:38,962 - INFO -   batch 210/381 | loss=0.0719 mse=0.0589 sym=0.0000 phy=0.0216 | 21.4s
2026-06-20 15:18:39,954 - INFO -   batch 220/381 | loss=0.0890 mse=0.0644 sym=0.0000 phy=0.0217 | 22.4s
2026-06-20 15:18:40,974 - INFO -   batch 230/381 | loss=0.0755 mse=0.0529 sym=0.0000 phy=0.0216 | 23.5s
2026-06-20 15:18:41,981 - INFO -   batch 240/381 | loss=0.0920 mse=0.0641 sym=0.0000 phy=0.0217 | 24.5s
2026-06-20 15:18:42,994 - INFO -   batch 250/381 | loss=0.0699 mse=0.0499 sym=0.0000 phy=0.0217 | 25.5s
2026-06-20 15:18:43,991 - INFO -   batch 260/381 | loss=0.0624 mse=0.0427 sym=0.0000 phy=0.0217 | 26.5s
2026-06-20 15:18:44,988 - INFO -   batch 270/381 | loss=0.0750 mse=0.0494 sym=0.0000 phy=0.0217 | 27.5s
2026-06-20 15:18:45,990 - INFO -   batch 280/381 | loss=0.0811 mse=0.0647 sym=0.0000 phy=0.0216 | 28.5s
2026-06-20 15:18:47,027 - INFO -   batch 290/381 | loss=0.0771 mse=0.0642 sym=0.0000 phy=0.0216 | 29.5s
2026-06-20 15:18:48,022 - INFO -   batch 300/381 | loss=0.0658 mse=0.0465 sym=0.0000 phy=0.0216 | 30.5s
2026-06-20 15:18:49,033 - INFO -   batch 310/381 | loss=0.0831 mse=0.0613 sym=0.0000 phy=0.0217 | 31.5s
2026-06-20 15:18:50,030 - INFO -   batch 320/381 | loss=0.1011 mse=0.0740 sym=0.0000 phy=0.0217 | 32.5s
2026-06-20 15:18:51,042 - INFO -   batch 330/381 | loss=0.0760 mse=0.0638 sym=0.0000 phy=0.0217 | 33.5s
2026-06-20 15:18:52,053 - INFO -   batch 340/381 | loss=0.0631 mse=0.0434 sym=0.0000 phy=0.0216 | 34.5s
2026-06-20 15:18:53,057 - INFO -   batch 350/381 | loss=0.0562 mse=0.0425 sym=0.0000 phy=0.0216 | 35.5s
2026-06-20 15:18:54,078 - INFO -   batch 360/381 | loss=0.0813 mse=0.0606 sym=0.0000 phy=0.0215 | 36.6s
2026-06-20 15:18:55,083 - INFO -   batch 370/381 | loss=0.0887 mse=0.0638 sym=0.0000 phy=0.0215 | 37.6s
2026-06-20 15:18:56,102 - INFO -   batch 380/381 | loss=0.1006 mse=0.0698 sym=0.0000 phy=0.0216 | 38.6s
2026-06-20 15:18:58,711 - INFO -   batch   1/381 | loss=0.0879 mse=0.0769 sym=0.0000 phy=0.0110 | 0.2s
2026-06-20 15:18:59,608 - INFO -   batch  10/381 | loss=0.0743 mse=0.0571 sym=0.0000 phy=0.0213 | 1.1s
2026-06-20 15:19:00,622 - INFO -   batch  20/381 | loss=0.0948 mse=0.0817 sym=0.0000 phy=0.0217 | 2.1s
2026-06-20 15:19:01,640 - INFO -   batch  30/381 | loss=0.0846 mse=0.0556 sym=0.0000 phy=0.0225 | 3.1s
2026-06-20 15:19:02,655 - INFO -   batch  40/381 | loss=0.0725 mse=0.0559 sym=0.0000 phy=0.0228 | 4.1s
2026-06-20 15:19:03,637 - INFO -   batch  50/381 | loss=0.0639 mse=0.0411 sym=0.0000 phy=0.0221 | 5.1s
2026-06-20 15:19:04,626 - INFO -   batch  60/381 | loss=0.0752 mse=0.0431 sym=0.0000 phy=0.0222 | 6.1s
2026-06-20 15:19:05,630 - INFO -   batch  70/381 | loss=0.0737 mse=0.0554 sym=0.0000 phy=0.0218 | 7.1s
2026-06-20 15:19:06,614 - INFO -   batch  80/381 | loss=0.0905 mse=0.0689 sym=0.0000 phy=0.0216 | 8.1s
2026-06-20 15:19:07,616 - INFO -   batch  90/381 | loss=0.0852 mse=0.0656 sym=0.0000 phy=0.0215 | 9.1s
2026-06-20 15:19:08,625 - INFO -   batch 100/381 | loss=0.0777 mse=0.0569 sym=0.0000 phy=0.0212 | 10.1s
2026-06-20 15:19:09,627 - INFO -   batch 110/381 | loss=0.0846 mse=0.0602 sym=0.0000 phy=0.0211 | 11.1s
2026-06-20 15:19:10,640 - INFO -   batch 120/381 | loss=0.0614 mse=0.0344 sym=0.0000 phy=0.0214 | 12.1s
2026-06-20 15:19:11,627 - INFO -   batch 130/381 | loss=0.0747 mse=0.0482 sym=0.0000 phy=0.0216 | 13.1s
2026-06-20 15:19:12,635 - INFO -   batch 140/381 | loss=0.0767 mse=0.0539 sym=0.0000 phy=0.0215 | 14.1s
2026-06-20 15:19:13,627 - INFO -   batch 150/381 | loss=0.0622 mse=0.0496 sym=0.0000 phy=0.0214 | 15.1s
2026-06-20 15:19:14,620 - INFO -   batch 160/381 | loss=0.0609 mse=0.0347 sym=0.0000 phy=0.0214 | 16.1s
2026-06-20 15:19:15,622 - INFO -   batch 170/381 | loss=0.0584 mse=0.0388 sym=0.0000 phy=0.0215 | 17.1s
2026-06-20 15:19:16,619 - INFO -   batch 180/381 | loss=0.0813 mse=0.0637 sym=0.0000 phy=0.0215 | 18.1s
2026-06-20 15:19:17,595 - INFO -   batch 190/381 | loss=0.0824 mse=0.0668 sym=0.0000 phy=0.0215 | 19.1s
2026-06-20 15:19:18,574 - INFO -   batch 200/381 | loss=0.0846 mse=0.0707 sym=0.0000 phy=0.0215 | 20.1s
2026-06-20 15:19:19,568 - INFO -   batch 210/381 | loss=0.0656 mse=0.0483 sym=0.0000 phy=0.0214 | 21.0s
2026-06-20 15:19:20,595 - INFO -   batch 220/381 | loss=0.0621 mse=0.0498 sym=0.0000 phy=0.0214 | 22.1s
2026-06-20 15:19:21,611 - INFO -   batch 230/381 | loss=0.0733 mse=0.0535 sym=0.0000 phy=0.0214 | 23.1s
2026-06-20 15:19:22,603 - INFO -   batch 240/381 | loss=0.0762 mse=0.0558 sym=0.0000 phy=0.0213 | 24.1s
2026-06-20 15:19:23,599 - INFO -   batch 250/381 | loss=0.0615 mse=0.0450 sym=0.0000 phy=0.0212 | 25.1s
2026-06-20 15:19:24,598 - INFO -   batch 260/381 | loss=0.0880 mse=0.0661 sym=0.0000 phy=0.0212 | 26.1s
2026-06-20 15:19:25,611 - INFO -   batch 270/381 | loss=0.0739 mse=0.0614 sym=0.0000 phy=0.0213 | 27.1s
2026-06-20 15:19:26,615 - INFO -   batch 280/381 | loss=0.0624 mse=0.0414 sym=0.0000 phy=0.0212 | 28.1s
2026-06-20 15:19:27,617 - INFO -   batch 290/381 | loss=0.0714 mse=0.0591 sym=0.0000 phy=0.0211 | 29.1s
2026-06-20 15:19:28,632 - INFO -   batch 300/381 | loss=0.0835 mse=0.0518 sym=0.0000 phy=0.0212 | 30.1s
2026-06-20 15:19:29,624 - INFO -   batch 310/381 | loss=0.0805 mse=0.0615 sym=0.0000 phy=0.0210 | 31.1s
2026-06-20 15:19:30,627 - INFO -   batch 320/381 | loss=0.0798 mse=0.0627 sym=0.0000 phy=0.0211 | 32.1s
2026-06-20 15:19:31,622 - INFO -   batch 330/381 | loss=0.0763 mse=0.0533 sym=0.0000 phy=0.0210 | 33.1s
2026-06-20 15:19:32,616 - INFO -   batch 340/381 | loss=0.0891 mse=0.0565 sym=0.0000 phy=0.0211 | 34.1s
2026-06-20 15:19:33,619 - INFO -   batch 350/381 | loss=0.0796 mse=0.0554 sym=0.0000 phy=0.0212 | 35.1s
2026-06-20 15:19:34,612 - INFO -   batch 360/381 | loss=0.0699 mse=0.0493 sym=0.0000 phy=0.0212 | 36.1s
2026-06-20 15:19:35,594 - INFO -   batch 370/381 | loss=0.0826 mse=0.0570 sym=0.0000 phy=0.0212 | 37.1s
2026-06-20 15:19:36,595 - INFO -   batch 380/381 | loss=0.0663 mse=0.0473 sym=0.0000 phy=0.0212 | 38.1s
2026-06-20 15:19:39,212 - INFO -   batch   1/381 | loss=0.0796 mse=0.0534 sym=0.0000 phy=0.0262 | 0.2s
2026-06-20 15:19:40,137 - INFO -   batch  10/381 | loss=0.0862 mse=0.0626 sym=0.0000 phy=0.0193 | 1.1s
2026-06-20 15:19:41,154 - INFO -   batch  20/381 | loss=0.0751 mse=0.0514 sym=0.0000 phy=0.0204 | 2.1s
2026-06-20 15:19:42,184 - INFO -   batch  30/381 | loss=0.0840 mse=0.0648 sym=0.0000 phy=0.0203 | 3.2s
2026-06-20 15:19:43,187 - INFO -   batch  40/381 | loss=0.0814 mse=0.0620 sym=0.0000 phy=0.0204 | 4.2s
2026-06-20 15:19:44,214 - INFO -   batch  50/381 | loss=0.0891 mse=0.0553 sym=0.0000 phy=0.0204 | 5.2s
2026-06-20 15:19:45,225 - INFO -   batch  60/381 | loss=0.0939 mse=0.0593 sym=0.0000 phy=0.0210 | 6.2s
2026-06-20 15:19:46,256 - INFO -   batch  70/381 | loss=0.0624 mse=0.0452 sym=0.0000 phy=0.0215 | 7.2s
2026-06-20 15:19:47,285 - INFO -   batch  80/381 | loss=0.0787 mse=0.0605 sym=0.0000 phy=0.0212 | 8.3s
2026-06-20 15:19:48,277 - INFO -   batch  90/381 | loss=0.0589 mse=0.0414 sym=0.0000 phy=0.0207 | 9.2s
2026-06-20 15:19:49,320 - INFO -   batch 100/381 | loss=0.0816 mse=0.0555 sym=0.0000 phy=0.0209 | 10.3s
2026-06-20 15:19:50,318 - INFO -   batch 110/381 | loss=0.0829 mse=0.0632 sym=0.0000 phy=0.0209 | 11.3s
2026-06-20 15:19:51,352 - INFO -   batch 120/381 | loss=0.0989 mse=0.0711 sym=0.0000 phy=0.0207 | 12.3s
2026-06-20 15:19:52,362 - INFO -   batch 130/381 | loss=0.0645 mse=0.0448 sym=0.0000 phy=0.0207 | 13.3s
2026-06-20 15:19:53,386 - INFO -   batch 140/381 | loss=0.0909 mse=0.0730 sym=0.0000 phy=0.0204 | 14.4s
2026-06-20 15:19:54,417 - INFO -   batch 150/381 | loss=0.0667 mse=0.0482 sym=0.0000 phy=0.0206 | 15.4s
2026-06-20 15:19:55,411 - INFO -   batch 160/381 | loss=0.0743 mse=0.0611 sym=0.0000 phy=0.0204 | 16.4s
2026-06-20 15:19:56,416 - INFO -   batch 170/381 | loss=0.0752 mse=0.0508 sym=0.0000 phy=0.0204 | 17.4s
2026-06-20 15:19:57,415 - INFO -   batch 180/381 | loss=0.0733 mse=0.0551 sym=0.0000 phy=0.0206 | 18.4s
2026-06-20 15:19:58,423 - INFO -   batch 190/381 | loss=0.0822 mse=0.0569 sym=0.0000 phy=0.0205 | 19.4s
2026-06-20 15:19:59,433 - INFO -   batch 200/381 | loss=0.0684 mse=0.0513 sym=0.0000 phy=0.0206 | 20.4s
2026-06-20 15:20:00,438 - INFO -   batch 210/381 | loss=0.0741 mse=0.0537 sym=0.0000 phy=0.0206 | 21.4s
2026-06-20 15:20:01,445 - INFO -   batch 220/381 | loss=0.0762 mse=0.0588 sym=0.0000 phy=0.0206 | 22.4s
2026-06-20 15:20:02,428 - INFO -   batch 230/381 | loss=0.0793 mse=0.0566 sym=0.0000 phy=0.0206 | 23.4s
2026-06-20 15:20:03,437 - INFO -   batch 240/381 | loss=0.0903 mse=0.0595 sym=0.0000 phy=0.0206 | 24.4s
2026-06-20 15:20:04,424 - INFO -   batch 250/381 | loss=0.0855 mse=0.0605 sym=0.0000 phy=0.0204 | 25.4s
2026-06-20 15:20:05,429 - INFO -   batch 260/381 | loss=0.0682 mse=0.0493 sym=0.0000 phy=0.0204 | 26.4s
2026-06-20 15:20:06,437 - INFO -   batch 270/381 | loss=0.0855 mse=0.0626 sym=0.0000 phy=0.0204 | 27.4s
2026-06-20 15:20:07,451 - INFO -   batch 280/381 | loss=0.0690 mse=0.0472 sym=0.0000 phy=0.0205 | 28.4s
2026-06-20 15:20:08,456 - INFO -   batch 290/381 | loss=0.0592 mse=0.0368 sym=0.0000 phy=0.0205 | 29.4s
2026-06-20 15:20:09,452 - INFO -   batch 300/381 | loss=0.0652 mse=0.0461 sym=0.0000 phy=0.0204 | 30.4s
2026-06-20 15:20:10,454 - INFO -   batch 310/381 | loss=0.0952 mse=0.0610 sym=0.0000 phy=0.0206 | 31.4s
2026-06-20 15:20:11,471 - INFO -   batch 320/381 | loss=0.0744 mse=0.0582 sym=0.0000 phy=0.0206 | 32.4s
2026-06-20 15:20:12,487 - INFO -   batch 330/381 | loss=0.0688 mse=0.0520 sym=0.0000 phy=0.0206 | 33.5s
2026-06-20 15:20:13,499 - INFO -   batch 340/381 | loss=0.0874 mse=0.0698 sym=0.0000 phy=0.0206 | 34.5s
2026-06-20 15:20:14,507 - INFO -   batch 350/381 | loss=0.0693 mse=0.0537 sym=0.0000 phy=0.0207 | 35.5s
2026-06-20 15:20:15,510 - INFO -   batch 360/381 | loss=0.0645 mse=0.0490 sym=0.0000 phy=0.0208 | 36.5s
2026-06-20 15:20:16,515 - INFO -   batch 370/381 | loss=0.0746 mse=0.0449 sym=0.0000 phy=0.0207 | 37.5s
2026-06-20 15:20:17,528 - INFO -   batch 380/381 | loss=0.0853 mse=0.0687 sym=0.0000 phy=0.0207 | 38.5s
2026-06-20 15:20:20,099 - INFO -   batch   1/381 | loss=0.0566 mse=0.0379 sym=0.0000 phy=0.0187 | 0.2s
2026-06-20 15:20:20,982 - INFO -   batch  10/381 | loss=0.0605 mse=0.0478 sym=0.0000 phy=0.0179 | 1.1s
2026-06-20 15:20:21,984 - INFO -   batch  20/381 | loss=0.0768 mse=0.0555 sym=0.0000 phy=0.0206 | 2.1s
2026-06-20 15:20:22,970 - INFO -   batch  30/381 | loss=0.0760 mse=0.0579 sym=0.0000 phy=0.0210 | 3.1s
2026-06-20 15:20:23,942 - INFO -   batch  40/381 | loss=0.0652 mse=0.0358 sym=0.0000 phy=0.0206 | 4.0s
2026-06-20 15:20:24,927 - INFO -   batch  50/381 | loss=0.0765 mse=0.0645 sym=0.0000 phy=0.0203 | 5.0s
2026-06-20 15:20:25,909 - INFO -   batch  60/381 | loss=0.0983 mse=0.0709 sym=0.0000 phy=0.0208 | 6.0s
2026-06-20 15:20:26,897 - INFO -   batch  70/381 | loss=0.0675 mse=0.0553 sym=0.0000 phy=0.0202 | 7.0s
2026-06-20 15:20:27,904 - INFO -   batch  80/381 | loss=0.0966 mse=0.0755 sym=0.0000 phy=0.0203 | 8.0s
2026-06-20 15:20:28,914 - INFO -   batch  90/381 | loss=0.0894 mse=0.0630 sym=0.0000 phy=0.0203 | 9.0s
2026-06-20 15:20:29,939 - INFO -   batch 100/381 | loss=0.0756 mse=0.0641 sym=0.0000 phy=0.0200 | 10.0s
2026-06-20 15:20:30,944 - INFO -   batch 110/381 | loss=0.0710 mse=0.0487 sym=0.0000 phy=0.0202 | 11.0s
2026-06-20 15:20:31,984 - INFO -   batch 120/381 | loss=0.0900 mse=0.0701 sym=0.0000 phy=0.0206 | 12.1s
2026-06-20 15:20:33,007 - INFO -   batch 130/381 | loss=0.0718 mse=0.0477 sym=0.0000 phy=0.0209 | 13.1s
2026-06-20 15:20:34,027 - INFO -   batch 140/381 | loss=0.0751 mse=0.0569 sym=0.0000 phy=0.0209 | 14.1s
2026-06-20 15:20:35,027 - INFO -   batch 150/381 | loss=0.0912 mse=0.0660 sym=0.0000 phy=0.0207 | 15.1s
2026-06-20 15:20:36,042 - INFO -   batch 160/381 | loss=0.0847 mse=0.0657 sym=0.0000 phy=0.0207 | 16.1s
2026-06-20 15:20:37,023 - INFO -   batch 170/381 | loss=0.0707 mse=0.0455 sym=0.0000 phy=0.0205 | 17.1s
2026-06-20 15:20:38,041 - INFO -   batch 180/381 | loss=0.0872 mse=0.0631 sym=0.0000 phy=0.0207 | 18.1s
2026-06-20 15:20:39,035 - INFO -   batch 190/381 | loss=0.0640 mse=0.0544 sym=0.0000 phy=0.0204 | 19.1s
2026-06-20 15:20:40,052 - INFO -   batch 200/381 | loss=0.0623 mse=0.0415 sym=0.0000 phy=0.0204 | 20.1s
2026-06-20 15:20:41,049 - INFO -   batch 210/381 | loss=0.0480 mse=0.0365 sym=0.0000 phy=0.0204 | 21.1s
2026-06-20 15:20:42,039 - INFO -   batch 220/381 | loss=0.0885 mse=0.0618 sym=0.0000 phy=0.0204 | 22.1s
2026-06-20 15:20:43,054 - INFO -   batch 230/381 | loss=0.0711 mse=0.0515 sym=0.0000 phy=0.0203 | 23.1s
2026-06-20 15:20:44,066 - INFO -   batch 240/381 | loss=0.0815 mse=0.0580 sym=0.0000 phy=0.0205 | 24.2s
2026-06-20 15:20:45,036 - INFO -   batch 250/381 | loss=0.0579 mse=0.0449 sym=0.0000 phy=0.0205 | 25.1s
2026-06-20 15:20:46,033 - INFO -   batch 260/381 | loss=0.0682 mse=0.0461 sym=0.0000 phy=0.0204 | 26.1s
2026-06-20 15:20:47,029 - INFO -   batch 270/381 | loss=0.0790 mse=0.0633 sym=0.0000 phy=0.0203 | 27.1s
2026-06-20 15:20:48,023 - INFO -   batch 280/381 | loss=0.0781 mse=0.0597 sym=0.0000 phy=0.0202 | 28.1s
2026-06-20 15:20:49,026 - INFO -   batch 290/381 | loss=0.0719 mse=0.0529 sym=0.0000 phy=0.0203 | 29.1s
2026-06-20 15:20:50,035 - INFO -   batch 300/381 | loss=0.0844 mse=0.0634 sym=0.0000 phy=0.0202 | 30.1s
2026-06-20 15:20:51,057 - INFO -   batch 310/381 | loss=0.0716 mse=0.0381 sym=0.0000 phy=0.0203 | 31.1s
2026-06-20 15:20:52,058 - INFO -   batch 320/381 | loss=0.0878 mse=0.0536 sym=0.0000 phy=0.0205 | 32.1s
2026-06-20 15:20:53,063 - INFO -   batch 330/381 | loss=0.0775 mse=0.0556 sym=0.0000 phy=0.0205 | 33.1s
2026-06-20 15:20:54,083 - INFO -   batch 340/381 | loss=0.0700 mse=0.0502 sym=0.0000 phy=0.0204 | 34.2s
2026-06-20 15:20:55,108 - INFO -   batch 350/381 | loss=0.0749 mse=0.0574 sym=0.0000 phy=0.0204 | 35.2s
2026-06-20 15:20:56,112 - INFO -   batch 360/381 | loss=0.0700 mse=0.0488 sym=0.0000 phy=0.0205 | 36.2s
2026-06-20 15:20:57,122 - INFO -   batch 370/381 | loss=0.0912 mse=0.0709 sym=0.0000 phy=0.0205 | 37.2s
2026-06-20 15:20:58,148 - INFO -   batch 380/381 | loss=0.0715 mse=0.0585 sym=0.0000 phy=0.0205 | 38.2s
2026-06-20 15:21:00,604 - INFO - Epoch   5/50 | Loss=0.0753 MSE=0.0548 Sym=0.0000 Phy=0.0205 | Val RMSE=0.2333 ρ=0.323 | 41s
2026-06-20 15:21:00,774 - INFO -   batch   1/381 | loss=0.0677 mse=0.0489 sym=0.0000 phy=0.0188 | 0.2s
2026-06-20 15:21:01,688 - INFO -   batch  10/381 | loss=0.0728 mse=0.0502 sym=0.0000 phy=0.0180 | 1.1s
2026-06-20 15:21:02,692 - INFO -   batch  20/381 | loss=0.0901 mse=0.0682 sym=0.0000 phy=0.0183 | 2.1s
2026-06-20 15:21:03,698 - INFO -   batch  30/381 | loss=0.0701 mse=0.0566 sym=0.0000 phy=0.0195 | 3.1s
2026-06-20 15:21:04,703 - INFO -   batch  40/381 | loss=0.0747 mse=0.0566 sym=0.0000 phy=0.0200 | 4.1s
2026-06-20 15:21:05,728 - INFO -   batch  50/381 | loss=0.0707 mse=0.0500 sym=0.0000 phy=0.0215 | 5.1s
2026-06-20 15:21:06,761 - INFO -   batch  60/381 | loss=0.0783 mse=0.0580 sym=0.0000 phy=0.0216 | 6.2s
2026-06-20 15:21:07,768 - INFO -   batch  70/381 | loss=0.0842 mse=0.0591 sym=0.0000 phy=0.0214 | 7.2s
2026-06-20 15:21:08,778 - INFO -   batch  80/381 | loss=0.0756 mse=0.0603 sym=0.0000 phy=0.0211 | 8.2s
2026-06-20 15:21:09,786 - INFO -   batch  90/381 | loss=0.0633 mse=0.0428 sym=0.0000 phy=0.0207 | 9.2s
2026-06-20 15:21:10,795 - INFO -   batch 100/381 | loss=0.0673 mse=0.0467 sym=0.0000 phy=0.0207 | 10.2s
2026-06-20 15:21:11,802 - INFO -   batch 110/381 | loss=0.0768 mse=0.0458 sym=0.0000 phy=0.0205 | 11.2s
2026-06-20 15:21:12,801 - INFO -   batch 120/381 | loss=0.0731 mse=0.0511 sym=0.0000 phy=0.0206 | 12.2s
2026-06-20 15:21:13,809 - INFO -   batch 130/381 | loss=0.0740 mse=0.0566 sym=0.0000 phy=0.0204 | 13.2s
2026-06-20 15:21:14,816 - INFO -   batch 140/381 | loss=0.0640 mse=0.0483 sym=0.0000 phy=0.0202 | 14.2s
2026-06-20 15:21:15,838 - INFO -   batch 150/381 | loss=0.0681 mse=0.0455 sym=0.0000 phy=0.0202 | 15.2s
2026-06-20 15:21:16,850 - INFO -   batch 160/381 | loss=0.0634 mse=0.0462 sym=0.0000 phy=0.0204 | 16.2s
2026-06-20 15:21:17,853 - INFO -   batch 170/381 | loss=0.0835 mse=0.0617 sym=0.0000 phy=0.0204 | 17.2s
2026-06-20 15:21:19,028 - INFO -   batch 180/381 | loss=0.0731 mse=0.0510 sym=0.0000 phy=0.0204 | 18.4s
2026-06-20 15:21:20,044 - INFO -   batch 190/381 | loss=0.0776 mse=0.0545 sym=0.0000 phy=0.0203 | 19.4s
2026-06-20 15:21:21,022 - INFO -   batch 200/381 | loss=0.0654 mse=0.0512 sym=0.0000 phy=0.0202 | 20.4s
2026-06-20 15:21:22,019 - INFO -   batch 210/381 | loss=0.0628 mse=0.0457 sym=0.0000 phy=0.0201 | 21.4s
2026-06-20 15:21:23,050 - INFO -   batch 220/381 | loss=0.0848 mse=0.0605 sym=0.0000 phy=0.0201 | 22.4s
2026-06-20 15:21:24,059 - INFO -   batch 230/381 | loss=0.0614 mse=0.0426 sym=0.0000 phy=0.0200 | 23.5s
2026-06-20 15:21:25,058 - INFO -   batch 240/381 | loss=0.0678 mse=0.0496 sym=0.0000 phy=0.0201 | 24.5s
2026-06-20 15:21:26,086 - INFO -   batch 250/381 | loss=0.0760 mse=0.0609 sym=0.0000 phy=0.0201 | 25.5s
2026-06-20 15:21:27,112 - INFO -   batch 260/381 | loss=0.0883 mse=0.0670 sym=0.0000 phy=0.0201 | 26.5s
2026-06-20 15:21:28,127 - INFO -   batch 270/381 | loss=0.0537 mse=0.0376 sym=0.0000 phy=0.0201 | 27.5s
2026-06-20 15:21:29,141 - INFO -   batch 280/381 | loss=0.0890 mse=0.0633 sym=0.0000 phy=0.0201 | 28.5s
2026-06-20 15:21:30,162 - INFO -   batch 290/381 | loss=0.0787 mse=0.0632 sym=0.0000 phy=0.0201 | 29.6s
2026-06-20 15:21:31,175 - INFO -   batch 300/381 | loss=0.0802 mse=0.0579 sym=0.0000 phy=0.0202 | 30.6s
2026-06-20 15:21:32,182 - INFO -   batch 310/381 | loss=0.0867 mse=0.0667 sym=0.0000 phy=0.0203 | 31.6s
2026-06-20 15:21:33,191 - INFO -   batch 320/381 | loss=0.0779 mse=0.0604 sym=0.0000 phy=0.0203 | 32.6s
2026-06-20 15:21:34,220 - INFO -   batch 330/381 | loss=0.0791 mse=0.0556 sym=0.0000 phy=0.0202 | 33.6s
2026-06-20 15:21:35,242 - INFO -   batch 340/381 | loss=0.0813 mse=0.0557 sym=0.0000 phy=0.0202 | 34.6s
2026-06-20 15:21:36,248 - INFO -   batch 350/381 | loss=0.0693 mse=0.0489 sym=0.0000 phy=0.0203 | 35.6s
2026-06-20 15:21:37,265 - INFO -   batch 360/381 | loss=0.0733 mse=0.0594 sym=0.0000 phy=0.0203 | 36.7s
2026-06-20 15:21:38,279 - INFO -   batch 370/381 | loss=0.0735 mse=0.0596 sym=0.0000 phy=0.0202 | 37.7s
2026-06-20 15:21:39,276 - INFO -   batch 380/381 | loss=0.0620 mse=0.0488 sym=0.0000 phy=0.0202 | 38.7s
2026-06-20 15:21:41,916 - INFO -   batch   1/381 | loss=0.0631 mse=0.0436 sym=0.0000 phy=0.0195 | 0.2s
2026-06-20 15:21:42,821 - INFO -   batch  10/381 | loss=0.0619 mse=0.0479 sym=0.0000 phy=0.0199 | 1.1s
2026-06-20 15:21:43,815 - INFO -   batch  20/381 | loss=0.0682 mse=0.0545 sym=0.0000 phy=0.0212 | 2.1s
2026-06-20 15:21:44,820 - INFO -   batch  30/381 | loss=0.0528 mse=0.0365 sym=0.0000 phy=0.0206 | 3.1s
2026-06-20 15:21:45,852 - INFO -   batch  40/381 | loss=0.0854 mse=0.0535 sym=0.0000 phy=0.0200 | 4.1s
2026-06-20 15:21:46,864 - INFO -   batch  50/381 | loss=0.0577 mse=0.0410 sym=0.0000 phy=0.0199 | 5.1s
2026-06-20 15:21:47,883 - INFO -   batch  60/381 | loss=0.0795 mse=0.0639 sym=0.0000 phy=0.0204 | 6.2s
2026-06-20 15:21:48,882 - INFO -   batch  70/381 | loss=0.0644 mse=0.0495 sym=0.0000 phy=0.0199 | 7.2s
2026-06-20 15:21:49,868 - INFO -   batch  80/381 | loss=0.0878 mse=0.0696 sym=0.0000 phy=0.0200 | 8.1s
2026-06-20 15:21:50,879 - INFO -   batch  90/381 | loss=0.0674 mse=0.0479 sym=0.0000 phy=0.0201 | 9.2s
2026-06-20 15:21:51,879 - INFO -   batch 100/381 | loss=0.0659 mse=0.0449 sym=0.0000 phy=0.0203 | 10.2s
2026-06-20 15:21:52,908 - INFO -   batch 110/381 | loss=0.0759 mse=0.0546 sym=0.0000 phy=0.0201 | 11.2s
2026-06-20 15:21:53,943 - INFO -   batch 120/381 | loss=0.0614 mse=0.0396 sym=0.0000 phy=0.0201 | 12.2s
2026-06-20 15:21:54,957 - INFO -   batch 130/381 | loss=0.0691 mse=0.0556 sym=0.0000 phy=0.0201 | 13.2s
2026-06-20 15:21:55,985 - INFO -   batch 140/381 | loss=0.0722 mse=0.0560 sym=0.0000 phy=0.0202 | 14.3s
2026-06-20 15:21:56,983 - INFO -   batch 150/381 | loss=0.0753 mse=0.0580 sym=0.0000 phy=0.0201 | 15.3s
2026-06-20 15:21:57,996 - INFO -   batch 160/381 | loss=0.0819 mse=0.0550 sym=0.0000 phy=0.0200 | 16.3s
2026-06-20 15:21:59,013 - INFO -   batch 170/381 | loss=0.0598 mse=0.0392 sym=0.0000 phy=0.0203 | 17.3s
2026-06-20 15:22:00,014 - INFO -   batch 180/381 | loss=0.0714 mse=0.0535 sym=0.0000 phy=0.0204 | 18.3s
2026-06-20 15:22:00,998 - INFO -   batch 190/381 | loss=0.0831 mse=0.0636 sym=0.0000 phy=0.0202 | 19.3s
2026-06-20 15:22:01,987 - INFO -   batch 200/381 | loss=0.0674 mse=0.0531 sym=0.0000 phy=0.0202 | 20.3s
2026-06-20 15:22:03,003 - INFO -   batch 210/381 | loss=0.0602 mse=0.0453 sym=0.0000 phy=0.0201 | 21.3s
2026-06-20 15:22:03,990 - INFO -   batch 220/381 | loss=0.0751 mse=0.0570 sym=0.0000 phy=0.0201 | 22.3s
2026-06-20 15:22:05,006 - INFO -   batch 230/381 | loss=0.0768 mse=0.0642 sym=0.0000 phy=0.0201 | 23.3s
2026-06-20 15:22:06,001 - INFO -   batch 240/381 | loss=0.0858 mse=0.0556 sym=0.0000 phy=0.0200 | 24.3s
2026-06-20 15:22:07,003 - INFO -   batch 250/381 | loss=0.0632 mse=0.0378 sym=0.0000 phy=0.0200 | 25.3s
2026-06-20 15:22:08,016 - INFO -   batch 260/381 | loss=0.0577 mse=0.0417 sym=0.0000 phy=0.0202 | 26.3s
2026-06-20 15:22:09,013 - INFO -   batch 270/381 | loss=0.0753 mse=0.0579 sym=0.0000 phy=0.0202 | 27.3s
2026-06-20 15:22:10,017 - INFO -   batch 280/381 | loss=0.0815 mse=0.0628 sym=0.0000 phy=0.0202 | 28.3s
2026-06-20 15:22:11,033 - INFO -   batch 290/381 | loss=0.0574 mse=0.0440 sym=0.0000 phy=0.0201 | 29.3s
2026-06-20 15:22:12,054 - INFO -   batch 300/381 | loss=0.0535 mse=0.0374 sym=0.0000 phy=0.0202 | 30.3s
2026-06-20 15:22:13,075 - INFO -   batch 310/381 | loss=0.0809 mse=0.0578 sym=0.0000 phy=0.0201 | 31.4s
2026-06-20 15:22:14,070 - INFO -   batch 320/381 | loss=0.0672 mse=0.0439 sym=0.0000 phy=0.0202 | 32.3s
2026-06-20 15:22:15,053 - INFO -   batch 330/381 | loss=0.0833 mse=0.0692 sym=0.0000 phy=0.0202 | 33.3s
2026-06-20 15:22:16,068 - INFO -   batch 340/381 | loss=0.0832 mse=0.0632 sym=0.0000 phy=0.0202 | 34.3s
2026-06-20 15:22:17,101 - INFO -   batch 350/381 | loss=0.0838 mse=0.0580 sym=0.0000 phy=0.0202 | 35.4s
2026-06-20 15:22:18,128 - INFO -   batch 360/381 | loss=0.0798 mse=0.0664 sym=0.0000 phy=0.0201 | 36.4s
2026-06-20 15:22:19,155 - INFO -   batch 370/381 | loss=0.0670 mse=0.0504 sym=0.0000 phy=0.0201 | 37.4s
2026-06-20 15:22:20,162 - INFO -   batch 380/381 | loss=0.0703 mse=0.0474 sym=0.0000 phy=0.0201 | 38.4s
2026-06-20 15:22:22,741 - INFO -   batch   1/381 | loss=0.0771 mse=0.0540 sym=0.0000 phy=0.0232 | 0.2s
2026-06-20 15:22:23,644 - INFO -   batch  10/381 | loss=0.0757 mse=0.0553 sym=0.0000 phy=0.0222 | 1.1s
2026-06-20 15:22:24,640 - INFO -   batch  20/381 | loss=0.0726 mse=0.0521 sym=0.0000 phy=0.0208 | 2.1s
2026-06-20 15:22:25,675 - INFO -   batch  30/381 | loss=0.0834 mse=0.0565 sym=0.0000 phy=0.0201 | 3.1s
2026-06-20 15:22:26,699 - INFO -   batch  40/381 | loss=0.0971 mse=0.0683 sym=0.0000 phy=0.0207 | 4.2s
2026-06-20 15:22:27,715 - INFO -   batch  50/381 | loss=0.0926 mse=0.0715 sym=0.0000 phy=0.0208 | 5.2s
2026-06-20 15:22:28,724 - INFO -   batch  60/381 | loss=0.0803 mse=0.0626 sym=0.0000 phy=0.0206 | 6.2s
2026-06-20 15:22:29,727 - INFO -   batch  70/381 | loss=0.0889 mse=0.0610 sym=0.0000 phy=0.0204 | 7.2s
2026-06-20 15:22:30,738 - INFO -   batch  80/381 | loss=0.0771 mse=0.0603 sym=0.0000 phy=0.0205 | 8.2s
2026-06-20 15:22:31,744 - INFO -   batch  90/381 | loss=0.0654 mse=0.0518 sym=0.0000 phy=0.0203 | 9.2s
2026-06-20 15:22:32,748 - INFO -   batch 100/381 | loss=0.0724 mse=0.0491 sym=0.0000 phy=0.0203 | 10.2s
2026-06-20 15:22:33,754 - INFO -   batch 110/381 | loss=0.0852 mse=0.0615 sym=0.0000 phy=0.0203 | 11.2s
2026-06-20 15:22:34,770 - INFO -   batch 120/381 | loss=0.0844 mse=0.0642 sym=0.0000 phy=0.0204 | 12.2s
2026-06-20 15:22:35,775 - INFO -   batch 130/381 | loss=0.0660 mse=0.0573 sym=0.0000 phy=0.0202 | 13.2s
2026-06-20 15:22:36,801 - INFO -   batch 140/381 | loss=0.1046 mse=0.0817 sym=0.0000 phy=0.0201 | 14.3s
2026-06-20 15:22:37,819 - INFO -   batch 150/381 | loss=0.1087 mse=0.0796 sym=0.0000 phy=0.0202 | 15.3s
2026-06-20 15:22:38,813 - INFO -   batch 160/381 | loss=0.0675 mse=0.0475 sym=0.0000 phy=0.0202 | 16.3s
2026-06-20 15:22:39,849 - INFO -   batch 170/381 | loss=0.0818 mse=0.0678 sym=0.0000 phy=0.0201 | 17.3s
2026-06-20 15:22:40,859 - INFO -   batch 180/381 | loss=0.0810 mse=0.0596 sym=0.0000 phy=0.0199 | 18.3s
2026-06-20 15:22:41,864 - INFO -   batch 190/381 | loss=0.0599 mse=0.0438 sym=0.0000 phy=0.0200 | 19.3s
2026-06-20 15:22:42,912 - INFO -   batch 200/381 | loss=0.0573 mse=0.0463 sym=0.0000 phy=0.0199 | 20.4s
2026-06-20 15:22:43,913 - INFO -   batch 210/381 | loss=0.0630 mse=0.0421 sym=0.0000 phy=0.0199 | 21.4s
2026-06-20 15:22:44,929 - INFO -   batch 220/381 | loss=0.0606 mse=0.0469 sym=0.0000 phy=0.0198 | 22.4s
2026-06-20 15:22:45,935 - INFO -   batch 230/381 | loss=0.0980 mse=0.0788 sym=0.0000 phy=0.0196 | 23.4s
2026-06-20 15:22:46,956 - INFO -   batch 240/381 | loss=0.0663 mse=0.0415 sym=0.0000 phy=0.0198 | 24.4s
2026-06-20 15:22:47,974 - INFO -   batch 250/381 | loss=0.0651 mse=0.0461 sym=0.0000 phy=0.0198 | 25.4s
2026-06-20 15:22:48,987 - INFO -   batch 260/381 | loss=0.0685 mse=0.0572 sym=0.0000 phy=0.0197 | 26.4s
2026-06-20 15:22:50,007 - INFO -   batch 270/381 | loss=0.0723 mse=0.0504 sym=0.0000 phy=0.0197 | 27.5s
2026-06-20 15:22:51,029 - INFO -   batch 280/381 | loss=0.0902 mse=0.0556 sym=0.0000 phy=0.0197 | 28.5s
2026-06-20 15:22:52,052 - INFO -   batch 290/381 | loss=0.0692 mse=0.0520 sym=0.0000 phy=0.0197 | 29.5s
2026-06-20 15:22:53,051 - INFO -   batch 300/381 | loss=0.0963 mse=0.0782 sym=0.0000 phy=0.0197 | 30.5s
2026-06-20 15:22:54,059 - INFO -   batch 310/381 | loss=0.0649 mse=0.0472 sym=0.0000 phy=0.0197 | 31.5s
2026-06-20 15:22:55,062 - INFO -   batch 320/381 | loss=0.0859 mse=0.0500 sym=0.0000 phy=0.0198 | 32.5s
2026-06-20 15:22:56,061 - INFO -   batch 330/381 | loss=0.0925 mse=0.0654 sym=0.0000 phy=0.0198 | 33.5s
2026-06-20 15:22:57,070 - INFO -   batch 340/381 | loss=0.0521 mse=0.0388 sym=0.0000 phy=0.0198 | 34.5s
2026-06-20 15:22:58,099 - INFO -   batch 350/381 | loss=0.0689 mse=0.0501 sym=0.0000 phy=0.0199 | 35.6s
2026-06-20 15:22:59,098 - INFO -   batch 360/381 | loss=0.0806 mse=0.0593 sym=0.0000 phy=0.0199 | 36.6s
2026-06-20 15:23:00,103 - INFO -   batch 370/381 | loss=0.0884 mse=0.0656 sym=0.0000 phy=0.0200 | 37.6s
2026-06-20 15:23:01,109 - INFO -   batch 380/381 | loss=0.0782 mse=0.0537 sym=0.0000 phy=0.0201 | 38.6s
2026-06-20 15:23:03,663 - INFO -   batch   1/381 | loss=0.0609 mse=0.0351 sym=0.0000 phy=0.0258 | 0.2s
2026-06-20 15:23:04,576 - INFO -   batch  10/381 | loss=0.0555 mse=0.0413 sym=0.0000 phy=0.0192 | 1.1s
2026-06-20 15:23:05,590 - INFO -   batch  20/381 | loss=0.0805 mse=0.0582 sym=0.0000 phy=0.0195 | 2.1s
2026-06-20 15:23:06,596 - INFO -   batch  30/381 | loss=0.0747 mse=0.0600 sym=0.0000 phy=0.0183 | 3.1s
2026-06-20 15:23:07,599 - INFO -   batch  40/381 | loss=0.0788 mse=0.0568 sym=0.0000 phy=0.0182 | 4.1s
2026-06-20 15:23:08,595 - INFO -   batch  50/381 | loss=0.0623 mse=0.0371 sym=0.0000 phy=0.0186 | 5.1s
2026-06-20 15:23:09,606 - INFO -   batch  60/381 | loss=0.0583 mse=0.0436 sym=0.0000 phy=0.0185 | 6.1s
2026-06-20 15:23:10,618 - INFO -   batch  70/381 | loss=0.0757 mse=0.0494 sym=0.0000 phy=0.0188 | 7.1s
2026-06-20 15:23:11,626 - INFO -   batch  80/381 | loss=0.0863 mse=0.0569 sym=0.0000 phy=0.0194 | 8.1s
2026-06-20 15:23:12,626 - INFO -   batch  90/381 | loss=0.0668 mse=0.0546 sym=0.0000 phy=0.0192 | 9.1s
2026-06-20 15:23:13,638 - INFO -   batch 100/381 | loss=0.0763 mse=0.0613 sym=0.0000 phy=0.0190 | 10.1s
2026-06-20 15:23:14,635 - INFO -   batch 110/381 | loss=0.0674 mse=0.0455 sym=0.0000 phy=0.0194 | 11.1s
2026-06-20 15:23:15,640 - INFO -   batch 120/381 | loss=0.0901 mse=0.0639 sym=0.0000 phy=0.0195 | 12.2s
2026-06-20 15:23:16,633 - INFO -   batch 130/381 | loss=0.0700 mse=0.0527 sym=0.0000 phy=0.0194 | 13.1s
2026-06-20 15:23:17,626 - INFO -   batch 140/381 | loss=0.0614 mse=0.0410 sym=0.0000 phy=0.0196 | 14.1s
2026-06-20 15:23:18,621 - INFO -   batch 150/381 | loss=0.0863 mse=0.0636 sym=0.0000 phy=0.0198 | 15.1s
2026-06-20 15:23:19,647 - INFO -   batch 160/381 | loss=0.0912 mse=0.0542 sym=0.0000 phy=0.0198 | 16.2s
2026-06-20 15:23:20,687 - INFO -   batch 170/381 | loss=0.0742 mse=0.0502 sym=0.0000 phy=0.0200 | 17.2s
2026-06-20 15:23:21,699 - INFO -   batch 180/381 | loss=0.0742 mse=0.0592 sym=0.0000 phy=0.0200 | 18.2s
2026-06-20 15:23:22,716 - INFO -   batch 190/381 | loss=0.0740 mse=0.0543 sym=0.0000 phy=0.0199 | 19.2s
2026-06-20 15:23:23,733 - INFO -   batch 200/381 | loss=0.0800 mse=0.0597 sym=0.0000 phy=0.0198 | 20.2s
2026-06-20 15:23:24,731 - INFO -   batch 210/381 | loss=0.0768 mse=0.0556 sym=0.0000 phy=0.0196 | 21.2s
2026-06-20 15:23:25,721 - INFO -   batch 220/381 | loss=0.0841 mse=0.0593 sym=0.0000 phy=0.0197 | 22.2s
2026-06-20 15:23:26,738 - INFO -   batch 230/381 | loss=0.0684 mse=0.0474 sym=0.0000 phy=0.0196 | 23.2s
2026-06-20 15:23:27,764 - INFO -   batch 240/381 | loss=0.0627 mse=0.0448 sym=0.0000 phy=0.0198 | 24.3s
2026-06-20 15:23:28,766 - INFO -   batch 250/381 | loss=0.0749 mse=0.0611 sym=0.0000 phy=0.0198 | 25.3s
2026-06-20 15:23:29,776 - INFO -   batch 260/381 | loss=0.0767 mse=0.0538 sym=0.0000 phy=0.0200 | 26.3s
2026-06-20 15:23:30,796 - INFO -   batch 270/381 | loss=0.0792 mse=0.0510 sym=0.0000 phy=0.0202 | 27.3s
2026-06-20 15:23:31,816 - INFO -   batch 280/381 | loss=0.0732 mse=0.0570 sym=0.0000 phy=0.0201 | 28.3s
2026-06-20 15:23:32,813 - INFO -   batch 290/381 | loss=0.0723 mse=0.0550 sym=0.0000 phy=0.0200 | 29.3s
2026-06-20 15:23:33,818 - INFO -   batch 300/381 | loss=0.0899 mse=0.0692 sym=0.0000 phy=0.0200 | 30.3s
2026-06-20 15:23:34,829 - INFO -   batch 310/381 | loss=0.0915 mse=0.0654 sym=0.0000 phy=0.0202 | 31.3s
2026-06-20 15:23:35,828 - INFO -   batch 320/381 | loss=0.0845 mse=0.0604 sym=0.0000 phy=0.0202 | 32.3s
2026-06-20 15:23:36,852 - INFO -   batch 330/381 | loss=0.0670 mse=0.0429 sym=0.0000 phy=0.0203 | 33.4s
2026-06-20 15:23:37,842 - INFO -   batch 340/381 | loss=0.0649 mse=0.0410 sym=0.0000 phy=0.0203 | 34.4s
2026-06-20 15:23:38,833 - INFO -   batch 350/381 | loss=0.0577 mse=0.0416 sym=0.0000 phy=0.0203 | 35.3s
2026-06-20 15:23:39,848 - INFO -   batch 360/381 | loss=0.0664 mse=0.0530 sym=0.0000 phy=0.0202 | 36.4s
2026-06-20 15:23:40,872 - INFO -   batch 370/381 | loss=0.0692 mse=0.0546 sym=0.0000 phy=0.0202 | 37.4s
2026-06-20 15:23:41,870 - INFO -   batch 380/381 | loss=0.0777 mse=0.0604 sym=0.0000 phy=0.0203 | 38.4s
2026-06-20 15:23:44,442 - INFO -   batch   1/381 | loss=0.0619 mse=0.0420 sym=0.0000 phy=0.0199 | 0.2s
2026-06-20 15:23:45,342 - INFO -   batch  10/381 | loss=0.0767 mse=0.0615 sym=0.0000 phy=0.0184 | 1.1s
2026-06-20 15:23:46,344 - INFO -   batch  20/381 | loss=0.0680 mse=0.0474 sym=0.0000 phy=0.0195 | 2.1s
2026-06-20 15:23:47,335 - INFO -   batch  30/381 | loss=0.0963 mse=0.0633 sym=0.0000 phy=0.0210 | 3.1s
2026-06-20 15:23:48,348 - INFO -   batch  40/381 | loss=0.0558 mse=0.0432 sym=0.0000 phy=0.0206 | 4.1s
2026-06-20 15:23:49,356 - INFO -   batch  50/381 | loss=0.0886 mse=0.0666 sym=0.0000 phy=0.0202 | 5.1s
2026-06-20 15:23:50,376 - INFO -   batch  60/381 | loss=0.0742 mse=0.0535 sym=0.0000 phy=0.0200 | 6.1s
2026-06-20 15:23:51,388 - INFO -   batch  70/381 | loss=0.0945 mse=0.0646 sym=0.0000 phy=0.0202 | 7.1s
2026-06-20 15:23:52,408 - INFO -   batch  80/381 | loss=0.0682 mse=0.0519 sym=0.0000 phy=0.0201 | 8.1s
2026-06-20 15:23:53,437 - INFO -   batch  90/381 | loss=0.0738 mse=0.0577 sym=0.0000 phy=0.0202 | 9.2s
2026-06-20 15:23:54,440 - INFO -   batch 100/381 | loss=0.0695 mse=0.0495 sym=0.0000 phy=0.0203 | 10.2s
2026-06-20 15:23:55,450 - INFO -   batch 110/381 | loss=0.0813 mse=0.0615 sym=0.0000 phy=0.0202 | 11.2s
2026-06-20 15:23:56,457 - INFO -   batch 120/381 | loss=0.0831 mse=0.0636 sym=0.0000 phy=0.0202 | 12.2s
2026-06-20 15:23:57,477 - INFO -   batch 130/381 | loss=0.0835 mse=0.0642 sym=0.0000 phy=0.0202 | 13.2s
2026-06-20 15:23:58,484 - INFO -   batch 140/381 | loss=0.0803 mse=0.0465 sym=0.0000 phy=0.0203 | 14.2s
2026-06-20 15:23:59,505 - INFO -   batch 150/381 | loss=0.0855 mse=0.0680 sym=0.0000 phy=0.0204 | 15.2s
2026-06-20 15:24:00,503 - INFO -   batch 160/381 | loss=0.0918 mse=0.0699 sym=0.0000 phy=0.0202 | 16.2s
2026-06-20 15:24:01,514 - INFO -   batch 170/381 | loss=0.0631 mse=0.0406 sym=0.0000 phy=0.0202 | 17.2s
2026-06-20 15:24:02,512 - INFO -   batch 180/381 | loss=0.0693 mse=0.0475 sym=0.0000 phy=0.0202 | 18.2s
2026-06-20 15:24:03,510 - INFO -   batch 190/381 | loss=0.0746 mse=0.0480 sym=0.0000 phy=0.0203 | 19.2s
2026-06-20 15:24:04,512 - INFO -   batch 200/381 | loss=0.0703 mse=0.0469 sym=0.0000 phy=0.0203 | 20.2s
2026-06-20 15:24:05,512 - INFO -   batch 210/381 | loss=0.0772 mse=0.0549 sym=0.0000 phy=0.0204 | 21.2s
2026-06-20 15:24:06,503 - INFO -   batch 220/381 | loss=0.0620 mse=0.0437 sym=0.0000 phy=0.0203 | 22.2s
2026-06-20 15:24:07,507 - INFO -   batch 230/381 | loss=0.0813 mse=0.0587 sym=0.0000 phy=0.0204 | 23.2s
2026-06-20 15:24:08,671 - INFO -   batch 240/381 | loss=0.0761 mse=0.0594 sym=0.0000 phy=0.0203 | 24.4s
2026-06-20 15:24:09,689 - INFO -   batch 250/381 | loss=0.0647 mse=0.0494 sym=0.0000 phy=0.0202 | 25.4s
2026-06-20 15:24:10,693 - INFO -   batch 260/381 | loss=0.0693 mse=0.0520 sym=0.0000 phy=0.0202 | 26.4s
2026-06-20 15:24:11,713 - INFO -   batch 270/381 | loss=0.0662 mse=0.0463 sym=0.0000 phy=0.0201 | 27.4s
2026-06-20 15:24:12,720 - INFO -   batch 280/381 | loss=0.0808 mse=0.0615 sym=0.0000 phy=0.0201 | 28.5s
2026-06-20 15:24:13,745 - INFO -   batch 290/381 | loss=0.0673 mse=0.0473 sym=0.0000 phy=0.0202 | 29.5s
2026-06-20 15:24:14,747 - INFO -   batch 300/381 | loss=0.0735 mse=0.0553 sym=0.0000 phy=0.0202 | 30.5s
2026-06-20 15:24:15,774 - INFO -   batch 310/381 | loss=0.0743 mse=0.0583 sym=0.0000 phy=0.0202 | 31.5s
2026-06-20 15:24:16,789 - INFO -   batch 320/381 | loss=0.0648 mse=0.0453 sym=0.0000 phy=0.0202 | 32.5s
2026-06-20 15:24:17,809 - INFO -   batch 330/381 | loss=0.0659 mse=0.0519 sym=0.0000 phy=0.0202 | 33.5s
2026-06-20 15:24:18,795 - INFO -   batch 340/381 | loss=0.0893 mse=0.0561 sym=0.0000 phy=0.0203 | 34.5s
2026-06-20 15:24:19,798 - INFO -   batch 350/381 | loss=0.0614 mse=0.0416 sym=0.0000 phy=0.0203 | 35.5s
2026-06-20 15:24:20,802 - INFO -   batch 360/381 | loss=0.0666 mse=0.0460 sym=0.0000 phy=0.0202 | 36.5s
2026-06-20 15:24:21,813 - INFO -   batch 370/381 | loss=0.0801 mse=0.0557 sym=0.0000 phy=0.0201 | 37.5s
2026-06-20 15:24:22,837 - INFO -   batch 380/381 | loss=0.0833 mse=0.0660 sym=0.0000 phy=0.0200 | 38.6s
2026-06-20 15:24:25,233 - INFO - Epoch  10/50 | Loss=0.0743 MSE=0.0544 Sym=0.0000 Phy=0.0200 | Val RMSE=0.2403 ρ=0.319 | 41s
2026-06-20 15:24:25,435 - INFO -   batch   1/381 | loss=0.0602 mse=0.0457 sym=0.0000 phy=0.0145 | 0.2s
2026-06-20 15:24:26,357 - INFO -   batch  10/381 | loss=0.0442 mse=0.0348 sym=0.0000 phy=0.0158 | 1.1s
2026-06-20 15:24:27,370 - INFO -   batch  20/381 | loss=0.0688 mse=0.0516 sym=0.0000 phy=0.0175 | 2.1s
2026-06-20 15:24:28,390 - INFO -   batch  30/381 | loss=0.0814 mse=0.0582 sym=0.0000 phy=0.0193 | 3.2s
2026-06-20 15:24:29,395 - INFO -   batch  40/381 | loss=0.0776 mse=0.0568 sym=0.0000 phy=0.0188 | 4.2s
2026-06-20 15:24:30,405 - INFO -   batch  50/381 | loss=0.0684 mse=0.0534 sym=0.0000 phy=0.0183 | 5.2s
2026-06-20 15:24:31,404 - INFO -   batch  60/381 | loss=0.0716 mse=0.0502 sym=0.0000 phy=0.0183 | 6.2s
2026-06-20 15:24:32,406 - INFO -   batch  70/381 | loss=0.0714 mse=0.0524 sym=0.0000 phy=0.0189 | 7.2s
2026-06-20 15:24:33,402 - INFO -   batch  80/381 | loss=0.0821 mse=0.0640 sym=0.0000 phy=0.0189 | 8.2s
2026-06-20 15:24:34,396 - INFO -   batch  90/381 | loss=0.0797 mse=0.0610 sym=0.0000 phy=0.0191 | 9.2s
2026-06-20 15:24:35,407 - INFO -   batch 100/381 | loss=0.0686 mse=0.0536 sym=0.0000 phy=0.0193 | 10.2s
2026-06-20 15:24:36,402 - INFO -   batch 110/381 | loss=0.0843 mse=0.0626 sym=0.0000 phy=0.0192 | 11.2s
2026-06-20 15:24:37,408 - INFO -   batch 120/381 | loss=0.0877 mse=0.0671 sym=0.0000 phy=0.0192 | 12.2s
2026-06-20 15:24:38,440 - INFO -   batch 130/381 | loss=0.0692 mse=0.0480 sym=0.0000 phy=0.0194 | 13.2s
2026-06-20 15:24:39,444 - INFO -   batch 140/381 | loss=0.0774 mse=0.0630 sym=0.0000 phy=0.0195 | 14.2s
2026-06-20 15:24:40,438 - INFO -   batch 150/381 | loss=0.0908 mse=0.0708 sym=0.0000 phy=0.0195 | 15.2s
2026-06-20 15:24:41,458 - INFO -   batch 160/381 | loss=0.0733 mse=0.0490 sym=0.0000 phy=0.0196 | 16.2s
2026-06-20 15:24:42,492 - INFO -   batch 170/381 | loss=0.0817 mse=0.0529 sym=0.0000 phy=0.0198 | 17.3s
2026-06-20 15:24:43,498 - INFO -   batch 180/381 | loss=0.0713 mse=0.0536 sym=0.0000 phy=0.0197 | 18.3s
2026-06-20 15:24:44,518 - INFO -   batch 190/381 | loss=0.0855 mse=0.0706 sym=0.0000 phy=0.0198 | 19.3s
2026-06-20 15:24:45,529 - INFO -   batch 200/381 | loss=0.0837 mse=0.0566 sym=0.0000 phy=0.0198 | 20.3s
2026-06-20 15:24:46,537 - INFO -   batch 210/381 | loss=0.0672 mse=0.0488 sym=0.0000 phy=0.0198 | 21.3s
2026-06-20 15:24:47,555 - INFO -   batch 220/381 | loss=0.0728 mse=0.0529 sym=0.0000 phy=0.0200 | 22.3s
2026-06-20 15:24:48,574 - INFO -   batch 230/381 | loss=0.0752 mse=0.0595 sym=0.0000 phy=0.0200 | 23.3s
2026-06-20 15:24:49,589 - INFO -   batch 240/381 | loss=0.0674 mse=0.0528 sym=0.0000 phy=0.0199 | 24.4s
2026-06-20 15:24:50,595 - INFO -   batch 250/381 | loss=0.0726 mse=0.0536 sym=0.0000 phy=0.0200 | 25.4s
2026-06-20 15:24:51,614 - INFO -   batch 260/381 | loss=0.0795 mse=0.0620 sym=0.0000 phy=0.0200 | 26.4s
2026-06-20 15:24:52,647 - INFO -   batch 270/381 | loss=0.0819 mse=0.0686 sym=0.0000 phy=0.0199 | 27.4s
2026-06-20 15:24:53,640 - INFO -   batch 280/381 | loss=0.0715 mse=0.0485 sym=0.0000 phy=0.0198 | 28.4s
2026-06-20 15:24:54,664 - INFO -   batch 290/381 | loss=0.0775 mse=0.0591 sym=0.0000 phy=0.0199 | 29.4s
2026-06-20 15:24:55,668 - INFO -   batch 300/381 | loss=0.0668 mse=0.0463 sym=0.0000 phy=0.0199 | 30.4s
2026-06-20 15:24:56,679 - INFO -   batch 310/381 | loss=0.0681 mse=0.0454 sym=0.0000 phy=0.0198 | 31.4s
2026-06-20 15:24:57,697 - INFO -   batch 320/381 | loss=0.0745 mse=0.0548 sym=0.0000 phy=0.0198 | 32.5s
2026-06-20 15:24:58,712 - INFO -   batch 330/381 | loss=0.0801 mse=0.0612 sym=0.0000 phy=0.0199 | 33.5s
2026-06-20 15:24:59,722 - INFO -   batch 340/381 | loss=0.0666 mse=0.0426 sym=0.0000 phy=0.0200 | 34.5s
2026-06-20 15:25:00,706 - INFO -   batch 350/381 | loss=0.0674 mse=0.0452 sym=0.0000 phy=0.0201 | 35.5s
2026-06-20 15:25:01,714 - INFO -   batch 360/381 | loss=0.0645 mse=0.0512 sym=0.0000 phy=0.0200 | 36.5s
2026-06-20 15:25:02,717 - INFO -   batch 370/381 | loss=0.0754 mse=0.0580 sym=0.0000 phy=0.0200 | 37.5s
2026-06-20 15:25:03,736 - INFO -   batch 380/381 | loss=0.0826 mse=0.0535 sym=0.0000 phy=0.0200 | 38.5s
2026-06-20 15:25:06,291 - INFO -   batch   1/381 | loss=0.0716 mse=0.0450 sym=0.0000 phy=0.0266 | 0.2s
2026-06-20 15:25:07,189 - INFO -   batch  10/381 | loss=0.0642 mse=0.0471 sym=0.0000 phy=0.0215 | 1.1s
2026-06-20 15:25:08,198 - INFO -   batch  20/381 | loss=0.0588 mse=0.0353 sym=0.0000 phy=0.0208 | 2.1s
2026-06-20 15:25:09,207 - INFO -   batch  30/381 | loss=0.0790 mse=0.0577 sym=0.0000 phy=0.0208 | 3.1s
2026-06-20 15:25:10,208 - INFO -   batch  40/381 | loss=0.0718 mse=0.0495 sym=0.0000 phy=0.0210 | 4.1s
2026-06-20 15:25:11,212 - INFO -   batch  50/381 | loss=0.0625 mse=0.0448 sym=0.0000 phy=0.0205 | 5.1s
2026-06-20 15:25:12,228 - INFO -   batch  60/381 | loss=0.0690 mse=0.0440 sym=0.0000 phy=0.0203 | 6.1s
2026-06-20 15:25:13,234 - INFO -   batch  70/381 | loss=0.0767 mse=0.0593 sym=0.0000 phy=0.0198 | 7.1s
2026-06-20 15:25:14,249 - INFO -   batch  80/381 | loss=0.0727 mse=0.0542 sym=0.0000 phy=0.0200 | 8.1s
2026-06-20 15:25:15,261 - INFO -   batch  90/381 | loss=0.0862 mse=0.0697 sym=0.0000 phy=0.0199 | 9.2s
2026-06-20 15:25:16,261 - INFO -   batch 100/381 | loss=0.0736 mse=0.0530 sym=0.0000 phy=0.0196 | 10.2s
2026-06-20 15:25:17,290 - INFO -   batch 110/381 | loss=0.0779 mse=0.0600 sym=0.0000 phy=0.0196 | 11.2s
2026-06-20 15:25:18,300 - INFO -   batch 120/381 | loss=0.0614 mse=0.0472 sym=0.0000 phy=0.0194 | 12.2s
2026-06-20 15:25:19,315 - INFO -   batch 130/381 | loss=0.0806 mse=0.0566 sym=0.0000 phy=0.0197 | 13.2s
2026-06-20 15:25:20,317 - INFO -   batch 140/381 | loss=0.0754 mse=0.0610 sym=0.0000 phy=0.0197 | 14.2s
2026-06-20 15:25:21,307 - INFO -   batch 150/381 | loss=0.0915 mse=0.0668 sym=0.0000 phy=0.0199 | 15.2s
2026-06-20 15:25:22,309 - INFO -   batch 160/381 | loss=0.0655 mse=0.0405 sym=0.0000 phy=0.0200 | 16.2s
2026-06-20 15:25:23,320 - INFO -   batch 170/381 | loss=0.0828 mse=0.0581 sym=0.0000 phy=0.0199 | 17.2s
2026-06-20 15:25:24,338 - INFO -   batch 180/381 | loss=0.0849 mse=0.0610 sym=0.0000 phy=0.0200 | 18.2s
2026-06-20 15:25:25,340 - INFO -   batch 190/381 | loss=0.0783 mse=0.0524 sym=0.0000 phy=0.0199 | 19.2s
2026-06-20 15:25:26,347 - INFO -   batch 200/381 | loss=0.0819 mse=0.0609 sym=0.0000 phy=0.0199 | 20.2s
2026-06-20 15:25:27,364 - INFO -   batch 210/381 | loss=0.0704 mse=0.0574 sym=0.0000 phy=0.0198 | 21.3s
2026-06-20 15:25:28,370 - INFO -   batch 220/381 | loss=0.0750 mse=0.0515 sym=0.0000 phy=0.0198 | 22.3s
2026-06-20 15:25:29,383 - INFO -   batch 230/381 | loss=0.0531 mse=0.0311 sym=0.0000 phy=0.0199 | 23.3s
2026-06-20 15:25:30,396 - INFO -   batch 240/381 | loss=0.0854 mse=0.0644 sym=0.0000 phy=0.0198 | 24.3s
2026-06-20 15:25:31,425 - INFO -   batch 250/381 | loss=0.0800 mse=0.0536 sym=0.0000 phy=0.0199 | 25.3s
2026-06-20 15:25:32,432 - INFO -   batch 260/381 | loss=0.0716 mse=0.0517 sym=0.0000 phy=0.0201 | 26.3s
2026-06-20 15:25:33,443 - INFO -   batch 270/381 | loss=0.0715 mse=0.0576 sym=0.0000 phy=0.0200 | 27.3s
2026-06-20 15:25:34,436 - INFO -   batch 280/381 | loss=0.0941 mse=0.0713 sym=0.0000 phy=0.0200 | 28.3s
2026-06-20 15:25:35,461 - INFO -   batch 290/381 | loss=0.0754 mse=0.0560 sym=0.0000 phy=0.0200 | 29.4s
2026-06-20 15:25:36,472 - INFO -   batch 300/381 | loss=0.0911 mse=0.0691 sym=0.0000 phy=0.0201 | 30.4s
2026-06-20 15:25:37,492 - INFO -   batch 310/381 | loss=0.0743 mse=0.0548 sym=0.0000 phy=0.0201 | 31.4s
2026-06-20 15:25:38,494 - INFO -   batch 320/381 | loss=0.0722 mse=0.0533 sym=0.0000 phy=0.0202 | 32.4s
2026-06-20 15:25:39,491 - INFO -   batch 330/381 | loss=0.0672 mse=0.0428 sym=0.0000 phy=0.0202 | 33.4s
2026-06-20 15:25:40,538 - INFO -   batch 340/381 | loss=0.0794 mse=0.0569 sym=0.0000 phy=0.0201 | 34.4s
2026-06-20 15:25:41,541 - INFO -   batch 350/381 | loss=0.0668 mse=0.0534 sym=0.0000 phy=0.0200 | 35.4s
2026-06-20 15:25:42,546 - INFO -   batch 360/381 | loss=0.0626 mse=0.0433 sym=0.0000 phy=0.0200 | 36.4s
2026-06-20 15:25:43,550 - INFO -   batch 370/381 | loss=0.0831 mse=0.0670 sym=0.0000 phy=0.0200 | 37.4s
2026-06-20 15:25:44,557 - INFO -   batch 380/381 | loss=0.0750 mse=0.0582 sym=0.0000 phy=0.0200 | 38.4s
2026-06-20 15:25:47,091 - INFO -   batch   1/381 | loss=0.0574 mse=0.0438 sym=0.0000 phy=0.0136 | 0.2s
2026-06-20 15:25:47,990 - INFO -   batch  10/381 | loss=0.0721 mse=0.0535 sym=0.0000 phy=0.0193 | 1.1s
2026-06-20 15:25:48,979 - INFO -   batch  20/381 | loss=0.0768 mse=0.0522 sym=0.0000 phy=0.0210 | 2.1s
2026-06-20 15:25:49,995 - INFO -   batch  30/381 | loss=0.0722 mse=0.0545 sym=0.0000 phy=0.0211 | 3.1s
2026-06-20 15:25:51,002 - INFO -   batch  40/381 | loss=0.0675 mse=0.0460 sym=0.0000 phy=0.0202 | 4.1s
2026-06-20 15:25:52,014 - INFO -   batch  50/381 | loss=0.0719 mse=0.0460 sym=0.0000 phy=0.0204 | 5.1s
2026-06-20 15:25:53,029 - INFO -   batch  60/381 | loss=0.0661 mse=0.0410 sym=0.0000 phy=0.0202 | 6.1s
2026-06-20 15:25:54,064 - INFO -   batch  70/381 | loss=0.0452 mse=0.0341 sym=0.0000 phy=0.0199 | 7.2s
2026-06-20 15:25:55,060 - INFO -   batch  80/381 | loss=0.0784 mse=0.0535 sym=0.0000 phy=0.0199 | 8.2s
2026-06-20 15:25:56,069 - INFO -   batch  90/381 | loss=0.0732 mse=0.0468 sym=0.0000 phy=0.0202 | 9.2s
2026-06-20 15:25:57,100 - INFO -   batch 100/381 | loss=0.0607 mse=0.0422 sym=0.0000 phy=0.0203 | 10.2s
2026-06-20 15:25:58,133 - INFO -   batch 110/381 | loss=0.0537 mse=0.0417 sym=0.0000 phy=0.0200 | 11.2s
2026-06-20 15:25:59,137 - INFO -   batch 120/381 | loss=0.0924 mse=0.0649 sym=0.0000 phy=0.0201 | 12.2s
2026-06-20 15:26:00,142 - INFO -   batch 130/381 | loss=0.0855 mse=0.0658 sym=0.0000 phy=0.0204 | 13.2s
2026-06-20 15:26:01,135 - INFO -   batch 140/381 | loss=0.0746 mse=0.0581 sym=0.0000 phy=0.0202 | 14.2s
2026-06-20 15:26:02,162 - INFO -   batch 150/381 | loss=0.0593 mse=0.0331 sym=0.0000 phy=0.0202 | 15.3s
2026-06-20 15:26:03,151 - INFO -   batch 160/381 | loss=0.0708 mse=0.0469 sym=0.0000 phy=0.0202 | 16.2s
2026-06-20 15:26:04,153 - INFO -   batch 170/381 | loss=0.1011 mse=0.0800 sym=0.0000 phy=0.0202 | 17.2s
2026-06-20 15:26:05,164 - INFO -   batch 180/381 | loss=0.0782 mse=0.0546 sym=0.0000 phy=0.0203 | 18.3s
2026-06-20 15:26:06,176 - INFO -   batch 190/381 | loss=0.0509 mse=0.0421 sym=0.0000 phy=0.0201 | 19.3s
2026-06-20 15:26:07,165 - INFO -   batch 200/381 | loss=0.0642 mse=0.0470 sym=0.0000 phy=0.0202 | 20.3s
2026-06-20 15:26:08,179 - INFO -   batch 210/381 | loss=0.0829 mse=0.0656 sym=0.0000 phy=0.0201 | 21.3s
2026-06-20 15:26:09,183 - INFO -   batch 220/381 | loss=0.0818 mse=0.0546 sym=0.0000 phy=0.0200 | 22.3s
2026-06-20 15:26:10,179 - INFO -   batch 230/381 | loss=0.0747 mse=0.0577 sym=0.0000 phy=0.0200 | 23.3s
2026-06-20 15:26:11,182 - INFO -   batch 240/381 | loss=0.0812 mse=0.0556 sym=0.0000 phy=0.0201 | 24.3s
2026-06-20 15:26:12,169 - INFO -   batch 250/381 | loss=0.0738 mse=0.0610 sym=0.0000 phy=0.0200 | 25.3s
2026-06-20 15:26:13,172 - INFO -   batch 260/381 | loss=0.0596 mse=0.0450 sym=0.0000 phy=0.0200 | 26.3s
2026-06-20 15:26:14,195 - INFO -   batch 270/381 | loss=0.0792 mse=0.0587 sym=0.0000 phy=0.0200 | 27.3s
2026-06-20 15:26:15,228 - INFO -   batch 280/381 | loss=0.0879 mse=0.0566 sym=0.0000 phy=0.0199 | 28.3s
2026-06-20 15:26:16,264 - INFO -   batch 290/381 | loss=0.0751 mse=0.0633 sym=0.0000 phy=0.0200 | 29.4s
2026-06-20 15:26:17,290 - INFO -   batch 300/381 | loss=0.0609 mse=0.0508 sym=0.0000 phy=0.0199 | 30.4s
2026-06-20 15:26:18,277 - INFO -   batch 310/381 | loss=0.0684 mse=0.0514 sym=0.0000 phy=0.0198 | 31.4s
2026-06-20 15:26:19,279 - INFO -   batch 320/381 | loss=0.0866 mse=0.0599 sym=0.0000 phy=0.0199 | 32.4s
2026-06-20 15:26:20,308 - INFO -   batch 330/381 | loss=0.0802 mse=0.0589 sym=0.0000 phy=0.0199 | 33.4s
2026-06-20 15:26:21,308 - INFO -   batch 340/381 | loss=0.0769 mse=0.0585 sym=0.0000 phy=0.0199 | 34.4s
2026-06-20 15:26:22,338 - INFO -   batch 350/381 | loss=0.0817 mse=0.0534 sym=0.0000 phy=0.0199 | 35.4s
2026-06-20 15:26:23,355 - INFO -   batch 360/381 | loss=0.0884 mse=0.0674 sym=0.0000 phy=0.0200 | 36.4s
2026-06-20 15:26:24,366 - INFO -   batch 370/381 | loss=0.0682 mse=0.0543 sym=0.0000 phy=0.0200 | 37.5s
2026-06-20 15:26:25,380 - INFO -   batch 380/381 | loss=0.0737 mse=0.0511 sym=0.0000 phy=0.0200 | 38.5s
2026-06-20 15:26:28,013 - INFO -   batch   1/381 | loss=0.0825 mse=0.0571 sym=0.0000 phy=0.0254 | 0.2s
2026-06-20 15:26:28,931 - INFO -   batch  10/381 | loss=0.0847 mse=0.0554 sym=0.0000 phy=0.0241 | 1.1s
2026-06-20 15:26:29,939 - INFO -   batch  20/381 | loss=0.0741 mse=0.0489 sym=0.0000 phy=0.0201 | 2.1s
2026-06-20 15:26:30,945 - INFO -   batch  30/381 | loss=0.0600 mse=0.0427 sym=0.0000 phy=0.0201 | 3.1s
2026-06-20 15:26:31,957 - INFO -   batch  40/381 | loss=0.0879 mse=0.0562 sym=0.0000 phy=0.0209 | 4.1s
2026-06-20 15:26:32,962 - INFO -   batch  50/381 | loss=0.0789 mse=0.0595 sym=0.0000 phy=0.0206 | 5.1s
2026-06-20 15:26:33,958 - INFO -   batch  60/381 | loss=0.0886 mse=0.0684 sym=0.0000 phy=0.0204 | 6.1s
2026-06-20 15:26:34,964 - INFO -   batch  70/381 | loss=0.0653 mse=0.0481 sym=0.0000 phy=0.0200 | 7.1s
2026-06-20 15:26:35,960 - INFO -   batch  80/381 | loss=0.0675 mse=0.0531 sym=0.0000 phy=0.0198 | 8.1s
2026-06-20 15:26:36,958 - INFO -   batch  90/381 | loss=0.0620 mse=0.0446 sym=0.0000 phy=0.0201 | 9.1s
2026-06-20 15:26:37,965 - INFO -   batch 100/381 | loss=0.0863 mse=0.0657 sym=0.0000 phy=0.0202 | 10.1s
2026-06-20 15:26:38,959 - INFO -   batch 110/381 | loss=0.0721 mse=0.0562 sym=0.0000 phy=0.0202 | 11.1s
2026-06-20 15:26:39,978 - INFO -   batch 120/381 | loss=0.0635 mse=0.0491 sym=0.0000 phy=0.0200 | 12.2s
2026-06-20 15:26:40,993 - INFO -   batch 130/381 | loss=0.0833 mse=0.0590 sym=0.0000 phy=0.0199 | 13.2s
2026-06-20 15:26:42,003 - INFO -   batch 140/381 | loss=0.0591 mse=0.0422 sym=0.0000 phy=0.0198 | 14.2s
2026-06-20 15:26:42,997 - INFO -   batch 150/381 | loss=0.0804 mse=0.0680 sym=0.0000 phy=0.0197 | 15.2s
2026-06-20 15:26:44,008 - INFO -   batch 160/381 | loss=0.0625 mse=0.0461 sym=0.0000 phy=0.0196 | 16.2s
2026-06-20 15:26:45,043 - INFO -   batch 170/381 | loss=0.0736 mse=0.0504 sym=0.0000 phy=0.0196 | 17.2s
2026-06-20 15:26:46,040 - INFO -   batch 180/381 | loss=0.0601 mse=0.0437 sym=0.0000 phy=0.0194 | 18.2s
2026-06-20 15:26:47,086 - INFO -   batch 190/381 | loss=0.0702 mse=0.0474 sym=0.0000 phy=0.0195 | 19.3s
2026-06-20 15:26:48,092 - INFO -   batch 200/381 | loss=0.0507 mse=0.0362 sym=0.0000 phy=0.0196 | 20.3s
2026-06-20 15:26:49,117 - INFO -   batch 210/381 | loss=0.0772 mse=0.0623 sym=0.0000 phy=0.0195 | 21.3s
2026-06-20 15:26:50,134 - INFO -   batch 220/381 | loss=0.0705 mse=0.0528 sym=0.0000 phy=0.0195 | 22.3s
2026-06-20 15:26:51,136 - INFO -   batch 230/381 | loss=0.0722 mse=0.0479 sym=0.0000 phy=0.0197 | 23.3s
2026-06-20 15:26:52,152 - INFO -   batch 240/381 | loss=0.0827 mse=0.0603 sym=0.0000 phy=0.0198 | 24.3s
2026-06-20 15:26:53,165 - INFO -   batch 250/381 | loss=0.0726 mse=0.0546 sym=0.0000 phy=0.0197 | 25.3s
2026-06-20 15:26:54,168 - INFO -   batch 260/381 | loss=0.0823 mse=0.0620 sym=0.0000 phy=0.0197 | 26.4s
2026-06-20 15:26:55,163 - INFO -   batch 270/381 | loss=0.0804 mse=0.0611 sym=0.0000 phy=0.0196 | 27.3s
2026-06-20 15:26:56,164 - INFO -   batch 280/381 | loss=0.0820 mse=0.0575 sym=0.0000 phy=0.0196 | 28.3s
2026-06-20 15:26:57,139 - INFO -   batch 290/381 | loss=0.0749 mse=0.0532 sym=0.0000 phy=0.0196 | 29.3s
2026-06-20 15:26:58,311 - INFO -   batch 300/381 | loss=0.0682 mse=0.0561 sym=0.0000 phy=0.0197 | 30.5s
2026-06-20 15:26:59,327 - INFO -   batch 310/381 | loss=0.0631 mse=0.0475 sym=0.0000 phy=0.0198 | 31.5s
2026-06-20 15:27:00,312 - INFO -   batch 320/381 | loss=0.0712 mse=0.0477 sym=0.0000 phy=0.0198 | 32.5s
2026-06-20 15:27:01,297 - INFO -   batch 330/381 | loss=0.0743 mse=0.0446 sym=0.0000 phy=0.0199 | 33.5s
2026-06-20 15:27:02,283 - INFO -   batch 340/381 | loss=0.0772 mse=0.0594 sym=0.0000 phy=0.0198 | 34.5s
2026-06-20 15:27:03,277 - INFO -   batch 350/381 | loss=0.0748 mse=0.0526 sym=0.0000 phy=0.0198 | 35.5s
2026-06-20 15:27:04,279 - INFO -   batch 360/381 | loss=0.0618 mse=0.0404 sym=0.0000 phy=0.0199 | 36.5s
2026-06-20 15:27:05,275 - INFO -   batch 370/381 | loss=0.0909 mse=0.0696 sym=0.0000 phy=0.0199 | 37.5s
2026-06-20 15:27:06,263 - INFO -   batch 380/381 | loss=0.0709 mse=0.0569 sym=0.0000 phy=0.0199 | 38.4s
2026-06-20 15:27:08,892 - INFO -   batch   1/381 | loss=0.0624 mse=0.0417 sym=0.0000 phy=0.0207 | 0.2s
2026-06-20 15:27:09,792 - INFO -   batch  10/381 | loss=0.0653 mse=0.0473 sym=0.0000 phy=0.0181 | 1.1s
2026-06-20 15:27:10,816 - INFO -   batch  20/381 | loss=0.0845 mse=0.0602 sym=0.0000 phy=0.0179 | 2.1s
2026-06-20 15:27:11,823 - INFO -   batch  30/381 | loss=0.0844 mse=0.0652 sym=0.0000 phy=0.0192 | 3.1s
2026-06-20 15:27:12,819 - INFO -   batch  40/381 | loss=0.0657 mse=0.0473 sym=0.0000 phy=0.0201 | 4.1s
2026-06-20 15:27:13,823 - INFO -   batch  50/381 | loss=0.0691 mse=0.0576 sym=0.0000 phy=0.0195 | 5.1s
2026-06-20 15:27:14,835 - INFO -   batch  60/381 | loss=0.0654 mse=0.0399 sym=0.0000 phy=0.0198 | 6.1s
2026-06-20 15:27:15,868 - INFO -   batch  70/381 | loss=0.0752 mse=0.0606 sym=0.0000 phy=0.0203 | 7.2s
2026-06-20 15:27:16,897 - INFO -   batch  80/381 | loss=0.0631 mse=0.0466 sym=0.0000 phy=0.0199 | 8.2s
2026-06-20 15:27:17,890 - INFO -   batch  90/381 | loss=0.0648 mse=0.0496 sym=0.0000 phy=0.0196 | 9.2s
2026-06-20 15:27:18,925 - INFO -   batch 100/381 | loss=0.0648 mse=0.0533 sym=0.0000 phy=0.0196 | 10.2s
2026-06-20 15:27:19,943 - INFO -   batch 110/381 | loss=0.0868 mse=0.0604 sym=0.0000 phy=0.0197 | 11.2s
2026-06-20 15:27:20,954 - INFO -   batch 120/381 | loss=0.0582 mse=0.0422 sym=0.0000 phy=0.0197 | 12.2s
2026-06-20 15:27:21,970 - INFO -   batch 130/381 | loss=0.0849 mse=0.0669 sym=0.0000 phy=0.0195 | 13.3s
2026-06-20 15:27:22,979 - INFO -   batch 140/381 | loss=0.0875 mse=0.0572 sym=0.0000 phy=0.0197 | 14.3s
2026-06-20 15:27:23,982 - INFO -   batch 150/381 | loss=0.0681 mse=0.0483 sym=0.0000 phy=0.0199 | 15.3s
2026-06-20 15:27:24,984 - INFO -   batch 160/381 | loss=0.0864 mse=0.0594 sym=0.0000 phy=0.0201 | 16.3s
2026-06-20 15:27:25,985 - INFO -   batch 170/381 | loss=0.0687 mse=0.0523 sym=0.0000 phy=0.0201 | 17.3s
2026-06-20 15:27:26,993 - INFO -   batch 180/381 | loss=0.0742 mse=0.0538 sym=0.0000 phy=0.0201 | 18.3s
2026-06-20 15:27:28,004 - INFO -   batch 190/381 | loss=0.0596 mse=0.0468 sym=0.0000 phy=0.0200 | 19.3s
2026-06-20 15:27:29,010 - INFO -   batch 200/381 | loss=0.0882 mse=0.0727 sym=0.0000 phy=0.0200 | 20.3s
2026-06-20 15:27:30,024 - INFO -   batch 210/381 | loss=0.0778 mse=0.0567 sym=0.0000 phy=0.0199 | 21.3s
2026-06-20 15:27:31,043 - INFO -   batch 220/381 | loss=0.0638 mse=0.0512 sym=0.0000 phy=0.0198 | 22.3s
2026-06-20 15:27:32,045 - INFO -   batch 230/381 | loss=0.0694 mse=0.0504 sym=0.0000 phy=0.0198 | 23.3s
2026-06-20 15:27:33,034 - INFO -   batch 240/381 | loss=0.0561 mse=0.0361 sym=0.0000 phy=0.0198 | 24.3s
2026-06-20 15:27:34,055 - INFO -   batch 250/381 | loss=0.0577 mse=0.0403 sym=0.0000 phy=0.0199 | 25.3s
2026-06-20 15:27:35,075 - INFO -   batch 260/381 | loss=0.0912 mse=0.0724 sym=0.0000 phy=0.0199 | 26.4s
2026-06-20 15:27:36,064 - INFO -   batch 270/381 | loss=0.0958 mse=0.0662 sym=0.0000 phy=0.0199 | 27.4s
2026-06-20 15:27:37,090 - INFO -   batch 280/381 | loss=0.0727 mse=0.0490 sym=0.0000 phy=0.0198 | 28.4s
2026-06-20 15:27:38,112 - INFO -   batch 290/381 | loss=0.0900 mse=0.0518 sym=0.0000 phy=0.0199 | 29.4s
2026-06-20 15:27:39,097 - INFO -   batch 300/381 | loss=0.0740 mse=0.0534 sym=0.0000 phy=0.0200 | 30.4s
2026-06-20 15:27:40,110 - INFO -   batch 310/381 | loss=0.0556 mse=0.0473 sym=0.0000 phy=0.0200 | 31.4s
2026-06-20 15:27:41,132 - INFO -   batch 320/381 | loss=0.0753 mse=0.0521 sym=0.0000 phy=0.0200 | 32.4s
2026-06-20 15:27:42,149 - INFO -   batch 330/381 | loss=0.0863 mse=0.0639 sym=0.0000 phy=0.0200 | 33.4s
2026-06-20 15:27:43,165 - INFO -   batch 340/381 | loss=0.0770 mse=0.0584 sym=0.0000 phy=0.0200 | 34.5s
2026-06-20 15:27:44,190 - INFO -   batch 350/381 | loss=0.0897 mse=0.0689 sym=0.0000 phy=0.0201 | 35.5s
2026-06-20 15:27:45,207 - INFO -   batch 360/381 | loss=0.0837 mse=0.0610 sym=0.0000 phy=0.0200 | 36.5s
2026-06-20 15:27:46,217 - INFO -   batch 370/381 | loss=0.0874 mse=0.0662 sym=0.0000 phy=0.0201 | 37.5s
2026-06-20 15:27:47,232 - INFO -   batch 380/381 | loss=0.0777 mse=0.0587 sym=0.0000 phy=0.0201 | 38.5s
2026-06-20 15:27:49,625 - INFO - Epoch  15/50 | Loss=0.0743 MSE=0.0542 Sym=0.0000 Phy=0.0201 | Val RMSE=0.2308 ρ=0.336 | 41s
2026-06-20 15:27:49,797 - INFO -   batch   1/381 | loss=0.0980 mse=0.0661 sym=0.0000 phy=0.0319 | 0.2s
2026-06-20 15:27:50,713 - INFO -   batch  10/381 | loss=0.0950 mse=0.0670 sym=0.0000 phy=0.0229 | 1.1s
2026-06-20 15:27:51,706 - INFO -   batch  20/381 | loss=0.0788 mse=0.0557 sym=0.0000 phy=0.0212 | 2.1s
2026-06-20 15:27:52,711 - INFO -   batch  30/381 | loss=0.0760 mse=0.0590 sym=0.0000 phy=0.0204 | 3.1s
2026-06-20 15:27:53,714 - INFO -   batch  40/381 | loss=0.0633 mse=0.0397 sym=0.0000 phy=0.0207 | 4.1s
2026-06-20 15:27:54,740 - INFO -   batch  50/381 | loss=0.0812 mse=0.0611 sym=0.0000 phy=0.0205 | 5.1s
2026-06-20 15:27:55,734 - INFO -   batch  60/381 | loss=0.0749 mse=0.0529 sym=0.0000 phy=0.0205 | 6.1s
2026-06-20 15:27:56,757 - INFO -   batch  70/381 | loss=0.0548 mse=0.0391 sym=0.0000 phy=0.0202 | 7.1s
2026-06-20 15:27:57,786 - INFO -   batch  80/381 | loss=0.0725 mse=0.0541 sym=0.0000 phy=0.0201 | 8.2s
2026-06-20 15:27:58,782 - INFO -   batch  90/381 | loss=0.0916 mse=0.0723 sym=0.0000 phy=0.0200 | 9.2s
2026-06-20 15:27:59,797 - INFO -   batch 100/381 | loss=0.0792 mse=0.0521 sym=0.0000 phy=0.0201 | 10.2s
2026-06-20 15:28:00,803 - INFO -   batch 110/381 | loss=0.0760 mse=0.0509 sym=0.0000 phy=0.0202 | 11.2s
2026-06-20 15:28:01,808 - INFO -   batch 120/381 | loss=0.0742 mse=0.0598 sym=0.0000 phy=0.0201 | 12.2s
2026-06-20 15:28:02,835 - INFO -   batch 130/381 | loss=0.0658 mse=0.0532 sym=0.0000 phy=0.0200 | 13.2s
2026-06-20 15:28:03,892 - INFO -   batch 140/381 | loss=0.0748 mse=0.0531 sym=0.0000 phy=0.0198 | 14.3s
2026-06-20 15:28:04,937 - INFO -   batch 150/381 | loss=0.1033 mse=0.0694 sym=0.0000 phy=0.0201 | 15.3s
2026-06-20 15:28:05,990 - INFO -   batch 160/381 | loss=0.0586 mse=0.0430 sym=0.0000 phy=0.0200 | 16.4s
2026-06-20 15:28:07,014 - INFO -   batch 170/381 | loss=0.0833 mse=0.0612 sym=0.0000 phy=0.0199 | 17.4s
2026-06-20 15:28:08,024 - INFO -   batch 180/381 | loss=0.0698 mse=0.0422 sym=0.0000 phy=0.0199 | 18.4s
2026-06-20 15:28:09,017 - INFO -   batch 190/381 | loss=0.0598 mse=0.0417 sym=0.0000 phy=0.0200 | 19.4s
2026-06-20 15:28:10,021 - INFO -   batch 200/381 | loss=0.0775 mse=0.0607 sym=0.0000 phy=0.0201 | 20.4s
2026-06-20 15:28:11,029 - INFO -   batch 210/381 | loss=0.0818 mse=0.0655 sym=0.0000 phy=0.0201 | 21.4s
2026-06-20 15:28:12,031 - INFO -   batch 220/381 | loss=0.0798 mse=0.0521 sym=0.0000 phy=0.0201 | 22.4s
2026-06-20 15:28:13,045 - INFO -   batch 230/381 | loss=0.0689 mse=0.0507 sym=0.0000 phy=0.0202 | 23.4s
2026-06-20 15:28:14,056 - INFO -   batch 240/381 | loss=0.0897 mse=0.0650 sym=0.0000 phy=0.0202 | 24.4s
2026-06-20 15:28:15,035 - INFO -   batch 250/381 | loss=0.0813 mse=0.0601 sym=0.0000 phy=0.0203 | 25.4s
2026-06-20 15:28:16,030 - INFO -   batch 260/381 | loss=0.0813 mse=0.0693 sym=0.0000 phy=0.0202 | 26.4s
2026-06-20 15:28:17,038 - INFO -   batch 270/381 | loss=0.0877 mse=0.0706 sym=0.0000 phy=0.0201 | 27.4s
2026-06-20 15:28:18,028 - INFO -   batch 280/381 | loss=0.0619 mse=0.0448 sym=0.0000 phy=0.0201 | 28.4s
2026-06-20 15:28:19,027 - INFO -   batch 290/381 | loss=0.0589 mse=0.0449 sym=0.0000 phy=0.0201 | 29.4s
2026-06-20 15:28:20,036 - INFO -   batch 300/381 | loss=0.0602 mse=0.0425 sym=0.0000 phy=0.0200 | 30.4s
2026-06-20 15:28:21,023 - INFO -   batch 310/381 | loss=0.0689 mse=0.0493 sym=0.0000 phy=0.0200 | 31.4s
2026-06-20 15:28:22,010 - INFO -   batch 320/381 | loss=0.0773 mse=0.0560 sym=0.0000 phy=0.0199 | 32.4s
2026-06-20 15:28:23,022 - INFO -   batch 330/381 | loss=0.0676 mse=0.0528 sym=0.0000 phy=0.0199 | 33.4s
2026-06-20 15:28:24,013 - INFO -   batch 340/381 | loss=0.0895 mse=0.0616 sym=0.0000 phy=0.0200 | 34.4s
2026-06-20 15:28:25,028 - INFO -   batch 350/381 | loss=0.0650 mse=0.0451 sym=0.0000 phy=0.0200 | 35.4s
2026-06-20 15:28:26,030 - INFO -   batch 360/381 | loss=0.0758 mse=0.0570 sym=0.0000 phy=0.0200 | 36.4s
2026-06-20 15:28:27,045 - INFO -   batch 370/381 | loss=0.0641 mse=0.0385 sym=0.0000 phy=0.0201 | 37.4s
2026-06-20 15:28:28,056 - INFO -   batch 380/381 | loss=0.0711 mse=0.0539 sym=0.0000 phy=0.0200 | 38.4s
2026-06-20 15:28:30,614 - INFO -   batch   1/381 | loss=0.0641 mse=0.0513 sym=0.0000 phy=0.0128 | 0.2s
2026-06-20 15:28:31,547 - INFO -   batch  10/381 | loss=0.0850 mse=0.0589 sym=0.0000 phy=0.0186 | 1.1s
2026-06-20 15:28:32,557 - INFO -   batch  20/381 | loss=0.0562 mse=0.0433 sym=0.0000 phy=0.0187 | 2.1s
2026-06-20 15:28:33,574 - INFO -   batch  30/381 | loss=0.0529 mse=0.0395 sym=0.0000 phy=0.0182 | 3.1s
2026-06-20 15:28:34,568 - INFO -   batch  40/381 | loss=0.0754 mse=0.0450 sym=0.0000 phy=0.0183 | 4.1s
2026-06-20 15:28:35,570 - INFO -   batch  50/381 | loss=0.0705 mse=0.0487 sym=0.0000 phy=0.0192 | 5.1s
2026-06-20 15:28:36,558 - INFO -   batch  60/381 | loss=0.0839 mse=0.0663 sym=0.0000 phy=0.0194 | 6.1s
2026-06-20 15:28:37,553 - INFO -   batch  70/381 | loss=0.0807 mse=0.0637 sym=0.0000 phy=0.0200 | 7.1s
2026-06-20 15:28:38,573 - INFO -   batch  80/381 | loss=0.0879 mse=0.0666 sym=0.0000 phy=0.0204 | 8.1s
2026-06-20 15:28:39,595 - INFO -   batch  90/381 | loss=0.0774 mse=0.0552 sym=0.0000 phy=0.0205 | 9.2s
2026-06-20 15:28:40,612 - INFO -   batch 100/381 | loss=0.0776 mse=0.0559 sym=0.0000 phy=0.0204 | 10.2s
2026-06-20 15:28:41,595 - INFO -   batch 110/381 | loss=0.1117 mse=0.0903 sym=0.0000 phy=0.0203 | 11.2s
2026-06-20 15:28:42,593 - INFO -   batch 120/381 | loss=0.0707 mse=0.0484 sym=0.0000 phy=0.0205 | 12.1s
2026-06-20 15:28:43,596 - INFO -   batch 130/381 | loss=0.0630 mse=0.0439 sym=0.0000 phy=0.0205 | 13.2s
2026-06-20 15:28:44,598 - INFO -   batch 140/381 | loss=0.0718 mse=0.0515 sym=0.0000 phy=0.0205 | 14.2s
2026-06-20 15:28:45,585 - INFO -   batch 150/381 | loss=0.1035 mse=0.0752 sym=0.0000 phy=0.0206 | 15.1s
2026-06-20 15:28:46,588 - INFO -   batch 160/381 | loss=0.0602 mse=0.0468 sym=0.0000 phy=0.0203 | 16.1s
2026-06-20 15:28:47,595 - INFO -   batch 170/381 | loss=0.0778 mse=0.0620 sym=0.0000 phy=0.0201 | 17.2s
2026-06-20 15:28:48,595 - INFO -   batch 180/381 | loss=0.0599 mse=0.0454 sym=0.0000 phy=0.0201 | 18.2s
2026-06-20 15:28:49,584 - INFO -   batch 190/381 | loss=0.0638 mse=0.0441 sym=0.0000 phy=0.0201 | 19.1s
2026-06-20 15:28:50,575 - INFO -   batch 200/381 | loss=0.0735 mse=0.0518 sym=0.0000 phy=0.0201 | 20.1s
2026-06-20 15:28:51,589 - INFO -   batch 210/381 | loss=0.0764 mse=0.0602 sym=0.0000 phy=0.0200 | 21.1s
2026-06-20 15:28:52,577 - INFO -   batch 220/381 | loss=0.0969 mse=0.0725 sym=0.0000 phy=0.0199 | 22.1s
2026-06-20 15:28:53,575 - INFO -   batch 230/381 | loss=0.0655 mse=0.0409 sym=0.0000 phy=0.0200 | 23.1s
2026-06-20 15:28:54,578 - INFO -   batch 240/381 | loss=0.0818 mse=0.0627 sym=0.0000 phy=0.0201 | 24.1s
2026-06-20 15:28:55,603 - INFO -   batch 250/381 | loss=0.0774 mse=0.0580 sym=0.0000 phy=0.0201 | 25.2s
2026-06-20 15:28:56,632 - INFO -   batch 260/381 | loss=0.0658 mse=0.0492 sym=0.0000 phy=0.0201 | 26.2s
2026-06-20 15:28:57,674 - INFO -   batch 270/381 | loss=0.0843 mse=0.0697 sym=0.0000 phy=0.0200 | 27.2s
2026-06-20 15:28:58,715 - INFO -   batch 280/381 | loss=0.0446 mse=0.0301 sym=0.0000 phy=0.0200 | 28.3s
2026-06-20 15:28:59,731 - INFO -   batch 290/381 | loss=0.0857 mse=0.0694 sym=0.0000 phy=0.0200 | 29.3s
2026-06-20 15:29:00,713 - INFO -   batch 300/381 | loss=0.0762 mse=0.0601 sym=0.0000 phy=0.0200 | 30.3s
2026-06-20 15:29:01,692 - INFO -   batch 310/381 | loss=0.0679 mse=0.0482 sym=0.0000 phy=0.0199 | 31.2s
2026-06-20 15:29:02,717 - INFO -   batch 320/381 | loss=0.0833 mse=0.0505 sym=0.0000 phy=0.0200 | 32.3s
2026-06-20 15:29:03,766 - INFO -   batch 330/381 | loss=0.0878 mse=0.0613 sym=0.0000 phy=0.0201 | 33.3s
2026-06-20 15:29:04,831 - INFO -   batch 340/381 | loss=0.0748 mse=0.0600 sym=0.0000 phy=0.0199 | 34.4s
2026-06-20 15:29:05,835 - INFO -   batch 350/381 | loss=0.0881 mse=0.0662 sym=0.0000 phy=0.0199 | 35.4s
2026-06-20 15:29:06,837 - INFO -   batch 360/381 | loss=0.0883 mse=0.0575 sym=0.0000 phy=0.0200 | 36.4s
2026-06-20 15:29:07,858 - INFO -   batch 370/381 | loss=0.0712 mse=0.0542 sym=0.0000 phy=0.0199 | 37.4s
2026-06-20 15:29:08,893 - INFO -   batch 380/381 | loss=0.0843 mse=0.0611 sym=0.0000 phy=0.0199 | 38.4s
2026-06-20 15:29:11,456 - INFO -   batch   1/381 | loss=0.0754 mse=0.0457 sym=0.0000 phy=0.0297 | 0.2s
2026-06-20 15:29:12,368 - INFO -   batch  10/381 | loss=0.0613 mse=0.0389 sym=0.0000 phy=0.0204 | 1.1s
2026-06-20 15:29:13,385 - INFO -   batch  20/381 | loss=0.0711 mse=0.0489 sym=0.0000 phy=0.0215 | 2.1s
2026-06-20 15:29:14,365 - INFO -   batch  30/381 | loss=0.0974 mse=0.0706 sym=0.0000 phy=0.0209 | 3.1s
2026-06-20 15:29:15,329 - INFO -   batch  40/381 | loss=0.0758 mse=0.0605 sym=0.0000 phy=0.0203 | 4.1s
2026-06-20 15:29:16,313 - INFO -   batch  50/381 | loss=0.0632 mse=0.0419 sym=0.0000 phy=0.0202 | 5.0s
2026-06-20 15:29:17,340 - INFO -   batch  60/381 | loss=0.0852 mse=0.0637 sym=0.0000 phy=0.0206 | 6.1s
2026-06-20 15:29:18,369 - INFO -   batch  70/381 | loss=0.0897 mse=0.0720 sym=0.0000 phy=0.0208 | 7.1s
2026-06-20 15:29:19,363 - INFO -   batch  80/381 | loss=0.0651 mse=0.0477 sym=0.0000 phy=0.0205 | 8.1s
2026-06-20 15:29:20,350 - INFO -   batch  90/381 | loss=0.0865 mse=0.0634 sym=0.0000 phy=0.0201 | 9.1s
2026-06-20 15:29:21,355 - INFO -   batch 100/381 | loss=0.0688 mse=0.0488 sym=0.0000 phy=0.0200 | 10.1s
2026-06-20 15:29:22,345 - INFO -   batch 110/381 | loss=0.0780 mse=0.0622 sym=0.0000 phy=0.0200 | 11.1s
2026-06-20 15:29:23,346 - INFO -   batch 120/381 | loss=0.0811 mse=0.0593 sym=0.0000 phy=0.0199 | 12.1s
2026-06-20 15:29:24,358 - INFO -   batch 130/381 | loss=0.0599 mse=0.0447 sym=0.0000 phy=0.0198 | 13.1s
2026-06-20 15:29:25,382 - INFO -   batch 140/381 | loss=0.0858 mse=0.0696 sym=0.0000 phy=0.0198 | 14.1s
2026-06-20 15:29:26,361 - INFO -   batch 150/381 | loss=0.0883 mse=0.0643 sym=0.0000 phy=0.0202 | 15.1s
2026-06-20 15:29:27,357 - INFO -   batch 160/381 | loss=0.0788 mse=0.0549 sym=0.0000 phy=0.0200 | 16.1s
2026-06-20 15:29:28,342 - INFO -   batch 170/381 | loss=0.0848 mse=0.0625 sym=0.0000 phy=0.0198 | 17.1s
2026-06-20 15:29:29,368 - INFO -   batch 180/381 | loss=0.0754 mse=0.0546 sym=0.0000 phy=0.0199 | 18.1s
2026-06-20 15:29:30,360 - INFO -   batch 190/381 | loss=0.0914 mse=0.0672 sym=0.0000 phy=0.0199 | 19.1s
2026-06-20 15:29:31,349 - INFO -   batch 200/381 | loss=0.0673 mse=0.0431 sym=0.0000 phy=0.0200 | 20.1s
2026-06-20 15:29:32,337 - INFO -   batch 210/381 | loss=0.0723 mse=0.0492 sym=0.0000 phy=0.0199 | 21.1s
2026-06-20 15:29:33,316 - INFO -   batch 220/381 | loss=0.0689 mse=0.0544 sym=0.0000 phy=0.0198 | 22.0s
2026-06-20 15:29:34,290 - INFO -   batch 230/381 | loss=0.0863 mse=0.0656 sym=0.0000 phy=0.0198 | 23.0s
2026-06-20 15:29:35,269 - INFO -   batch 240/381 | loss=0.0976 mse=0.0685 sym=0.0000 phy=0.0198 | 24.0s
2026-06-20 15:29:36,245 - INFO -   batch 250/381 | loss=0.0653 mse=0.0431 sym=0.0000 phy=0.0199 | 25.0s
2026-06-20 15:29:37,224 - INFO -   batch 260/381 | loss=0.0590 mse=0.0456 sym=0.0000 phy=0.0199 | 25.9s
2026-06-20 15:29:38,205 - INFO -   batch 270/381 | loss=0.0752 mse=0.0571 sym=0.0000 phy=0.0199 | 26.9s
2026-06-20 15:29:39,214 - INFO -   batch 280/381 | loss=0.0664 mse=0.0461 sym=0.0000 phy=0.0199 | 27.9s
2026-06-20 15:29:40,226 - INFO -   batch 290/381 | loss=0.0779 mse=0.0559 sym=0.0000 phy=0.0199 | 28.9s
2026-06-20 15:29:41,191 - INFO -   batch 300/381 | loss=0.0773 mse=0.0580 sym=0.0000 phy=0.0198 | 29.9s
2026-06-20 15:29:42,175 - INFO -   batch 310/381 | loss=0.0840 mse=0.0564 sym=0.0000 phy=0.0198 | 30.9s
2026-06-20 15:29:43,178 - INFO -   batch 320/381 | loss=0.0684 mse=0.0498 sym=0.0000 phy=0.0198 | 31.9s
2026-06-20 15:29:44,157 - INFO -   batch 330/381 | loss=0.0829 mse=0.0666 sym=0.0000 phy=0.0197 | 32.9s
2026-06-20 15:29:45,013 - INFO -   batch 340/381 | loss=0.0615 mse=0.0369 sym=0.0000 phy=0.0197 | 33.7s
2026-06-20 15:29:45,889 - INFO -   batch 350/381 | loss=0.0699 mse=0.0483 sym=0.0000 phy=0.0197 | 34.6s
2026-06-20 15:29:47,006 - INFO -   batch 360/381 | loss=0.0794 mse=0.0615 sym=0.0000 phy=0.0198 | 35.7s
2026-06-20 15:29:47,952 - INFO -   batch 370/381 | loss=0.0791 mse=0.0596 sym=0.0000 phy=0.0198 | 36.7s
2026-06-20 15:29:48,833 - INFO -   batch 380/381 | loss=0.0795 mse=0.0603 sym=0.0000 phy=0.0198 | 37.6s
2026-06-20 15:29:51,038 - INFO -   batch   1/381 | loss=0.0728 mse=0.0508 sym=0.0000 phy=0.0221 | 0.2s
2026-06-20 15:29:51,830 - INFO -   batch  10/381 | loss=0.0617 mse=0.0386 sym=0.0000 phy=0.0179 | 1.0s
2026-06-20 15:29:52,708 - INFO -   batch  20/381 | loss=0.0736 mse=0.0628 sym=0.0000 phy=0.0201 | 1.8s
2026-06-20 15:29:53,584 - INFO -   batch  30/381 | loss=0.0692 mse=0.0466 sym=0.0000 phy=0.0197 | 2.7s
2026-06-20 15:29:54,501 - INFO -   batch  40/381 | loss=0.0746 mse=0.0590 sym=0.0000 phy=0.0192 | 3.6s
2026-06-20 15:29:55,395 - INFO -   batch  50/381 | loss=0.0620 mse=0.0420 sym=0.0000 phy=0.0197 | 4.5s
2026-06-20 15:29:56,276 - INFO -   batch  60/381 | loss=0.0858 mse=0.0649 sym=0.0000 phy=0.0196 | 5.4s
2026-06-20 15:29:57,199 - INFO -   batch  70/381 | loss=0.0713 mse=0.0492 sym=0.0000 phy=0.0192 | 6.3s
2026-06-20 15:29:58,089 - INFO -   batch  80/381 | loss=0.0586 mse=0.0432 sym=0.0000 phy=0.0192 | 7.2s
2026-06-20 15:29:58,964 - INFO -   batch  90/381 | loss=0.0838 mse=0.0516 sym=0.0000 phy=0.0195 | 8.1s
2026-06-20 15:29:59,899 - INFO -   batch 100/381 | loss=0.0760 mse=0.0573 sym=0.0000 phy=0.0193 | 9.0s
2026-06-20 15:30:00,784 - INFO -   batch 110/381 | loss=0.0662 mse=0.0447 sym=0.0000 phy=0.0192 | 9.9s
2026-06-20 15:30:01,661 - INFO -   batch 120/381 | loss=0.0642 mse=0.0427 sym=0.0000 phy=0.0193 | 10.8s
2026-06-20 15:30:02,539 - INFO -   batch 130/381 | loss=0.0636 mse=0.0317 sym=0.0000 phy=0.0196 | 11.7s
2026-06-20 15:30:03,413 - INFO -   batch 140/381 | loss=0.0559 mse=0.0348 sym=0.0000 phy=0.0196 | 12.5s
2026-06-20 15:30:04,353 - INFO -   batch 150/381 | loss=0.0568 mse=0.0408 sym=0.0000 phy=0.0196 | 13.5s
2026-06-20 15:30:05,291 - INFO -   batch 160/381 | loss=0.0704 mse=0.0499 sym=0.0000 phy=0.0198 | 14.4s
2026-06-20 15:30:06,258 - INFO -   batch 170/381 | loss=0.0708 mse=0.0569 sym=0.0000 phy=0.0198 | 15.4s
2026-06-20 15:30:07,196 - INFO -   batch 180/381 | loss=0.0630 mse=0.0484 sym=0.0000 phy=0.0197 | 16.3s
2026-06-20 15:30:08,151 - INFO -   batch 190/381 | loss=0.0850 mse=0.0551 sym=0.0000 phy=0.0198 | 17.3s
2026-06-20 15:30:09,123 - INFO -   batch 200/381 | loss=0.0858 mse=0.0559 sym=0.0000 phy=0.0200 | 18.3s
2026-06-20 15:30:10,093 - INFO -   batch 210/381 | loss=0.0610 mse=0.0441 sym=0.0000 phy=0.0200 | 19.2s
2026-06-20 15:30:11,041 - INFO -   batch 220/381 | loss=0.0939 mse=0.0730 sym=0.0000 phy=0.0200 | 20.2s
2026-06-20 15:30:11,997 - INFO -   batch 230/381 | loss=0.0731 mse=0.0562 sym=0.0000 phy=0.0200 | 21.1s
2026-06-20 15:30:12,942 - INFO -   batch 240/381 | loss=0.0675 mse=0.0495 sym=0.0000 phy=0.0199 | 22.1s
2026-06-20 15:30:13,892 - INFO -   batch 250/381 | loss=0.0772 mse=0.0614 sym=0.0000 phy=0.0198 | 23.0s
2026-06-20 15:30:14,865 - INFO -   batch 260/381 | loss=0.0758 mse=0.0545 sym=0.0000 phy=0.0197 | 24.0s
2026-06-20 15:30:15,831 - INFO -   batch 270/381 | loss=0.0829 mse=0.0663 sym=0.0000 phy=0.0197 | 25.0s
2026-06-20 15:30:16,804 - INFO -   batch 280/381 | loss=0.0758 mse=0.0609 sym=0.0000 phy=0.0197 | 25.9s
2026-06-20 15:30:17,769 - INFO -   batch 290/381 | loss=0.0760 mse=0.0577 sym=0.0000 phy=0.0196 | 26.9s
2026-06-20 15:30:18,735 - INFO -   batch 300/381 | loss=0.0688 mse=0.0541 sym=0.0000 phy=0.0196 | 27.9s
2026-06-20 15:30:19,687 - INFO -   batch 310/381 | loss=0.0822 mse=0.0627 sym=0.0000 phy=0.0197 | 28.8s
2026-06-20 15:30:20,646 - INFO -   batch 320/381 | loss=0.0864 mse=0.0681 sym=0.0000 phy=0.0195 | 29.8s
2026-06-20 15:30:21,610 - INFO -   batch 330/381 | loss=0.0873 mse=0.0634 sym=0.0000 phy=0.0195 | 30.7s
2026-06-20 15:30:22,565 - INFO -   batch 340/381 | loss=0.0750 mse=0.0465 sym=0.0000 phy=0.0196 | 31.7s
2026-06-20 15:30:23,523 - INFO -   batch 350/381 | loss=0.0707 mse=0.0473 sym=0.0000 phy=0.0196 | 32.7s
2026-06-20 15:30:24,474 - INFO -   batch 360/381 | loss=0.0741 mse=0.0525 sym=0.0000 phy=0.0197 | 33.6s
2026-06-20 15:30:25,423 - INFO -   batch 370/381 | loss=0.0780 mse=0.0612 sym=0.0000 phy=0.0197 | 34.6s
2026-06-20 15:30:26,379 - INFO -   batch 380/381 | loss=0.0753 mse=0.0573 sym=0.0000 phy=0.0197 | 35.5s
2026-06-20 15:30:28,855 - INFO -   batch   1/381 | loss=0.0608 mse=0.0371 sym=0.0000 phy=0.0237 | 0.2s
2026-06-20 15:30:29,725 - INFO -   batch  10/381 | loss=0.0641 mse=0.0406 sym=0.0000 phy=0.0221 | 1.1s
2026-06-20 15:30:30,676 - INFO -   batch  20/381 | loss=0.0694 mse=0.0522 sym=0.0000 phy=0.0222 | 2.0s
2026-06-20 15:30:31,629 - INFO -   batch  30/381 | loss=0.0716 mse=0.0488 sym=0.0000 phy=0.0222 | 3.0s
2026-06-20 15:30:32,583 - INFO -   batch  40/381 | loss=0.0818 mse=0.0599 sym=0.0000 phy=0.0219 | 3.9s
2026-06-20 15:30:33,554 - INFO -   batch  50/381 | loss=0.0642 mse=0.0467 sym=0.0000 phy=0.0220 | 4.9s
2026-06-20 15:30:34,502 - INFO -   batch  60/381 | loss=0.0618 mse=0.0447 sym=0.0000 phy=0.0215 | 5.8s
2026-06-20 15:30:35,458 - INFO -   batch  70/381 | loss=0.0873 mse=0.0682 sym=0.0000 phy=0.0211 | 6.8s
2026-06-20 15:30:36,410 - INFO -   batch  80/381 | loss=0.0815 mse=0.0654 sym=0.0000 phy=0.0207 | 7.7s
2026-06-20 15:30:37,394 - INFO -   batch  90/381 | loss=0.0651 mse=0.0454 sym=0.0000 phy=0.0210 | 8.7s
2026-06-20 15:30:38,346 - INFO -   batch 100/381 | loss=0.0657 mse=0.0460 sym=0.0000 phy=0.0211 | 9.7s
2026-06-20 15:30:39,306 - INFO -   batch 110/381 | loss=0.0834 mse=0.0655 sym=0.0000 phy=0.0211 | 10.6s
2026-06-20 15:30:40,265 - INFO -   batch 120/381 | loss=0.0695 mse=0.0511 sym=0.0000 phy=0.0212 | 11.6s
2026-06-20 15:30:41,228 - INFO -   batch 130/381 | loss=0.0603 mse=0.0407 sym=0.0000 phy=0.0213 | 12.6s
2026-06-20 15:30:42,187 - INFO -   batch 140/381 | loss=0.0742 mse=0.0532 sym=0.0000 phy=0.0211 | 13.5s
2026-06-20 15:30:43,143 - INFO -   batch 150/381 | loss=0.0727 mse=0.0519 sym=0.0000 phy=0.0207 | 14.5s
2026-06-20 15:30:44,115 - INFO -   batch 160/381 | loss=0.0781 mse=0.0558 sym=0.0000 phy=0.0209 | 15.4s
2026-06-20 15:30:45,073 - INFO -   batch 170/381 | loss=0.0677 mse=0.0480 sym=0.0000 phy=0.0209 | 16.4s
2026-06-20 15:30:46,043 - INFO -   batch 180/381 | loss=0.0786 mse=0.0616 sym=0.0000 phy=0.0206 | 17.4s
2026-06-20 15:30:46,999 - INFO -   batch 190/381 | loss=0.0678 mse=0.0538 sym=0.0000 phy=0.0207 | 18.3s
2026-06-20 15:30:47,960 - INFO -   batch 200/381 | loss=0.0796 mse=0.0516 sym=0.0000 phy=0.0206 | 19.3s
2026-06-20 15:30:48,915 - INFO -   batch 210/381 | loss=0.0755 mse=0.0568 sym=0.0000 phy=0.0205 | 20.2s
2026-06-20 15:30:49,878 - INFO -   batch 220/381 | loss=0.0677 mse=0.0490 sym=0.0000 phy=0.0204 | 21.2s
2026-06-20 15:30:50,855 - INFO -   batch 230/381 | loss=0.0576 mse=0.0400 sym=0.0000 phy=0.0203 | 22.2s
2026-06-20 15:30:51,815 - INFO -   batch 240/381 | loss=0.0652 mse=0.0470 sym=0.0000 phy=0.0204 | 23.1s
2026-06-20 15:30:52,778 - INFO -   batch 250/381 | loss=0.0628 mse=0.0513 sym=0.0000 phy=0.0202 | 24.1s
2026-06-20 15:30:53,724 - INFO -   batch 260/381 | loss=0.0774 mse=0.0538 sym=0.0000 phy=0.0201 | 25.1s
2026-06-20 15:30:54,688 - INFO -   batch 270/381 | loss=0.0564 mse=0.0345 sym=0.0000 phy=0.0202 | 26.0s
2026-06-20 15:30:55,642 - INFO -   batch 280/381 | loss=0.0863 mse=0.0545 sym=0.0000 phy=0.0201 | 27.0s
2026-06-20 15:30:56,601 - INFO -   batch 290/381 | loss=0.0675 mse=0.0450 sym=0.0000 phy=0.0201 | 27.9s
2026-06-20 15:30:57,544 - INFO -   batch 300/381 | loss=0.0552 mse=0.0436 sym=0.0000 phy=0.0200 | 28.9s
2026-06-20 15:30:58,498 - INFO -   batch 310/381 | loss=0.0909 mse=0.0655 sym=0.0000 phy=0.0200 | 29.8s
2026-06-20 15:30:59,441 - INFO -   batch 320/381 | loss=0.0831 mse=0.0648 sym=0.0000 phy=0.0200 | 30.8s
2026-06-20 15:31:00,392 - INFO -   batch 330/381 | loss=0.0939 mse=0.0666 sym=0.0000 phy=0.0200 | 31.7s
2026-06-20 15:31:01,351 - INFO -   batch 340/381 | loss=0.0775 mse=0.0598 sym=0.0000 phy=0.0200 | 32.7s
2026-06-20 15:31:02,307 - INFO -   batch 350/381 | loss=0.0751 mse=0.0606 sym=0.0000 phy=0.0198 | 33.6s
2026-06-20 15:31:03,258 - INFO -   batch 360/381 | loss=0.0665 mse=0.0420 sym=0.0000 phy=0.0199 | 34.6s
2026-06-20 15:31:04,209 - INFO -   batch 370/381 | loss=0.0698 mse=0.0517 sym=0.0000 phy=0.0198 | 35.5s
2026-06-20 15:31:05,172 - INFO -   batch 380/381 | loss=0.0906 mse=0.0669 sym=0.0000 phy=0.0198 | 36.5s
2026-06-20 15:31:07,444 - INFO - Epoch  20/50 | Loss=0.0739 MSE=0.0541 Sym=0.0000 Phy=0.0198 | Val RMSE=0.2309 ρ=0.332 | 39s
2026-06-20 15:31:07,620 - INFO -   batch   1/381 | loss=0.0626 mse=0.0369 sym=0.0000 phy=0.0257 | 0.2s
2026-06-20 15:31:08,479 - INFO -   batch  10/381 | loss=0.0955 mse=0.0735 sym=0.0000 phy=0.0225 | 1.0s
2026-06-20 15:31:09,437 - INFO -   batch  20/381 | loss=0.0832 mse=0.0657 sym=0.0000 phy=0.0197 | 2.0s
2026-06-20 15:31:10,433 - INFO -   batch  30/381 | loss=0.0806 mse=0.0572 sym=0.0000 phy=0.0193 | 3.0s
2026-06-20 15:31:11,389 - INFO -   batch  40/381 | loss=0.0659 mse=0.0471 sym=0.0000 phy=0.0188 | 3.9s
2026-06-20 15:31:12,325 - INFO -   batch  50/381 | loss=0.0912 mse=0.0696 sym=0.0000 phy=0.0193 | 4.9s
2026-06-20 15:31:13,272 - INFO -   batch  60/381 | loss=0.0776 mse=0.0581 sym=0.0000 phy=0.0191 | 5.8s
2026-06-20 15:31:14,259 - INFO -   batch  70/381 | loss=0.0668 mse=0.0534 sym=0.0000 phy=0.0195 | 6.8s
2026-06-20 15:31:15,205 - INFO -   batch  80/381 | loss=0.0817 mse=0.0534 sym=0.0000 phy=0.0198 | 7.8s
2026-06-20 15:31:16,142 - INFO -   batch  90/381 | loss=0.0675 mse=0.0447 sym=0.0000 phy=0.0198 | 8.7s
2026-06-20 15:31:17,096 - INFO -   batch 100/381 | loss=0.0694 mse=0.0513 sym=0.0000 phy=0.0195 | 9.7s
2026-06-20 15:31:18,037 - INFO -   batch 110/381 | loss=0.0670 mse=0.0443 sym=0.0000 phy=0.0195 | 10.6s
2026-06-20 15:31:18,982 - INFO -   batch 120/381 | loss=0.0610 mse=0.0416 sym=0.0000 phy=0.0195 | 11.5s
2026-06-20 15:31:19,924 - INFO -   batch 130/381 | loss=0.0873 mse=0.0634 sym=0.0000 phy=0.0196 | 12.5s
2026-06-20 15:31:20,875 - INFO -   batch 140/381 | loss=0.0602 mse=0.0407 sym=0.0000 phy=0.0195 | 13.4s
2026-06-20 15:31:21,814 - INFO -   batch 150/381 | loss=0.0716 mse=0.0517 sym=0.0000 phy=0.0198 | 14.4s
2026-06-20 15:31:22,748 - INFO -   batch 160/381 | loss=0.0601 mse=0.0417 sym=0.0000 phy=0.0197 | 15.3s
2026-06-20 15:31:23,683 - INFO -   batch 170/381 | loss=0.0743 mse=0.0521 sym=0.0000 phy=0.0196 | 16.2s
2026-06-20 15:31:24,630 - INFO -   batch 180/381 | loss=0.0781 mse=0.0571 sym=0.0000 phy=0.0196 | 17.2s
2026-06-20 15:31:25,577 - INFO -   batch 190/381 | loss=0.0598 mse=0.0468 sym=0.0000 phy=0.0196 | 18.1s
2026-06-20 15:31:26,514 - INFO -   batch 200/381 | loss=0.0710 mse=0.0531 sym=0.0000 phy=0.0194 | 19.1s
2026-06-20 15:31:27,473 - INFO -   batch 210/381 | loss=0.0734 mse=0.0563 sym=0.0000 phy=0.0195 | 20.0s
2026-06-20 15:31:28,414 - INFO -   batch 220/381 | loss=0.0640 mse=0.0501 sym=0.0000 phy=0.0196 | 21.0s
2026-06-20 15:31:29,345 - INFO -   batch 230/381 | loss=0.0888 mse=0.0733 sym=0.0000 phy=0.0194 | 21.9s
2026-06-20 15:31:30,291 - INFO -   batch 240/381 | loss=0.0922 mse=0.0716 sym=0.0000 phy=0.0195 | 22.8s
2026-06-20 15:31:31,237 - INFO -   batch 250/381 | loss=0.0674 mse=0.0489 sym=0.0000 phy=0.0196 | 23.8s
2026-06-20 15:31:32,183 - INFO -   batch 260/381 | loss=0.0940 mse=0.0716 sym=0.0000 phy=0.0196 | 24.7s
2026-06-20 15:31:33,110 - INFO -   batch 270/381 | loss=0.0726 mse=0.0552 sym=0.0000 phy=0.0197 | 25.7s
2026-06-20 15:31:34,046 - INFO -   batch 280/381 | loss=0.0754 mse=0.0638 sym=0.0000 phy=0.0196 | 26.6s
2026-06-20 15:31:34,989 - INFO -   batch 290/381 | loss=0.0575 mse=0.0423 sym=0.0000 phy=0.0195 | 27.5s
2026-06-20 15:31:35,926 - INFO -   batch 300/381 | loss=0.0702 mse=0.0515 sym=0.0000 phy=0.0195 | 28.5s
2026-06-20 15:31:36,856 - INFO -   batch 310/381 | loss=0.0909 mse=0.0687 sym=0.0000 phy=0.0195 | 29.4s
2026-06-20 15:31:37,794 - INFO -   batch 320/381 | loss=0.0717 mse=0.0541 sym=0.0000 phy=0.0195 | 30.3s
2026-06-20 15:31:38,651 - INFO -   batch 330/381 | loss=0.0698 mse=0.0505 sym=0.0000 phy=0.0196 | 31.2s
2026-06-20 15:31:39,376 - INFO -   batch 340/381 | loss=0.0808 mse=0.0660 sym=0.0000 phy=0.0196 | 31.9s
2026-06-20 15:31:40,145 - INFO -   batch 350/381 | loss=0.0695 mse=0.0531 sym=0.0000 phy=0.0196 | 32.7s
2026-06-20 15:31:41,033 - INFO -   batch 360/381 | loss=0.0514 mse=0.0352 sym=0.0000 phy=0.0196 | 33.6s
2026-06-20 15:31:41,982 - INFO -   batch 370/381 | loss=0.0869 mse=0.0667 sym=0.0000 phy=0.0196 | 34.5s
2026-06-20 15:31:42,866 - INFO -   batch 380/381 | loss=0.0739 mse=0.0541 sym=0.0000 phy=0.0196 | 35.4s
2026-06-20 15:31:45,027 - INFO -   batch   1/381 | loss=0.0697 mse=0.0501 sym=0.0000 phy=0.0196 | 0.2s
2026-06-20 15:31:45,805 - INFO -   batch  10/381 | loss=0.0780 mse=0.0589 sym=0.0000 phy=0.0213 | 0.9s
2026-06-20 15:31:46,671 - INFO -   batch  20/381 | loss=0.0699 mse=0.0501 sym=0.0000 phy=0.0199 | 1.8s
2026-06-20 15:31:47,562 - INFO -   batch  30/381 | loss=0.0852 mse=0.0626 sym=0.0000 phy=0.0191 | 2.7s
2026-06-20 15:31:48,502 - INFO -   batch  40/381 | loss=0.0860 mse=0.0693 sym=0.0000 phy=0.0181 | 3.6s
2026-06-20 15:31:49,385 - INFO -   batch  50/381 | loss=0.0551 mse=0.0389 sym=0.0000 phy=0.0186 | 4.5s
2026-06-20 15:31:50,245 - INFO -   batch  60/381 | loss=0.0768 mse=0.0631 sym=0.0000 phy=0.0189 | 5.4s
2026-06-20 15:31:51,125 - INFO -   batch  70/381 | loss=0.0832 mse=0.0667 sym=0.0000 phy=0.0187 | 6.3s
2026-06-20 15:31:51,992 - INFO -   batch  80/381 | loss=0.0829 mse=0.0637 sym=0.0000 phy=0.0190 | 7.1s
2026-06-20 15:31:52,909 - INFO -   batch  90/381 | loss=0.0745 mse=0.0629 sym=0.0000 phy=0.0187 | 8.0s
2026-06-20 15:31:53,843 - INFO -   batch 100/381 | loss=0.0744 mse=0.0518 sym=0.0000 phy=0.0187 | 9.0s
2026-06-20 15:31:54,764 - INFO -   batch 110/381 | loss=0.0675 mse=0.0432 sym=0.0000 phy=0.0189 | 9.9s
2026-06-20 15:31:55,669 - INFO -   batch 120/381 | loss=0.0621 mse=0.0455 sym=0.0000 phy=0.0188 | 10.8s
2026-06-20 15:31:56,544 - INFO -   batch 130/381 | loss=0.0441 mse=0.0279 sym=0.0000 phy=0.0190 | 11.7s
2026-06-20 15:31:57,425 - INFO -   batch 140/381 | loss=0.0809 mse=0.0611 sym=0.0000 phy=0.0190 | 12.6s
2026-06-20 15:31:58,350 - INFO -   batch 150/381 | loss=0.0795 mse=0.0554 sym=0.0000 phy=0.0190 | 13.5s
2026-06-20 15:31:59,255 - INFO -   batch 160/381 | loss=0.0802 mse=0.0590 sym=0.0000 phy=0.0191 | 14.4s
2026-06-20 15:32:00,140 - INFO -   batch 170/381 | loss=0.0732 mse=0.0610 sym=0.0000 phy=0.0190 | 15.3s
2026-06-20 15:32:01,060 - INFO -   batch 180/381 | loss=0.0657 mse=0.0534 sym=0.0000 phy=0.0189 | 16.2s
2026-06-20 15:32:01,973 - INFO -   batch 190/381 | loss=0.0627 mse=0.0471 sym=0.0000 phy=0.0190 | 17.1s
2026-06-20 15:32:02,873 - INFO -   batch 200/381 | loss=0.0547 mse=0.0404 sym=0.0000 phy=0.0189 | 18.0s
2026-06-20 15:32:03,802 - INFO -   batch 210/381 | loss=0.0934 mse=0.0698 sym=0.0000 phy=0.0189 | 18.9s
2026-06-20 15:32:04,675 - INFO -   batch 220/381 | loss=0.0761 mse=0.0546 sym=0.0000 phy=0.0190 | 19.8s
2026-06-20 15:32:05,555 - INFO -   batch 230/381 | loss=0.0632 mse=0.0391 sym=0.0000 phy=0.0192 | 20.7s
2026-06-20 15:32:06,418 - INFO -   batch 240/381 | loss=0.0710 mse=0.0495 sym=0.0000 phy=0.0192 | 21.6s
2026-06-20 15:32:07,291 - INFO -   batch 250/381 | loss=0.0744 mse=0.0525 sym=0.0000 phy=0.0193 | 22.4s
2026-06-20 15:32:08,194 - INFO -   batch 260/381 | loss=0.0730 mse=0.0547 sym=0.0000 phy=0.0194 | 23.3s
2026-06-20 15:32:09,112 - INFO -   batch 270/381 | loss=0.0707 mse=0.0511 sym=0.0000 phy=0.0194 | 24.3s
2026-06-20 15:32:09,978 - INFO -   batch 280/381 | loss=0.0758 mse=0.0607 sym=0.0000 phy=0.0195 | 25.1s
2026-06-20 15:32:10,852 - INFO -   batch 290/381 | loss=0.0712 mse=0.0541 sym=0.0000 phy=0.0195 | 26.0s
2026-06-20 15:32:11,730 - INFO -   batch 300/381 | loss=0.0504 mse=0.0349 sym=0.0000 phy=0.0195 | 26.9s
2026-06-20 15:32:12,626 - INFO -   batch 310/381 | loss=0.0830 mse=0.0613 sym=0.0000 phy=0.0196 | 27.8s
2026-06-20 15:32:13,559 - INFO -   batch 320/381 | loss=0.0618 mse=0.0460 sym=0.0000 phy=0.0195 | 28.7s
2026-06-20 15:32:14,447 - INFO -   batch 330/381 | loss=0.0906 mse=0.0668 sym=0.0000 phy=0.0196 | 29.6s
2026-06-20 15:32:15,338 - INFO -   batch 340/381 | loss=0.0793 mse=0.0623 sym=0.0000 phy=0.0195 | 30.5s
2026-06-20 15:32:16,214 - INFO -   batch 350/381 | loss=0.0792 mse=0.0607 sym=0.0000 phy=0.0196 | 31.4s
2026-06-20 15:32:17,074 - INFO -   batch 360/381 | loss=0.0855 mse=0.0570 sym=0.0000 phy=0.0196 | 32.2s
2026-06-20 15:32:17,999 - INFO -   batch 370/381 | loss=0.0662 mse=0.0515 sym=0.0000 phy=0.0197 | 33.1s
2026-06-20 15:32:18,869 - INFO -   batch 380/381 | loss=0.0649 mse=0.0393 sym=0.0000 phy=0.0197 | 34.0s
2026-06-20 15:32:21,018 - INFO -   batch   1/381 | loss=0.0863 mse=0.0628 sym=0.0000 phy=0.0235 | 0.2s
2026-06-20 15:32:21,821 - INFO -   batch  10/381 | loss=0.0648 mse=0.0472 sym=0.0000 phy=0.0193 | 1.0s
2026-06-20 15:32:22,698 - INFO -   batch  20/381 | loss=0.0741 mse=0.0457 sym=0.0000 phy=0.0189 | 1.8s
2026-06-20 15:32:23,570 - INFO -   batch  30/381 | loss=0.0774 mse=0.0517 sym=0.0000 phy=0.0200 | 2.7s
2026-06-20 15:32:24,551 - INFO -   batch  40/381 | loss=0.0702 mse=0.0561 sym=0.0000 phy=0.0194 | 3.7s
2026-06-20 15:32:25,681 - INFO -   batch  50/381 | loss=0.0612 mse=0.0450 sym=0.0000 phy=0.0196 | 4.8s
2026-06-20 15:32:26,586 - INFO -   batch  60/381 | loss=0.0824 mse=0.0581 sym=0.0000 phy=0.0196 | 5.7s
2026-06-20 15:32:27,466 - INFO -   batch  70/381 | loss=0.0871 mse=0.0599 sym=0.0000 phy=0.0194 | 6.6s
2026-06-20 15:32:28,399 - INFO -   batch  80/381 | loss=0.0744 mse=0.0527 sym=0.0000 phy=0.0192 | 7.5s
2026-06-20 15:32:29,320 - INFO -   batch  90/381 | loss=0.0791 mse=0.0609 sym=0.0000 phy=0.0192 | 8.5s
2026-06-20 15:32:30,191 - INFO -   batch 100/381 | loss=0.0609 mse=0.0430 sym=0.0000 phy=0.0191 | 9.3s
2026-06-20 15:32:31,121 - INFO -   batch 110/381 | loss=0.0796 mse=0.0595 sym=0.0000 phy=0.0193 | 10.3s
2026-06-20 15:32:32,021 - INFO -   batch 120/381 | loss=0.0770 mse=0.0621 sym=0.0000 phy=0.0193 | 11.2s
2026-06-20 15:32:32,924 - INFO -   batch 130/381 | loss=0.0902 mse=0.0662 sym=0.0000 phy=0.0193 | 12.1s
2026-06-20 15:32:33,809 - INFO -   batch 140/381 | loss=0.0724 mse=0.0516 sym=0.0000 phy=0.0195 | 13.0s
2026-06-20 15:32:34,723 - INFO -   batch 150/381 | loss=0.0701 mse=0.0545 sym=0.0000 phy=0.0196 | 13.9s
2026-06-20 15:32:35,664 - INFO -   batch 160/381 | loss=0.0572 mse=0.0412 sym=0.0000 phy=0.0198 | 14.8s
2026-06-20 15:32:36,609 - INFO -   batch 170/381 | loss=0.0618 mse=0.0497 sym=0.0000 phy=0.0198 | 15.8s
2026-06-20 15:32:37,547 - INFO -   batch 180/381 | loss=0.0621 mse=0.0495 sym=0.0000 phy=0.0197 | 16.7s
2026-06-20 15:32:38,415 - INFO -   batch 190/381 | loss=0.0792 mse=0.0605 sym=0.0000 phy=0.0197 | 17.6s
2026-06-20 15:32:39,277 - INFO -   batch 200/381 | loss=0.0592 mse=0.0446 sym=0.0000 phy=0.0197 | 18.4s
2026-06-20 15:32:40,155 - INFO -   batch 210/381 | loss=0.0854 mse=0.0630 sym=0.0000 phy=0.0198 | 19.3s
2026-06-20 15:32:41,018 - INFO -   batch 220/381 | loss=0.0885 mse=0.0686 sym=0.0000 phy=0.0199 | 20.2s
2026-06-20 15:32:41,953 - INFO -   batch 230/381 | loss=0.0678 mse=0.0505 sym=0.0000 phy=0.0198 | 21.1s
2026-06-20 15:32:42,841 - INFO -   batch 240/381 | loss=0.0657 mse=0.0471 sym=0.0000 phy=0.0197 | 22.0s
2026-06-20 15:32:43,748 - INFO -   batch 250/381 | loss=0.0882 mse=0.0618 sym=0.0000 phy=0.0197 | 22.9s
2026-06-20 15:32:44,657 - INFO -   batch 260/381 | loss=0.0670 mse=0.0509 sym=0.0000 phy=0.0197 | 23.8s
2026-06-20 15:32:45,543 - INFO -   batch 270/381 | loss=0.0703 mse=0.0539 sym=0.0000 phy=0.0196 | 24.7s
2026-06-20 15:32:46,445 - INFO -   batch 280/381 | loss=0.0757 mse=0.0533 sym=0.0000 phy=0.0197 | 25.6s
2026-06-20 15:32:47,379 - INFO -   batch 290/381 | loss=0.0817 mse=0.0650 sym=0.0000 phy=0.0197 | 26.5s
2026-06-20 15:32:48,285 - INFO -   batch 300/381 | loss=0.0723 mse=0.0591 sym=0.0000 phy=0.0197 | 27.4s
2026-06-20 15:32:49,178 - INFO -   batch 310/381 | loss=0.0504 mse=0.0317 sym=0.0000 phy=0.0197 | 28.3s
2026-06-20 15:32:50,085 - INFO -   batch 320/381 | loss=0.0784 mse=0.0507 sym=0.0000 phy=0.0198 | 29.2s
2026-06-20 15:32:50,945 - INFO -   batch 330/381 | loss=0.0942 mse=0.0650 sym=0.0000 phy=0.0198 | 30.1s
2026-06-20 15:32:51,823 - INFO -   batch 340/381 | loss=0.0659 mse=0.0485 sym=0.0000 phy=0.0197 | 31.0s
2026-06-20 15:32:52,760 - INFO -   batch 350/381 | loss=0.0612 mse=0.0450 sym=0.0000 phy=0.0197 | 31.9s
2026-06-20 15:32:53,633 - INFO -   batch 360/381 | loss=0.0708 mse=0.0485 sym=0.0000 phy=0.0197 | 32.8s
2026-06-20 15:32:54,509 - INFO -   batch 370/381 | loss=0.0668 mse=0.0504 sym=0.0000 phy=0.0197 | 33.7s
2026-06-20 15:32:55,405 - INFO -   batch 380/381 | loss=0.0672 mse=0.0498 sym=0.0000 phy=0.0197 | 34.6s
2026-06-20 15:32:57,531 - INFO -   batch   1/381 | loss=0.0659 mse=0.0453 sym=0.0000 phy=0.0206 | 0.2s
2026-06-20 15:32:58,359 - INFO -   batch  10/381 | loss=0.0821 mse=0.0568 sym=0.0000 phy=0.0196 | 1.0s
2026-06-20 15:32:59,315 - INFO -   batch  20/381 | loss=0.0692 mse=0.0527 sym=0.0000 phy=0.0182 | 2.0s
2026-06-20 15:33:00,253 - INFO -   batch  30/381 | loss=0.0828 mse=0.0616 sym=0.0000 phy=0.0181 | 2.9s
2026-06-20 15:33:01,151 - INFO -   batch  40/381 | loss=0.0703 mse=0.0487 sym=0.0000 phy=0.0192 | 3.8s
2026-06-20 15:33:02,032 - INFO -   batch  50/381 | loss=0.0656 mse=0.0483 sym=0.0000 phy=0.0195 | 4.7s
2026-06-20 15:33:02,923 - INFO -   batch  60/381 | loss=0.0729 mse=0.0592 sym=0.0000 phy=0.0198 | 5.6s
2026-06-20 15:33:03,786 - INFO -   batch  70/381 | loss=0.0926 mse=0.0709 sym=0.0000 phy=0.0197 | 6.4s
2026-06-20 15:33:04,745 - INFO -   batch  80/381 | loss=0.0886 mse=0.0721 sym=0.0000 phy=0.0197 | 7.4s
2026-06-20 15:33:05,622 - INFO -   batch  90/381 | loss=0.0694 mse=0.0496 sym=0.0000 phy=0.0195 | 8.3s
2026-06-20 15:33:06,492 - INFO -   batch 100/381 | loss=0.0719 mse=0.0570 sym=0.0000 phy=0.0196 | 9.1s
2026-06-20 15:33:07,391 - INFO -   batch 110/381 | loss=0.0672 mse=0.0495 sym=0.0000 phy=0.0195 | 10.0s
2026-06-20 15:33:08,268 - INFO -   batch 120/381 | loss=0.0647 mse=0.0519 sym=0.0000 phy=0.0193 | 10.9s
2026-06-20 15:33:09,194 - INFO -   batch 130/381 | loss=0.0808 mse=0.0578 sym=0.0000 phy=0.0193 | 11.8s
2026-06-20 15:33:10,078 - INFO -   batch 140/381 | loss=0.0724 mse=0.0465 sym=0.0000 phy=0.0193 | 12.7s
2026-06-20 15:33:10,963 - INFO -   batch 150/381 | loss=0.0755 mse=0.0597 sym=0.0000 phy=0.0194 | 13.6s
2026-06-20 15:33:11,836 - INFO -   batch 160/381 | loss=0.0874 mse=0.0616 sym=0.0000 phy=0.0196 | 14.5s
2026-06-20 15:33:12,725 - INFO -   batch 170/381 | loss=0.0812 mse=0.0594 sym=0.0000 phy=0.0196 | 15.4s
2026-06-20 15:33:13,620 - INFO -   batch 180/381 | loss=0.0655 mse=0.0465 sym=0.0000 phy=0.0197 | 16.3s
2026-06-20 15:33:14,547 - INFO -   batch 190/381 | loss=0.0687 mse=0.0523 sym=0.0000 phy=0.0198 | 17.2s
2026-06-20 15:33:15,475 - INFO -   batch 200/381 | loss=0.0625 mse=0.0458 sym=0.0000 phy=0.0200 | 18.1s
2026-06-20 15:33:16,439 - INFO -   batch 210/381 | loss=0.0924 mse=0.0644 sym=0.0000 phy=0.0201 | 19.1s
2026-06-20 15:33:17,375 - INFO -   batch 220/381 | loss=0.0725 mse=0.0560 sym=0.0000 phy=0.0199 | 20.0s
2026-06-20 15:33:18,296 - INFO -   batch 230/381 | loss=0.0592 mse=0.0442 sym=0.0000 phy=0.0198 | 20.9s
2026-06-20 15:33:19,218 - INFO -   batch 240/381 | loss=0.0706 mse=0.0533 sym=0.0000 phy=0.0198 | 21.9s
2026-06-20 15:33:20,154 - INFO -   batch 250/381 | loss=0.0680 mse=0.0575 sym=0.0000 phy=0.0198 | 22.8s
2026-06-20 15:33:21,122 - INFO -   batch 260/381 | loss=0.0658 mse=0.0494 sym=0.0000 phy=0.0198 | 23.8s
2026-06-20 15:33:22,028 - INFO -   batch 270/381 | loss=0.0688 mse=0.0510 sym=0.0000 phy=0.0198 | 24.7s
2026-06-20 15:33:22,949 - INFO -   batch 280/381 | loss=0.0839 mse=0.0633 sym=0.0000 phy=0.0198 | 25.6s
2026-06-20 15:33:23,832 - INFO -   batch 290/381 | loss=0.0952 mse=0.0720 sym=0.0000 phy=0.0198 | 26.5s
2026-06-20 15:33:24,697 - INFO -   batch 300/381 | loss=0.0813 mse=0.0649 sym=0.0000 phy=0.0197 | 27.3s
2026-06-20 15:33:25,613 - INFO -   batch 310/381 | loss=0.0606 mse=0.0442 sym=0.0000 phy=0.0198 | 28.2s
2026-06-20 15:33:26,523 - INFO -   batch 320/381 | loss=0.0806 mse=0.0592 sym=0.0000 phy=0.0197 | 29.2s
2026-06-20 15:33:27,407 - INFO -   batch 330/381 | loss=0.0832 mse=0.0647 sym=0.0000 phy=0.0197 | 30.0s
2026-06-20 15:33:28,296 - INFO -   batch 340/381 | loss=0.0915 mse=0.0732 sym=0.0000 phy=0.0197 | 30.9s
2026-06-20 15:33:29,206 - INFO -   batch 350/381 | loss=0.0846 mse=0.0660 sym=0.0000 phy=0.0197 | 31.8s
2026-06-20 15:33:30,089 - INFO -   batch 360/381 | loss=0.0682 mse=0.0478 sym=0.0000 phy=0.0196 | 32.7s
2026-06-20 15:33:31,041 - INFO -   batch 370/381 | loss=0.1015 mse=0.0628 sym=0.0000 phy=0.0197 | 33.7s
2026-06-20 15:33:31,923 - INFO -   batch 380/381 | loss=0.0681 mse=0.0532 sym=0.0000 phy=0.0197 | 34.6s
2026-06-20 15:33:34,149 - INFO -   batch   1/381 | loss=0.0595 mse=0.0461 sym=0.0000 phy=0.0135 | 0.2s
2026-06-20 15:33:34,927 - INFO -   batch  10/381 | loss=0.0733 mse=0.0401 sym=0.0000 phy=0.0208 | 1.0s
2026-06-20 15:33:35,799 - INFO -   batch  20/381 | loss=0.0550 mse=0.0395 sym=0.0000 phy=0.0199 | 1.8s
2026-06-20 15:33:36,672 - INFO -   batch  30/381 | loss=0.0698 mse=0.0490 sym=0.0000 phy=0.0209 | 2.7s
2026-06-20 15:33:37,613 - INFO -   batch  40/381 | loss=0.0782 mse=0.0582 sym=0.0000 phy=0.0205 | 3.6s
2026-06-20 15:33:38,481 - INFO -   batch  50/381 | loss=0.0614 mse=0.0472 sym=0.0000 phy=0.0204 | 4.5s
2026-06-20 15:33:39,362 - INFO -   batch  60/381 | loss=0.0735 mse=0.0494 sym=0.0000 phy=0.0205 | 5.4s
2026-06-20 15:33:40,227 - INFO -   batch  70/381 | loss=0.0704 mse=0.0499 sym=0.0000 phy=0.0206 | 6.3s
2026-06-20 15:33:41,097 - INFO -   batch  80/381 | loss=0.0656 mse=0.0470 sym=0.0000 phy=0.0206 | 7.1s
2026-06-20 15:33:42,014 - INFO -   batch  90/381 | loss=0.0750 mse=0.0590 sym=0.0000 phy=0.0203 | 8.0s
2026-06-20 15:33:42,917 - INFO -   batch 100/381 | loss=0.0950 mse=0.0745 sym=0.0000 phy=0.0201 | 8.9s
2026-06-20 15:33:43,811 - INFO -   batch 110/381 | loss=0.0640 mse=0.0381 sym=0.0000 phy=0.0200 | 9.8s
2026-06-20 15:33:44,712 - INFO -   batch 120/381 | loss=0.0698 mse=0.0517 sym=0.0000 phy=0.0200 | 10.7s
2026-06-20 15:33:45,579 - INFO -   batch 130/381 | loss=0.0635 mse=0.0468 sym=0.0000 phy=0.0199 | 11.6s
2026-06-20 15:33:46,452 - INFO -   batch 140/381 | loss=0.0619 mse=0.0512 sym=0.0000 phy=0.0197 | 12.5s
2026-06-20 15:33:47,394 - INFO -   batch 150/381 | loss=0.0575 mse=0.0425 sym=0.0000 phy=0.0197 | 13.4s
2026-06-20 15:33:48,267 - INFO -   batch 160/381 | loss=0.0726 mse=0.0579 sym=0.0000 phy=0.0198 | 14.3s
2026-06-20 15:33:49,139 - INFO -   batch 170/381 | loss=0.0927 mse=0.0653 sym=0.0000 phy=0.0198 | 15.2s
2026-06-20 15:33:50,019 - INFO -   batch 180/381 | loss=0.0600 mse=0.0388 sym=0.0000 phy=0.0199 | 16.0s
2026-06-20 15:33:50,870 - INFO -   batch 190/381 | loss=0.0769 mse=0.0582 sym=0.0000 phy=0.0201 | 16.9s
2026-06-20 15:33:51,821 - INFO -   batch 200/381 | loss=0.0828 mse=0.0675 sym=0.0000 phy=0.0201 | 17.9s
2026-06-20 15:33:52,693 - INFO -   batch 210/381 | loss=0.0889 mse=0.0710 sym=0.0000 phy=0.0201 | 18.7s
2026-06-20 15:33:53,557 - INFO -   batch 220/381 | loss=0.0721 mse=0.0573 sym=0.0000 phy=0.0201 | 19.6s
2026-06-20 15:33:54,419 - INFO -   batch 230/381 | loss=0.0864 mse=0.0625 sym=0.0000 phy=0.0200 | 20.4s
2026-06-20 15:33:55,300 - INFO -   batch 240/381 | loss=0.0716 mse=0.0589 sym=0.0000 phy=0.0199 | 21.3s
2026-06-20 15:33:56,203 - INFO -   batch 250/381 | loss=0.0752 mse=0.0601 sym=0.0000 phy=0.0198 | 22.2s
2026-06-20 15:33:57,102 - INFO -   batch 260/381 | loss=0.0781 mse=0.0473 sym=0.0000 phy=0.0198 | 23.1s
2026-06-20 15:33:57,977 - INFO -   batch 270/381 | loss=0.0960 mse=0.0811 sym=0.0000 phy=0.0197 | 24.0s
2026-06-20 15:33:58,866 - INFO -   batch 280/381 | loss=0.0811 mse=0.0609 sym=0.0000 phy=0.0196 | 24.9s
2026-06-20 15:33:59,742 - INFO -   batch 290/381 | loss=0.0877 mse=0.0697 sym=0.0000 phy=0.0196 | 25.8s
2026-06-20 15:34:00,631 - INFO -   batch 300/381 | loss=0.0743 mse=0.0525 sym=0.0000 phy=0.0195 | 26.7s
2026-06-20 15:34:01,566 - INFO -   batch 310/381 | loss=0.0783 mse=0.0517 sym=0.0000 phy=0.0195 | 27.6s
2026-06-20 15:34:02,427 - INFO -   batch 320/381 | loss=0.0663 mse=0.0532 sym=0.0000 phy=0.0196 | 28.5s
2026-06-20 15:34:03,289 - INFO -   batch 330/381 | loss=0.0789 mse=0.0508 sym=0.0000 phy=0.0196 | 29.3s
2026-06-20 15:34:04,163 - INFO -   batch 340/381 | loss=0.0791 mse=0.0652 sym=0.0000 phy=0.0196 | 30.2s
2026-06-20 15:34:05,047 - INFO -   batch 350/381 | loss=0.0779 mse=0.0618 sym=0.0000 phy=0.0196 | 31.1s
2026-06-20 15:34:05,986 - INFO -   batch 360/381 | loss=0.0851 mse=0.0646 sym=0.0000 phy=0.0197 | 32.0s
2026-06-20 15:34:06,865 - INFO -   batch 370/381 | loss=0.0641 mse=0.0467 sym=0.0000 phy=0.0197 | 32.9s
2026-06-20 15:34:07,722 - INFO -   batch 380/381 | loss=0.0578 mse=0.0417 sym=0.0000 phy=0.0197 | 33.8s
2026-06-20 15:34:09,652 - INFO - Epoch  25/50 | Loss=0.0736 MSE=0.0539 Sym=0.0000 Phy=0.0197 | Val RMSE=0.2312 ρ=0.335 | 36s
2026-06-20 15:34:09,830 - INFO -   batch   1/381 | loss=0.0830 mse=0.0605 sym=0.0000 phy=0.0225 | 0.2s
2026-06-20 15:34:10,608 - INFO -   batch  10/381 | loss=0.0681 mse=0.0482 sym=0.0000 phy=0.0200 | 1.0s
2026-06-20 15:34:11,535 - INFO -   batch  20/381 | loss=0.0525 mse=0.0370 sym=0.0000 phy=0.0201 | 1.9s
2026-06-20 15:34:12,473 - INFO -   batch  30/381 | loss=0.0686 mse=0.0533 sym=0.0000 phy=0.0203 | 2.8s
2026-06-20 15:34:13,351 - INFO -   batch  40/381 | loss=0.0924 mse=0.0675 sym=0.0000 phy=0.0198 | 3.7s
2026-06-20 15:34:14,238 - INFO -   batch  50/381 | loss=0.0745 mse=0.0617 sym=0.0000 phy=0.0193 | 4.6s
2026-06-20 15:34:15,121 - INFO -   batch  60/381 | loss=0.0749 mse=0.0547 sym=0.0000 phy=0.0191 | 5.5s
2026-06-20 15:34:15,990 - INFO -   batch  70/381 | loss=0.0766 mse=0.0641 sym=0.0000 phy=0.0190 | 6.3s
2026-06-20 15:34:16,937 - INFO -   batch  80/381 | loss=0.0992 mse=0.0731 sym=0.0000 phy=0.0191 | 7.3s
2026-06-20 15:34:17,806 - INFO -   batch  90/381 | loss=0.0729 mse=0.0542 sym=0.0000 phy=0.0195 | 8.2s
2026-06-20 15:34:18,698 - INFO -   batch 100/381 | loss=0.0631 mse=0.0438 sym=0.0000 phy=0.0197 | 9.0s
2026-06-20 15:34:19,583 - INFO -   batch 110/381 | loss=0.0779 mse=0.0489 sym=0.0000 phy=0.0197 | 9.9s
2026-06-20 15:34:20,451 - INFO -   batch 120/381 | loss=0.0686 mse=0.0519 sym=0.0000 phy=0.0195 | 10.8s
2026-06-20 15:34:21,366 - INFO -   batch 130/381 | loss=0.0664 mse=0.0367 sym=0.0000 phy=0.0197 | 11.7s
2026-06-20 15:34:22,305 - INFO -   batch 140/381 | loss=0.0813 mse=0.0569 sym=0.0000 phy=0.0199 | 12.7s
2026-06-20 15:34:23,172 - INFO -   batch 150/381 | loss=0.0587 mse=0.0470 sym=0.0000 phy=0.0198 | 13.5s
2026-06-20 15:34:24,049 - INFO -   batch 160/381 | loss=0.0587 mse=0.0383 sym=0.0000 phy=0.0195 | 14.4s
2026-06-20 15:34:24,942 - INFO -   batch 170/381 | loss=0.0759 mse=0.0614 sym=0.0000 phy=0.0195 | 15.3s
2026-06-20 15:34:25,831 - INFO -   batch 180/381 | loss=0.0816 mse=0.0562 sym=0.0000 phy=0.0196 | 16.2s
2026-06-20 15:34:26,764 - INFO -   batch 190/381 | loss=0.0806 mse=0.0650 sym=0.0000 phy=0.0195 | 17.1s
2026-06-20 15:34:27,657 - INFO -   batch 200/381 | loss=0.0772 mse=0.0573 sym=0.0000 phy=0.0196 | 18.0s
2026-06-20 15:34:28,539 - INFO -   batch 210/381 | loss=0.0695 mse=0.0443 sym=0.0000 phy=0.0198 | 18.9s
2026-06-20 15:34:29,418 - INFO -   batch 220/381 | loss=0.0843 mse=0.0608 sym=0.0000 phy=0.0198 | 19.8s
2026-06-20 15:34:30,299 - INFO -   batch 230/381 | loss=0.0932 mse=0.0733 sym=0.0000 phy=0.0196 | 20.6s
2026-06-20 15:34:31,209 - INFO -   batch 240/381 | loss=0.0708 mse=0.0565 sym=0.0000 phy=0.0196 | 21.6s
2026-06-20 15:34:32,075 - INFO -   batch 250/381 | loss=0.0719 mse=0.0549 sym=0.0000 phy=0.0196 | 22.4s
2026-06-20 15:34:32,989 - INFO -   batch 260/381 | loss=0.0747 mse=0.0525 sym=0.0000 phy=0.0196 | 23.3s
2026-06-20 15:34:33,895 - INFO -   batch 270/381 | loss=0.0785 mse=0.0616 sym=0.0000 phy=0.0195 | 24.2s
2026-06-20 15:34:34,798 - INFO -   batch 280/381 | loss=0.0754 mse=0.0562 sym=0.0000 phy=0.0195 | 25.1s
2026-06-20 15:34:35,696 - INFO -   batch 290/381 | loss=0.0884 mse=0.0663 sym=0.0000 phy=0.0195 | 26.0s
2026-06-20 15:34:36,582 - INFO -   batch 300/381 | loss=0.0686 mse=0.0521 sym=0.0000 phy=0.0197 | 26.9s
2026-06-20 15:34:37,462 - INFO -   batch 310/381 | loss=0.0624 mse=0.0485 sym=0.0000 phy=0.0196 | 27.8s
2026-06-20 15:34:38,356 - INFO -   batch 320/381 | loss=0.0790 mse=0.0614 sym=0.0000 phy=0.0196 | 28.7s
2026-06-20 15:34:39,234 - INFO -   batch 330/381 | loss=0.0638 mse=0.0504 sym=0.0000 phy=0.0196 | 29.6s
2026-06-20 15:34:40,181 - INFO -   batch 340/381 | loss=0.0653 mse=0.0511 sym=0.0000 phy=0.0195 | 30.5s
2026-06-20 15:34:41,065 - INFO -   batch 350/381 | loss=0.0617 mse=0.0391 sym=0.0000 phy=0.0195 | 31.4s
2026-06-20 15:34:41,944 - INFO -   batch 360/381 | loss=0.0664 mse=0.0540 sym=0.0000 phy=0.0196 | 32.3s
2026-06-20 15:34:42,839 - INFO -   batch 370/381 | loss=0.0532 mse=0.0360 sym=0.0000 phy=0.0196 | 33.2s
2026-06-20 15:34:43,720 - INFO -   batch 380/381 | loss=0.0658 mse=0.0482 sym=0.0000 phy=0.0196 | 34.1s
2026-06-20 15:34:45,880 - INFO -   batch   1/381 | loss=0.0668 mse=0.0456 sym=0.0000 phy=0.0211 | 0.2s
2026-06-20 15:34:46,672 - INFO -   batch  10/381 | loss=0.0755 mse=0.0598 sym=0.0000 phy=0.0180 | 1.0s
2026-06-20 15:34:47,561 - INFO -   batch  20/381 | loss=0.0619 mse=0.0485 sym=0.0000 phy=0.0182 | 1.9s
2026-06-20 15:34:48,461 - INFO -   batch  30/381 | loss=0.0569 mse=0.0384 sym=0.0000 phy=0.0185 | 2.8s
2026-06-20 15:34:49,391 - INFO -   batch  40/381 | loss=0.0761 mse=0.0617 sym=0.0000 phy=0.0184 | 3.7s
2026-06-20 15:34:50,315 - INFO -   batch  50/381 | loss=0.0800 mse=0.0557 sym=0.0000 phy=0.0186 | 4.6s
2026-06-20 15:34:51,194 - INFO -   batch  60/381 | loss=0.0619 mse=0.0457 sym=0.0000 phy=0.0187 | 5.5s
2026-06-20 15:34:52,113 - INFO -   batch  70/381 | loss=0.0730 mse=0.0572 sym=0.0000 phy=0.0194 | 6.4s
2026-06-20 15:34:52,998 - INFO -   batch  80/381 | loss=0.0689 mse=0.0520 sym=0.0000 phy=0.0195 | 7.3s
2026-06-20 15:34:53,893 - INFO -   batch  90/381 | loss=0.0909 mse=0.0761 sym=0.0000 phy=0.0193 | 8.2s
2026-06-20 15:34:54,811 - INFO -   batch 100/381 | loss=0.0793 mse=0.0565 sym=0.0000 phy=0.0197 | 9.1s
2026-06-20 15:34:55,690 - INFO -   batch 110/381 | loss=0.0636 mse=0.0484 sym=0.0000 phy=0.0198 | 10.0s
2026-06-20 15:34:56,738 - INFO -   batch 120/381 | loss=0.0708 mse=0.0565 sym=0.0000 phy=0.0197 | 11.0s
2026-06-20 15:34:57,653 - INFO -   batch 130/381 | loss=0.0666 mse=0.0499 sym=0.0000 phy=0.0197 | 11.9s
2026-06-20 15:34:58,571 - INFO -   batch 140/381 | loss=0.0716 mse=0.0533 sym=0.0000 phy=0.0197 | 12.9s
2026-06-20 15:34:59,455 - INFO -   batch 150/381 | loss=0.0658 mse=0.0538 sym=0.0000 phy=0.0195 | 13.7s
2026-06-20 15:35:00,357 - INFO -   batch 160/381 | loss=0.0676 mse=0.0532 sym=0.0000 phy=0.0193 | 14.7s
2026-06-20 15:35:01,279 - INFO -   batch 170/381 | loss=0.0627 mse=0.0462 sym=0.0000 phy=0.0192 | 15.6s
2026-06-20 15:35:02,187 - INFO -   batch 180/381 | loss=0.0750 mse=0.0526 sym=0.0000 phy=0.0192 | 16.5s
2026-06-20 15:35:03,069 - INFO -   batch 190/381 | loss=0.0937 mse=0.0606 sym=0.0000 phy=0.0196 | 17.4s
2026-06-20 15:35:03,997 - INFO -   batch 200/381 | loss=0.0695 mse=0.0543 sym=0.0000 phy=0.0196 | 18.3s
2026-06-20 15:35:04,908 - INFO -   batch 210/381 | loss=0.0865 mse=0.0642 sym=0.0000 phy=0.0197 | 19.2s
2026-06-20 15:35:05,820 - INFO -   batch 220/381 | loss=0.0701 mse=0.0551 sym=0.0000 phy=0.0197 | 20.1s
2026-06-20 15:35:06,695 - INFO -   batch 230/381 | loss=0.0654 mse=0.0447 sym=0.0000 phy=0.0196 | 21.0s
2026-06-20 15:35:07,571 - INFO -   batch 240/381 | loss=0.0598 mse=0.0455 sym=0.0000 phy=0.0196 | 21.9s
2026-06-20 15:35:08,466 - INFO -   batch 250/381 | loss=0.0754 mse=0.0511 sym=0.0000 phy=0.0196 | 22.8s
2026-06-20 15:35:09,372 - INFO -   batch 260/381 | loss=0.0609 mse=0.0487 sym=0.0000 phy=0.0196 | 23.7s
2026-06-20 15:35:10,269 - INFO -   batch 270/381 | loss=0.0873 mse=0.0599 sym=0.0000 phy=0.0197 | 24.6s
2026-06-20 15:35:11,191 - INFO -   batch 280/381 | loss=0.0632 mse=0.0471 sym=0.0000 phy=0.0196 | 25.5s
2026-06-20 15:35:12,101 - INFO -   batch 290/381 | loss=0.0853 mse=0.0696 sym=0.0000 phy=0.0195 | 26.4s
2026-06-20 15:35:12,994 - INFO -   batch 300/381 | loss=0.0731 mse=0.0534 sym=0.0000 phy=0.0195 | 27.3s
2026-06-20 15:35:13,903 - INFO -   batch 310/381 | loss=0.0751 mse=0.0466 sym=0.0000 phy=0.0195 | 28.2s
2026-06-20 15:35:14,790 - INFO -   batch 320/381 | loss=0.0645 mse=0.0496 sym=0.0000 phy=0.0194 | 29.1s
2026-06-20 15:35:15,698 - INFO -   batch 330/381 | loss=0.0864 mse=0.0646 sym=0.0000 phy=0.0194 | 30.0s
2026-06-20 15:35:16,601 - INFO -   batch 340/381 | loss=0.0688 mse=0.0505 sym=0.0000 phy=0.0195 | 30.9s
2026-06-20 15:35:17,486 - INFO -   batch 350/381 | loss=0.0592 mse=0.0409 sym=0.0000 phy=0.0195 | 31.8s
2026-06-20 15:35:18,371 - INFO -   batch 360/381 | loss=0.0770 mse=0.0642 sym=0.0000 phy=0.0195 | 32.7s
2026-06-20 15:35:19,276 - INFO -   batch 370/381 | loss=0.0874 mse=0.0682 sym=0.0000 phy=0.0195 | 33.6s
2026-06-20 15:35:20,184 - INFO -   batch 380/381 | loss=0.0790 mse=0.0599 sym=0.0000 phy=0.0196 | 34.5s
2026-06-20 15:35:22,397 - INFO -   batch   1/381 | loss=0.0984 mse=0.0814 sym=0.0000 phy=0.0170 | 0.2s
2026-06-20 15:35:23,213 - INFO -   batch  10/381 | loss=0.0691 mse=0.0495 sym=0.0000 phy=0.0179 | 1.0s
2026-06-20 15:35:24,120 - INFO -   batch  20/381 | loss=0.0794 mse=0.0631 sym=0.0000 phy=0.0181 | 1.9s
2026-06-20 15:35:25,028 - INFO -   batch  30/381 | loss=0.0729 mse=0.0582 sym=0.0000 phy=0.0188 | 2.8s
2026-06-20 15:35:25,915 - INFO -   batch  40/381 | loss=0.0543 mse=0.0366 sym=0.0000 phy=0.0190 | 3.7s
2026-06-20 15:35:26,817 - INFO -   batch  50/381 | loss=0.0897 mse=0.0678 sym=0.0000 phy=0.0193 | 4.6s
2026-06-20 15:35:27,724 - INFO -   batch  60/381 | loss=0.0918 mse=0.0715 sym=0.0000 phy=0.0199 | 5.5s
2026-06-20 15:35:28,632 - INFO -   batch  70/381 | loss=0.0876 mse=0.0620 sym=0.0000 phy=0.0196 | 6.4s
2026-06-20 15:35:29,521 - INFO -   batch  80/381 | loss=0.0756 mse=0.0484 sym=0.0000 phy=0.0194 | 7.3s
2026-06-20 15:35:30,413 - INFO -   batch  90/381 | loss=0.0703 mse=0.0547 sym=0.0000 phy=0.0192 | 8.2s
2026-06-20 15:35:31,324 - INFO -   batch 100/381 | loss=0.0980 mse=0.0740 sym=0.0000 phy=0.0191 | 9.1s
2026-06-20 15:35:32,232 - INFO -   batch 110/381 | loss=0.0684 mse=0.0481 sym=0.0000 phy=0.0193 | 10.0s
2026-06-20 15:35:33,120 - INFO -   batch 120/381 | loss=0.0699 mse=0.0516 sym=0.0000 phy=0.0193 | 10.9s
2026-06-20 15:35:34,046 - INFO -   batch 130/381 | loss=0.0802 mse=0.0508 sym=0.0000 phy=0.0193 | 11.8s
2026-06-20 15:35:34,959 - INFO -   batch 140/381 | loss=0.0611 mse=0.0384 sym=0.0000 phy=0.0195 | 12.7s
2026-06-20 15:35:35,850 - INFO -   batch 150/381 | loss=0.0973 mse=0.0824 sym=0.0000 phy=0.0195 | 13.6s
2026-06-20 15:35:36,759 - INFO -   batch 160/381 | loss=0.0728 mse=0.0546 sym=0.0000 phy=0.0195 | 14.6s
2026-06-20 15:35:37,660 - INFO -   batch 170/381 | loss=0.0783 mse=0.0558 sym=0.0000 phy=0.0195 | 15.5s
2026-06-20 15:35:38,568 - INFO -   batch 180/381 | loss=0.0742 mse=0.0592 sym=0.0000 phy=0.0194 | 16.4s
2026-06-20 15:35:39,457 - INFO -   batch 190/381 | loss=0.0641 mse=0.0431 sym=0.0000 phy=0.0194 | 17.2s
2026-06-20 15:35:40,339 - INFO -   batch 200/381 | loss=0.0773 mse=0.0615 sym=0.0000 phy=0.0194 | 18.1s
2026-06-20 15:35:41,216 - INFO -   batch 210/381 | loss=0.0709 mse=0.0560 sym=0.0000 phy=0.0193 | 19.0s
2026-06-20 15:35:42,112 - INFO -   batch 220/381 | loss=0.0757 mse=0.0566 sym=0.0000 phy=0.0193 | 19.9s
2026-06-20 15:35:43,015 - INFO -   batch 230/381 | loss=0.0772 mse=0.0633 sym=0.0000 phy=0.0193 | 20.8s
2026-06-20 15:35:43,947 - INFO -   batch 240/381 | loss=0.0729 mse=0.0580 sym=0.0000 phy=0.0193 | 21.7s
2026-06-20 15:35:44,886 - INFO -   batch 250/381 | loss=0.0920 mse=0.0739 sym=0.0000 phy=0.0193 | 22.7s
2026-06-20 15:35:45,781 - INFO -   batch 260/381 | loss=0.0785 mse=0.0584 sym=0.0000 phy=0.0193 | 23.6s
2026-06-20 15:35:46,669 - INFO -   batch 270/381 | loss=0.0711 mse=0.0524 sym=0.0000 phy=0.0193 | 24.5s
2026-06-20 15:35:47,567 - INFO -   batch 280/381 | loss=0.0706 mse=0.0524 sym=0.0000 phy=0.0193 | 25.4s
2026-06-20 15:35:48,448 - INFO -   batch 290/381 | loss=0.0787 mse=0.0574 sym=0.0000 phy=0.0194 | 26.2s
2026-06-20 15:35:49,333 - INFO -   batch 300/381 | loss=0.0729 mse=0.0545 sym=0.0000 phy=0.0195 | 27.1s
2026-06-20 15:35:50,233 - INFO -   batch 310/381 | loss=0.0614 mse=0.0503 sym=0.0000 phy=0.0194 | 28.0s
2026-06-20 15:35:51,113 - INFO -   batch 320/381 | loss=0.0668 mse=0.0479 sym=0.0000 phy=0.0194 | 28.9s
2026-06-20 15:35:52,017 - INFO -   batch 330/381 | loss=0.0669 mse=0.0441 sym=0.0000 phy=0.0195 | 29.8s
2026-06-20 15:35:52,926 - INFO -   batch 340/381 | loss=0.0799 mse=0.0577 sym=0.0000 phy=0.0195 | 30.7s
2026-06-20 15:35:53,840 - INFO -   batch 350/381 | loss=0.0852 mse=0.0599 sym=0.0000 phy=0.0195 | 31.6s
2026-06-20 15:35:54,751 - INFO -   batch 360/381 | loss=0.0661 mse=0.0502 sym=0.0000 phy=0.0195 | 32.5s
2026-06-20 15:35:55,633 - INFO -   batch 370/381 | loss=0.0853 mse=0.0682 sym=0.0000 phy=0.0196 | 33.4s
2026-06-20 15:35:56,525 - INFO -   batch 380/381 | loss=0.0837 mse=0.0643 sym=0.0000 phy=0.0196 | 34.3s
2026-06-20 15:35:58,731 - INFO -   batch   1/381 | loss=0.0763 mse=0.0542 sym=0.0000 phy=0.0222 | 0.2s
2026-06-20 15:35:59,539 - INFO -   batch  10/381 | loss=0.0683 mse=0.0437 sym=0.0000 phy=0.0216 | 1.0s
2026-06-20 15:36:00,444 - INFO -   batch  20/381 | loss=0.0561 mse=0.0394 sym=0.0000 phy=0.0208 | 1.9s
2026-06-20 15:36:01,354 - INFO -   batch  30/381 | loss=0.0904 mse=0.0744 sym=0.0000 phy=0.0195 | 2.8s
2026-06-20 15:36:02,238 - INFO -   batch  40/381 | loss=0.0737 mse=0.0524 sym=0.0000 phy=0.0190 | 3.7s
2026-06-20 15:36:03,148 - INFO -   batch  50/381 | loss=0.0832 mse=0.0549 sym=0.0000 phy=0.0191 | 4.6s
2026-06-20 15:36:04,055 - INFO -   batch  60/381 | loss=0.0665 mse=0.0461 sym=0.0000 phy=0.0198 | 5.5s
2026-06-20 15:36:04,955 - INFO -   batch  70/381 | loss=0.0676 mse=0.0501 sym=0.0000 phy=0.0196 | 6.4s
2026-06-20 15:36:05,858 - INFO -   batch  80/381 | loss=0.0692 mse=0.0510 sym=0.0000 phy=0.0193 | 7.3s
2026-06-20 15:36:06,750 - INFO -   batch  90/381 | loss=0.0730 mse=0.0498 sym=0.0000 phy=0.0193 | 8.2s
2026-06-20 15:36:07,673 - INFO -   batch 100/381 | loss=0.0489 mse=0.0339 sym=0.0000 phy=0.0194 | 9.1s
2026-06-20 15:36:08,572 - INFO -   batch 110/381 | loss=0.0868 mse=0.0666 sym=0.0000 phy=0.0192 | 10.0s
2026-06-20 15:36:09,485 - INFO -   batch 120/381 | loss=0.0602 mse=0.0455 sym=0.0000 phy=0.0189 | 10.9s
2026-06-20 15:36:10,371 - INFO -   batch 130/381 | loss=0.0836 mse=0.0633 sym=0.0000 phy=0.0191 | 11.8s
2026-06-20 15:36:11,322 - INFO -   batch 140/381 | loss=0.0874 mse=0.0627 sym=0.0000 phy=0.0195 | 12.8s
2026-06-20 15:36:12,193 - INFO -   batch 150/381 | loss=0.0734 mse=0.0527 sym=0.0000 phy=0.0195 | 13.6s
2026-06-20 15:36:13,079 - INFO -   batch 160/381 | loss=0.0931 mse=0.0745 sym=0.0000 phy=0.0196 | 14.5s
2026-06-20 15:36:13,960 - INFO -   batch 170/381 | loss=0.0749 mse=0.0575 sym=0.0000 phy=0.0195 | 15.4s
2026-06-20 15:36:14,865 - INFO -   batch 180/381 | loss=0.0889 mse=0.0629 sym=0.0000 phy=0.0194 | 16.3s
2026-06-20 15:36:15,755 - INFO -   batch 190/381 | loss=0.0675 mse=0.0491 sym=0.0000 phy=0.0194 | 17.2s
2026-06-20 15:36:16,639 - INFO -   batch 200/381 | loss=0.0797 mse=0.0621 sym=0.0000 phy=0.0193 | 18.1s
2026-06-20 15:36:17,587 - INFO -   batch 210/381 | loss=0.0683 mse=0.0508 sym=0.0000 phy=0.0193 | 19.0s
2026-06-20 15:36:18,499 - INFO -   batch 220/381 | loss=0.0870 mse=0.0556 sym=0.0000 phy=0.0194 | 19.9s
2026-06-20 15:36:19,393 - INFO -   batch 230/381 | loss=0.0657 mse=0.0511 sym=0.0000 phy=0.0195 | 20.8s
2026-06-20 15:36:20,277 - INFO -   batch 240/381 | loss=0.0759 mse=0.0440 sym=0.0000 phy=0.0194 | 21.7s
2026-06-20 15:36:21,170 - INFO -   batch 250/381 | loss=0.0751 mse=0.0585 sym=0.0000 phy=0.0193 | 22.6s
2026-06-20 15:36:22,077 - INFO -   batch 260/381 | loss=0.0955 mse=0.0693 sym=0.0000 phy=0.0193 | 23.5s
2026-06-20 15:36:22,959 - INFO -   batch 270/381 | loss=0.0697 mse=0.0548 sym=0.0000 phy=0.0195 | 24.4s
2026-06-20 15:36:23,858 - INFO -   batch 280/381 | loss=0.0805 mse=0.0612 sym=0.0000 phy=0.0196 | 25.3s
2026-06-20 15:36:24,767 - INFO -   batch 290/381 | loss=0.0849 mse=0.0650 sym=0.0000 phy=0.0195 | 26.2s
2026-06-20 15:36:25,669 - INFO -   batch 300/381 | loss=0.1030 mse=0.0788 sym=0.0000 phy=0.0196 | 27.1s
2026-06-20 15:36:26,554 - INFO -   batch 310/381 | loss=0.0994 mse=0.0757 sym=0.0000 phy=0.0196 | 28.0s
2026-06-20 15:36:27,483 - INFO -   batch 320/381 | loss=0.0593 mse=0.0460 sym=0.0000 phy=0.0196 | 28.9s
2026-06-20 15:36:28,391 - INFO -   batch 330/381 | loss=0.0544 mse=0.0403 sym=0.0000 phy=0.0195 | 29.8s
2026-06-20 15:36:29,268 - INFO -   batch 340/381 | loss=0.0518 mse=0.0357 sym=0.0000 phy=0.0195 | 30.7s
2026-06-20 15:36:30,184 - INFO -   batch 350/381 | loss=0.0794 mse=0.0629 sym=0.0000 phy=0.0196 | 31.6s
2026-06-20 15:36:31,074 - INFO -   batch 360/381 | loss=0.0648 mse=0.0542 sym=0.0000 phy=0.0196 | 32.5s
2026-06-20 15:36:31,963 - INFO -   batch 370/381 | loss=0.0939 mse=0.0734 sym=0.0000 phy=0.0196 | 33.4s
2026-06-20 15:36:32,864 - INFO -   batch 380/381 | loss=0.0711 mse=0.0526 sym=0.0000 phy=0.0196 | 34.3s
2026-06-20 15:36:35,057 - INFO -   batch   1/381 | loss=0.0689 mse=0.0483 sym=0.0000 phy=0.0206 | 0.2s
2026-06-20 15:36:35,863 - INFO -   batch  10/381 | loss=0.0644 mse=0.0451 sym=0.0000 phy=0.0207 | 1.0s
2026-06-20 15:36:36,754 - INFO -   batch  20/381 | loss=0.0795 mse=0.0607 sym=0.0000 phy=0.0182 | 1.9s
2026-06-20 15:36:37,661 - INFO -   batch  30/381 | loss=0.0667 mse=0.0512 sym=0.0000 phy=0.0176 | 2.8s
2026-06-20 15:36:38,534 - INFO -   batch  40/381 | loss=0.0677 mse=0.0493 sym=0.0000 phy=0.0182 | 3.6s
2026-06-20 15:36:39,411 - INFO -   batch  50/381 | loss=0.0609 mse=0.0427 sym=0.0000 phy=0.0183 | 4.5s
2026-06-20 15:36:40,331 - INFO -   batch  60/381 | loss=0.0693 mse=0.0547 sym=0.0000 phy=0.0184 | 5.4s
2026-06-20 15:36:41,230 - INFO -   batch  70/381 | loss=0.0706 mse=0.0495 sym=0.0000 phy=0.0188 | 6.3s
2026-06-20 15:36:42,128 - INFO -   batch  80/381 | loss=0.0745 mse=0.0446 sym=0.0000 phy=0.0193 | 7.2s
2026-06-20 15:36:43,017 - INFO -   batch  90/381 | loss=0.0701 mse=0.0567 sym=0.0000 phy=0.0193 | 8.1s
2026-06-20 15:36:43,903 - INFO -   batch 100/381 | loss=0.0848 mse=0.0619 sym=0.0000 phy=0.0194 | 9.0s
2026-06-20 15:36:44,784 - INFO -   batch 110/381 | loss=0.0758 mse=0.0555 sym=0.0000 phy=0.0198 | 9.9s
2026-06-20 15:36:45,694 - INFO -   batch 120/381 | loss=0.0672 mse=0.0498 sym=0.0000 phy=0.0196 | 10.8s
2026-06-20 15:36:46,591 - INFO -   batch 130/381 | loss=0.0827 mse=0.0669 sym=0.0000 phy=0.0194 | 11.7s
2026-06-20 15:36:47,480 - INFO -   batch 140/381 | loss=0.0673 mse=0.0475 sym=0.0000 phy=0.0195 | 12.6s
2026-06-20 15:36:48,392 - INFO -   batch 150/381 | loss=0.0731 mse=0.0530 sym=0.0000 phy=0.0194 | 13.5s
2026-06-20 15:36:49,276 - INFO -   batch 160/381 | loss=0.0669 mse=0.0400 sym=0.0000 phy=0.0194 | 14.4s
2026-06-20 15:36:50,199 - INFO -   batch 170/381 | loss=0.0910 mse=0.0693 sym=0.0000 phy=0.0193 | 15.3s
2026-06-20 15:36:51,069 - INFO -   batch 180/381 | loss=0.0920 mse=0.0715 sym=0.0000 phy=0.0191 | 16.2s
2026-06-20 15:36:51,935 - INFO -   batch 190/381 | loss=0.0678 mse=0.0452 sym=0.0000 phy=0.0191 | 17.1s
2026-06-20 15:36:52,830 - INFO -   batch 200/381 | loss=0.0698 mse=0.0531 sym=0.0000 phy=0.0192 | 17.9s
2026-06-20 15:36:53,697 - INFO -   batch 210/381 | loss=0.0794 mse=0.0561 sym=0.0000 phy=0.0193 | 18.8s
2026-06-20 15:36:54,580 - INFO -   batch 220/381 | loss=0.0630 mse=0.0462 sym=0.0000 phy=0.0195 | 19.7s
2026-06-20 15:36:55,491 - INFO -   batch 230/381 | loss=0.0807 mse=0.0630 sym=0.0000 phy=0.0196 | 20.6s
2026-06-20 15:36:56,362 - INFO -   batch 240/381 | loss=0.0680 mse=0.0502 sym=0.0000 phy=0.0195 | 21.5s
2026-06-20 15:36:57,264 - INFO -   batch 250/381 | loss=0.0761 mse=0.0622 sym=0.0000 phy=0.0194 | 22.4s
2026-06-20 15:36:58,168 - INFO -   batch 260/381 | loss=0.0829 mse=0.0657 sym=0.0000 phy=0.0193 | 23.3s
2026-06-20 15:36:59,095 - INFO -   batch 270/381 | loss=0.0815 mse=0.0621 sym=0.0000 phy=0.0193 | 24.2s
2026-06-20 15:36:59,994 - INFO -   batch 280/381 | loss=0.0827 mse=0.0585 sym=0.0000 phy=0.0195 | 25.1s
2026-06-20 15:37:00,898 - INFO -   batch 290/381 | loss=0.0771 mse=0.0546 sym=0.0000 phy=0.0195 | 26.0s
2026-06-20 15:37:01,799 - INFO -   batch 300/381 | loss=0.0842 mse=0.0702 sym=0.0000 phy=0.0195 | 26.9s
2026-06-20 15:37:02,681 - INFO -   batch 310/381 | loss=0.0652 mse=0.0507 sym=0.0000 phy=0.0196 | 27.8s
2026-06-20 15:37:03,588 - INFO -   batch 320/381 | loss=0.0683 mse=0.0537 sym=0.0000 phy=0.0195 | 28.7s
2026-06-20 15:37:04,486 - INFO -   batch 330/381 | loss=0.0673 mse=0.0495 sym=0.0000 phy=0.0195 | 29.6s
2026-06-20 15:37:05,368 - INFO -   batch 340/381 | loss=0.1057 mse=0.0824 sym=0.0000 phy=0.0196 | 30.5s
2026-06-20 15:37:06,258 - INFO -   batch 350/381 | loss=0.0803 mse=0.0641 sym=0.0000 phy=0.0195 | 31.4s
2026-06-20 15:37:07,132 - INFO -   batch 360/381 | loss=0.0605 mse=0.0486 sym=0.0000 phy=0.0195 | 32.2s
2026-06-20 15:37:08,081 - INFO -   batch 370/381 | loss=0.0723 mse=0.0507 sym=0.0000 phy=0.0196 | 33.2s
2026-06-20 15:37:08,999 - INFO -   batch 380/381 | loss=0.0792 mse=0.0625 sym=0.0000 phy=0.0195 | 34.1s
2026-06-20 15:37:11,075 - INFO - Epoch  30/50 | Loss=0.0735 MSE=0.0539 Sym=0.0000 Phy=0.0195 | Val RMSE=0.2293 ρ=0.343 | 36s
2026-06-20 15:37:11,249 - INFO -   batch   1/381 | loss=0.0753 mse=0.0555 sym=0.0000 phy=0.0197 | 0.2s
2026-06-20 15:37:12,065 - INFO -   batch  10/381 | loss=0.0917 mse=0.0698 sym=0.0000 phy=0.0210 | 1.0s
2026-06-20 15:37:12,980 - INFO -   batch  20/381 | loss=0.0755 mse=0.0566 sym=0.0000 phy=0.0195 | 1.9s
2026-06-20 15:37:13,870 - INFO -   batch  30/381 | loss=0.0676 mse=0.0477 sym=0.0000 phy=0.0192 | 2.8s
2026-06-20 15:37:14,781 - INFO -   batch  40/381 | loss=0.0844 mse=0.0548 sym=0.0000 phy=0.0195 | 3.7s
2026-06-20 15:37:15,676 - INFO -   batch  50/381 | loss=0.0789 mse=0.0536 sym=0.0000 phy=0.0192 | 4.6s
2026-06-20 15:37:16,569 - INFO -   batch  60/381 | loss=0.0756 mse=0.0495 sym=0.0000 phy=0.0191 | 5.5s
2026-06-20 15:37:17,483 - INFO -   batch  70/381 | loss=0.0446 mse=0.0310 sym=0.0000 phy=0.0192 | 6.4s
2026-06-20 15:37:18,394 - INFO -   batch  80/381 | loss=0.1059 mse=0.0848 sym=0.0000 phy=0.0191 | 7.3s
2026-06-20 15:37:19,301 - INFO -   batch  90/381 | loss=0.0544 mse=0.0403 sym=0.0000 phy=0.0192 | 8.2s
2026-06-20 15:37:20,183 - INFO -   batch 100/381 | loss=0.0662 mse=0.0422 sym=0.0000 phy=0.0191 | 9.1s
2026-06-20 15:37:21,070 - INFO -   batch 110/381 | loss=0.0886 mse=0.0618 sym=0.0000 phy=0.0191 | 10.0s
2026-06-20 15:37:21,994 - INFO -   batch 120/381 | loss=0.0864 mse=0.0638 sym=0.0000 phy=0.0191 | 10.9s
2026-06-20 15:37:22,915 - INFO -   batch 130/381 | loss=0.0710 mse=0.0521 sym=0.0000 phy=0.0191 | 11.8s
2026-06-20 15:37:23,799 - INFO -   batch 140/381 | loss=0.0822 mse=0.0651 sym=0.0000 phy=0.0192 | 12.7s
2026-06-20 15:37:24,691 - INFO -   batch 150/381 | loss=0.0635 mse=0.0510 sym=0.0000 phy=0.0191 | 13.6s
2026-06-20 15:37:25,567 - INFO -   batch 160/381 | loss=0.0689 mse=0.0505 sym=0.0000 phy=0.0191 | 14.5s
2026-06-20 15:37:26,448 - INFO -   batch 170/381 | loss=0.0721 mse=0.0514 sym=0.0000 phy=0.0191 | 15.4s
2026-06-20 15:37:27,353 - INFO -   batch 180/381 | loss=0.0682 mse=0.0515 sym=0.0000 phy=0.0191 | 16.3s
2026-06-20 15:37:28,477 - INFO -   batch 190/381 | loss=0.0800 mse=0.0633 sym=0.0000 phy=0.0193 | 17.4s
2026-06-20 15:37:29,373 - INFO -   batch 200/381 | loss=0.0828 mse=0.0632 sym=0.0000 phy=0.0193 | 18.3s
2026-06-20 15:37:30,273 - INFO -   batch 210/381 | loss=0.0840 mse=0.0590 sym=0.0000 phy=0.0196 | 19.2s
2026-06-20 15:37:31,163 - INFO -   batch 220/381 | loss=0.0683 mse=0.0590 sym=0.0000 phy=0.0196 | 20.1s
2026-06-20 15:37:32,068 - INFO -   batch 230/381 | loss=0.0514 mse=0.0370 sym=0.0000 phy=0.0196 | 21.0s
2026-06-20 15:37:32,958 - INFO -   batch 240/381 | loss=0.0789 mse=0.0600 sym=0.0000 phy=0.0196 | 21.9s
2026-06-20 15:37:33,872 - INFO -   batch 250/381 | loss=0.0821 mse=0.0594 sym=0.0000 phy=0.0195 | 22.8s
2026-06-20 15:37:34,781 - INFO -   batch 260/381 | loss=0.0773 mse=0.0578 sym=0.0000 phy=0.0194 | 23.7s
2026-06-20 15:37:35,691 - INFO -   batch 270/381 | loss=0.0628 mse=0.0510 sym=0.0000 phy=0.0194 | 24.6s
2026-06-20 15:37:36,576 - INFO -   batch 280/381 | loss=0.0793 mse=0.0525 sym=0.0000 phy=0.0194 | 25.5s
2026-06-20 15:37:37,465 - INFO -   batch 290/381 | loss=0.0748 mse=0.0535 sym=0.0000 phy=0.0194 | 26.4s
2026-06-20 15:37:38,371 - INFO -   batch 300/381 | loss=0.0634 mse=0.0458 sym=0.0000 phy=0.0194 | 27.3s
2026-06-20 15:37:39,259 - INFO -   batch 310/381 | loss=0.0762 mse=0.0577 sym=0.0000 phy=0.0194 | 28.2s
2026-06-20 15:37:40,147 - INFO -   batch 320/381 | loss=0.0985 mse=0.0823 sym=0.0000 phy=0.0194 | 29.1s
2026-06-20 15:37:41,031 - INFO -   batch 330/381 | loss=0.0623 mse=0.0477 sym=0.0000 phy=0.0194 | 30.0s
2026-06-20 15:37:41,935 - INFO -   batch 340/381 | loss=0.0629 mse=0.0428 sym=0.0000 phy=0.0194 | 30.9s
2026-06-20 15:37:42,831 - INFO -   batch 350/381 | loss=0.0819 mse=0.0651 sym=0.0000 phy=0.0195 | 31.8s
2026-06-20 15:37:43,753 - INFO -   batch 360/381 | loss=0.0766 mse=0.0540 sym=0.0000 phy=0.0194 | 32.7s
2026-06-20 15:37:44,681 - INFO -   batch 370/381 | loss=0.0657 mse=0.0500 sym=0.0000 phy=0.0194 | 33.6s
2026-06-20 15:37:45,568 - INFO -   batch 380/381 | loss=0.0693 mse=0.0493 sym=0.0000 phy=0.0194 | 34.5s
2026-06-20 15:37:47,856 - INFO -   batch   1/381 | loss=0.0863 mse=0.0684 sym=0.0000 phy=0.0179 | 0.2s
2026-06-20 15:37:48,684 - INFO -   batch  10/381 | loss=0.0915 mse=0.0718 sym=0.0000 phy=0.0191 | 1.0s
2026-06-20 15:37:49,605 - INFO -   batch  20/381 | loss=0.0787 mse=0.0550 sym=0.0000 phy=0.0198 | 1.9s
2026-06-20 15:37:50,516 - INFO -   batch  30/381 | loss=0.0673 mse=0.0455 sym=0.0000 phy=0.0197 | 2.8s
2026-06-20 15:37:51,407 - INFO -   batch  40/381 | loss=0.0816 mse=0.0508 sym=0.0000 phy=0.0197 | 3.7s
2026-06-20 15:37:52,306 - INFO -   batch  50/381 | loss=0.0934 mse=0.0647 sym=0.0000 phy=0.0198 | 4.6s
2026-06-20 15:37:53,208 - INFO -   batch  60/381 | loss=0.0805 mse=0.0589 sym=0.0000 phy=0.0206 | 5.5s
2026-06-20 15:37:54,100 - INFO -   batch  70/381 | loss=0.0611 mse=0.0436 sym=0.0000 phy=0.0206 | 6.4s
2026-06-20 15:37:55,014 - INFO -   batch  80/381 | loss=0.0815 mse=0.0622 sym=0.0000 phy=0.0205 | 7.3s
2026-06-20 15:37:55,890 - INFO -   batch  90/381 | loss=0.0634 mse=0.0407 sym=0.0000 phy=0.0204 | 8.2s
2026-06-20 15:37:56,778 - INFO -   batch 100/381 | loss=0.0813 mse=0.0577 sym=0.0000 phy=0.0202 | 9.1s
2026-06-20 15:37:57,661 - INFO -   batch 110/381 | loss=0.0708 mse=0.0545 sym=0.0000 phy=0.0199 | 10.0s
2026-06-20 15:37:58,593 - INFO -   batch 120/381 | loss=0.1053 mse=0.0754 sym=0.0000 phy=0.0200 | 10.9s
2026-06-20 15:37:59,509 - INFO -   batch 130/381 | loss=0.0689 mse=0.0472 sym=0.0000 phy=0.0199 | 11.8s
2026-06-20 15:38:00,396 - INFO -   batch 140/381 | loss=0.0836 mse=0.0609 sym=0.0000 phy=0.0201 | 12.7s
2026-06-20 15:38:01,270 - INFO -   batch 150/381 | loss=0.0712 mse=0.0515 sym=0.0000 phy=0.0201 | 13.6s
2026-06-20 15:38:02,183 - INFO -   batch 160/381 | loss=0.0614 mse=0.0420 sym=0.0000 phy=0.0201 | 14.5s
2026-06-20 15:38:03,082 - INFO -   batch 170/381 | loss=0.0690 mse=0.0510 sym=0.0000 phy=0.0199 | 15.4s
2026-06-20 15:38:03,965 - INFO -   batch 180/381 | loss=0.0719 mse=0.0481 sym=0.0000 phy=0.0199 | 16.3s
2026-06-20 15:38:04,866 - INFO -   batch 190/381 | loss=0.0646 mse=0.0475 sym=0.0000 phy=0.0200 | 17.2s
2026-06-20 15:38:05,767 - INFO -   batch 200/381 | loss=0.0984 mse=0.0719 sym=0.0000 phy=0.0201 | 18.1s
2026-06-20 15:38:06,663 - INFO -   batch 210/381 | loss=0.0677 mse=0.0484 sym=0.0000 phy=0.0199 | 19.0s
2026-06-20 15:38:07,551 - INFO -   batch 220/381 | loss=0.0703 mse=0.0482 sym=0.0000 phy=0.0199 | 19.9s
2026-06-20 15:38:08,469 - INFO -   batch 230/381 | loss=0.0702 mse=0.0533 sym=0.0000 phy=0.0201 | 20.8s
2026-06-20 15:38:09,376 - INFO -   batch 240/381 | loss=0.0627 mse=0.0489 sym=0.0000 phy=0.0200 | 21.7s
2026-06-20 15:38:10,267 - INFO -   batch 250/381 | loss=0.0876 mse=0.0663 sym=0.0000 phy=0.0199 | 22.6s
2026-06-20 15:38:11,163 - INFO -   batch 260/381 | loss=0.0695 mse=0.0506 sym=0.0000 phy=0.0199 | 23.5s
2026-06-20 15:38:12,050 - INFO -   batch 270/381 | loss=0.0760 mse=0.0572 sym=0.0000 phy=0.0199 | 24.4s
2026-06-20 15:38:12,945 - INFO -   batch 280/381 | loss=0.0645 mse=0.0519 sym=0.0000 phy=0.0198 | 25.3s
2026-06-20 15:38:13,847 - INFO -   batch 290/381 | loss=0.0857 mse=0.0710 sym=0.0000 phy=0.0198 | 26.2s
2026-06-20 15:38:14,749 - INFO -   batch 300/381 | loss=0.0695 mse=0.0507 sym=0.0000 phy=0.0197 | 27.1s
2026-06-20 15:38:15,649 - INFO -   batch 310/381 | loss=0.0719 mse=0.0568 sym=0.0000 phy=0.0198 | 28.0s
2026-06-20 15:38:16,574 - INFO -   batch 320/381 | loss=0.0570 mse=0.0453 sym=0.0000 phy=0.0196 | 28.9s
2026-06-20 15:38:17,463 - INFO -   batch 330/381 | loss=0.0529 mse=0.0352 sym=0.0000 phy=0.0196 | 29.8s
2026-06-20 15:38:18,398 - INFO -   batch 340/381 | loss=0.0715 mse=0.0576 sym=0.0000 phy=0.0195 | 30.7s
2026-06-20 15:38:19,334 - INFO -   batch 350/381 | loss=0.0671 mse=0.0517 sym=0.0000 phy=0.0196 | 31.6s
2026-06-20 15:38:20,230 - INFO -   batch 360/381 | loss=0.0564 mse=0.0377 sym=0.0000 phy=0.0196 | 32.5s
2026-06-20 15:38:21,120 - INFO -   batch 370/381 | loss=0.0719 mse=0.0566 sym=0.0000 phy=0.0196 | 33.4s
2026-06-20 15:38:22,000 - INFO -   batch 380/381 | loss=0.0741 mse=0.0561 sym=0.0000 phy=0.0196 | 34.3s
2026-06-20 15:38:24,214 - INFO -   batch   1/381 | loss=0.0708 mse=0.0551 sym=0.0000 phy=0.0158 | 0.2s
2026-06-20 15:38:25,004 - INFO -   batch  10/381 | loss=0.0689 mse=0.0533 sym=0.0000 phy=0.0171 | 1.0s
2026-06-20 15:38:25,871 - INFO -   batch  20/381 | loss=0.0932 mse=0.0686 sym=0.0000 phy=0.0170 | 1.9s
2026-06-20 15:38:26,761 - INFO -   batch  30/381 | loss=0.0759 mse=0.0584 sym=0.0000 phy=0.0172 | 2.7s
2026-06-20 15:38:27,652 - INFO -   batch  40/381 | loss=0.0741 mse=0.0574 sym=0.0000 phy=0.0182 | 3.6s
2026-06-20 15:38:28,543 - INFO -   batch  50/381 | loss=0.0654 mse=0.0484 sym=0.0000 phy=0.0187 | 4.5s
2026-06-20 15:38:29,431 - INFO -   batch  60/381 | loss=0.0853 mse=0.0572 sym=0.0000 phy=0.0190 | 5.4s
2026-06-20 15:38:30,319 - INFO -   batch  70/381 | loss=0.0738 mse=0.0472 sym=0.0000 phy=0.0194 | 6.3s
2026-06-20 15:38:31,249 - INFO -   batch  80/381 | loss=0.0660 mse=0.0414 sym=0.0000 phy=0.0191 | 7.2s
2026-06-20 15:38:32,165 - INFO -   batch  90/381 | loss=0.0801 mse=0.0595 sym=0.0000 phy=0.0190 | 8.2s
2026-06-20 15:38:33,053 - INFO -   batch 100/381 | loss=0.0660 mse=0.0448 sym=0.0000 phy=0.0189 | 9.0s
2026-06-20 15:38:33,951 - INFO -   batch 110/381 | loss=0.0554 mse=0.0399 sym=0.0000 phy=0.0188 | 9.9s
2026-06-20 15:38:34,853 - INFO -   batch 120/381 | loss=0.0739 mse=0.0571 sym=0.0000 phy=0.0188 | 10.8s
2026-06-20 15:38:35,743 - INFO -   batch 130/381 | loss=0.0664 mse=0.0491 sym=0.0000 phy=0.0189 | 11.7s
2026-06-20 15:38:36,638 - INFO -   batch 140/381 | loss=0.0716 mse=0.0520 sym=0.0000 phy=0.0189 | 12.6s
2026-06-20 15:38:37,544 - INFO -   batch 150/381 | loss=0.0721 mse=0.0570 sym=0.0000 phy=0.0188 | 13.5s
2026-06-20 15:38:38,440 - INFO -   batch 160/381 | loss=0.0661 mse=0.0493 sym=0.0000 phy=0.0186 | 14.4s
2026-06-20 15:38:39,339 - INFO -   batch 170/381 | loss=0.0740 mse=0.0536 sym=0.0000 phy=0.0187 | 15.3s
2026-06-20 15:38:40,246 - INFO -   batch 180/381 | loss=0.0671 mse=0.0514 sym=0.0000 phy=0.0188 | 16.2s
2026-06-20 15:38:41,172 - INFO -   batch 190/381 | loss=0.0911 mse=0.0624 sym=0.0000 phy=0.0189 | 17.2s
2026-06-20 15:38:42,079 - INFO -   batch 200/381 | loss=0.0885 mse=0.0651 sym=0.0000 phy=0.0189 | 18.1s
2026-06-20 15:38:42,979 - INFO -   batch 210/381 | loss=0.0676 mse=0.0461 sym=0.0000 phy=0.0190 | 19.0s
2026-06-20 15:38:43,885 - INFO -   batch 220/381 | loss=0.0706 mse=0.0520 sym=0.0000 phy=0.0189 | 19.9s
2026-06-20 15:38:44,786 - INFO -   batch 230/381 | loss=0.0908 mse=0.0735 sym=0.0000 phy=0.0190 | 20.8s
2026-06-20 15:38:45,670 - INFO -   batch 240/381 | loss=0.0679 mse=0.0502 sym=0.0000 phy=0.0190 | 21.7s
2026-06-20 15:38:46,565 - INFO -   batch 250/381 | loss=0.0655 mse=0.0487 sym=0.0000 phy=0.0192 | 22.6s
2026-06-20 15:38:47,455 - INFO -   batch 260/381 | loss=0.0698 mse=0.0486 sym=0.0000 phy=0.0192 | 23.4s
2026-06-20 15:38:48,376 - INFO -   batch 270/381 | loss=0.0787 mse=0.0650 sym=0.0000 phy=0.0192 | 24.4s
2026-06-20 15:38:49,293 - INFO -   batch 280/381 | loss=0.0657 mse=0.0480 sym=0.0000 phy=0.0192 | 25.3s
2026-06-20 15:38:50,185 - INFO -   batch 290/381 | loss=0.0849 mse=0.0665 sym=0.0000 phy=0.0192 | 26.2s
2026-06-20 15:38:51,111 - INFO -   batch 300/381 | loss=0.0862 mse=0.0571 sym=0.0000 phy=0.0192 | 27.1s
2026-06-20 15:38:52,039 - INFO -   batch 310/381 | loss=0.0649 mse=0.0446 sym=0.0000 phy=0.0192 | 28.0s
2026-06-20 15:38:52,920 - INFO -   batch 320/381 | loss=0.0834 mse=0.0656 sym=0.0000 phy=0.0193 | 28.9s
2026-06-20 15:38:53,812 - INFO -   batch 330/381 | loss=0.0603 mse=0.0487 sym=0.0000 phy=0.0193 | 29.8s
2026-06-20 15:38:54,708 - INFO -   batch 340/381 | loss=0.0550 mse=0.0399 sym=0.0000 phy=0.0193 | 30.7s
2026-06-20 15:38:55,599 - INFO -   batch 350/381 | loss=0.0722 mse=0.0521 sym=0.0000 phy=0.0193 | 31.6s
2026-06-20 15:38:56,487 - INFO -   batch 360/381 | loss=0.0570 mse=0.0418 sym=0.0000 phy=0.0193 | 32.5s
2026-06-20 15:38:57,372 - INFO -   batch 370/381 | loss=0.0803 mse=0.0590 sym=0.0000 phy=0.0194 | 33.4s
2026-06-20 15:38:58,267 - INFO -   batch 380/381 | loss=0.0690 mse=0.0462 sym=0.0000 phy=0.0194 | 34.3s
2026-06-20 15:39:00,461 - INFO -   batch   1/381 | loss=0.0653 mse=0.0408 sym=0.0000 phy=0.0245 | 0.2s
2026-06-20 15:39:01,266 - INFO -   batch  10/381 | loss=0.0746 mse=0.0559 sym=0.0000 phy=0.0208 | 1.0s
2026-06-20 15:39:02,155 - INFO -   batch  20/381 | loss=0.0909 mse=0.0634 sym=0.0000 phy=0.0204 | 1.9s
2026-06-20 15:39:03,047 - INFO -   batch  30/381 | loss=0.0946 mse=0.0724 sym=0.0000 phy=0.0203 | 2.8s
2026-06-20 15:39:03,975 - INFO -   batch  40/381 | loss=0.0841 mse=0.0594 sym=0.0000 phy=0.0200 | 3.7s
2026-06-20 15:39:04,899 - INFO -   batch  50/381 | loss=0.0740 mse=0.0530 sym=0.0000 phy=0.0200 | 4.6s
2026-06-20 15:39:05,785 - INFO -   batch  60/381 | loss=0.0798 mse=0.0592 sym=0.0000 phy=0.0198 | 5.5s
2026-06-20 15:39:06,662 - INFO -   batch  70/381 | loss=0.0680 mse=0.0493 sym=0.0000 phy=0.0197 | 6.4s
2026-06-20 15:39:07,563 - INFO -   batch  80/381 | loss=0.0579 mse=0.0482 sym=0.0000 phy=0.0193 | 7.3s
2026-06-20 15:39:08,453 - INFO -   batch  90/381 | loss=0.0819 mse=0.0581 sym=0.0000 phy=0.0194 | 8.2s
2026-06-20 15:39:09,351 - INFO -   batch 100/381 | loss=0.0641 mse=0.0427 sym=0.0000 phy=0.0192 | 9.1s
2026-06-20 15:39:10,240 - INFO -   batch 110/381 | loss=0.0760 mse=0.0588 sym=0.0000 phy=0.0192 | 10.0s
2026-06-20 15:39:11,135 - INFO -   batch 120/381 | loss=0.0758 mse=0.0575 sym=0.0000 phy=0.0192 | 10.8s
2026-06-20 15:39:12,023 - INFO -   batch 130/381 | loss=0.0686 mse=0.0518 sym=0.0000 phy=0.0189 | 11.7s
2026-06-20 15:39:12,920 - INFO -   batch 140/381 | loss=0.0878 mse=0.0647 sym=0.0000 phy=0.0189 | 12.6s
2026-06-20 15:39:13,851 - INFO -   batch 150/381 | loss=0.0752 mse=0.0589 sym=0.0000 phy=0.0188 | 13.6s
2026-06-20 15:39:14,760 - INFO -   batch 160/381 | loss=0.0862 mse=0.0496 sym=0.0000 phy=0.0192 | 14.5s
2026-06-20 15:39:15,648 - INFO -   batch 170/381 | loss=0.0700 mse=0.0470 sym=0.0000 phy=0.0193 | 15.4s
2026-06-20 15:39:16,540 - INFO -   batch 180/381 | loss=0.0725 mse=0.0490 sym=0.0000 phy=0.0194 | 16.3s
2026-06-20 15:39:17,432 - INFO -   batch 190/381 | loss=0.0770 mse=0.0540 sym=0.0000 phy=0.0194 | 17.1s
2026-06-20 15:39:18,323 - INFO -   batch 200/381 | loss=0.0615 mse=0.0391 sym=0.0000 phy=0.0194 | 18.0s
2026-06-20 15:39:19,220 - INFO -   batch 210/381 | loss=0.0709 mse=0.0540 sym=0.0000 phy=0.0194 | 18.9s
2026-06-20 15:39:20,115 - INFO -   batch 220/381 | loss=0.0712 mse=0.0561 sym=0.0000 phy=0.0195 | 19.8s
2026-06-20 15:39:21,008 - INFO -   batch 230/381 | loss=0.0815 mse=0.0625 sym=0.0000 phy=0.0194 | 20.7s
2026-06-20 15:39:21,889 - INFO -   batch 240/381 | loss=0.0762 mse=0.0632 sym=0.0000 phy=0.0193 | 21.6s
2026-06-20 15:39:22,791 - INFO -   batch 250/381 | loss=0.0618 mse=0.0472 sym=0.0000 phy=0.0192 | 22.5s
2026-06-20 15:39:23,713 - INFO -   batch 260/381 | loss=0.0588 mse=0.0392 sym=0.0000 phy=0.0193 | 23.4s
2026-06-20 15:39:24,627 - INFO -   batch 270/381 | loss=0.0787 mse=0.0572 sym=0.0000 phy=0.0194 | 24.3s
2026-06-20 15:39:25,502 - INFO -   batch 280/381 | loss=0.0648 mse=0.0512 sym=0.0000 phy=0.0194 | 25.2s
2026-06-20 15:39:26,413 - INFO -   batch 290/381 | loss=0.0759 mse=0.0614 sym=0.0000 phy=0.0194 | 26.1s
2026-06-20 15:39:27,309 - INFO -   batch 300/381 | loss=0.0855 mse=0.0712 sym=0.0000 phy=0.0193 | 27.0s
2026-06-20 15:39:28,204 - INFO -   batch 310/381 | loss=0.0723 mse=0.0515 sym=0.0000 phy=0.0192 | 27.9s
2026-06-20 15:39:29,097 - INFO -   batch 320/381 | loss=0.0724 mse=0.0509 sym=0.0000 phy=0.0193 | 28.8s
2026-06-20 15:39:29,988 - INFO -   batch 330/381 | loss=0.0736 mse=0.0488 sym=0.0000 phy=0.0194 | 29.7s
2026-06-20 15:39:30,912 - INFO -   batch 340/381 | loss=0.0867 mse=0.0669 sym=0.0000 phy=0.0194 | 30.6s
2026-06-20 15:39:31,802 - INFO -   batch 350/381 | loss=0.0732 mse=0.0574 sym=0.0000 phy=0.0194 | 31.5s
2026-06-20 15:39:32,716 - INFO -   batch 360/381 | loss=0.0609 mse=0.0436 sym=0.0000 phy=0.0194 | 32.4s
2026-06-20 15:39:33,632 - INFO -   batch 370/381 | loss=0.0835 mse=0.0612 sym=0.0000 phy=0.0194 | 33.3s
2026-06-20 15:39:34,571 - INFO -   batch 380/381 | loss=0.0781 mse=0.0584 sym=0.0000 phy=0.0195 | 34.3s
2026-06-20 15:39:36,810 - INFO -   batch   1/381 | loss=0.0846 mse=0.0597 sym=0.0000 phy=0.0249 | 0.2s
2026-06-20 15:39:37,626 - INFO -   batch  10/381 | loss=0.0685 mse=0.0479 sym=0.0000 phy=0.0224 | 1.0s
2026-06-20 15:39:38,545 - INFO -   batch  20/381 | loss=0.0769 mse=0.0559 sym=0.0000 phy=0.0216 | 1.9s
2026-06-20 15:39:39,449 - INFO -   batch  30/381 | loss=0.0634 mse=0.0451 sym=0.0000 phy=0.0204 | 2.8s
2026-06-20 15:39:40,342 - INFO -   batch  40/381 | loss=0.0531 mse=0.0400 sym=0.0000 phy=0.0199 | 3.7s
2026-06-20 15:39:41,247 - INFO -   batch  50/381 | loss=0.0603 mse=0.0446 sym=0.0000 phy=0.0199 | 4.6s
2026-06-20 15:39:42,141 - INFO -   batch  60/381 | loss=0.0662 mse=0.0491 sym=0.0000 phy=0.0194 | 5.5s
2026-06-20 15:39:43,034 - INFO -   batch  70/381 | loss=0.0892 mse=0.0684 sym=0.0000 phy=0.0196 | 6.4s
2026-06-20 15:39:43,947 - INFO -   batch  80/381 | loss=0.0762 mse=0.0588 sym=0.0000 phy=0.0197 | 7.3s
2026-06-20 15:39:44,829 - INFO -   batch  90/381 | loss=0.0748 mse=0.0505 sym=0.0000 phy=0.0199 | 8.2s
2026-06-20 15:39:45,740 - INFO -   batch 100/381 | loss=0.0753 mse=0.0477 sym=0.0000 phy=0.0198 | 9.1s
2026-06-20 15:39:46,634 - INFO -   batch 110/381 | loss=0.0864 mse=0.0636 sym=0.0000 phy=0.0199 | 10.0s
2026-06-20 15:39:47,516 - INFO -   batch 120/381 | loss=0.0732 mse=0.0568 sym=0.0000 phy=0.0198 | 10.9s
2026-06-20 15:39:48,453 - INFO -   batch 130/381 | loss=0.0774 mse=0.0520 sym=0.0000 phy=0.0200 | 11.8s
2026-06-20 15:39:49,379 - INFO -   batch 140/381 | loss=0.0520 mse=0.0375 sym=0.0000 phy=0.0199 | 12.8s
2026-06-20 15:39:50,248 - INFO -   batch 150/381 | loss=0.0715 mse=0.0572 sym=0.0000 phy=0.0197 | 13.6s
2026-06-20 15:39:51,138 - INFO -   batch 160/381 | loss=0.0555 mse=0.0382 sym=0.0000 phy=0.0197 | 14.5s
2026-06-20 15:39:52,059 - INFO -   batch 170/381 | loss=0.0687 mse=0.0515 sym=0.0000 phy=0.0195 | 15.4s
2026-06-20 15:39:52,936 - INFO -   batch 180/381 | loss=0.0785 mse=0.0532 sym=0.0000 phy=0.0195 | 16.3s
2026-06-20 15:39:53,816 - INFO -   batch 190/381 | loss=0.0557 mse=0.0386 sym=0.0000 phy=0.0195 | 17.2s
2026-06-20 15:39:54,708 - INFO -   batch 200/381 | loss=0.0581 mse=0.0432 sym=0.0000 phy=0.0195 | 18.1s
2026-06-20 15:39:55,625 - INFO -   batch 210/381 | loss=0.0585 mse=0.0423 sym=0.0000 phy=0.0195 | 19.0s
2026-06-20 15:39:56,510 - INFO -   batch 220/381 | loss=0.0778 mse=0.0600 sym=0.0000 phy=0.0195 | 19.9s
2026-06-20 15:39:57,411 - INFO -   batch 230/381 | loss=0.0639 mse=0.0506 sym=0.0000 phy=0.0194 | 20.8s
2026-06-20 15:39:58,338 - INFO -   batch 240/381 | loss=0.0871 mse=0.0569 sym=0.0000 phy=0.0195 | 21.7s
2026-06-20 15:39:59,267 - INFO -   batch 250/381 | loss=0.0677 mse=0.0446 sym=0.0000 phy=0.0196 | 22.6s
2026-06-20 15:40:00,138 - INFO -   batch 260/381 | loss=0.0896 mse=0.0573 sym=0.0000 phy=0.0196 | 23.5s
2026-06-20 15:40:01,214 - INFO -   batch 270/381 | loss=0.0606 mse=0.0460 sym=0.0000 phy=0.0196 | 24.6s
2026-06-20 15:40:02,119 - INFO -   batch 280/381 | loss=0.0762 mse=0.0582 sym=0.0000 phy=0.0196 | 25.5s
2026-06-20 15:40:03,006 - INFO -   batch 290/381 | loss=0.0652 mse=0.0435 sym=0.0000 phy=0.0196 | 26.4s
2026-06-20 15:40:03,913 - INFO -   batch 300/381 | loss=0.0636 mse=0.0496 sym=0.0000 phy=0.0195 | 27.3s
2026-06-20 15:40:04,799 - INFO -   batch 310/381 | loss=0.0801 mse=0.0511 sym=0.0000 phy=0.0195 | 28.2s
2026-06-20 15:40:05,694 - INFO -   batch 320/381 | loss=0.0780 mse=0.0551 sym=0.0000 phy=0.0195 | 29.1s
2026-06-20 15:40:06,592 - INFO -   batch 330/381 | loss=0.0848 mse=0.0598 sym=0.0000 phy=0.0194 | 30.0s
2026-06-20 15:40:07,493 - INFO -   batch 340/381 | loss=0.0892 mse=0.0646 sym=0.0000 phy=0.0194 | 30.9s
2026-06-20 15:40:08,379 - INFO -   batch 350/381 | loss=0.0717 mse=0.0529 sym=0.0000 phy=0.0194 | 31.8s
2026-06-20 15:40:09,275 - INFO -   batch 360/381 | loss=0.0629 mse=0.0402 sym=0.0000 phy=0.0194 | 32.6s
2026-06-20 15:40:10,210 - INFO -   batch 370/381 | loss=0.0614 mse=0.0460 sym=0.0000 phy=0.0194 | 33.6s
2026-06-20 15:40:11,120 - INFO -   batch 380/381 | loss=0.0777 mse=0.0633 sym=0.0000 phy=0.0194 | 34.5s
2026-06-20 15:40:13,166 - INFO - Epoch  35/50 | Loss=0.0730 MSE=0.0536 Sym=0.0000 Phy=0.0194 | Val RMSE=0.2310 ρ=0.337 | 37s
2026-06-20 15:40:13,339 - INFO -   batch   1/381 | loss=0.0627 mse=0.0483 sym=0.0000 phy=0.0144 | 0.2s
2026-06-20 15:40:14,165 - INFO -   batch  10/381 | loss=0.0753 mse=0.0500 sym=0.0000 phy=0.0162 | 1.0s
2026-06-20 15:40:15,060 - INFO -   batch  20/381 | loss=0.0846 mse=0.0679 sym=0.0000 phy=0.0174 | 1.9s
2026-06-20 15:40:15,959 - INFO -   batch  30/381 | loss=0.0822 mse=0.0579 sym=0.0000 phy=0.0177 | 2.8s
2026-06-20 15:40:16,866 - INFO -   batch  40/381 | loss=0.0829 mse=0.0594 sym=0.0000 phy=0.0186 | 3.7s
2026-06-20 15:40:17,753 - INFO -   batch  50/381 | loss=0.0653 mse=0.0467 sym=0.0000 phy=0.0182 | 4.6s
2026-06-20 15:40:18,653 - INFO -   batch  60/381 | loss=0.0736 mse=0.0478 sym=0.0000 phy=0.0183 | 5.5s
2026-06-20 15:40:19,549 - INFO -   batch  70/381 | loss=0.0739 mse=0.0526 sym=0.0000 phy=0.0182 | 6.4s
2026-06-20 15:40:20,436 - INFO -   batch  80/381 | loss=0.0620 mse=0.0475 sym=0.0000 phy=0.0182 | 7.3s
2026-06-20 15:40:21,333 - INFO -   batch  90/381 | loss=0.0758 mse=0.0593 sym=0.0000 phy=0.0183 | 8.2s
2026-06-20 15:40:22,257 - INFO -   batch 100/381 | loss=0.0725 mse=0.0489 sym=0.0000 phy=0.0184 | 9.1s
2026-06-20 15:40:23,163 - INFO -   batch 110/381 | loss=0.0675 mse=0.0443 sym=0.0000 phy=0.0185 | 10.0s
2026-06-20 15:40:24,078 - INFO -   batch 120/381 | loss=0.0844 mse=0.0660 sym=0.0000 phy=0.0186 | 10.9s
2026-06-20 15:40:25,012 - INFO -   batch 130/381 | loss=0.0943 mse=0.0735 sym=0.0000 phy=0.0185 | 11.8s
2026-06-20 15:40:25,909 - INFO -   batch 140/381 | loss=0.0816 mse=0.0501 sym=0.0000 phy=0.0187 | 12.7s
2026-06-20 15:40:26,801 - INFO -   batch 150/381 | loss=0.0624 mse=0.0402 sym=0.0000 phy=0.0188 | 13.6s
2026-06-20 15:40:27,713 - INFO -   batch 160/381 | loss=0.0738 mse=0.0578 sym=0.0000 phy=0.0189 | 14.5s
2026-06-20 15:40:28,631 - INFO -   batch 170/381 | loss=0.0735 mse=0.0480 sym=0.0000 phy=0.0189 | 15.5s
2026-06-20 15:40:29,521 - INFO -   batch 180/381 | loss=0.0573 mse=0.0351 sym=0.0000 phy=0.0189 | 16.4s
2026-06-20 15:40:30,418 - INFO -   batch 190/381 | loss=0.0601 mse=0.0434 sym=0.0000 phy=0.0190 | 17.3s
2026-06-20 15:40:31,321 - INFO -   batch 200/381 | loss=0.0576 mse=0.0346 sym=0.0000 phy=0.0189 | 18.2s
2026-06-20 15:40:32,210 - INFO -   batch 210/381 | loss=0.0729 mse=0.0522 sym=0.0000 phy=0.0191 | 19.0s
2026-06-20 15:40:33,113 - INFO -   batch 220/381 | loss=0.0724 mse=0.0523 sym=0.0000 phy=0.0190 | 19.9s
2026-06-20 15:40:34,003 - INFO -   batch 230/381 | loss=0.0718 mse=0.0569 sym=0.0000 phy=0.0189 | 20.8s
2026-06-20 15:40:34,930 - INFO -   batch 240/381 | loss=0.0867 mse=0.0579 sym=0.0000 phy=0.0190 | 21.8s
2026-06-20 15:40:35,849 - INFO -   batch 250/381 | loss=0.0943 mse=0.0761 sym=0.0000 phy=0.0190 | 22.7s
2026-06-20 15:40:36,751 - INFO -   batch 260/381 | loss=0.0834 mse=0.0631 sym=0.0000 phy=0.0191 | 23.6s
2026-06-20 15:40:37,634 - INFO -   batch 270/381 | loss=0.0868 mse=0.0685 sym=0.0000 phy=0.0191 | 24.5s
2026-06-20 15:40:38,544 - INFO -   batch 280/381 | loss=0.0706 mse=0.0468 sym=0.0000 phy=0.0191 | 25.4s
2026-06-20 15:40:39,436 - INFO -   batch 290/381 | loss=0.0823 mse=0.0598 sym=0.0000 phy=0.0192 | 26.3s
2026-06-20 15:40:40,334 - INFO -   batch 300/381 | loss=0.0985 mse=0.0805 sym=0.0000 phy=0.0192 | 27.2s
2026-06-20 15:40:41,237 - INFO -   batch 310/381 | loss=0.0716 mse=0.0476 sym=0.0000 phy=0.0192 | 28.1s
2026-06-20 15:40:42,127 - INFO -   batch 320/381 | loss=0.0667 mse=0.0478 sym=0.0000 phy=0.0193 | 29.0s
2026-06-20 15:40:43,019 - INFO -   batch 330/381 | loss=0.0606 mse=0.0468 sym=0.0000 phy=0.0193 | 29.9s
2026-06-20 15:40:43,914 - INFO -   batch 340/381 | loss=0.0623 mse=0.0482 sym=0.0000 phy=0.0193 | 30.7s
2026-06-20 15:40:44,837 - INFO -   batch 350/381 | loss=0.0795 mse=0.0546 sym=0.0000 phy=0.0193 | 31.7s
2026-06-20 15:40:45,762 - INFO -   batch 360/381 | loss=0.0815 mse=0.0618 sym=0.0000 phy=0.0193 | 32.6s
2026-06-20 15:40:46,652 - INFO -   batch 370/381 | loss=0.0712 mse=0.0518 sym=0.0000 phy=0.0193 | 33.5s
2026-06-20 15:40:47,525 - INFO -   batch 380/381 | loss=0.0742 mse=0.0449 sym=0.0000 phy=0.0193 | 34.4s
2026-06-20 15:40:49,739 - INFO -   batch   1/381 | loss=0.0578 mse=0.0402 sym=0.0000 phy=0.0175 | 0.2s
2026-06-20 15:40:50,549 - INFO -   batch  10/381 | loss=0.0702 mse=0.0488 sym=0.0000 phy=0.0176 | 1.0s
2026-06-20 15:40:51,461 - INFO -   batch  20/381 | loss=0.0825 mse=0.0529 sym=0.0000 phy=0.0192 | 1.9s
2026-06-20 15:40:52,370 - INFO -   batch  30/381 | loss=0.0651 mse=0.0451 sym=0.0000 phy=0.0195 | 2.8s
2026-06-20 15:40:53,261 - INFO -   batch  40/381 | loss=0.0712 mse=0.0571 sym=0.0000 phy=0.0192 | 3.7s
2026-06-20 15:40:54,178 - INFO -   batch  50/381 | loss=0.0785 mse=0.0568 sym=0.0000 phy=0.0191 | 4.6s
2026-06-20 15:40:55,078 - INFO -   batch  60/381 | loss=0.0717 mse=0.0470 sym=0.0000 phy=0.0191 | 5.5s
2026-06-20 15:40:55,962 - INFO -   batch  70/381 | loss=0.0593 mse=0.0403 sym=0.0000 phy=0.0193 | 6.4s
2026-06-20 15:40:56,851 - INFO -   batch  80/381 | loss=0.0689 mse=0.0510 sym=0.0000 phy=0.0191 | 7.3s
2026-06-20 15:40:57,743 - INFO -   batch  90/381 | loss=0.0711 mse=0.0493 sym=0.0000 phy=0.0193 | 8.2s
2026-06-20 15:40:58,665 - INFO -   batch 100/381 | loss=0.0670 mse=0.0426 sym=0.0000 phy=0.0191 | 9.1s
2026-06-20 15:40:59,578 - INFO -   batch 110/381 | loss=0.0730 mse=0.0616 sym=0.0000 phy=0.0189 | 10.0s
2026-06-20 15:41:00,487 - INFO -   batch 120/381 | loss=0.0673 mse=0.0480 sym=0.0000 phy=0.0189 | 10.9s
2026-06-20 15:41:01,375 - INFO -   batch 130/381 | loss=0.0577 mse=0.0435 sym=0.0000 phy=0.0191 | 11.8s
2026-06-20 15:41:02,283 - INFO -   batch 140/381 | loss=0.0714 mse=0.0532 sym=0.0000 phy=0.0191 | 12.7s
2026-06-20 15:41:03,164 - INFO -   batch 150/381 | loss=0.0697 mse=0.0518 sym=0.0000 phy=0.0192 | 13.6s
2026-06-20 15:41:04,063 - INFO -   batch 160/381 | loss=0.0715 mse=0.0553 sym=0.0000 phy=0.0190 | 14.5s
2026-06-20 15:41:04,960 - INFO -   batch 170/381 | loss=0.0885 mse=0.0674 sym=0.0000 phy=0.0192 | 15.4s
2026-06-20 15:41:05,859 - INFO -   batch 180/381 | loss=0.0838 mse=0.0619 sym=0.0000 phy=0.0193 | 16.3s
2026-06-20 15:41:06,743 - INFO -   batch 190/381 | loss=0.0862 mse=0.0700 sym=0.0000 phy=0.0193 | 17.2s
2026-06-20 15:41:07,635 - INFO -   batch 200/381 | loss=0.0773 mse=0.0593 sym=0.0000 phy=0.0193 | 18.1s
2026-06-20 15:41:08,567 - INFO -   batch 210/381 | loss=0.0908 mse=0.0703 sym=0.0000 phy=0.0193 | 19.0s
2026-06-20 15:41:09,487 - INFO -   batch 220/381 | loss=0.0729 mse=0.0567 sym=0.0000 phy=0.0193 | 19.9s
2026-06-20 15:41:10,365 - INFO -   batch 230/381 | loss=0.0794 mse=0.0635 sym=0.0000 phy=0.0192 | 20.8s
2026-06-20 15:41:11,252 - INFO -   batch 240/381 | loss=0.0754 mse=0.0553 sym=0.0000 phy=0.0192 | 21.7s
2026-06-20 15:41:12,169 - INFO -   batch 250/381 | loss=0.0616 mse=0.0438 sym=0.0000 phy=0.0191 | 22.6s
2026-06-20 15:41:13,071 - INFO -   batch 260/381 | loss=0.0668 mse=0.0473 sym=0.0000 phy=0.0192 | 23.5s
2026-06-20 15:41:13,971 - INFO -   batch 270/381 | loss=0.0747 mse=0.0596 sym=0.0000 phy=0.0191 | 24.4s
2026-06-20 15:41:14,898 - INFO -   batch 280/381 | loss=0.0764 mse=0.0506 sym=0.0000 phy=0.0191 | 25.3s
2026-06-20 15:41:15,780 - INFO -   batch 290/381 | loss=0.0840 mse=0.0634 sym=0.0000 phy=0.0191 | 26.2s
2026-06-20 15:41:16,666 - INFO -   batch 300/381 | loss=0.0877 mse=0.0676 sym=0.0000 phy=0.0192 | 27.1s
2026-06-20 15:41:17,568 - INFO -   batch 310/381 | loss=0.0989 mse=0.0660 sym=0.0000 phy=0.0193 | 28.0s
2026-06-20 15:41:18,495 - INFO -   batch 320/381 | loss=0.0707 mse=0.0499 sym=0.0000 phy=0.0193 | 28.9s
2026-06-20 15:41:19,416 - INFO -   batch 330/381 | loss=0.0768 mse=0.0637 sym=0.0000 phy=0.0194 | 29.8s
2026-06-20 15:41:20,304 - INFO -   batch 340/381 | loss=0.0678 mse=0.0523 sym=0.0000 phy=0.0194 | 30.7s
2026-06-20 15:41:21,216 - INFO -   batch 350/381 | loss=0.0801 mse=0.0631 sym=0.0000 phy=0.0194 | 31.6s
2026-06-20 15:41:22,113 - INFO -   batch 360/381 | loss=0.0735 mse=0.0506 sym=0.0000 phy=0.0194 | 32.5s
2026-06-20 15:41:22,994 - INFO -   batch 370/381 | loss=0.0690 mse=0.0468 sym=0.0000 phy=0.0194 | 33.4s
2026-06-20 15:41:23,883 - INFO -   batch 380/381 | loss=0.0833 mse=0.0613 sym=0.0000 phy=0.0194 | 34.3s
2026-06-20 15:41:26,082 - INFO -   batch   1/381 | loss=0.0595 mse=0.0376 sym=0.0000 phy=0.0219 | 0.2s
2026-06-20 15:41:26,895 - INFO -   batch  10/381 | loss=0.0694 mse=0.0513 sym=0.0000 phy=0.0206 | 1.0s
2026-06-20 15:41:27,791 - INFO -   batch  20/381 | loss=0.0622 mse=0.0444 sym=0.0000 phy=0.0203 | 1.9s
2026-06-20 15:41:28,681 - INFO -   batch  30/381 | loss=0.0683 mse=0.0499 sym=0.0000 phy=0.0199 | 2.8s
2026-06-20 15:41:29,597 - INFO -   batch  40/381 | loss=0.0803 mse=0.0533 sym=0.0000 phy=0.0195 | 3.7s
2026-06-20 15:41:30,489 - INFO -   batch  50/381 | loss=0.0739 mse=0.0575 sym=0.0000 phy=0.0195 | 4.6s
2026-06-20 15:41:31,406 - INFO -   batch  60/381 | loss=0.0938 mse=0.0765 sym=0.0000 phy=0.0194 | 5.5s
2026-06-20 15:41:32,301 - INFO -   batch  70/381 | loss=0.0823 mse=0.0607 sym=0.0000 phy=0.0198 | 6.4s
2026-06-20 15:41:33,214 - INFO -   batch  80/381 | loss=0.0699 mse=0.0430 sym=0.0000 phy=0.0200 | 7.3s
2026-06-20 15:41:34,104 - INFO -   batch  90/381 | loss=0.0725 mse=0.0526 sym=0.0000 phy=0.0199 | 8.2s
2026-06-20 15:41:35,001 - INFO -   batch 100/381 | loss=0.0666 mse=0.0481 sym=0.0000 phy=0.0200 | 9.1s
2026-06-20 15:41:35,910 - INFO -   batch 110/381 | loss=0.0545 mse=0.0368 sym=0.0000 phy=0.0199 | 10.0s
2026-06-20 15:41:36,804 - INFO -   batch 120/381 | loss=0.0624 mse=0.0472 sym=0.0000 phy=0.0199 | 10.9s
2026-06-20 15:41:37,714 - INFO -   batch 130/381 | loss=0.0647 mse=0.0444 sym=0.0000 phy=0.0200 | 11.8s
2026-06-20 15:41:38,600 - INFO -   batch 140/381 | loss=0.0739 mse=0.0508 sym=0.0000 phy=0.0199 | 12.7s
2026-06-20 15:41:39,483 - INFO -   batch 150/381 | loss=0.0790 mse=0.0617 sym=0.0000 phy=0.0198 | 13.6s
2026-06-20 15:41:40,363 - INFO -   batch 160/381 | loss=0.0701 mse=0.0516 sym=0.0000 phy=0.0198 | 14.5s
2026-06-20 15:41:41,292 - INFO -   batch 170/381 | loss=0.0752 mse=0.0501 sym=0.0000 phy=0.0198 | 15.4s
2026-06-20 15:41:42,218 - INFO -   batch 180/381 | loss=0.0722 mse=0.0511 sym=0.0000 phy=0.0198 | 16.3s
2026-06-20 15:41:43,102 - INFO -   batch 190/381 | loss=0.0783 mse=0.0655 sym=0.0000 phy=0.0198 | 17.2s
2026-06-20 15:41:43,983 - INFO -   batch 200/381 | loss=0.0744 mse=0.0587 sym=0.0000 phy=0.0197 | 18.1s
2026-06-20 15:41:44,892 - INFO -   batch 210/381 | loss=0.0913 mse=0.0699 sym=0.0000 phy=0.0196 | 19.0s
2026-06-20 15:41:45,788 - INFO -   batch 220/381 | loss=0.0686 mse=0.0507 sym=0.0000 phy=0.0197 | 19.9s
2026-06-20 15:41:46,680 - INFO -   batch 230/381 | loss=0.0690 mse=0.0477 sym=0.0000 phy=0.0197 | 20.8s
2026-06-20 15:41:47,587 - INFO -   batch 240/381 | loss=0.0720 mse=0.0549 sym=0.0000 phy=0.0198 | 21.7s
2026-06-20 15:41:48,483 - INFO -   batch 250/381 | loss=0.0680 mse=0.0481 sym=0.0000 phy=0.0198 | 22.6s
2026-06-20 15:41:49,363 - INFO -   batch 260/381 | loss=0.0895 mse=0.0730 sym=0.0000 phy=0.0197 | 23.5s
2026-06-20 15:41:50,268 - INFO -   batch 270/381 | loss=0.0770 mse=0.0548 sym=0.0000 phy=0.0197 | 24.4s
2026-06-20 15:41:51,195 - INFO -   batch 280/381 | loss=0.0801 mse=0.0565 sym=0.0000 phy=0.0197 | 25.3s
2026-06-20 15:41:52,100 - INFO -   batch 290/381 | loss=0.0863 mse=0.0640 sym=0.0000 phy=0.0197 | 26.2s
2026-06-20 15:41:52,992 - INFO -   batch 300/381 | loss=0.0631 mse=0.0455 sym=0.0000 phy=0.0196 | 27.1s
2026-06-20 15:41:53,903 - INFO -   batch 310/381 | loss=0.0608 mse=0.0463 sym=0.0000 phy=0.0196 | 28.0s
2026-06-20 15:41:54,796 - INFO -   batch 320/381 | loss=0.0556 mse=0.0377 sym=0.0000 phy=0.0195 | 28.9s
2026-06-20 15:41:55,687 - INFO -   batch 330/381 | loss=0.0718 mse=0.0541 sym=0.0000 phy=0.0195 | 29.8s
2026-06-20 15:41:56,588 - INFO -   batch 340/381 | loss=0.0806 mse=0.0636 sym=0.0000 phy=0.0195 | 30.7s
2026-06-20 15:41:57,486 - INFO -   batch 350/381 | loss=0.0657 mse=0.0543 sym=0.0000 phy=0.0194 | 31.6s
2026-06-20 15:41:58,393 - INFO -   batch 360/381 | loss=0.0657 mse=0.0437 sym=0.0000 phy=0.0194 | 32.5s
2026-06-20 15:41:59,280 - INFO -   batch 370/381 | loss=0.0649 mse=0.0464 sym=0.0000 phy=0.0194 | 33.4s
2026-06-20 15:42:00,163 - INFO -   batch 380/381 | loss=0.0766 mse=0.0631 sym=0.0000 phy=0.0194 | 34.3s
2026-06-20 15:42:02,345 - INFO -   batch   1/381 | loss=0.0808 mse=0.0581 sym=0.0000 phy=0.0227 | 0.2s
2026-06-20 15:42:03,147 - INFO -   batch  10/381 | loss=0.0863 mse=0.0638 sym=0.0000 phy=0.0205 | 1.0s
2026-06-20 15:42:04,055 - INFO -   batch  20/381 | loss=0.0762 mse=0.0615 sym=0.0000 phy=0.0202 | 1.9s
2026-06-20 15:42:04,959 - INFO -   batch  30/381 | loss=0.0834 mse=0.0559 sym=0.0000 phy=0.0199 | 2.8s
2026-06-20 15:42:05,863 - INFO -   batch  40/381 | loss=0.0696 mse=0.0443 sym=0.0000 phy=0.0202 | 3.7s
2026-06-20 15:42:06,754 - INFO -   batch  50/381 | loss=0.0715 mse=0.0530 sym=0.0000 phy=0.0205 | 4.6s
2026-06-20 15:42:07,641 - INFO -   batch  60/381 | loss=0.0633 mse=0.0384 sym=0.0000 phy=0.0205 | 5.5s
2026-06-20 15:42:08,542 - INFO -   batch  70/381 | loss=0.0693 mse=0.0533 sym=0.0000 phy=0.0203 | 6.4s
2026-06-20 15:42:09,429 - INFO -   batch  80/381 | loss=0.0764 mse=0.0541 sym=0.0000 phy=0.0203 | 7.3s
2026-06-20 15:42:10,320 - INFO -   batch  90/381 | loss=0.0778 mse=0.0535 sym=0.0000 phy=0.0200 | 8.1s
2026-06-20 15:42:11,223 - INFO -   batch 100/381 | loss=0.0710 mse=0.0517 sym=0.0000 phy=0.0200 | 9.0s
2026-06-20 15:42:12,114 - INFO -   batch 110/381 | loss=0.0879 mse=0.0734 sym=0.0000 phy=0.0198 | 9.9s
2026-06-20 15:42:13,007 - INFO -   batch 120/381 | loss=0.0688 mse=0.0527 sym=0.0000 phy=0.0196 | 10.8s
2026-06-20 15:42:13,932 - INFO -   batch 130/381 | loss=0.0710 mse=0.0561 sym=0.0000 phy=0.0194 | 11.8s
2026-06-20 15:42:14,848 - INFO -   batch 140/381 | loss=0.0516 mse=0.0366 sym=0.0000 phy=0.0194 | 12.7s
2026-06-20 15:42:15,738 - INFO -   batch 150/381 | loss=0.0819 mse=0.0619 sym=0.0000 phy=0.0194 | 13.6s
2026-06-20 15:42:16,625 - INFO -   batch 160/381 | loss=0.0589 mse=0.0421 sym=0.0000 phy=0.0194 | 14.5s
2026-06-20 15:42:17,532 - INFO -   batch 170/381 | loss=0.0753 mse=0.0488 sym=0.0000 phy=0.0196 | 15.4s
2026-06-20 15:42:18,423 - INFO -   batch 180/381 | loss=0.0740 mse=0.0477 sym=0.0000 phy=0.0197 | 16.3s
2026-06-20 15:42:19,306 - INFO -   batch 190/381 | loss=0.0626 mse=0.0473 sym=0.0000 phy=0.0197 | 17.1s
2026-06-20 15:42:20,207 - INFO -   batch 200/381 | loss=0.0708 mse=0.0577 sym=0.0000 phy=0.0195 | 18.0s
2026-06-20 15:42:21,100 - INFO -   batch 210/381 | loss=0.0821 mse=0.0568 sym=0.0000 phy=0.0194 | 18.9s
2026-06-20 15:42:21,980 - INFO -   batch 220/381 | loss=0.0653 mse=0.0476 sym=0.0000 phy=0.0194 | 19.8s
2026-06-20 15:42:22,882 - INFO -   batch 230/381 | loss=0.0603 mse=0.0487 sym=0.0000 phy=0.0193 | 20.7s
2026-06-20 15:42:23,812 - INFO -   batch 240/381 | loss=0.0617 mse=0.0456 sym=0.0000 phy=0.0194 | 21.6s
2026-06-20 15:42:24,730 - INFO -   batch 250/381 | loss=0.0776 mse=0.0536 sym=0.0000 phy=0.0193 | 22.6s
2026-06-20 15:42:25,632 - INFO -   batch 260/381 | loss=0.0849 mse=0.0538 sym=0.0000 phy=0.0193 | 23.5s
2026-06-20 15:42:26,520 - INFO -   batch 270/381 | loss=0.0658 mse=0.0458 sym=0.0000 phy=0.0194 | 24.3s
2026-06-20 15:42:27,420 - INFO -   batch 280/381 | loss=0.0678 mse=0.0515 sym=0.0000 phy=0.0194 | 25.2s
2026-06-20 15:42:28,298 - INFO -   batch 290/381 | loss=0.0629 mse=0.0445 sym=0.0000 phy=0.0192 | 26.1s
2026-06-20 15:42:29,202 - INFO -   batch 300/381 | loss=0.0830 mse=0.0608 sym=0.0000 phy=0.0193 | 27.0s
2026-06-20 15:42:30,092 - INFO -   batch 310/381 | loss=0.0784 mse=0.0479 sym=0.0000 phy=0.0193 | 27.9s
2026-06-20 15:42:30,987 - INFO -   batch 320/381 | loss=0.0568 mse=0.0369 sym=0.0000 phy=0.0193 | 28.8s
2026-06-20 15:42:31,890 - INFO -   batch 330/381 | loss=0.0707 mse=0.0490 sym=0.0000 phy=0.0194 | 29.7s
2026-06-20 15:42:32,954 - INFO -   batch 340/381 | loss=0.0480 mse=0.0315 sym=0.0000 phy=0.0193 | 30.8s
2026-06-20 15:42:33,874 - INFO -   batch 350/381 | loss=0.0806 mse=0.0634 sym=0.0000 phy=0.0193 | 31.7s
2026-06-20 15:42:34,782 - INFO -   batch 360/381 | loss=0.0853 mse=0.0688 sym=0.0000 phy=0.0193 | 32.6s
2026-06-20 15:42:35,718 - INFO -   batch 370/381 | loss=0.0861 mse=0.0589 sym=0.0000 phy=0.0194 | 33.5s
2026-06-20 15:42:36,619 - INFO -   batch 380/381 | loss=0.0723 mse=0.0506 sym=0.0000 phy=0.0193 | 34.4s
2026-06-20 15:42:38,878 - INFO -   batch   1/381 | loss=0.0916 mse=0.0636 sym=0.0000 phy=0.0279 | 0.2s
2026-06-20 15:42:39,709 - INFO -   batch  10/381 | loss=0.0745 mse=0.0528 sym=0.0000 phy=0.0230 | 1.0s
2026-06-20 15:42:40,620 - INFO -   batch  20/381 | loss=0.0848 mse=0.0671 sym=0.0000 phy=0.0210 | 1.9s
2026-06-20 15:42:41,531 - INFO -   batch  30/381 | loss=0.0641 mse=0.0420 sym=0.0000 phy=0.0195 | 2.8s
2026-06-20 15:42:42,425 - INFO -   batch  40/381 | loss=0.0719 mse=0.0495 sym=0.0000 phy=0.0194 | 3.7s
2026-06-20 15:42:43,307 - INFO -   batch  50/381 | loss=0.0699 mse=0.0511 sym=0.0000 phy=0.0195 | 4.6s
2026-06-20 15:42:44,206 - INFO -   batch  60/381 | loss=0.0859 mse=0.0587 sym=0.0000 phy=0.0201 | 5.5s
2026-06-20 15:42:45,108 - INFO -   batch  70/381 | loss=0.0666 mse=0.0506 sym=0.0000 phy=0.0202 | 6.4s
2026-06-20 15:42:46,003 - INFO -   batch  80/381 | loss=0.0700 mse=0.0513 sym=0.0000 phy=0.0200 | 7.3s
2026-06-20 15:42:46,917 - INFO -   batch  90/381 | loss=0.0985 mse=0.0774 sym=0.0000 phy=0.0203 | 8.2s
2026-06-20 15:42:47,805 - INFO -   batch 100/381 | loss=0.0642 mse=0.0421 sym=0.0000 phy=0.0201 | 9.1s
2026-06-20 15:42:48,687 - INFO -   batch 110/381 | loss=0.0534 mse=0.0398 sym=0.0000 phy=0.0200 | 10.0s
2026-06-20 15:42:49,629 - INFO -   batch 120/381 | loss=0.0622 mse=0.0483 sym=0.0000 phy=0.0199 | 10.9s
2026-06-20 15:42:50,540 - INFO -   batch 130/381 | loss=0.0761 mse=0.0541 sym=0.0000 phy=0.0199 | 11.8s
2026-06-20 15:42:51,426 - INFO -   batch 140/381 | loss=0.0698 mse=0.0527 sym=0.0000 phy=0.0197 | 12.7s
2026-06-20 15:42:52,315 - INFO -   batch 150/381 | loss=0.0768 mse=0.0551 sym=0.0000 phy=0.0196 | 13.6s
2026-06-20 15:42:53,223 - INFO -   batch 160/381 | loss=0.0671 mse=0.0482 sym=0.0000 phy=0.0196 | 14.5s
2026-06-20 15:42:54,107 - INFO -   batch 170/381 | loss=0.0841 mse=0.0635 sym=0.0000 phy=0.0197 | 15.4s
2026-06-20 15:42:55,007 - INFO -   batch 180/381 | loss=0.0730 mse=0.0544 sym=0.0000 phy=0.0196 | 16.3s
2026-06-20 15:42:55,909 - INFO -   batch 190/381 | loss=0.0865 mse=0.0693 sym=0.0000 phy=0.0197 | 17.2s
2026-06-20 15:42:56,801 - INFO -   batch 200/381 | loss=0.0850 mse=0.0690 sym=0.0000 phy=0.0197 | 18.1s
2026-06-20 15:42:57,716 - INFO -   batch 210/381 | loss=0.0595 mse=0.0435 sym=0.0000 phy=0.0196 | 19.0s
2026-06-20 15:42:58,625 - INFO -   batch 220/381 | loss=0.0655 mse=0.0473 sym=0.0000 phy=0.0197 | 19.9s
2026-06-20 15:42:59,564 - INFO -   batch 230/381 | loss=0.0772 mse=0.0622 sym=0.0000 phy=0.0196 | 20.9s
2026-06-20 15:43:00,468 - INFO -   batch 240/381 | loss=0.0645 mse=0.0420 sym=0.0000 phy=0.0197 | 21.8s
2026-06-20 15:43:01,353 - INFO -   batch 250/381 | loss=0.0738 mse=0.0540 sym=0.0000 phy=0.0196 | 22.6s
2026-06-20 15:43:02,236 - INFO -   batch 260/381 | loss=0.0617 mse=0.0431 sym=0.0000 phy=0.0197 | 23.5s
2026-06-20 15:43:03,112 - INFO -   batch 270/381 | loss=0.0673 mse=0.0449 sym=0.0000 phy=0.0197 | 24.4s
2026-06-20 15:43:03,994 - INFO -   batch 280/381 | loss=0.0695 mse=0.0505 sym=0.0000 phy=0.0196 | 25.3s
2026-06-20 15:43:04,863 - INFO -   batch 290/381 | loss=0.0667 mse=0.0496 sym=0.0000 phy=0.0195 | 26.2s
2026-06-20 15:43:05,758 - INFO -   batch 300/381 | loss=0.0838 mse=0.0686 sym=0.0000 phy=0.0195 | 27.1s
2026-06-20 15:43:06,653 - INFO -   batch 310/381 | loss=0.0461 mse=0.0336 sym=0.0000 phy=0.0195 | 27.9s
2026-06-20 15:43:07,600 - INFO -   batch 320/381 | loss=0.0643 mse=0.0483 sym=0.0000 phy=0.0194 | 28.9s
2026-06-20 15:43:08,514 - INFO -   batch 330/381 | loss=0.0810 mse=0.0547 sym=0.0000 phy=0.0194 | 29.8s
2026-06-20 15:43:09,413 - INFO -   batch 340/381 | loss=0.0746 mse=0.0551 sym=0.0000 phy=0.0194 | 30.7s
2026-06-20 15:43:10,290 - INFO -   batch 350/381 | loss=0.0766 mse=0.0541 sym=0.0000 phy=0.0194 | 31.6s
2026-06-20 15:43:11,165 - INFO -   batch 360/381 | loss=0.1247 mse=0.0965 sym=0.0000 phy=0.0194 | 32.5s
2026-06-20 15:43:12,053 - INFO -   batch 370/381 | loss=0.0819 mse=0.0597 sym=0.0000 phy=0.0194 | 33.3s
2026-06-20 15:43:12,951 - INFO -   batch 380/381 | loss=0.0702 mse=0.0527 sym=0.0000 phy=0.0194 | 34.2s
2026-06-20 15:43:14,915 - INFO - Epoch  40/50 | Loss=0.0730 MSE=0.0536 Sym=0.0000 Phy=0.0194 | Val RMSE=0.2306 ρ=0.333 | 36s
2026-06-20 15:43:15,091 - INFO -   batch   1/381 | loss=0.0742 mse=0.0618 sym=0.0000 phy=0.0124 | 0.2s
2026-06-20 15:43:15,889 - INFO -   batch  10/381 | loss=0.0885 mse=0.0700 sym=0.0000 phy=0.0197 | 1.0s
2026-06-20 15:43:16,783 - INFO -   batch  20/381 | loss=0.0591 mse=0.0435 sym=0.0000 phy=0.0188 | 1.9s
2026-06-20 15:43:17,695 - INFO -   batch  30/381 | loss=0.1014 mse=0.0884 sym=0.0000 phy=0.0191 | 2.8s
2026-06-20 15:43:18,632 - INFO -   batch  40/381 | loss=0.0700 mse=0.0542 sym=0.0000 phy=0.0195 | 3.7s
2026-06-20 15:43:19,532 - INFO -   batch  50/381 | loss=0.0692 mse=0.0511 sym=0.0000 phy=0.0190 | 4.6s
2026-06-20 15:43:20,407 - INFO -   batch  60/381 | loss=0.0564 mse=0.0414 sym=0.0000 phy=0.0192 | 5.5s
2026-06-20 15:43:21,295 - INFO -   batch  70/381 | loss=0.0674 mse=0.0507 sym=0.0000 phy=0.0189 | 6.4s
2026-06-20 15:43:22,189 - INFO -   batch  80/381 | loss=0.0613 mse=0.0471 sym=0.0000 phy=0.0188 | 7.3s
2026-06-20 15:43:23,101 - INFO -   batch  90/381 | loss=0.0576 mse=0.0455 sym=0.0000 phy=0.0183 | 8.2s
2026-06-20 15:43:23,982 - INFO -   batch 100/381 | loss=0.0557 mse=0.0375 sym=0.0000 phy=0.0183 | 9.1s
2026-06-20 15:43:24,868 - INFO -   batch 110/381 | loss=0.0748 mse=0.0518 sym=0.0000 phy=0.0185 | 10.0s
2026-06-20 15:43:25,756 - INFO -   batch 120/381 | loss=0.0676 mse=0.0458 sym=0.0000 phy=0.0187 | 10.8s
2026-06-20 15:43:26,672 - INFO -   batch 130/381 | loss=0.0904 mse=0.0725 sym=0.0000 phy=0.0187 | 11.8s
2026-06-20 15:43:27,569 - INFO -   batch 140/381 | loss=0.0752 mse=0.0553 sym=0.0000 phy=0.0188 | 12.7s
2026-06-20 15:43:28,450 - INFO -   batch 150/381 | loss=0.0868 mse=0.0602 sym=0.0000 phy=0.0189 | 13.5s
2026-06-20 15:43:29,340 - INFO -   batch 160/381 | loss=0.0699 mse=0.0504 sym=0.0000 phy=0.0191 | 14.4s
2026-06-20 15:43:30,250 - INFO -   batch 170/381 | loss=0.1078 mse=0.0781 sym=0.0000 phy=0.0193 | 15.3s
2026-06-20 15:43:31,114 - INFO -   batch 180/381 | loss=0.0778 mse=0.0615 sym=0.0000 phy=0.0193 | 16.2s
2026-06-20 15:43:32,033 - INFO -   batch 190/381 | loss=0.0965 mse=0.0663 sym=0.0000 phy=0.0193 | 17.1s
2026-06-20 15:43:32,931 - INFO -   batch 200/381 | loss=0.0648 mse=0.0502 sym=0.0000 phy=0.0192 | 18.0s
2026-06-20 15:43:33,847 - INFO -   batch 210/381 | loss=0.0881 mse=0.0667 sym=0.0000 phy=0.0192 | 18.9s
2026-06-20 15:43:34,750 - INFO -   batch 220/381 | loss=0.0932 mse=0.0752 sym=0.0000 phy=0.0191 | 19.8s
2026-06-20 15:43:35,695 - INFO -   batch 230/381 | loss=0.0875 mse=0.0643 sym=0.0000 phy=0.0192 | 20.8s
2026-06-20 15:43:36,609 - INFO -   batch 240/381 | loss=0.0817 mse=0.0572 sym=0.0000 phy=0.0193 | 21.7s
2026-06-20 15:43:37,489 - INFO -   batch 250/381 | loss=0.0792 mse=0.0624 sym=0.0000 phy=0.0193 | 22.6s
2026-06-20 15:43:38,409 - INFO -   batch 260/381 | loss=0.0972 mse=0.0784 sym=0.0000 phy=0.0195 | 23.5s
2026-06-20 15:43:39,330 - INFO -   batch 270/381 | loss=0.0551 mse=0.0355 sym=0.0000 phy=0.0194 | 24.4s
2026-06-20 15:43:40,225 - INFO -   batch 280/381 | loss=0.0627 mse=0.0461 sym=0.0000 phy=0.0195 | 25.3s
2026-06-20 15:43:41,114 - INFO -   batch 290/381 | loss=0.0814 mse=0.0544 sym=0.0000 phy=0.0195 | 26.2s
2026-06-20 15:43:42,017 - INFO -   batch 300/381 | loss=0.0864 mse=0.0649 sym=0.0000 phy=0.0196 | 27.1s
2026-06-20 15:43:42,933 - INFO -   batch 310/381 | loss=0.0916 mse=0.0736 sym=0.0000 phy=0.0196 | 28.0s
2026-06-20 15:43:43,807 - INFO -   batch 320/381 | loss=0.0748 mse=0.0546 sym=0.0000 phy=0.0195 | 28.9s
2026-06-20 15:43:44,728 - INFO -   batch 330/381 | loss=0.0667 mse=0.0470 sym=0.0000 phy=0.0195 | 29.8s
2026-06-20 15:43:45,627 - INFO -   batch 340/381 | loss=0.0758 mse=0.0581 sym=0.0000 phy=0.0195 | 30.7s
2026-06-20 15:43:46,517 - INFO -   batch 350/381 | loss=0.0728 mse=0.0532 sym=0.0000 phy=0.0195 | 31.6s
2026-06-20 15:43:47,435 - INFO -   batch 360/381 | loss=0.0551 mse=0.0395 sym=0.0000 phy=0.0194 | 32.5s
2026-06-20 15:43:48,337 - INFO -   batch 370/381 | loss=0.0633 mse=0.0478 sym=0.0000 phy=0.0194 | 33.4s
2026-06-20 15:43:49,237 - INFO -   batch 380/381 | loss=0.0906 mse=0.0598 sym=0.0000 phy=0.0194 | 34.3s
2026-06-20 15:43:51,409 - INFO -   batch   1/381 | loss=0.0919 mse=0.0696 sym=0.0000 phy=0.0223 | 0.2s
2026-06-20 15:43:52,221 - INFO -   batch  10/381 | loss=0.0732 mse=0.0504 sym=0.0000 phy=0.0204 | 1.0s
2026-06-20 15:43:53,125 - INFO -   batch  20/381 | loss=0.0613 mse=0.0418 sym=0.0000 phy=0.0193 | 1.9s
2026-06-20 15:43:54,020 - INFO -   batch  30/381 | loss=0.0682 mse=0.0489 sym=0.0000 phy=0.0198 | 2.8s
2026-06-20 15:43:54,911 - INFO -   batch  40/381 | loss=0.0791 mse=0.0588 sym=0.0000 phy=0.0203 | 3.7s
2026-06-20 15:43:55,810 - INFO -   batch  50/381 | loss=0.0735 mse=0.0488 sym=0.0000 phy=0.0198 | 4.6s
2026-06-20 15:43:56,712 - INFO -   batch  60/381 | loss=0.0800 mse=0.0550 sym=0.0000 phy=0.0201 | 5.5s
2026-06-20 15:43:57,645 - INFO -   batch  70/381 | loss=0.0717 mse=0.0545 sym=0.0000 phy=0.0196 | 6.4s
2026-06-20 15:43:58,557 - INFO -   batch  80/381 | loss=0.0794 mse=0.0603 sym=0.0000 phy=0.0199 | 7.3s
2026-06-20 15:43:59,468 - INFO -   batch  90/381 | loss=0.0921 mse=0.0693 sym=0.0000 phy=0.0201 | 8.2s
2026-06-20 15:44:00,352 - INFO -   batch 100/381 | loss=0.0753 mse=0.0562 sym=0.0000 phy=0.0200 | 9.1s
2026-06-20 15:44:01,241 - INFO -   batch 110/381 | loss=0.0699 mse=0.0525 sym=0.0000 phy=0.0198 | 10.0s
2026-06-20 15:44:02,146 - INFO -   batch 120/381 | loss=0.0927 mse=0.0626 sym=0.0000 phy=0.0200 | 10.9s
2026-06-20 15:44:03,046 - INFO -   batch 130/381 | loss=0.1089 mse=0.0826 sym=0.0000 phy=0.0199 | 11.8s
2026-06-20 15:44:03,942 - INFO -   batch 140/381 | loss=0.0751 mse=0.0557 sym=0.0000 phy=0.0199 | 12.7s
2026-06-20 15:44:04,849 - INFO -   batch 150/381 | loss=0.0652 mse=0.0471 sym=0.0000 phy=0.0200 | 13.6s
2026-06-20 15:44:05,741 - INFO -   batch 160/381 | loss=0.0707 mse=0.0530 sym=0.0000 phy=0.0199 | 14.5s
2026-06-20 15:44:06,634 - INFO -   batch 170/381 | loss=0.0597 mse=0.0421 sym=0.0000 phy=0.0200 | 15.4s
2026-06-20 15:44:07,579 - INFO -   batch 180/381 | loss=0.0767 mse=0.0604 sym=0.0000 phy=0.0199 | 16.3s
2026-06-20 15:44:08,502 - INFO -   batch 190/381 | loss=0.0688 mse=0.0557 sym=0.0000 phy=0.0198 | 17.3s
2026-06-20 15:44:09,390 - INFO -   batch 200/381 | loss=0.0697 mse=0.0554 sym=0.0000 phy=0.0198 | 18.2s
2026-06-20 15:44:10,279 - INFO -   batch 210/381 | loss=0.0648 mse=0.0447 sym=0.0000 phy=0.0197 | 19.0s
2026-06-20 15:44:11,200 - INFO -   batch 220/381 | loss=0.0672 mse=0.0550 sym=0.0000 phy=0.0196 | 20.0s
2026-06-20 15:44:12,086 - INFO -   batch 230/381 | loss=0.0837 mse=0.0615 sym=0.0000 phy=0.0197 | 20.9s
2026-06-20 15:44:12,971 - INFO -   batch 240/381 | loss=0.0684 mse=0.0377 sym=0.0000 phy=0.0199 | 21.7s
2026-06-20 15:44:13,864 - INFO -   batch 250/381 | loss=0.0804 mse=0.0607 sym=0.0000 phy=0.0198 | 22.6s
2026-06-20 15:44:14,755 - INFO -   batch 260/381 | loss=0.0773 mse=0.0449 sym=0.0000 phy=0.0200 | 23.5s
2026-06-20 15:44:15,648 - INFO -   batch 270/381 | loss=0.0717 mse=0.0509 sym=0.0000 phy=0.0200 | 24.4s
2026-06-20 15:44:16,566 - INFO -   batch 280/381 | loss=0.0667 mse=0.0513 sym=0.0000 phy=0.0199 | 25.3s
2026-06-20 15:44:17,497 - INFO -   batch 290/381 | loss=0.0938 mse=0.0776 sym=0.0000 phy=0.0198 | 26.3s
2026-06-20 15:44:18,406 - INFO -   batch 300/381 | loss=0.0708 mse=0.0554 sym=0.0000 phy=0.0198 | 27.2s
2026-06-20 15:44:19,292 - INFO -   batch 310/381 | loss=0.0757 mse=0.0569 sym=0.0000 phy=0.0197 | 28.1s
2026-06-20 15:44:20,176 - INFO -   batch 320/381 | loss=0.0706 mse=0.0504 sym=0.0000 phy=0.0197 | 28.9s
2026-06-20 15:44:21,087 - INFO -   batch 330/381 | loss=0.0622 mse=0.0461 sym=0.0000 phy=0.0197 | 29.9s
2026-06-20 15:44:21,995 - INFO -   batch 340/381 | loss=0.0790 mse=0.0581 sym=0.0000 phy=0.0197 | 30.8s
2026-06-20 15:44:22,897 - INFO -   batch 350/381 | loss=0.0814 mse=0.0590 sym=0.0000 phy=0.0196 | 31.7s
2026-06-20 15:44:23,813 - INFO -   batch 360/381 | loss=0.0894 mse=0.0647 sym=0.0000 phy=0.0196 | 32.6s
2026-06-20 15:44:24,729 - INFO -   batch 370/381 | loss=0.0627 mse=0.0468 sym=0.0000 phy=0.0195 | 33.5s
2026-06-20 15:44:25,633 - INFO -   batch 380/381 | loss=0.0705 mse=0.0529 sym=0.0000 phy=0.0195 | 34.4s
2026-06-20 15:44:27,802 - INFO -   batch   1/381 | loss=0.0713 mse=0.0569 sym=0.0000 phy=0.0144 | 0.2s
2026-06-20 15:44:28,613 - INFO -   batch  10/381 | loss=0.0748 mse=0.0512 sym=0.0000 phy=0.0169 | 1.0s
2026-06-20 15:44:29,521 - INFO -   batch  20/381 | loss=0.0763 mse=0.0562 sym=0.0000 phy=0.0181 | 1.9s
2026-06-20 15:44:30,445 - INFO -   batch  30/381 | loss=0.0935 mse=0.0787 sym=0.0000 phy=0.0190 | 2.8s
2026-06-20 15:44:31,326 - INFO -   batch  40/381 | loss=0.0706 mse=0.0471 sym=0.0000 phy=0.0192 | 3.7s
2026-06-20 15:44:32,225 - INFO -   batch  50/381 | loss=0.0754 mse=0.0542 sym=0.0000 phy=0.0189 | 4.6s
2026-06-20 15:44:33,118 - INFO -   batch  60/381 | loss=0.0606 mse=0.0412 sym=0.0000 phy=0.0188 | 5.5s
2026-06-20 15:44:34,020 - INFO -   batch  70/381 | loss=0.0946 mse=0.0736 sym=0.0000 phy=0.0188 | 6.4s
2026-06-20 15:44:34,934 - INFO -   batch  80/381 | loss=0.0640 mse=0.0493 sym=0.0000 phy=0.0188 | 7.3s
2026-06-20 15:44:35,827 - INFO -   batch  90/381 | loss=0.0490 mse=0.0301 sym=0.0000 phy=0.0189 | 8.2s
2026-06-20 15:44:36,735 - INFO -   batch 100/381 | loss=0.0744 mse=0.0569 sym=0.0000 phy=0.0188 | 9.1s
2026-06-20 15:44:37,611 - INFO -   batch 110/381 | loss=0.0901 mse=0.0744 sym=0.0000 phy=0.0188 | 10.0s
2026-06-20 15:44:38,505 - INFO -   batch 120/381 | loss=0.0928 mse=0.0722 sym=0.0000 phy=0.0187 | 10.9s
2026-06-20 15:44:39,418 - INFO -   batch 130/381 | loss=0.0569 mse=0.0398 sym=0.0000 phy=0.0187 | 11.8s
2026-06-20 15:44:40,315 - INFO -   batch 140/381 | loss=0.0789 mse=0.0615 sym=0.0000 phy=0.0187 | 12.7s
2026-06-20 15:44:41,222 - INFO -   batch 150/381 | loss=0.0643 mse=0.0473 sym=0.0000 phy=0.0187 | 13.6s
2026-06-20 15:44:42,125 - INFO -   batch 160/381 | loss=0.0751 mse=0.0472 sym=0.0000 phy=0.0188 | 14.5s
2026-06-20 15:44:43,043 - INFO -   batch 170/381 | loss=0.0688 mse=0.0477 sym=0.0000 phy=0.0188 | 15.4s
2026-06-20 15:44:43,918 - INFO -   batch 180/381 | loss=0.0682 mse=0.0488 sym=0.0000 phy=0.0187 | 16.3s
2026-06-20 15:44:44,820 - INFO -   batch 190/381 | loss=0.0747 mse=0.0591 sym=0.0000 phy=0.0186 | 17.2s
2026-06-20 15:44:45,711 - INFO -   batch 200/381 | loss=0.0392 mse=0.0257 sym=0.0000 phy=0.0186 | 18.1s
2026-06-20 15:44:46,615 - INFO -   batch 210/381 | loss=0.0726 mse=0.0577 sym=0.0000 phy=0.0186 | 19.0s
2026-06-20 15:44:47,521 - INFO -   batch 220/381 | loss=0.0858 mse=0.0638 sym=0.0000 phy=0.0186 | 19.9s
2026-06-20 15:44:48,421 - INFO -   batch 230/381 | loss=0.0923 mse=0.0625 sym=0.0000 phy=0.0188 | 20.8s
2026-06-20 15:44:49,348 - INFO -   batch 240/381 | loss=0.0803 mse=0.0571 sym=0.0000 phy=0.0189 | 21.7s
2026-06-20 15:44:50,257 - INFO -   batch 250/381 | loss=0.0577 mse=0.0449 sym=0.0000 phy=0.0190 | 22.6s
2026-06-20 15:44:51,158 - INFO -   batch 260/381 | loss=0.0897 mse=0.0671 sym=0.0000 phy=0.0190 | 23.5s
2026-06-20 15:44:52,056 - INFO -   batch 270/381 | loss=0.0548 mse=0.0331 sym=0.0000 phy=0.0191 | 24.4s
2026-06-20 15:44:52,957 - INFO -   batch 280/381 | loss=0.0614 mse=0.0440 sym=0.0000 phy=0.0190 | 25.3s
2026-06-20 15:44:53,867 - INFO -   batch 290/381 | loss=0.0679 mse=0.0477 sym=0.0000 phy=0.0190 | 26.2s
2026-06-20 15:44:54,753 - INFO -   batch 300/381 | loss=0.0572 mse=0.0467 sym=0.0000 phy=0.0190 | 27.1s
2026-06-20 15:44:55,642 - INFO -   batch 310/381 | loss=0.0825 mse=0.0661 sym=0.0000 phy=0.0190 | 28.0s
2026-06-20 15:44:56,530 - INFO -   batch 320/381 | loss=0.0641 mse=0.0472 sym=0.0000 phy=0.0190 | 28.9s
2026-06-20 15:44:57,436 - INFO -   batch 330/381 | loss=0.0601 mse=0.0375 sym=0.0000 phy=0.0190 | 29.8s
2026-06-20 15:44:58,338 - INFO -   batch 340/381 | loss=0.0643 mse=0.0462 sym=0.0000 phy=0.0190 | 30.7s
2026-06-20 15:44:59,259 - INFO -   batch 350/381 | loss=0.0643 mse=0.0499 sym=0.0000 phy=0.0191 | 31.6s
2026-06-20 15:45:00,171 - INFO -   batch 360/381 | loss=0.0622 mse=0.0498 sym=0.0000 phy=0.0191 | 32.5s
2026-06-20 15:45:01,082 - INFO -   batch 370/381 | loss=0.0714 mse=0.0530 sym=0.0000 phy=0.0192 | 33.5s
2026-06-20 15:45:01,980 - INFO -   batch 380/381 | loss=0.0665 mse=0.0490 sym=0.0000 phy=0.0192 | 34.4s
2026-06-20 15:45:04,221 - INFO -   batch   1/381 | loss=0.1064 mse=0.0790 sym=0.0000 phy=0.0274 | 0.2s
2026-06-20 15:45:05,036 - INFO -   batch  10/381 | loss=0.0724 mse=0.0509 sym=0.0000 phy=0.0215 | 1.0s
2026-06-20 15:45:06,119 - INFO -   batch  20/381 | loss=0.0610 mse=0.0447 sym=0.0000 phy=0.0196 | 2.1s
2026-06-20 15:45:07,012 - INFO -   batch  30/381 | loss=0.0643 mse=0.0439 sym=0.0000 phy=0.0194 | 3.0s
2026-06-20 15:45:07,889 - INFO -   batch  40/381 | loss=0.0649 mse=0.0472 sym=0.0000 phy=0.0196 | 3.9s
2026-06-20 15:45:08,783 - INFO -   batch  50/381 | loss=0.0887 mse=0.0695 sym=0.0000 phy=0.0201 | 4.7s
2026-06-20 15:45:09,698 - INFO -   batch  60/381 | loss=0.0597 mse=0.0389 sym=0.0000 phy=0.0203 | 5.7s
2026-06-20 15:45:10,588 - INFO -   batch  70/381 | loss=0.0601 mse=0.0480 sym=0.0000 phy=0.0198 | 6.6s
2026-06-20 15:45:11,470 - INFO -   batch  80/381 | loss=0.0732 mse=0.0571 sym=0.0000 phy=0.0197 | 7.4s
2026-06-20 15:45:12,358 - INFO -   batch  90/381 | loss=0.0656 mse=0.0481 sym=0.0000 phy=0.0196 | 8.3s
2026-06-20 15:45:13,301 - INFO -   batch 100/381 | loss=0.0705 mse=0.0561 sym=0.0000 phy=0.0196 | 9.3s
2026-06-20 15:45:14,215 - INFO -   batch 110/381 | loss=0.0914 mse=0.0718 sym=0.0000 phy=0.0194 | 10.2s
2026-06-20 15:45:15,113 - INFO -   batch 120/381 | loss=0.0725 mse=0.0624 sym=0.0000 phy=0.0193 | 11.1s
2026-06-20 15:45:16,006 - INFO -   batch 130/381 | loss=0.0690 mse=0.0492 sym=0.0000 phy=0.0190 | 12.0s
2026-06-20 15:45:16,924 - INFO -   batch 140/381 | loss=0.0615 mse=0.0394 sym=0.0000 phy=0.0193 | 12.9s
2026-06-20 15:45:17,833 - INFO -   batch 150/381 | loss=0.0607 mse=0.0445 sym=0.0000 phy=0.0193 | 13.8s
2026-06-20 15:45:18,739 - INFO -   batch 160/381 | loss=0.0627 mse=0.0470 sym=0.0000 phy=0.0194 | 14.7s
2026-06-20 15:45:19,642 - INFO -   batch 170/381 | loss=0.0732 mse=0.0505 sym=0.0000 phy=0.0196 | 15.6s
2026-06-20 15:45:20,540 - INFO -   batch 180/381 | loss=0.0866 mse=0.0667 sym=0.0000 phy=0.0195 | 16.5s
2026-06-20 15:45:21,439 - INFO -   batch 190/381 | loss=0.0726 mse=0.0498 sym=0.0000 phy=0.0196 | 17.4s
2026-06-20 15:45:22,321 - INFO -   batch 200/381 | loss=0.0540 mse=0.0402 sym=0.0000 phy=0.0195 | 18.3s
2026-06-20 15:45:23,248 - INFO -   batch 210/381 | loss=0.0557 mse=0.0386 sym=0.0000 phy=0.0195 | 19.2s
2026-06-20 15:45:24,173 - INFO -   batch 220/381 | loss=0.0823 mse=0.0615 sym=0.0000 phy=0.0194 | 20.1s
2026-06-20 15:45:25,070 - INFO -   batch 230/381 | loss=0.0875 mse=0.0709 sym=0.0000 phy=0.0194 | 21.0s
2026-06-20 15:45:25,960 - INFO -   batch 240/381 | loss=0.0623 mse=0.0393 sym=0.0000 phy=0.0194 | 21.9s
2026-06-20 15:45:26,856 - INFO -   batch 250/381 | loss=0.0765 mse=0.0617 sym=0.0000 phy=0.0194 | 22.8s
2026-06-20 15:45:27,749 - INFO -   batch 260/381 | loss=0.0585 mse=0.0450 sym=0.0000 phy=0.0193 | 23.7s
2026-06-20 15:45:28,627 - INFO -   batch 270/381 | loss=0.0536 mse=0.0439 sym=0.0000 phy=0.0192 | 24.6s
2026-06-20 15:45:29,528 - INFO -   batch 280/381 | loss=0.0690 mse=0.0535 sym=0.0000 phy=0.0192 | 25.5s
2026-06-20 15:45:30,420 - INFO -   batch 290/381 | loss=0.0672 mse=0.0507 sym=0.0000 phy=0.0193 | 26.4s
2026-06-20 15:45:31,315 - INFO -   batch 300/381 | loss=0.0774 mse=0.0611 sym=0.0000 phy=0.0192 | 27.3s
2026-06-20 15:45:32,210 - INFO -   batch 310/381 | loss=0.0599 mse=0.0409 sym=0.0000 phy=0.0193 | 28.2s
2026-06-20 15:45:33,137 - INFO -   batch 320/381 | loss=0.0770 mse=0.0533 sym=0.0000 phy=0.0193 | 29.1s
2026-06-20 15:45:34,056 - INFO -   batch 330/381 | loss=0.0746 mse=0.0552 sym=0.0000 phy=0.0193 | 30.0s
2026-06-20 15:45:34,947 - INFO -   batch 340/381 | loss=0.0689 mse=0.0553 sym=0.0000 phy=0.0193 | 30.9s
2026-06-20 15:45:35,855 - INFO -   batch 350/381 | loss=0.0628 mse=0.0518 sym=0.0000 phy=0.0193 | 31.8s
2026-06-20 15:45:36,750 - INFO -   batch 360/381 | loss=0.0728 mse=0.0516 sym=0.0000 phy=0.0193 | 32.7s
2026-06-20 15:45:37,646 - INFO -   batch 370/381 | loss=0.1028 mse=0.0747 sym=0.0000 phy=0.0194 | 33.6s
2026-06-20 15:45:38,542 - INFO -   batch 380/381 | loss=0.0580 mse=0.0453 sym=0.0000 phy=0.0194 | 34.5s
2026-06-20 15:45:40,682 - INFO -   batch   1/381 | loss=0.0691 mse=0.0514 sym=0.0000 phy=0.0177 | 0.2s
2026-06-20 15:45:41,503 - INFO -   batch  10/381 | loss=0.0580 mse=0.0410 sym=0.0000 phy=0.0201 | 1.0s
2026-06-20 15:45:42,404 - INFO -   batch  20/381 | loss=0.0775 mse=0.0552 sym=0.0000 phy=0.0191 | 1.9s
2026-06-20 15:45:43,304 - INFO -   batch  30/381 | loss=0.0652 mse=0.0460 sym=0.0000 phy=0.0190 | 2.8s
2026-06-20 15:45:44,215 - INFO -   batch  40/381 | loss=0.0598 mse=0.0484 sym=0.0000 phy=0.0192 | 3.7s
2026-06-20 15:45:45,098 - INFO -   batch  50/381 | loss=0.0616 mse=0.0459 sym=0.0000 phy=0.0191 | 4.6s
2026-06-20 15:45:46,036 - INFO -   batch  60/381 | loss=0.0896 mse=0.0572 sym=0.0000 phy=0.0195 | 5.5s
2026-06-20 15:45:46,950 - INFO -   batch  70/381 | loss=0.0606 mse=0.0495 sym=0.0000 phy=0.0193 | 6.4s
2026-06-20 15:45:47,844 - INFO -   batch  80/381 | loss=0.0630 mse=0.0450 sym=0.0000 phy=0.0190 | 7.3s
2026-06-20 15:45:48,756 - INFO -   batch  90/381 | loss=0.0713 mse=0.0562 sym=0.0000 phy=0.0191 | 8.2s
2026-06-20 15:45:49,686 - INFO -   batch 100/381 | loss=0.0689 mse=0.0488 sym=0.0000 phy=0.0190 | 9.2s
2026-06-20 15:45:50,605 - INFO -   batch 110/381 | loss=0.0792 mse=0.0596 sym=0.0000 phy=0.0188 | 10.1s
2026-06-20 15:45:51,524 - INFO -   batch 120/381 | loss=0.0823 mse=0.0609 sym=0.0000 phy=0.0186 | 11.0s
2026-06-20 15:45:52,450 - INFO -   batch 130/381 | loss=0.0649 mse=0.0524 sym=0.0000 phy=0.0186 | 11.9s
2026-06-20 15:45:53,343 - INFO -   batch 140/381 | loss=0.0659 mse=0.0510 sym=0.0000 phy=0.0187 | 12.8s
2026-06-20 15:45:54,245 - INFO -   batch 150/381 | loss=0.0803 mse=0.0652 sym=0.0000 phy=0.0187 | 13.7s
2026-06-20 15:45:55,147 - INFO -   batch 160/381 | loss=0.0810 mse=0.0612 sym=0.0000 phy=0.0188 | 14.6s
2026-06-20 15:45:56,041 - INFO -   batch 170/381 | loss=0.0692 mse=0.0551 sym=0.0000 phy=0.0189 | 15.5s
2026-06-20 15:45:56,972 - INFO -   batch 180/381 | loss=0.0634 mse=0.0403 sym=0.0000 phy=0.0189 | 16.5s
2026-06-20 15:45:57,903 - INFO -   batch 190/381 | loss=0.0706 mse=0.0494 sym=0.0000 phy=0.0190 | 17.4s
2026-06-20 15:45:58,797 - INFO -   batch 200/381 | loss=0.0745 mse=0.0550 sym=0.0000 phy=0.0190 | 18.3s
2026-06-20 15:45:59,681 - INFO -   batch 210/381 | loss=0.0900 mse=0.0666 sym=0.0000 phy=0.0191 | 19.2s
2026-06-20 15:46:00,575 - INFO -   batch 220/381 | loss=0.0758 mse=0.0575 sym=0.0000 phy=0.0192 | 20.1s
2026-06-20 15:46:01,462 - INFO -   batch 230/381 | loss=0.0816 mse=0.0584 sym=0.0000 phy=0.0192 | 20.9s
2026-06-20 15:46:02,362 - INFO -   batch 240/381 | loss=0.0865 mse=0.0635 sym=0.0000 phy=0.0194 | 21.8s
2026-06-20 15:46:03,255 - INFO -   batch 250/381 | loss=0.0535 mse=0.0429 sym=0.0000 phy=0.0192 | 22.7s
2026-06-20 15:46:04,151 - INFO -   batch 260/381 | loss=0.0747 mse=0.0550 sym=0.0000 phy=0.0192 | 23.6s
2026-06-20 15:46:05,065 - INFO -   batch 270/381 | loss=0.0566 mse=0.0427 sym=0.0000 phy=0.0192 | 24.5s
2026-06-20 15:46:05,953 - INFO -   batch 280/381 | loss=0.0831 mse=0.0686 sym=0.0000 phy=0.0193 | 25.4s
2026-06-20 15:46:06,900 - INFO -   batch 290/381 | loss=0.0620 mse=0.0510 sym=0.0000 phy=0.0193 | 26.4s
2026-06-20 15:46:07,811 - INFO -   batch 300/381 | loss=0.0710 mse=0.0547 sym=0.0000 phy=0.0193 | 27.3s
2026-06-20 15:46:08,715 - INFO -   batch 310/381 | loss=0.0892 mse=0.0683 sym=0.0000 phy=0.0193 | 28.2s
2026-06-20 15:46:09,617 - INFO -   batch 320/381 | loss=0.0975 mse=0.0746 sym=0.0000 phy=0.0193 | 29.1s
2026-06-20 15:46:10,522 - INFO -   batch 330/381 | loss=0.0886 mse=0.0717 sym=0.0000 phy=0.0193 | 30.0s
2026-06-20 15:46:11,421 - INFO -   batch 340/381 | loss=0.0742 mse=0.0497 sym=0.0000 phy=0.0193 | 30.9s
2026-06-20 15:46:12,325 - INFO -   batch 350/381 | loss=0.0644 mse=0.0466 sym=0.0000 phy=0.0193 | 31.8s
2026-06-20 15:46:13,231 - INFO -   batch 360/381 | loss=0.0901 mse=0.0662 sym=0.0000 phy=0.0193 | 32.7s
2026-06-20 15:46:14,142 - INFO -   batch 370/381 | loss=0.0883 mse=0.0682 sym=0.0000 phy=0.0193 | 33.6s
2026-06-20 15:46:15,039 - INFO -   batch 380/381 | loss=0.0790 mse=0.0564 sym=0.0000 phy=0.0193 | 34.5s
2026-06-20 15:46:17,117 - INFO - Epoch  45/50 | Loss=0.0728 MSE=0.0536 Sym=0.0000 Phy=0.0192 | Val RMSE=0.2288 ρ=0.337 | 37s
2026-06-20 15:46:17,291 - INFO -   batch   1/381 | loss=0.0867 mse=0.0666 sym=0.0000 phy=0.0201 | 0.2s
2026-06-20 15:46:18,094 - INFO -   batch  10/381 | loss=0.0772 mse=0.0607 sym=0.0000 phy=0.0191 | 1.0s
2026-06-20 15:46:19,006 - INFO -   batch  20/381 | loss=0.0759 mse=0.0577 sym=0.0000 phy=0.0198 | 1.9s
2026-06-20 15:46:19,907 - INFO -   batch  30/381 | loss=0.0501 mse=0.0380 sym=0.0000 phy=0.0190 | 2.8s
2026-06-20 15:46:20,837 - INFO -   batch  40/381 | loss=0.0848 mse=0.0663 sym=0.0000 phy=0.0186 | 3.7s
2026-06-20 15:46:21,732 - INFO -   batch  50/381 | loss=0.0756 mse=0.0528 sym=0.0000 phy=0.0195 | 4.6s
2026-06-20 15:46:22,629 - INFO -   batch  60/381 | loss=0.0713 mse=0.0601 sym=0.0000 phy=0.0196 | 5.5s
2026-06-20 15:46:23,538 - INFO -   batch  70/381 | loss=0.0733 mse=0.0578 sym=0.0000 phy=0.0194 | 6.4s
2026-06-20 15:46:24,423 - INFO -   batch  80/381 | loss=0.0663 mse=0.0482 sym=0.0000 phy=0.0194 | 7.3s
2026-06-20 15:46:25,296 - INFO -   batch  90/381 | loss=0.0798 mse=0.0576 sym=0.0000 phy=0.0192 | 8.2s
2026-06-20 15:46:26,193 - INFO -   batch 100/381 | loss=0.0836 mse=0.0620 sym=0.0000 phy=0.0192 | 9.1s
2026-06-20 15:46:27,090 - INFO -   batch 110/381 | loss=0.0906 mse=0.0741 sym=0.0000 phy=0.0192 | 10.0s
2026-06-20 15:46:28,009 - INFO -   batch 120/381 | loss=0.0845 mse=0.0587 sym=0.0000 phy=0.0193 | 10.9s
2026-06-20 15:46:28,902 - INFO -   batch 130/381 | loss=0.0795 mse=0.0589 sym=0.0000 phy=0.0195 | 11.8s
2026-06-20 15:46:29,826 - INFO -   batch 140/381 | loss=0.0929 mse=0.0653 sym=0.0000 phy=0.0193 | 12.7s
2026-06-20 15:46:30,750 - INFO -   batch 150/381 | loss=0.0638 mse=0.0469 sym=0.0000 phy=0.0193 | 13.6s
2026-06-20 15:46:31,650 - INFO -   batch 160/381 | loss=0.0879 mse=0.0579 sym=0.0000 phy=0.0194 | 14.5s
2026-06-20 15:46:32,549 - INFO -   batch 170/381 | loss=0.0665 mse=0.0415 sym=0.0000 phy=0.0195 | 15.4s
2026-06-20 15:46:33,431 - INFO -   batch 180/381 | loss=0.0925 mse=0.0533 sym=0.0000 phy=0.0195 | 16.3s
2026-06-20 15:46:34,313 - INFO -   batch 190/381 | loss=0.0800 mse=0.0483 sym=0.0000 phy=0.0196 | 17.2s
2026-06-20 15:46:35,200 - INFO -   batch 200/381 | loss=0.0849 mse=0.0587 sym=0.0000 phy=0.0197 | 18.1s
2026-06-20 15:46:36,118 - INFO -   batch 210/381 | loss=0.0836 mse=0.0647 sym=0.0000 phy=0.0197 | 19.0s
2026-06-20 15:46:36,991 - INFO -   batch 220/381 | loss=0.0796 mse=0.0624 sym=0.0000 phy=0.0197 | 19.9s
2026-06-20 15:46:37,887 - INFO -   batch 230/381 | loss=0.0751 mse=0.0544 sym=0.0000 phy=0.0196 | 20.8s
2026-06-20 15:46:38,808 - INFO -   batch 240/381 | loss=0.0585 mse=0.0429 sym=0.0000 phy=0.0197 | 21.7s
2026-06-20 15:46:39,722 - INFO -   batch 250/381 | loss=0.0984 mse=0.0722 sym=0.0000 phy=0.0197 | 22.6s
2026-06-20 15:46:40,635 - INFO -   batch 260/381 | loss=0.0580 mse=0.0405 sym=0.0000 phy=0.0196 | 23.5s
2026-06-20 15:46:41,540 - INFO -   batch 270/381 | loss=0.0720 mse=0.0569 sym=0.0000 phy=0.0196 | 24.4s
2026-06-20 15:46:42,429 - INFO -   batch 280/381 | loss=0.0766 mse=0.0474 sym=0.0000 phy=0.0197 | 25.3s
2026-06-20 15:46:43,287 - INFO -   batch 290/381 | loss=0.0674 mse=0.0444 sym=0.0000 phy=0.0198 | 26.2s
2026-06-20 15:46:44,170 - INFO -   batch 300/381 | loss=0.0674 mse=0.0464 sym=0.0000 phy=0.0198 | 27.1s
2026-06-20 15:46:45,063 - INFO -   batch 310/381 | loss=0.0940 mse=0.0699 sym=0.0000 phy=0.0198 | 27.9s
2026-06-20 15:46:45,958 - INFO -   batch 320/381 | loss=0.0707 mse=0.0500 sym=0.0000 phy=0.0197 | 28.8s
2026-06-20 15:46:46,852 - INFO -   batch 330/381 | loss=0.0639 mse=0.0457 sym=0.0000 phy=0.0196 | 29.7s
2026-06-20 15:46:47,762 - INFO -   batch 340/381 | loss=0.0726 mse=0.0496 sym=0.0000 phy=0.0196 | 30.6s
2026-06-20 15:46:48,670 - INFO -   batch 350/381 | loss=0.0937 mse=0.0707 sym=0.0000 phy=0.0196 | 31.6s
2026-06-20 15:46:49,582 - INFO -   batch 360/381 | loss=0.0749 mse=0.0539 sym=0.0000 phy=0.0195 | 32.5s
2026-06-20 15:46:50,477 - INFO -   batch 370/381 | loss=0.0707 mse=0.0539 sym=0.0000 phy=0.0195 | 33.4s
2026-06-20 15:46:51,361 - INFO -   batch 380/381 | loss=0.0689 mse=0.0515 sym=0.0000 phy=0.0195 | 34.2s
2026-06-20 15:46:53,507 - INFO -   batch   1/381 | loss=0.0786 mse=0.0579 sym=0.0000 phy=0.0207 | 0.2s
2026-06-20 15:46:54,323 - INFO -   batch  10/381 | loss=0.0878 mse=0.0643 sym=0.0000 phy=0.0201 | 1.0s
2026-06-20 15:46:55,202 - INFO -   batch  20/381 | loss=0.0752 mse=0.0579 sym=0.0000 phy=0.0188 | 1.9s
2026-06-20 15:46:56,068 - INFO -   batch  30/381 | loss=0.0603 mse=0.0477 sym=0.0000 phy=0.0182 | 2.7s
2026-06-20 15:46:56,949 - INFO -   batch  40/381 | loss=0.0825 mse=0.0635 sym=0.0000 phy=0.0178 | 3.6s
2026-06-20 15:46:57,841 - INFO -   batch  50/381 | loss=0.0667 mse=0.0407 sym=0.0000 phy=0.0187 | 4.5s
2026-06-20 15:46:58,724 - INFO -   batch  60/381 | loss=0.0822 mse=0.0549 sym=0.0000 phy=0.0188 | 5.4s
2026-06-20 15:46:59,658 - INFO -   batch  70/381 | loss=0.0658 mse=0.0465 sym=0.0000 phy=0.0188 | 6.3s
2026-06-20 15:47:00,579 - INFO -   batch  80/381 | loss=0.0708 mse=0.0501 sym=0.0000 phy=0.0190 | 7.2s
2026-06-20 15:47:01,453 - INFO -   batch  90/381 | loss=0.0574 mse=0.0400 sym=0.0000 phy=0.0191 | 8.1s
2026-06-20 15:47:02,353 - INFO -   batch 100/381 | loss=0.0659 mse=0.0498 sym=0.0000 phy=0.0192 | 9.0s
2026-06-20 15:47:03,232 - INFO -   batch 110/381 | loss=0.0668 mse=0.0482 sym=0.0000 phy=0.0191 | 9.9s
2026-06-20 15:47:04,104 - INFO -   batch 120/381 | loss=0.0683 mse=0.0528 sym=0.0000 phy=0.0193 | 10.8s
2026-06-20 15:47:04,987 - INFO -   batch 130/381 | loss=0.0789 mse=0.0531 sym=0.0000 phy=0.0194 | 11.6s
2026-06-20 15:47:05,859 - INFO -   batch 140/381 | loss=0.0913 mse=0.0706 sym=0.0000 phy=0.0195 | 12.5s
2026-06-20 15:47:06,742 - INFO -   batch 150/381 | loss=0.0876 mse=0.0681 sym=0.0000 phy=0.0197 | 13.4s
2026-06-20 15:47:07,651 - INFO -   batch 160/381 | loss=0.0651 mse=0.0451 sym=0.0000 phy=0.0196 | 14.3s
2026-06-20 15:47:08,571 - INFO -   batch 170/381 | loss=0.0599 mse=0.0436 sym=0.0000 phy=0.0195 | 15.2s
2026-06-20 15:47:09,493 - INFO -   batch 180/381 | loss=0.0683 mse=0.0530 sym=0.0000 phy=0.0194 | 16.1s
2026-06-20 15:47:10,412 - INFO -   batch 190/381 | loss=0.0677 mse=0.0463 sym=0.0000 phy=0.0195 | 17.1s
2026-06-20 15:47:11,293 - INFO -   batch 200/381 | loss=0.0832 mse=0.0625 sym=0.0000 phy=0.0195 | 17.9s
2026-06-20 15:47:12,180 - INFO -   batch 210/381 | loss=0.1016 mse=0.0808 sym=0.0000 phy=0.0195 | 18.8s
2026-06-20 15:47:13,083 - INFO -   batch 220/381 | loss=0.0767 mse=0.0494 sym=0.0000 phy=0.0195 | 19.7s
2026-06-20 15:47:13,974 - INFO -   batch 230/381 | loss=0.0501 mse=0.0349 sym=0.0000 phy=0.0195 | 20.6s
2026-06-20 15:47:14,878 - INFO -   batch 240/381 | loss=0.0798 mse=0.0621 sym=0.0000 phy=0.0194 | 21.5s
2026-06-20 15:47:15,760 - INFO -   batch 250/381 | loss=0.0585 mse=0.0409 sym=0.0000 phy=0.0194 | 22.4s
2026-06-20 15:47:16,651 - INFO -   batch 260/381 | loss=0.0789 mse=0.0615 sym=0.0000 phy=0.0193 | 23.3s
2026-06-20 15:47:17,550 - INFO -   batch 270/381 | loss=0.0506 mse=0.0358 sym=0.0000 phy=0.0193 | 24.2s
2026-06-20 15:47:18,493 - INFO -   batch 280/381 | loss=0.0754 mse=0.0564 sym=0.0000 phy=0.0193 | 25.1s
2026-06-20 15:47:19,393 - INFO -   batch 290/381 | loss=0.0714 mse=0.0425 sym=0.0000 phy=0.0193 | 26.1s
2026-06-20 15:47:20,270 - INFO -   batch 300/381 | loss=0.0641 mse=0.0491 sym=0.0000 phy=0.0193 | 26.9s
2026-06-20 15:47:21,170 - INFO -   batch 310/381 | loss=0.0759 mse=0.0528 sym=0.0000 phy=0.0192 | 27.8s
2026-06-20 15:47:22,052 - INFO -   batch 320/381 | loss=0.0910 mse=0.0700 sym=0.0000 phy=0.0193 | 28.7s
2026-06-20 15:47:22,946 - INFO -   batch 330/381 | loss=0.0565 mse=0.0410 sym=0.0000 phy=0.0193 | 29.6s
2026-06-20 15:47:23,851 - INFO -   batch 340/381 | loss=0.0551 mse=0.0433 sym=0.0000 phy=0.0192 | 30.5s
2026-06-20 15:47:24,729 - INFO -   batch 350/381 | loss=0.0766 mse=0.0599 sym=0.0000 phy=0.0192 | 31.4s
2026-06-20 15:47:25,620 - INFO -   batch 360/381 | loss=0.0580 mse=0.0408 sym=0.0000 phy=0.0192 | 32.3s
2026-06-20 15:47:26,500 - INFO -   batch 370/381 | loss=0.0771 mse=0.0529 sym=0.0000 phy=0.0193 | 33.2s
2026-06-20 15:47:27,422 - INFO -   batch 380/381 | loss=0.0792 mse=0.0649 sym=0.0000 phy=0.0193 | 34.1s
2026-06-20 15:47:29,606 - INFO -   batch   1/381 | loss=0.0663 mse=0.0435 sym=0.0000 phy=0.0228 | 0.2s
2026-06-20 15:47:30,431 - INFO -   batch  10/381 | loss=0.0687 mse=0.0560 sym=0.0000 phy=0.0181 | 1.0s
2026-06-20 15:47:31,342 - INFO -   batch  20/381 | loss=0.0655 mse=0.0504 sym=0.0000 phy=0.0178 | 1.9s
2026-06-20 15:47:32,235 - INFO -   batch  30/381 | loss=0.0654 mse=0.0414 sym=0.0000 phy=0.0183 | 2.8s
2026-06-20 15:47:33,122 - INFO -   batch  40/381 | loss=0.0699 mse=0.0567 sym=0.0000 phy=0.0185 | 3.7s
2026-06-20 15:47:34,018 - INFO -   batch  50/381 | loss=0.0625 mse=0.0464 sym=0.0000 phy=0.0188 | 4.6s
2026-06-20 15:47:34,929 - INFO -   batch  60/381 | loss=0.0704 mse=0.0555 sym=0.0000 phy=0.0189 | 5.5s
2026-06-20 15:47:35,831 - INFO -   batch  70/381 | loss=0.0574 mse=0.0434 sym=0.0000 phy=0.0187 | 6.4s
2026-06-20 15:47:36,916 - INFO -   batch  80/381 | loss=0.0693 mse=0.0527 sym=0.0000 phy=0.0189 | 7.5s
2026-06-20 15:47:37,808 - INFO -   batch  90/381 | loss=0.0734 mse=0.0563 sym=0.0000 phy=0.0192 | 8.4s
2026-06-20 15:47:38,706 - INFO -   batch 100/381 | loss=0.0758 mse=0.0544 sym=0.0000 phy=0.0191 | 9.3s
2026-06-20 15:47:39,606 - INFO -   batch 110/381 | loss=0.0773 mse=0.0598 sym=0.0000 phy=0.0190 | 10.2s
2026-06-20 15:47:40,558 - INFO -   batch 120/381 | loss=0.0635 mse=0.0446 sym=0.0000 phy=0.0191 | 11.1s
2026-06-20 15:47:41,478 - INFO -   batch 130/381 | loss=0.0785 mse=0.0608 sym=0.0000 phy=0.0190 | 12.0s
2026-06-20 15:47:42,334 - INFO -   batch 140/381 | loss=0.0604 mse=0.0413 sym=0.0000 phy=0.0192 | 12.9s
2026-06-20 15:47:43,227 - INFO -   batch 150/381 | loss=0.0711 mse=0.0565 sym=0.0000 phy=0.0191 | 13.8s
2026-06-20 15:47:44,148 - INFO -   batch 160/381 | loss=0.0654 mse=0.0444 sym=0.0000 phy=0.0190 | 14.7s
2026-06-20 15:47:45,048 - INFO -   batch 170/381 | loss=0.0720 mse=0.0496 sym=0.0000 phy=0.0191 | 15.6s
2026-06-20 15:47:45,934 - INFO -   batch 180/381 | loss=0.0742 mse=0.0535 sym=0.0000 phy=0.0192 | 16.5s
2026-06-20 15:47:46,831 - INFO -   batch 190/381 | loss=0.0682 mse=0.0474 sym=0.0000 phy=0.0192 | 17.4s
2026-06-20 15:47:47,714 - INFO -   batch 200/381 | loss=0.0807 mse=0.0611 sym=0.0000 phy=0.0192 | 18.3s
2026-06-20 15:47:48,671 - INFO -   batch 210/381 | loss=0.0641 mse=0.0480 sym=0.0000 phy=0.0193 | 19.2s
2026-06-20 15:47:49,568 - INFO -   batch 220/381 | loss=0.0720 mse=0.0580 sym=0.0000 phy=0.0192 | 20.1s
2026-06-20 15:47:50,445 - INFO -   batch 230/381 | loss=0.0767 mse=0.0580 sym=0.0000 phy=0.0192 | 21.0s
2026-06-20 15:47:51,333 - INFO -   batch 240/381 | loss=0.0859 mse=0.0611 sym=0.0000 phy=0.0192 | 21.9s
2026-06-20 15:47:52,250 - INFO -   batch 250/381 | loss=0.0671 mse=0.0477 sym=0.0000 phy=0.0191 | 22.8s
2026-06-20 15:47:53,142 - INFO -   batch 260/381 | loss=0.0622 mse=0.0463 sym=0.0000 phy=0.0191 | 23.7s
2026-06-20 15:47:54,010 - INFO -   batch 270/381 | loss=0.0845 mse=0.0576 sym=0.0000 phy=0.0193 | 24.6s
2026-06-20 15:47:54,958 - INFO -   batch 280/381 | loss=0.0494 mse=0.0337 sym=0.0000 phy=0.0193 | 25.5s
2026-06-20 15:47:55,892 - INFO -   batch 290/381 | loss=0.0904 mse=0.0578 sym=0.0000 phy=0.0193 | 26.5s
2026-06-20 15:47:56,810 - INFO -   batch 300/381 | loss=0.1044 mse=0.0851 sym=0.0000 phy=0.0193 | 27.4s
2026-06-20 15:47:57,752 - INFO -   batch 310/381 | loss=0.0785 mse=0.0605 sym=0.0000 phy=0.0194 | 28.3s
2026-06-20 15:47:58,630 - INFO -   batch 320/381 | loss=0.0956 mse=0.0788 sym=0.0000 phy=0.0193 | 29.2s
2026-06-20 15:47:59,536 - INFO -   batch 330/381 | loss=0.0786 mse=0.0494 sym=0.0000 phy=0.0194 | 30.1s
2026-06-20 15:48:00,459 - INFO -   batch 340/381 | loss=0.0785 mse=0.0592 sym=0.0000 phy=0.0193 | 31.0s
2026-06-20 15:48:01,354 - INFO -   batch 350/381 | loss=0.0563 mse=0.0412 sym=0.0000 phy=0.0193 | 31.9s
2026-06-20 15:48:02,272 - INFO -   batch 360/381 | loss=0.0599 mse=0.0502 sym=0.0000 phy=0.0193 | 32.8s
2026-06-20 15:48:03,179 - INFO -   batch 370/381 | loss=0.0684 mse=0.0554 sym=0.0000 phy=0.0193 | 33.7s
2026-06-20 15:48:04,065 - INFO -   batch 380/381 | loss=0.0714 mse=0.0566 sym=0.0000 phy=0.0193 | 34.6s
2026-06-20 15:48:06,213 - INFO -   batch   1/381 | loss=0.0794 mse=0.0593 sym=0.0000 phy=0.0200 | 0.2s
2026-06-20 15:48:07,019 - INFO -   batch  10/381 | loss=0.0535 mse=0.0375 sym=0.0000 phy=0.0181 | 1.0s
2026-06-20 15:48:07,949 - INFO -   batch  20/381 | loss=0.0631 mse=0.0448 sym=0.0000 phy=0.0185 | 1.9s
2026-06-20 15:48:08,873 - INFO -   batch  30/381 | loss=0.0756 mse=0.0560 sym=0.0000 phy=0.0189 | 2.8s
2026-06-20 15:48:09,739 - INFO -   batch  40/381 | loss=0.0879 mse=0.0732 sym=0.0000 phy=0.0188 | 3.7s
2026-06-20 15:48:10,644 - INFO -   batch  50/381 | loss=0.0779 mse=0.0614 sym=0.0000 phy=0.0189 | 4.6s
2026-06-20 15:48:11,545 - INFO -   batch  60/381 | loss=0.0609 mse=0.0418 sym=0.0000 phy=0.0188 | 5.5s
2026-06-20 15:48:12,443 - INFO -   batch  70/381 | loss=0.0742 mse=0.0595 sym=0.0000 phy=0.0186 | 6.4s
2026-06-20 15:48:13,327 - INFO -   batch  80/381 | loss=0.0892 mse=0.0730 sym=0.0000 phy=0.0187 | 7.3s
2026-06-20 15:48:14,219 - INFO -   batch  90/381 | loss=0.0809 mse=0.0615 sym=0.0000 phy=0.0184 | 8.2s
2026-06-20 15:48:15,110 - INFO -   batch 100/381 | loss=0.0606 mse=0.0446 sym=0.0000 phy=0.0186 | 9.1s
2026-06-20 15:48:16,043 - INFO -   batch 110/381 | loss=0.0860 mse=0.0703 sym=0.0000 phy=0.0185 | 10.0s
2026-06-20 15:48:16,931 - INFO -   batch 120/381 | loss=0.0713 mse=0.0553 sym=0.0000 phy=0.0185 | 10.9s
2026-06-20 15:48:17,813 - INFO -   batch 130/381 | loss=0.0554 mse=0.0450 sym=0.0000 phy=0.0186 | 11.8s
2026-06-20 15:48:18,726 - INFO -   batch 140/381 | loss=0.0819 mse=0.0602 sym=0.0000 phy=0.0187 | 12.7s
2026-06-20 15:48:19,627 - INFO -   batch 150/381 | loss=0.0777 mse=0.0576 sym=0.0000 phy=0.0186 | 13.6s
2026-06-20 15:48:20,554 - INFO -   batch 160/381 | loss=0.0580 mse=0.0400 sym=0.0000 phy=0.0186 | 14.5s
2026-06-20 15:48:21,465 - INFO -   batch 170/381 | loss=0.0689 mse=0.0525 sym=0.0000 phy=0.0185 | 15.4s
2026-06-20 15:48:22,356 - INFO -   batch 180/381 | loss=0.0755 mse=0.0571 sym=0.0000 phy=0.0187 | 16.3s
2026-06-20 15:48:23,262 - INFO -   batch 190/381 | loss=0.0938 mse=0.0708 sym=0.0000 phy=0.0188 | 17.2s
2026-06-20 15:48:24,208 - INFO -   batch 200/381 | loss=0.0676 mse=0.0484 sym=0.0000 phy=0.0188 | 18.2s
2026-06-20 15:48:25,109 - INFO -   batch 210/381 | loss=0.0801 mse=0.0527 sym=0.0000 phy=0.0190 | 19.1s
2026-06-20 15:48:26,014 - INFO -   batch 220/381 | loss=0.0730 mse=0.0529 sym=0.0000 phy=0.0191 | 20.0s
2026-06-20 15:48:26,908 - INFO -   batch 230/381 | loss=0.0896 mse=0.0692 sym=0.0000 phy=0.0190 | 20.9s
2026-06-20 15:48:27,796 - INFO -   batch 240/381 | loss=0.0651 mse=0.0507 sym=0.0000 phy=0.0191 | 21.7s
2026-06-20 15:48:28,686 - INFO -   batch 250/381 | loss=0.0701 mse=0.0488 sym=0.0000 phy=0.0191 | 22.6s
2026-06-20 15:48:29,565 - INFO -   batch 260/381 | loss=0.0732 mse=0.0570 sym=0.0000 phy=0.0191 | 23.5s
2026-06-20 15:48:30,479 - INFO -   batch 270/381 | loss=0.0686 mse=0.0427 sym=0.0000 phy=0.0191 | 24.4s
2026-06-20 15:48:31,395 - INFO -   batch 280/381 | loss=0.0687 mse=0.0496 sym=0.0000 phy=0.0191 | 25.3s
2026-06-20 15:48:32,324 - INFO -   batch 290/381 | loss=0.0884 mse=0.0658 sym=0.0000 phy=0.0191 | 26.3s
2026-06-20 15:48:33,210 - INFO -   batch 300/381 | loss=0.0718 mse=0.0478 sym=0.0000 phy=0.0191 | 27.2s
2026-06-20 15:48:34,110 - INFO -   batch 310/381 | loss=0.0666 mse=0.0541 sym=0.0000 phy=0.0191 | 28.1s
2026-06-20 15:48:34,990 - INFO -   batch 320/381 | loss=0.0806 mse=0.0587 sym=0.0000 phy=0.0193 | 28.9s
2026-06-20 15:48:35,896 - INFO -   batch 330/381 | loss=0.0793 mse=0.0621 sym=0.0000 phy=0.0192 | 29.8s
2026-06-20 15:48:36,793 - INFO -   batch 340/381 | loss=0.0975 mse=0.0696 sym=0.0000 phy=0.0193 | 30.7s
2026-06-20 15:48:37,660 - INFO -   batch 350/381 | loss=0.0618 mse=0.0425 sym=0.0000 phy=0.0193 | 31.6s
2026-06-20 15:48:38,558 - INFO -   batch 360/381 | loss=0.0506 mse=0.0364 sym=0.0000 phy=0.0193 | 32.5s
2026-06-20 15:48:39,484 - INFO -   batch 370/381 | loss=0.0932 mse=0.0712 sym=0.0000 phy=0.0192 | 33.4s
2026-06-20 15:48:40,395 - INFO -   batch 380/381 | loss=0.0822 mse=0.0605 sym=0.0000 phy=0.0193 | 34.3s
2026-06-20 15:48:42,687 - INFO -   batch   1/381 | loss=0.0701 mse=0.0513 sym=0.0000 phy=0.0188 | 0.2s
2026-06-20 15:48:43,546 - INFO -   batch  10/381 | loss=0.0813 mse=0.0545 sym=0.0000 phy=0.0204 | 1.0s
2026-06-20 15:48:44,448 - INFO -   batch  20/381 | loss=0.0639 mse=0.0399 sym=0.0000 phy=0.0196 | 1.9s
2026-06-20 15:48:45,326 - INFO -   batch  30/381 | loss=0.0810 mse=0.0654 sym=0.0000 phy=0.0193 | 2.8s
2026-06-20 15:48:46,208 - INFO -   batch  40/381 | loss=0.0782 mse=0.0624 sym=0.0000 phy=0.0188 | 3.7s
2026-06-20 15:48:47,080 - INFO -   batch  50/381 | loss=0.0706 mse=0.0538 sym=0.0000 phy=0.0189 | 4.6s
2026-06-20 15:48:47,978 - INFO -   batch  60/381 | loss=0.0757 mse=0.0578 sym=0.0000 phy=0.0189 | 5.5s
2026-06-20 15:48:48,863 - INFO -   batch  70/381 | loss=0.0740 mse=0.0526 sym=0.0000 phy=0.0186 | 6.4s
2026-06-20 15:48:49,763 - INFO -   batch  80/381 | loss=0.0945 mse=0.0757 sym=0.0000 phy=0.0188 | 7.3s
2026-06-20 15:48:50,690 - INFO -   batch  90/381 | loss=0.0789 mse=0.0620 sym=0.0000 phy=0.0188 | 8.2s
2026-06-20 15:48:51,639 - INFO -   batch 100/381 | loss=0.0781 mse=0.0613 sym=0.0000 phy=0.0189 | 9.1s
2026-06-20 15:48:52,539 - INFO -   batch 110/381 | loss=0.0661 mse=0.0491 sym=0.0000 phy=0.0190 | 10.0s
2026-06-20 15:48:53,424 - INFO -   batch 120/381 | loss=0.0496 mse=0.0349 sym=0.0000 phy=0.0189 | 10.9s
2026-06-20 15:48:54,331 - INFO -   batch 130/381 | loss=0.0702 mse=0.0560 sym=0.0000 phy=0.0190 | 11.8s
2026-06-20 15:48:55,239 - INFO -   batch 140/381 | loss=0.0653 mse=0.0488 sym=0.0000 phy=0.0190 | 12.7s
2026-06-20 15:48:56,122 - INFO -   batch 150/381 | loss=0.0701 mse=0.0521 sym=0.0000 phy=0.0190 | 13.6s
2026-06-20 15:48:56,994 - INFO -   batch 160/381 | loss=0.0782 mse=0.0525 sym=0.0000 phy=0.0191 | 14.5s
2026-06-20 15:48:57,900 - INFO -   batch 170/381 | loss=0.0995 mse=0.0727 sym=0.0000 phy=0.0190 | 15.4s
2026-06-20 15:48:58,818 - INFO -   batch 180/381 | loss=0.0854 mse=0.0666 sym=0.0000 phy=0.0192 | 16.3s
2026-06-20 15:48:59,732 - INFO -   batch 190/381 | loss=0.0702 mse=0.0518 sym=0.0000 phy=0.0191 | 17.2s
2026-06-20 15:49:00,633 - INFO -   batch 200/381 | loss=0.0701 mse=0.0490 sym=0.0000 phy=0.0192 | 18.1s
2026-06-20 15:49:01,537 - INFO -   batch 210/381 | loss=0.0698 mse=0.0525 sym=0.0000 phy=0.0193 | 19.0s
2026-06-20 15:49:02,412 - INFO -   batch 220/381 | loss=0.0786 mse=0.0582 sym=0.0000 phy=0.0193 | 19.9s
2026-06-20 15:49:03,301 - INFO -   batch 230/381 | loss=0.0674 mse=0.0510 sym=0.0000 phy=0.0193 | 20.8s
2026-06-20 15:49:04,189 - INFO -   batch 240/381 | loss=0.0725 mse=0.0479 sym=0.0000 phy=0.0193 | 21.7s
2026-06-20 15:49:05,044 - INFO -   batch 250/381 | loss=0.0682 mse=0.0548 sym=0.0000 phy=0.0192 | 22.5s
2026-06-20 15:49:05,947 - INFO -   batch 260/381 | loss=0.0708 mse=0.0516 sym=0.0000 phy=0.0192 | 23.4s
2026-06-20 15:49:06,883 - INFO -   batch 270/381 | loss=0.0624 mse=0.0478 sym=0.0000 phy=0.0192 | 24.4s
2026-06-20 15:49:07,799 - INFO -   batch 280/381 | loss=0.0731 mse=0.0453 sym=0.0000 phy=0.0193 | 25.3s
2026-06-20 15:49:08,696 - INFO -   batch 290/381 | loss=0.0647 mse=0.0500 sym=0.0000 phy=0.0193 | 26.2s
2026-06-20 15:49:09,582 - INFO -   batch 300/381 | loss=0.1026 mse=0.0724 sym=0.0000 phy=0.0193 | 27.1s
2026-06-20 15:49:10,474 - INFO -   batch 310/381 | loss=0.0683 mse=0.0544 sym=0.0000 phy=0.0193 | 28.0s
2026-06-20 15:49:11,349 - INFO -   batch 320/381 | loss=0.0714 mse=0.0585 sym=0.0000 phy=0.0193 | 28.8s
2026-06-20 15:49:12,266 - INFO -   batch 330/381 | loss=0.0689 mse=0.0447 sym=0.0000 phy=0.0193 | 29.8s
2026-06-20 15:49:13,174 - INFO -   batch 340/381 | loss=0.0612 mse=0.0431 sym=0.0000 phy=0.0193 | 30.7s
2026-06-20 15:49:14,079 - INFO -   batch 350/381 | loss=0.0649 mse=0.0476 sym=0.0000 phy=0.0192 | 31.6s
2026-06-20 15:49:15,020 - INFO -   batch 360/381 | loss=0.0811 mse=0.0592 sym=0.0000 phy=0.0193 | 32.5s
2026-06-20 15:49:15,945 - INFO -   batch 370/381 | loss=0.0840 mse=0.0666 sym=0.0000 phy=0.0193 | 33.4s
2026-06-20 15:49:16,839 - INFO -   batch 380/381 | loss=0.0631 mse=0.0463 sym=0.0000 phy=0.0193 | 34.3s
2026-06-20 15:49:18,953 - INFO - Epoch  50/50 | Loss=0.0729 MSE=0.0536 Sym=0.0000 Phy=0.0193 | Val RMSE=0.2294 ρ=0.337 | 36s
2026-06-20 15:49:18,974 - INFO - Saved: checkpoints/gors_no_sym.pth (best RMSE=0.2242)
2026-06-20 15:49:18,974 - INFO - Done. Best Val RMSE=0.2242 at epoch 13, ρ=0.3301
