2026-06-20 15:17:30,104 - INFO - Device: cuda
2026-06-20 15:17:30,105 - INFO - Loading 26 zones...
2026-06-20 15:17:30,105 - INFO - Loading ERCOT_zone_1_ from ERCOT_zone_1_.csv
2026-06-20 15:17:30,202 - INFO -   rows=50000, features=11
2026-06-20 15:17:30,202 - INFO - Loading ERCOT_zone_2_ from ERCOT_zone_2_.csv
2026-06-20 15:17:30,291 - INFO -   rows=50000, features=11
2026-06-20 15:17:30,291 - INFO - Loading ERCOT_zone_3_ from ERCOT_zone_3_.csv
2026-06-20 15:17:30,380 - INFO -   rows=50000, features=11
2026-06-20 15:17:30,380 - INFO - Loading ERCOT_zone_4_ from ERCOT_zone_4_.csv
2026-06-20 15:17:30,467 - INFO -   rows=50000, features=11
2026-06-20 15:17:30,468 - INFO - Loading MISO_zone_1_ from MISO_zone_1_.csv
2026-06-20 15:17:30,556 - INFO -   rows=50000, features=11
2026-06-20 15:17:30,556 - INFO - Loading MISO_zone_2_ from MISO_zone_2_.csv
2026-06-20 15:17:30,643 - INFO -   rows=50000, features=11
2026-06-20 15:17:30,644 - INFO - Loading MISO_zone_3_ from MISO_zone_3_.csv
2026-06-20 15:17:30,731 - INFO -   rows=50000, features=11
2026-06-20 15:17:30,731 - INFO - Loading MISO_zone_4_ from MISO_zone_4_.csv
2026-06-20 15:17:30,819 - INFO -   rows=50000, features=11
2026-06-20 15:17:30,819 - INFO - Loading SPP_zone_1_ from SPP_zone_1_.csv
2026-06-20 15:17:30,911 - INFO -   rows=50000, features=11
2026-06-20 15:17:30,911 - INFO - Loading SPP_zone_2_ from SPP_zone_2_.csv
2026-06-20 15:17:31,040 - INFO -   rows=50000, features=11
2026-06-20 15:17:31,040 - INFO - Loading SPP_zone_3_ from SPP_zone_3_.csv
2026-06-20 15:17:31,168 - INFO -   rows=50000, features=11
2026-06-20 15:17:31,168 - INFO - Loading SPP_zone_4_ from SPP_zone_4_.csv
2026-06-20 15:17:31,264 - INFO -   rows=50000, features=11
2026-06-20 15:17:31,264 - INFO - Loading SPP_zone_5_ from SPP_zone_5_.csv
2026-06-20 15:17:31,352 - INFO -   rows=50000, features=11
2026-06-20 15:17:31,352 - INFO - Loading SPP_zone_6_ from SPP_zone_6_.csv
2026-06-20 15:17:31,440 - INFO -   rows=50000, features=11
2026-06-20 15:17:31,440 - INFO - Loading SPP_zone_7_ from SPP_zone_7_.csv
2026-06-20 15:17:31,527 - INFO -   rows=50000, features=11
2026-06-20 15:17:31,527 - INFO - Loading SPP_zone_8_ from SPP_zone_8_.csv
2026-06-20 15:17:31,612 - INFO -   rows=50000, features=11
2026-06-20 15:17:31,612 - INFO - Loading PJM_zone_1_ from PJM_zone_1_.csv
2026-06-20 15:17:31,697 - INFO -   rows=50000, features=11
2026-06-20 15:17:31,697 - INFO - Loading PJM_zone_2_ from PJM_zone_2_.csv
2026-06-20 15:17:31,782 - INFO -   rows=50000, features=11
2026-06-20 15:17:31,782 - INFO - Loading PJM_zone_3_ from PJM_zone_3_.csv
2026-06-20 15:17:31,867 - INFO -   rows=50000, features=11
2026-06-20 15:17:31,867 - INFO - Loading PJM_zone_4_ from PJM_zone_4_.csv
2026-06-20 15:17:31,951 - INFO -   rows=50000, features=11
2026-06-20 15:17:31,951 - INFO - Loading PJM_zone_5_ from PJM_zone_5_.csv
2026-06-20 15:17:32,036 - INFO -   rows=50000, features=11
2026-06-20 15:17:32,036 - INFO - Loading PJM_zone_6_ from PJM_zone_6_.csv
2026-06-20 15:17:32,120 - INFO -   rows=50000, features=11
2026-06-20 15:17:32,120 - INFO - Loading PJM_zone_7_ from PJM_zone_7_.csv
2026-06-20 15:17:32,211 - INFO -   rows=50000, features=11
2026-06-20 15:17:32,211 - INFO - Loading PJM_zone_8_ from PJM_zone_8_.csv
2026-06-20 15:17:32,301 - INFO -   rows=50000, features=11
2026-06-20 15:17:32,301 - INFO - Loading PJM_zone_9_ from PJM_zone_9_.csv
2026-06-20 15:17:32,393 - INFO -   rows=50000, features=11
2026-06-20 15:17:32,393 - INFO - Loading PJM_zone_10_ from PJM_zone_10_.csv
2026-06-20 15:17:32,479 - INFO -   rows=50000, features=11
2026-06-20 15:17:33,746 - INFO - Generating GORS labels...
2026-06-20 15:17:33,763 - INFO - GORS distribution: train μ=0.498 σ=0.241 | val μ=0.488 σ=0.237
2026-06-20 15:17:33,827 - INFO - Model: 1.0M params
2026-06-20 15:17:33,827 - INFO - Symbolic: True | Physics: True | Feedback: True | Arch: single-LIF | Spike: True
2026-06-20 15:17:36,460 - INFO - Starting training: 50 epochs, 381 batches/epoch
2026-06-20 15:17:37,305 - INFO -   batch   1/381 | loss=0.1274 mse=0.0699 sym=0.0116 phy=0.0459 | 0.8s
2026-06-20 15:17:38,828 - INFO -   batch  10/381 | loss=0.1053 mse=0.0616 sym=0.0111 phy=0.0285 | 2.4s
2026-06-20 15:17:40,514 - INFO -   batch  20/381 | loss=0.1035 mse=0.0657 sym=0.0111 phy=0.0251 | 4.1s
2026-06-20 15:17:42,205 - INFO -   batch  30/381 | loss=0.1005 mse=0.0674 sym=0.0113 phy=0.0245 | 5.7s
2026-06-20 15:17:43,872 - INFO -   batch  40/381 | loss=0.0906 mse=0.0558 sym=0.0112 phy=0.0245 | 7.4s
2026-06-20 15:17:45,537 - INFO -   batch  50/381 | loss=0.1145 mse=0.0788 sym=0.0113 phy=0.0237 | 9.1s
2026-06-20 15:17:47,211 - INFO -   batch  60/381 | loss=0.1046 mse=0.0667 sym=0.0113 phy=0.0242 | 10.8s
2026-06-20 15:17:48,893 - INFO -   batch  70/381 | loss=0.0774 mse=0.0452 sym=0.0114 phy=0.0242 | 12.4s
2026-06-20 15:17:50,539 - INFO -   batch  80/381 | loss=0.1006 mse=0.0668 sym=0.0114 phy=0.0243 | 14.1s
2026-06-20 15:17:52,189 - INFO -   batch  90/381 | loss=0.1076 mse=0.0750 sym=0.0114 phy=0.0242 | 15.7s
2026-06-20 15:17:53,852 - INFO -   batch 100/381 | loss=0.0979 mse=0.0593 sym=0.0114 phy=0.0237 | 17.4s
2026-06-20 15:17:55,489 - INFO -   batch 110/381 | loss=0.1031 mse=0.0635 sym=0.0114 phy=0.0238 | 19.0s
2026-06-20 15:17:57,168 - INFO -   batch 120/381 | loss=0.1127 mse=0.0715 sym=0.0114 phy=0.0239 | 20.7s
2026-06-20 15:17:58,816 - INFO -   batch 130/381 | loss=0.0981 mse=0.0703 sym=0.0114 phy=0.0238 | 22.4s
2026-06-20 15:18:00,473 - INFO -   batch 140/381 | loss=0.0778 mse=0.0396 sym=0.0114 phy=0.0237 | 24.0s
2026-06-20 15:18:02,158 - INFO -   batch 150/381 | loss=0.0912 mse=0.0459 sym=0.0114 phy=0.0235 | 25.7s
2026-06-20 15:18:03,833 - INFO -   batch 160/381 | loss=0.0958 mse=0.0709 sym=0.0114 phy=0.0232 | 27.4s
2026-06-20 15:18:05,525 - INFO -   batch 170/381 | loss=0.0782 mse=0.0549 sym=0.0114 phy=0.0232 | 29.1s
2026-06-20 15:18:07,214 - INFO -   batch 180/381 | loss=0.0821 mse=0.0553 sym=0.0114 phy=0.0231 | 30.8s
2026-06-20 15:18:08,892 - INFO -   batch 190/381 | loss=0.1188 mse=0.0803 sym=0.0114 phy=0.0232 | 32.4s
2026-06-20 15:18:10,588 - INFO -   batch 200/381 | loss=0.0910 mse=0.0614 sym=0.0113 phy=0.0231 | 34.1s
2026-06-20 15:18:12,237 - INFO -   batch 210/381 | loss=0.0918 mse=0.0592 sym=0.0113 phy=0.0231 | 35.8s
2026-06-20 15:18:13,902 - INFO -   batch 220/381 | loss=0.0895 mse=0.0634 sym=0.0113 phy=0.0230 | 37.4s
2026-06-20 15:18:15,567 - INFO -   batch 230/381 | loss=0.0889 mse=0.0538 sym=0.0113 phy=0.0229 | 39.1s
2026-06-20 15:18:17,241 - INFO -   batch 240/381 | loss=0.0933 mse=0.0551 sym=0.0113 phy=0.0229 | 40.8s
2026-06-20 15:18:18,905 - INFO -   batch 250/381 | loss=0.0885 mse=0.0585 sym=0.0113 phy=0.0228 | 42.4s
2026-06-20 15:18:20,601 - INFO -   batch 260/381 | loss=0.0918 mse=0.0589 sym=0.0113 phy=0.0228 | 44.1s
2026-06-20 15:18:22,247 - INFO -   batch 270/381 | loss=0.0810 mse=0.0500 sym=0.0113 phy=0.0228 | 45.8s
2026-06-20 15:18:23,911 - INFO -   batch 280/381 | loss=0.0838 mse=0.0566 sym=0.0113 phy=0.0226 | 47.5s
2026-06-20 15:18:25,567 - INFO -   batch 290/381 | loss=0.0936 mse=0.0559 sym=0.0113 phy=0.0227 | 49.1s
2026-06-20 15:18:27,227 - INFO -   batch 300/381 | loss=0.1158 mse=0.0829 sym=0.0113 phy=0.0228 | 50.8s
2026-06-20 15:18:28,914 - INFO -   batch 310/381 | loss=0.1043 mse=0.0621 sym=0.0112 phy=0.0227 | 52.5s
2026-06-20 15:18:30,608 - INFO -   batch 320/381 | loss=0.0805 mse=0.0442 sym=0.0112 phy=0.0227 | 54.1s
2026-06-20 15:18:32,275 - INFO -   batch 330/381 | loss=0.0852 mse=0.0360 sym=0.0112 phy=0.0227 | 55.8s
2026-06-20 15:18:33,961 - INFO -   batch 340/381 | loss=0.0579 mse=0.0338 sym=0.0112 phy=0.0226 | 57.5s
2026-06-20 15:18:35,639 - INFO -   batch 350/381 | loss=0.0886 mse=0.0520 sym=0.0112 phy=0.0227 | 59.2s
2026-06-20 15:18:37,326 - INFO -   batch 360/381 | loss=0.0980 mse=0.0546 sym=0.0112 phy=0.0228 | 60.9s
2026-06-20 15:18:39,015 - INFO -   batch 370/381 | loss=0.0755 mse=0.0388 sym=0.0112 phy=0.0228 | 62.6s
2026-06-20 15:18:40,703 - INFO -   batch 380/381 | loss=0.0909 mse=0.0565 sym=0.0112 phy=0.0227 | 64.2s
2026-06-20 15:18:44,160 - INFO - Epoch   1/50 | Loss=0.0966 MSE=0.0628 Sym=0.0112 Phy=0.0227 | Val RMSE=0.2396 ρ=0.161 | 68s
2026-06-20 15:18:44,419 - INFO -   batch   1/381 | loss=0.0919 mse=0.0587 sym=0.0099 phy=0.0233 | 0.3s
2026-06-20 15:18:45,962 - INFO -   batch  10/381 | loss=0.0764 mse=0.0511 sym=0.0108 phy=0.0234 | 1.8s
2026-06-20 15:18:47,667 - INFO -   batch  20/381 | loss=0.0902 mse=0.0572 sym=0.0108 phy=0.0212 | 3.5s
2026-06-20 15:18:49,355 - INFO -   batch  30/381 | loss=0.0976 mse=0.0591 sym=0.0110 phy=0.0209 | 5.2s
2026-06-20 15:18:51,058 - INFO -   batch  40/381 | loss=0.0957 mse=0.0663 sym=0.0110 phy=0.0203 | 6.9s
2026-06-20 15:18:52,764 - INFO -   batch  50/381 | loss=0.0907 mse=0.0653 sym=0.0110 phy=0.0210 | 8.6s
2026-06-20 15:18:54,450 - INFO -   batch  60/381 | loss=0.0926 mse=0.0560 sym=0.0109 phy=0.0214 | 10.3s
2026-06-20 15:18:56,193 - INFO -   batch  70/381 | loss=0.0901 mse=0.0587 sym=0.0109 phy=0.0212 | 12.0s
2026-06-20 15:18:57,882 - INFO -   batch  80/381 | loss=0.0927 mse=0.0551 sym=0.0108 phy=0.0211 | 13.7s
2026-06-20 15:18:59,567 - INFO -   batch  90/381 | loss=0.0951 mse=0.0663 sym=0.0109 phy=0.0209 | 15.4s
2026-06-20 15:19:01,409 - INFO -   batch 100/381 | loss=0.1065 mse=0.0617 sym=0.0109 phy=0.0210 | 17.2s
2026-06-20 15:19:03,100 - INFO -   batch 110/381 | loss=0.0795 mse=0.0522 sym=0.0109 phy=0.0210 | 18.9s
2026-06-20 15:19:04,789 - INFO -   batch 120/381 | loss=0.0808 mse=0.0530 sym=0.0109 phy=0.0210 | 20.6s
2026-06-20 15:19:06,469 - INFO -   batch 130/381 | loss=0.0881 mse=0.0623 sym=0.0109 phy=0.0212 | 22.3s
2026-06-20 15:19:08,144 - INFO -   batch 140/381 | loss=0.0727 mse=0.0406 sym=0.0109 phy=0.0212 | 24.0s
2026-06-20 15:19:09,893 - INFO -   batch 150/381 | loss=0.0812 mse=0.0600 sym=0.0109 phy=0.0209 | 25.7s
2026-06-20 15:19:11,581 - INFO -   batch 160/381 | loss=0.1005 mse=0.0627 sym=0.0109 phy=0.0211 | 27.4s
2026-06-20 15:19:13,271 - INFO -   batch 170/381 | loss=0.1018 mse=0.0608 sym=0.0110 phy=0.0211 | 29.1s
2026-06-20 15:19:14,942 - INFO -   batch 180/381 | loss=0.0945 mse=0.0659 sym=0.0110 phy=0.0208 | 30.8s
2026-06-20 15:19:16,636 - INFO -   batch 190/381 | loss=0.0953 mse=0.0632 sym=0.0110 phy=0.0211 | 32.5s
2026-06-20 15:19:18,292 - INFO -   batch 200/381 | loss=0.0787 mse=0.0510 sym=0.0110 phy=0.0209 | 34.1s
2026-06-20 15:19:19,955 - INFO -   batch 210/381 | loss=0.0808 mse=0.0572 sym=0.0109 phy=0.0208 | 35.8s
2026-06-20 15:19:21,605 - INFO -   batch 220/381 | loss=0.1065 mse=0.0777 sym=0.0109 phy=0.0208 | 37.4s
2026-06-20 15:19:23,271 - INFO -   batch 230/381 | loss=0.0886 mse=0.0528 sym=0.0110 phy=0.0208 | 39.1s
2026-06-20 15:19:24,917 - INFO -   batch 240/381 | loss=0.1058 mse=0.0701 sym=0.0110 phy=0.0209 | 40.8s
2026-06-20 15:19:26,598 - INFO -   batch 250/381 | loss=0.0818 mse=0.0486 sym=0.0110 phy=0.0209 | 42.4s
2026-06-20 15:19:28,260 - INFO -   batch 260/381 | loss=0.0768 mse=0.0464 sym=0.0110 phy=0.0210 | 44.1s
2026-06-20 15:19:29,939 - INFO -   batch 270/381 | loss=0.0902 mse=0.0599 sym=0.0110 phy=0.0209 | 45.8s
2026-06-20 15:19:31,601 - INFO -   batch 280/381 | loss=0.0972 mse=0.0691 sym=0.0110 phy=0.0209 | 47.4s
2026-06-20 15:19:33,278 - INFO -   batch 290/381 | loss=0.0815 mse=0.0571 sym=0.0110 phy=0.0209 | 49.1s
2026-06-20 15:19:34,944 - INFO -   batch 300/381 | loss=0.0814 mse=0.0509 sym=0.0110 phy=0.0209 | 50.8s
2026-06-20 15:19:36,627 - INFO -   batch 310/381 | loss=0.0950 mse=0.0605 sym=0.0110 phy=0.0210 | 52.5s
2026-06-20 15:19:38,310 - INFO -   batch 320/381 | loss=0.1177 mse=0.0845 sym=0.0110 phy=0.0209 | 54.1s
2026-06-20 15:19:39,978 - INFO -   batch 330/381 | loss=0.0877 mse=0.0651 sym=0.0110 phy=0.0209 | 55.8s
2026-06-20 15:19:41,648 - INFO -   batch 340/381 | loss=0.0736 mse=0.0403 sym=0.0110 phy=0.0208 | 57.5s
2026-06-20 15:19:43,329 - INFO -   batch 350/381 | loss=0.0825 mse=0.0564 sym=0.0110 phy=0.0207 | 59.2s
2026-06-20 15:19:45,010 - INFO -   batch 360/381 | loss=0.0966 mse=0.0613 sym=0.0110 phy=0.0207 | 60.8s
2026-06-20 15:19:46,691 - INFO -   batch 370/381 | loss=0.1044 mse=0.0732 sym=0.0110 phy=0.0207 | 62.5s
2026-06-20 15:19:48,343 - INFO -   batch 380/381 | loss=0.1142 mse=0.0755 sym=0.0110 phy=0.0207 | 64.2s
2026-06-20 15:19:51,527 - INFO -   batch   1/381 | loss=0.0938 mse=0.0674 sym=0.0115 phy=0.0150 | 0.3s
2026-06-20 15:19:53,022 - INFO -   batch  10/381 | loss=0.0896 mse=0.0641 sym=0.0113 phy=0.0208 | 1.8s
2026-06-20 15:19:54,685 - INFO -   batch  20/381 | loss=0.1079 mse=0.0787 sym=0.0109 phy=0.0196 | 3.4s
2026-06-20 15:19:56,355 - INFO -   batch  30/381 | loss=0.0957 mse=0.0557 sym=0.0110 phy=0.0220 | 5.1s
2026-06-20 15:19:58,016 - INFO -   batch  40/381 | loss=0.0961 mse=0.0672 sym=0.0109 phy=0.0218 | 6.8s
2026-06-20 15:19:59,706 - INFO -   batch  50/381 | loss=0.0738 mse=0.0405 sym=0.0109 phy=0.0214 | 8.4s
2026-06-20 15:20:01,383 - INFO -   batch  60/381 | loss=0.0853 mse=0.0484 sym=0.0109 phy=0.0213 | 10.1s
2026-06-20 15:20:03,069 - INFO -   batch  70/381 | loss=0.0833 mse=0.0541 sym=0.0108 phy=0.0206 | 11.8s
2026-06-20 15:20:04,758 - INFO -   batch  80/381 | loss=0.1013 mse=0.0701 sym=0.0109 phy=0.0208 | 13.5s
2026-06-20 15:20:06,469 - INFO -   batch  90/381 | loss=0.0951 mse=0.0684 sym=0.0109 phy=0.0206 | 15.2s
2026-06-20 15:20:08,168 - INFO -   batch 100/381 | loss=0.0878 mse=0.0573 sym=0.0109 phy=0.0204 | 16.9s
2026-06-20 15:20:09,855 - INFO -   batch 110/381 | loss=0.1003 mse=0.0691 sym=0.0109 phy=0.0203 | 18.6s
2026-06-20 15:20:11,522 - INFO -   batch 120/381 | loss=0.0849 mse=0.0438 sym=0.0109 phy=0.0206 | 20.3s
2026-06-20 15:20:13,208 - INFO -   batch 130/381 | loss=0.0853 mse=0.0548 sym=0.0108 phy=0.0207 | 21.9s
2026-06-20 15:20:14,908 - INFO -   batch 140/381 | loss=0.0908 mse=0.0565 sym=0.0108 phy=0.0206 | 23.6s
2026-06-20 15:20:16,607 - INFO -   batch 150/381 | loss=0.0779 mse=0.0529 sym=0.0108 phy=0.0206 | 25.3s
2026-06-20 15:20:18,332 - INFO -   batch 160/381 | loss=0.0715 mse=0.0368 sym=0.0108 phy=0.0205 | 27.1s
2026-06-20 15:20:20,029 - INFO -   batch 170/381 | loss=0.0730 mse=0.0479 sym=0.0108 phy=0.0206 | 28.8s
2026-06-20 15:20:21,723 - INFO -   batch 180/381 | loss=0.0930 mse=0.0682 sym=0.0108 phy=0.0204 | 30.5s
2026-06-20 15:20:23,411 - INFO -   batch 190/381 | loss=0.0905 mse=0.0641 sym=0.0108 phy=0.0206 | 32.1s
2026-06-20 15:20:25,136 - INFO -   batch 200/381 | loss=0.0951 mse=0.0726 sym=0.0109 phy=0.0207 | 33.9s
2026-06-20 15:20:26,808 - INFO -   batch 210/381 | loss=0.0809 mse=0.0520 sym=0.0108 phy=0.0205 | 35.5s
2026-06-20 15:20:28,473 - INFO -   batch 220/381 | loss=0.0746 mse=0.0503 sym=0.0109 phy=0.0206 | 37.2s
2026-06-20 15:20:30,160 - INFO -   batch 230/381 | loss=0.0842 mse=0.0509 sym=0.0109 phy=0.0204 | 38.9s
2026-06-20 15:20:31,821 - INFO -   batch 240/381 | loss=0.0840 mse=0.0533 sym=0.0109 phy=0.0204 | 40.6s
2026-06-20 15:20:33,489 - INFO -   batch 250/381 | loss=0.0732 mse=0.0458 sym=0.0109 phy=0.0203 | 42.2s
2026-06-20 15:20:35,157 - INFO -   batch 260/381 | loss=0.0998 mse=0.0705 sym=0.0109 phy=0.0202 | 43.9s
2026-06-20 15:20:36,809 - INFO -   batch 270/381 | loss=0.0921 mse=0.0662 sym=0.0109 phy=0.0204 | 45.5s
2026-06-20 15:20:38,478 - INFO -   batch 280/381 | loss=0.0768 mse=0.0489 sym=0.0108 phy=0.0202 | 47.2s
2026-06-20 15:20:40,171 - INFO -   batch 290/381 | loss=0.0827 mse=0.0602 sym=0.0108 phy=0.0202 | 48.9s
2026-06-20 15:20:41,851 - INFO -   batch 300/381 | loss=0.0954 mse=0.0558 sym=0.0108 phy=0.0202 | 50.6s
2026-06-20 15:20:43,542 - INFO -   batch 310/381 | loss=0.0864 mse=0.0581 sym=0.0108 phy=0.0201 | 52.3s
2026-06-20 15:20:45,242 - INFO -   batch 320/381 | loss=0.0867 mse=0.0606 sym=0.0108 phy=0.0201 | 54.0s
2026-06-20 15:20:46,996 - INFO -   batch 330/381 | loss=0.0906 mse=0.0565 sym=0.0108 phy=0.0200 | 55.7s
2026-06-20 15:20:48,652 - INFO -   batch 340/381 | loss=0.0967 mse=0.0559 sym=0.0108 phy=0.0201 | 57.4s
2026-06-20 15:20:50,350 - INFO -   batch 350/381 | loss=0.0772 mse=0.0474 sym=0.0108 phy=0.0201 | 59.1s
2026-06-20 15:20:52,019 - INFO -   batch 360/381 | loss=0.0861 mse=0.0546 sym=0.0108 phy=0.0201 | 60.8s
2026-06-20 15:20:53,690 - INFO -   batch 370/381 | loss=0.0914 mse=0.0583 sym=0.0109 phy=0.0202 | 62.4s
2026-06-20 15:20:55,340 - INFO -   batch 380/381 | loss=0.0777 mse=0.0547 sym=0.0108 phy=0.0201 | 64.1s
2026-06-20 15:20:58,508 - INFO -   batch   1/381 | loss=0.0900 mse=0.0569 sym=0.0111 phy=0.0221 | 0.2s
2026-06-20 15:21:00,010 - INFO -   batch  10/381 | loss=0.0967 mse=0.0606 sym=0.0110 phy=0.0173 | 1.7s
2026-06-20 15:21:01,676 - INFO -   batch  20/381 | loss=0.0867 mse=0.0518 sym=0.0111 phy=0.0195 | 3.4s
2026-06-20 15:21:03,344 - INFO -   batch  30/381 | loss=0.1016 mse=0.0749 sym=0.0109 phy=0.0190 | 5.1s
2026-06-20 15:21:05,002 - INFO -   batch  40/381 | loss=0.0923 mse=0.0610 sym=0.0110 phy=0.0188 | 6.7s
2026-06-20 15:21:06,646 - INFO -   batch  50/381 | loss=0.1029 mse=0.0560 sym=0.0110 phy=0.0194 | 8.4s
2026-06-20 15:21:08,284 - INFO -   batch  60/381 | loss=0.1093 mse=0.0709 sym=0.0109 phy=0.0197 | 10.0s
2026-06-20 15:21:09,921 - INFO -   batch  70/381 | loss=0.0746 mse=0.0469 sym=0.0108 phy=0.0204 | 11.7s
2026-06-20 15:21:11,574 - INFO -   batch  80/381 | loss=0.0873 mse=0.0616 sym=0.0109 phy=0.0201 | 13.3s
2026-06-20 15:21:13,237 - INFO -   batch  90/381 | loss=0.0718 mse=0.0446 sym=0.0108 phy=0.0196 | 15.0s
2026-06-20 15:21:14,900 - INFO -   batch 100/381 | loss=0.0946 mse=0.0617 sym=0.0109 phy=0.0196 | 16.6s
2026-06-20 15:21:16,585 - INFO -   batch 110/381 | loss=0.0979 mse=0.0728 sym=0.0109 phy=0.0194 | 18.3s
2026-06-20 15:21:18,240 - INFO -   batch 120/381 | loss=0.1125 mse=0.0692 sym=0.0109 phy=0.0195 | 20.0s
2026-06-20 15:21:19,896 - INFO -   batch 130/381 | loss=0.0792 mse=0.0505 sym=0.0109 phy=0.0194 | 21.6s
2026-06-20 15:21:21,567 - INFO -   batch 140/381 | loss=0.0979 mse=0.0644 sym=0.0109 phy=0.0192 | 23.3s
2026-06-20 15:21:23,198 - INFO -   batch 150/381 | loss=0.0924 mse=0.0639 sym=0.0109 phy=0.0194 | 24.9s
2026-06-20 15:21:24,873 - INFO -   batch 160/381 | loss=0.0818 mse=0.0600 sym=0.0109 phy=0.0192 | 26.6s
2026-06-20 15:21:26,557 - INFO -   batch 170/381 | loss=0.0881 mse=0.0550 sym=0.0109 phy=0.0192 | 28.3s
2026-06-20 15:21:28,219 - INFO -   batch 180/381 | loss=0.0803 mse=0.0501 sym=0.0109 phy=0.0194 | 30.0s
2026-06-20 15:21:29,856 - INFO -   batch 190/381 | loss=0.0918 mse=0.0602 sym=0.0109 phy=0.0194 | 31.6s
2026-06-20 15:21:31,529 - INFO -   batch 200/381 | loss=0.0756 mse=0.0511 sym=0.0109 phy=0.0194 | 33.3s
2026-06-20 15:21:33,184 - INFO -   batch 210/381 | loss=0.0893 mse=0.0558 sym=0.0109 phy=0.0195 | 34.9s
2026-06-20 15:21:34,889 - INFO -   batch 220/381 | loss=0.0943 mse=0.0696 sym=0.0109 phy=0.0195 | 36.6s
2026-06-20 15:21:36,625 - INFO -   batch 230/381 | loss=0.0903 mse=0.0578 sym=0.0108 phy=0.0195 | 38.4s
2026-06-20 15:21:38,279 - INFO -   batch 240/381 | loss=0.1069 mse=0.0650 sym=0.0108 phy=0.0195 | 40.0s
2026-06-20 15:21:39,939 - INFO -   batch 250/381 | loss=0.0988 mse=0.0676 sym=0.0108 phy=0.0194 | 41.7s
2026-06-20 15:21:41,688 - INFO -   batch 260/381 | loss=0.0756 mse=0.0436 sym=0.0108 phy=0.0194 | 43.4s
2026-06-20 15:21:43,356 - INFO -   batch 270/381 | loss=0.0936 mse=0.0639 sym=0.0108 phy=0.0195 | 45.1s
2026-06-20 15:21:45,080 - INFO -   batch 280/381 | loss=0.0762 mse=0.0452 sym=0.0108 phy=0.0194 | 46.8s
2026-06-20 15:21:46,748 - INFO -   batch 290/381 | loss=0.0678 mse=0.0350 sym=0.0108 phy=0.0194 | 48.5s
2026-06-20 15:21:48,415 - INFO -   batch 300/381 | loss=0.0819 mse=0.0536 sym=0.0108 phy=0.0194 | 50.1s
2026-06-20 15:21:50,101 - INFO -   batch 310/381 | loss=0.1040 mse=0.0572 sym=0.0108 phy=0.0195 | 51.8s
2026-06-20 15:21:51,766 - INFO -   batch 320/381 | loss=0.0955 mse=0.0662 sym=0.0108 phy=0.0197 | 53.5s
2026-06-20 15:21:53,439 - INFO -   batch 330/381 | loss=0.0826 mse=0.0576 sym=0.0108 phy=0.0197 | 55.2s
2026-06-20 15:21:55,104 - INFO -   batch 340/381 | loss=0.0991 mse=0.0711 sym=0.0108 phy=0.0197 | 56.8s
2026-06-20 15:21:56,752 - INFO -   batch 350/381 | loss=0.0852 mse=0.0567 sym=0.0108 phy=0.0198 | 58.5s
2026-06-20 15:21:58,399 - INFO -   batch 360/381 | loss=0.0717 mse=0.0457 sym=0.0108 phy=0.0198 | 60.1s
2026-06-20 15:22:00,044 - INFO -   batch 370/381 | loss=0.0832 mse=0.0456 sym=0.0108 phy=0.0198 | 61.8s
2026-06-20 15:22:01,787 - INFO -   batch 380/381 | loss=0.0985 mse=0.0694 sym=0.0108 phy=0.0198 | 63.5s
2026-06-20 15:22:04,945 - INFO -   batch   1/381 | loss=0.0677 mse=0.0387 sym=0.0108 phy=0.0182 | 0.2s
2026-06-20 15:22:06,447 - INFO -   batch  10/381 | loss=0.0720 mse=0.0470 sym=0.0104 phy=0.0185 | 1.7s
2026-06-20 15:22:08,111 - INFO -   batch  20/381 | loss=0.0929 mse=0.0616 sym=0.0105 phy=0.0204 | 3.4s
2026-06-20 15:22:09,792 - INFO -   batch  30/381 | loss=0.0812 mse=0.0522 sym=0.0107 phy=0.0208 | 5.1s
2026-06-20 15:22:11,502 - INFO -   batch  40/381 | loss=0.0733 mse=0.0369 sym=0.0108 phy=0.0203 | 6.8s
2026-06-20 15:22:13,221 - INFO -   batch  50/381 | loss=0.0945 mse=0.0690 sym=0.0108 phy=0.0202 | 8.5s
2026-06-20 15:22:14,873 - INFO -   batch  60/381 | loss=0.1117 mse=0.0729 sym=0.0107 phy=0.0208 | 10.2s
2026-06-20 15:22:16,547 - INFO -   batch  70/381 | loss=0.0810 mse=0.0574 sym=0.0107 phy=0.0203 | 11.8s
2026-06-20 15:22:18,248 - INFO -   batch  80/381 | loss=0.1102 mse=0.0809 sym=0.0107 phy=0.0203 | 13.5s
2026-06-20 15:22:19,938 - INFO -   batch  90/381 | loss=0.0994 mse=0.0626 sym=0.0107 phy=0.0201 | 15.2s
2026-06-20 15:22:21,581 - INFO -   batch 100/381 | loss=0.0779 mse=0.0539 sym=0.0108 phy=0.0199 | 16.9s
2026-06-20 15:22:23,250 - INFO -   batch 110/381 | loss=0.0871 mse=0.0556 sym=0.0108 phy=0.0198 | 18.5s
2026-06-20 15:22:24,899 - INFO -   batch 120/381 | loss=0.0930 mse=0.0593 sym=0.0107 phy=0.0201 | 20.2s
2026-06-20 15:22:26,634 - INFO -   batch 130/381 | loss=0.0789 mse=0.0517 sym=0.0107 phy=0.0203 | 21.9s
2026-06-20 15:22:28,383 - INFO -   batch 140/381 | loss=0.0901 mse=0.0678 sym=0.0107 phy=0.0200 | 23.7s
2026-06-20 15:22:30,051 - INFO -   batch 150/381 | loss=0.0918 mse=0.0548 sym=0.0107 phy=0.0199 | 25.3s
2026-06-20 15:22:31,781 - INFO -   batch 160/381 | loss=0.0915 mse=0.0654 sym=0.0107 phy=0.0199 | 27.1s
2026-06-20 15:22:33,466 - INFO -   batch 170/381 | loss=0.0842 mse=0.0519 sym=0.0107 phy=0.0197 | 28.8s
2026-06-20 15:22:35,119 - INFO -   batch 180/381 | loss=0.0923 mse=0.0589 sym=0.0108 phy=0.0198 | 30.4s
2026-06-20 15:22:36,798 - INFO -   batch 190/381 | loss=0.0690 mse=0.0478 sym=0.0108 phy=0.0197 | 32.1s
2026-06-20 15:22:38,485 - INFO -   batch 200/381 | loss=0.0768 mse=0.0439 sym=0.0108 phy=0.0197 | 33.8s
2026-06-20 15:22:40,179 - INFO -   batch 210/381 | loss=0.0601 mse=0.0372 sym=0.0108 phy=0.0196 | 35.5s
2026-06-20 15:22:41,841 - INFO -   batch 220/381 | loss=0.1006 mse=0.0685 sym=0.0108 phy=0.0195 | 37.1s
2026-06-20 15:22:43,462 - INFO -   batch 230/381 | loss=0.0848 mse=0.0556 sym=0.0108 phy=0.0195 | 38.8s
2026-06-20 15:22:45,119 - INFO -   batch 240/381 | loss=0.0919 mse=0.0607 sym=0.0107 phy=0.0196 | 40.4s
2026-06-20 15:22:46,792 - INFO -   batch 250/381 | loss=0.0674 mse=0.0434 sym=0.0108 phy=0.0196 | 42.1s
2026-06-20 15:22:48,444 - INFO -   batch 260/381 | loss=0.0746 mse=0.0429 sym=0.0108 phy=0.0195 | 43.7s
2026-06-20 15:22:50,121 - INFO -   batch 270/381 | loss=0.0909 mse=0.0633 sym=0.0108 phy=0.0194 | 45.4s
2026-06-20 15:22:51,768 - INFO -   batch 280/381 | loss=0.0875 mse=0.0588 sym=0.0108 phy=0.0194 | 47.1s
2026-06-20 15:22:53,353 - INFO -   batch 290/381 | loss=0.0870 mse=0.0570 sym=0.0108 phy=0.0194 | 48.6s
2026-06-20 15:22:54,961 - INFO -   batch 300/381 | loss=0.1038 mse=0.0738 sym=0.0108 phy=0.0193 | 50.3s
2026-06-20 15:22:56,546 - INFO -   batch 310/381 | loss=0.0852 mse=0.0407 sym=0.0108 phy=0.0194 | 51.8s
2026-06-20 15:22:58,200 - INFO -   batch 320/381 | loss=0.0982 mse=0.0534 sym=0.0108 phy=0.0195 | 53.5s
2026-06-20 15:22:59,877 - INFO -   batch 330/381 | loss=0.0930 mse=0.0617 sym=0.0108 phy=0.0195 | 55.2s
2026-06-20 15:23:01,466 - INFO -   batch 340/381 | loss=0.0789 mse=0.0480 sym=0.0108 phy=0.0195 | 56.8s
2026-06-20 15:23:03,133 - INFO -   batch 350/381 | loss=0.0917 mse=0.0648 sym=0.0108 phy=0.0195 | 58.4s
2026-06-20 15:23:04,812 - INFO -   batch 360/381 | loss=0.0812 mse=0.0490 sym=0.0108 phy=0.0196 | 60.1s
2026-06-20 15:23:06,474 - INFO -   batch 370/381 | loss=0.1038 mse=0.0763 sym=0.0108 phy=0.0196 | 61.8s
2026-06-20 15:23:08,076 - INFO -   batch 380/381 | loss=0.0834 mse=0.0575 sym=0.0108 phy=0.0196 | 63.4s
2026-06-20 15:23:10,928 - INFO - Epoch   5/50 | Loss=0.0870 MSE=0.0566 Sym=0.0108 Phy=0.0196 | Val RMSE=0.2317 ρ=0.294 | 66s
2026-06-20 15:23:11,137 - INFO -   batch   1/381 | loss=0.0799 mse=0.0465 sym=0.0117 phy=0.0217 | 0.2s
2026-06-20 15:23:12,618 - INFO -   batch  10/381 | loss=0.0870 mse=0.0574 sym=0.0110 phy=0.0175 | 1.7s
2026-06-20 15:23:14,217 - INFO -   batch  20/381 | loss=0.0996 mse=0.0688 sym=0.0107 phy=0.0176 | 3.3s
2026-06-20 15:23:15,900 - INFO -   batch  30/381 | loss=0.0857 mse=0.0603 sym=0.0107 phy=0.0191 | 5.0s
2026-06-20 15:23:17,509 - INFO -   batch  40/381 | loss=0.0884 mse=0.0589 sym=0.0107 phy=0.0198 | 6.6s
2026-06-20 15:23:19,137 - INFO -   batch  50/381 | loss=0.0805 mse=0.0525 sym=0.0108 phy=0.0205 | 8.2s
2026-06-20 15:23:20,740 - INFO -   batch  60/381 | loss=0.0915 mse=0.0619 sym=0.0108 phy=0.0203 | 9.8s
2026-06-20 15:23:22,351 - INFO -   batch  70/381 | loss=0.0935 mse=0.0592 sym=0.0109 phy=0.0201 | 11.4s
2026-06-20 15:23:23,967 - INFO -   batch  80/381 | loss=0.0918 mse=0.0634 sym=0.0109 phy=0.0200 | 13.0s
2026-06-20 15:23:25,583 - INFO -   batch  90/381 | loss=0.0824 mse=0.0504 sym=0.0110 phy=0.0197 | 14.7s
2026-06-20 15:23:27,246 - INFO -   batch 100/381 | loss=0.0771 mse=0.0473 sym=0.0110 phy=0.0197 | 16.3s
2026-06-20 15:23:28,866 - INFO -   batch 110/381 | loss=0.0812 mse=0.0417 sym=0.0110 phy=0.0195 | 17.9s
2026-06-20 15:23:30,527 - INFO -   batch 120/381 | loss=0.0848 mse=0.0533 sym=0.0109 phy=0.0197 | 19.6s
2026-06-20 15:23:32,193 - INFO -   batch 130/381 | loss=0.0870 mse=0.0606 sym=0.0109 phy=0.0195 | 21.3s
2026-06-20 15:23:33,848 - INFO -   batch 140/381 | loss=0.0800 mse=0.0525 sym=0.0109 phy=0.0194 | 22.9s
2026-06-20 15:23:35,688 - INFO -   batch 150/381 | loss=0.0796 mse=0.0464 sym=0.0109 phy=0.0193 | 24.8s
2026-06-20 15:23:37,293 - INFO -   batch 160/381 | loss=0.0814 mse=0.0533 sym=0.0109 phy=0.0195 | 26.4s
2026-06-20 15:23:38,936 - INFO -   batch 170/381 | loss=0.0897 mse=0.0560 sym=0.0109 phy=0.0196 | 28.0s
2026-06-20 15:23:40,608 - INFO -   batch 180/381 | loss=0.0831 mse=0.0538 sym=0.0109 phy=0.0196 | 29.7s
2026-06-20 15:23:42,288 - INFO -   batch 190/381 | loss=0.0871 mse=0.0550 sym=0.0109 phy=0.0195 | 31.4s
2026-06-20 15:23:43,874 - INFO -   batch 200/381 | loss=0.0726 mse=0.0481 sym=0.0108 phy=0.0194 | 32.9s
2026-06-20 15:23:45,534 - INFO -   batch 210/381 | loss=0.0752 mse=0.0471 sym=0.0109 phy=0.0193 | 34.6s
2026-06-20 15:23:47,096 - INFO -   batch 220/381 | loss=0.0935 mse=0.0583 sym=0.0109 phy=0.0193 | 36.2s
2026-06-20 15:23:48,682 - INFO -   batch 230/381 | loss=0.0832 mse=0.0529 sym=0.0109 phy=0.0192 | 37.8s
2026-06-20 15:23:50,324 - INFO -   batch 240/381 | loss=0.0832 mse=0.0537 sym=0.0109 phy=0.0193 | 39.4s
2026-06-20 15:23:51,963 - INFO -   batch 250/381 | loss=0.0885 mse=0.0640 sym=0.0109 phy=0.0193 | 41.0s
2026-06-20 15:23:53,565 - INFO -   batch 260/381 | loss=0.0959 mse=0.0655 sym=0.0109 phy=0.0192 | 42.6s
2026-06-20 15:23:55,149 - INFO -   batch 270/381 | loss=0.0681 mse=0.0415 sym=0.0109 phy=0.0192 | 44.2s
2026-06-20 15:23:56,734 - INFO -   batch 280/381 | loss=0.1035 mse=0.0682 sym=0.0109 phy=0.0192 | 45.8s
2026-06-20 15:23:58,319 - INFO -   batch 290/381 | loss=0.0905 mse=0.0654 sym=0.0109 phy=0.0192 | 47.4s
2026-06-20 15:23:59,882 - INFO -   batch 300/381 | loss=0.0922 mse=0.0620 sym=0.0109 phy=0.0194 | 49.0s
2026-06-20 15:24:01,483 - INFO -   batch 310/381 | loss=0.0952 mse=0.0648 sym=0.0109 phy=0.0194 | 50.6s
2026-06-20 15:24:03,050 - INFO -   batch 320/381 | loss=0.0859 mse=0.0545 sym=0.0109 phy=0.0194 | 52.1s
2026-06-20 15:24:04,636 - INFO -   batch 330/381 | loss=0.0890 mse=0.0562 sym=0.0109 phy=0.0193 | 53.7s
2026-06-20 15:24:06,235 - INFO -   batch 340/381 | loss=0.0929 mse=0.0600 sym=0.0109 phy=0.0193 | 55.3s
2026-06-20 15:24:07,786 - INFO -   batch 350/381 | loss=0.0758 mse=0.0488 sym=0.0109 phy=0.0194 | 56.9s
2026-06-20 15:24:09,377 - INFO -   batch 360/381 | loss=0.0855 mse=0.0607 sym=0.0109 phy=0.0194 | 58.4s
2026-06-20 15:24:10,949 - INFO -   batch 370/381 | loss=0.0850 mse=0.0607 sym=0.0109 phy=0.0194 | 60.0s
2026-06-20 15:24:12,538 - INFO -   batch 380/381 | loss=0.0723 mse=0.0481 sym=0.0109 phy=0.0193 | 61.6s
2026-06-20 15:24:15,563 - INFO -   batch   1/381 | loss=0.0787 mse=0.0479 sym=0.0113 phy=0.0195 | 0.2s
2026-06-20 15:24:17,005 - INFO -   batch  10/381 | loss=0.0788 mse=0.0519 sym=0.0114 phy=0.0201 | 1.7s
2026-06-20 15:24:18,668 - INFO -   batch  20/381 | loss=0.0799 mse=0.0563 sym=0.0113 phy=0.0198 | 3.3s
2026-06-20 15:24:20,341 - INFO -   batch  30/381 | loss=0.0659 mse=0.0392 sym=0.0109 phy=0.0191 | 5.0s
2026-06-20 15:24:22,008 - INFO -   batch  40/381 | loss=0.0953 mse=0.0561 sym=0.0108 phy=0.0188 | 6.7s
2026-06-20 15:24:23,676 - INFO -   batch  50/381 | loss=0.0695 mse=0.0413 sym=0.0108 phy=0.0188 | 8.4s
2026-06-20 15:24:25,346 - INFO -   batch  60/381 | loss=0.0890 mse=0.0635 sym=0.0108 phy=0.0192 | 10.0s
2026-06-20 15:24:27,012 - INFO -   batch  70/381 | loss=0.0762 mse=0.0503 sym=0.0108 phy=0.0188 | 11.7s
2026-06-20 15:24:28,615 - INFO -   batch  80/381 | loss=0.0950 mse=0.0654 sym=0.0109 phy=0.0189 | 13.3s
2026-06-20 15:24:30,267 - INFO -   batch  90/381 | loss=0.0759 mse=0.0475 sym=0.0109 phy=0.0190 | 14.9s
2026-06-20 15:24:31,942 - INFO -   batch 100/381 | loss=0.0767 mse=0.0451 sym=0.0109 phy=0.0192 | 16.6s
2026-06-20 15:24:33,574 - INFO -   batch 110/381 | loss=0.0826 mse=0.0502 sym=0.0110 phy=0.0192 | 18.3s
2026-06-20 15:24:35,207 - INFO -   batch 120/381 | loss=0.0687 mse=0.0388 sym=0.0109 phy=0.0192 | 19.9s
2026-06-20 15:24:36,881 - INFO -   batch 130/381 | loss=0.0789 mse=0.0535 sym=0.0110 phy=0.0191 | 21.6s
2026-06-20 15:24:38,543 - INFO -   batch 140/381 | loss=0.0865 mse=0.0565 sym=0.0110 phy=0.0193 | 23.2s
2026-06-20 15:24:40,147 - INFO -   batch 150/381 | loss=0.0840 mse=0.0570 sym=0.0110 phy=0.0193 | 24.8s
2026-06-20 15:24:41,812 - INFO -   batch 160/381 | loss=0.0977 mse=0.0623 sym=0.0109 phy=0.0191 | 26.5s
2026-06-20 15:24:43,424 - INFO -   batch 170/381 | loss=0.0705 mse=0.0378 sym=0.0109 phy=0.0195 | 28.1s
2026-06-20 15:24:45,076 - INFO -   batch 180/381 | loss=0.0841 mse=0.0515 sym=0.0110 phy=0.0198 | 29.8s
2026-06-20 15:24:46,658 - INFO -   batch 190/381 | loss=0.0974 mse=0.0701 sym=0.0109 phy=0.0197 | 31.3s
2026-06-20 15:24:48,260 - INFO -   batch 200/381 | loss=0.0880 mse=0.0611 sym=0.0109 phy=0.0196 | 32.9s
2026-06-20 15:24:49,869 - INFO -   batch 210/381 | loss=0.0716 mse=0.0452 sym=0.0109 phy=0.0196 | 34.5s
2026-06-20 15:24:51,514 - INFO -   batch 220/381 | loss=0.0900 mse=0.0613 sym=0.0109 phy=0.0195 | 36.2s
2026-06-20 15:24:53,142 - INFO -   batch 230/381 | loss=0.0888 mse=0.0639 sym=0.0109 phy=0.0194 | 37.8s
2026-06-20 15:24:54,711 - INFO -   batch 240/381 | loss=0.0946 mse=0.0569 sym=0.0109 phy=0.0193 | 39.4s
2026-06-20 15:24:56,377 - INFO -   batch 250/381 | loss=0.0800 mse=0.0422 sym=0.0109 phy=0.0194 | 41.1s
2026-06-20 15:24:58,035 - INFO -   batch 260/381 | loss=0.0723 mse=0.0446 sym=0.0110 phy=0.0195 | 42.7s
2026-06-20 15:24:59,708 - INFO -   batch 270/381 | loss=0.0844 mse=0.0570 sym=0.0110 phy=0.0194 | 44.4s
2026-06-20 15:25:01,286 - INFO -   batch 280/381 | loss=0.0889 mse=0.0622 sym=0.0110 phy=0.0194 | 46.0s
2026-06-20 15:25:02,963 - INFO -   batch 290/381 | loss=0.0758 mse=0.0520 sym=0.0110 phy=0.0193 | 47.6s
2026-06-20 15:25:04,626 - INFO -   batch 300/381 | loss=0.0619 mse=0.0348 sym=0.0110 phy=0.0193 | 49.3s
2026-06-20 15:25:06,255 - INFO -   batch 310/381 | loss=0.0896 mse=0.0529 sym=0.0110 phy=0.0193 | 50.9s
2026-06-20 15:25:07,835 - INFO -   batch 320/381 | loss=0.0770 mse=0.0454 sym=0.0110 phy=0.0194 | 52.5s
2026-06-20 15:25:09,415 - INFO -   batch 330/381 | loss=0.0938 mse=0.0695 sym=0.0109 phy=0.0194 | 54.1s
2026-06-20 15:25:10,975 - INFO -   batch 340/381 | loss=0.0894 mse=0.0576 sym=0.0109 phy=0.0194 | 55.7s
2026-06-20 15:25:12,569 - INFO -   batch 350/381 | loss=0.0904 mse=0.0556 sym=0.0109 phy=0.0194 | 57.2s
2026-06-20 15:25:14,126 - INFO -   batch 360/381 | loss=0.0913 mse=0.0671 sym=0.0109 phy=0.0193 | 58.8s
2026-06-20 15:25:15,743 - INFO -   batch 370/381 | loss=0.0773 mse=0.0492 sym=0.0109 phy=0.0193 | 60.4s
2026-06-20 15:25:17,299 - INFO -   batch 380/381 | loss=0.0837 mse=0.0509 sym=0.0109 phy=0.0193 | 62.0s
2026-06-20 15:25:20,303 - INFO -   batch   1/381 | loss=0.0885 mse=0.0548 sym=0.0109 phy=0.0227 | 0.2s
2026-06-20 15:25:21,723 - INFO -   batch  10/381 | loss=0.0851 mse=0.0554 sym=0.0109 phy=0.0211 | 1.7s
2026-06-20 15:25:23,370 - INFO -   batch  20/381 | loss=0.0822 mse=0.0492 sym=0.0108 phy=0.0204 | 3.3s
2026-06-20 15:25:25,024 - INFO -   batch  30/381 | loss=0.0945 mse=0.0586 sym=0.0109 phy=0.0196 | 5.0s
2026-06-20 15:25:26,709 - INFO -   batch  40/381 | loss=0.1102 mse=0.0712 sym=0.0111 phy=0.0200 | 6.6s
2026-06-20 15:25:28,358 - INFO -   batch  50/381 | loss=0.1023 mse=0.0723 sym=0.0111 phy=0.0200 | 8.3s
2026-06-20 15:25:30,016 - INFO -   batch  60/381 | loss=0.0940 mse=0.0653 sym=0.0110 phy=0.0197 | 9.9s
2026-06-20 15:25:31,694 - INFO -   batch  70/381 | loss=0.1025 mse=0.0663 sym=0.0110 phy=0.0195 | 11.6s
2026-06-20 15:25:33,329 - INFO -   batch  80/381 | loss=0.0910 mse=0.0614 sym=0.0109 phy=0.0197 | 13.3s
2026-06-20 15:25:34,956 - INFO -   batch  90/381 | loss=0.0823 mse=0.0581 sym=0.0109 phy=0.0196 | 14.9s
2026-06-20 15:25:36,627 - INFO -   batch 100/381 | loss=0.0854 mse=0.0551 sym=0.0109 phy=0.0195 | 16.6s
2026-06-20 15:25:38,289 - INFO -   batch 110/381 | loss=0.1027 mse=0.0669 sym=0.0110 phy=0.0195 | 18.2s
2026-06-20 15:25:39,881 - INFO -   batch 120/381 | loss=0.0961 mse=0.0638 sym=0.0110 phy=0.0198 | 19.8s
2026-06-20 15:25:41,561 - INFO -   batch 130/381 | loss=0.0848 mse=0.0640 sym=0.0110 phy=0.0195 | 21.5s
2026-06-20 15:25:43,215 - INFO -   batch 140/381 | loss=0.1091 mse=0.0750 sym=0.0110 phy=0.0194 | 23.1s
2026-06-20 15:25:44,863 - INFO -   batch 150/381 | loss=0.1192 mse=0.0840 sym=0.0110 phy=0.0195 | 24.8s
2026-06-20 15:25:46,480 - INFO -   batch 160/381 | loss=0.0749 mse=0.0430 sym=0.0110 phy=0.0196 | 26.4s
2026-06-20 15:25:48,148 - INFO -   batch 170/381 | loss=0.0914 mse=0.0670 sym=0.0110 phy=0.0195 | 28.1s
2026-06-20 15:25:49,810 - INFO -   batch 180/381 | loss=0.0890 mse=0.0575 sym=0.0109 phy=0.0193 | 29.7s
2026-06-20 15:25:51,433 - INFO -   batch 190/381 | loss=0.0697 mse=0.0431 sym=0.0109 phy=0.0193 | 31.4s
2026-06-20 15:25:53,087 - INFO -   batch 200/381 | loss=0.0664 mse=0.0446 sym=0.0109 phy=0.0192 | 33.0s
2026-06-20 15:25:54,752 - INFO -   batch 210/381 | loss=0.0740 mse=0.0427 sym=0.0109 phy=0.0192 | 34.7s
2026-06-20 15:25:56,428 - INFO -   batch 220/381 | loss=0.0796 mse=0.0581 sym=0.0109 phy=0.0191 | 36.4s
2026-06-20 15:25:58,013 - INFO -   batch 230/381 | loss=0.1051 mse=0.0735 sym=0.0109 phy=0.0189 | 37.9s
2026-06-20 15:25:59,678 - INFO -   batch 240/381 | loss=0.0763 mse=0.0403 sym=0.0109 phy=0.0191 | 39.6s
2026-06-20 15:26:01,356 - INFO -   batch 250/381 | loss=0.0776 mse=0.0488 sym=0.0109 phy=0.0191 | 41.3s
2026-06-20 15:26:03,020 - INFO -   batch 260/381 | loss=0.0814 mse=0.0572 sym=0.0109 phy=0.0190 | 42.9s
2026-06-20 15:26:04,680 - INFO -   batch 270/381 | loss=0.0789 mse=0.0492 sym=0.0109 phy=0.0191 | 44.6s
2026-06-20 15:26:06,305 - INFO -   batch 280/381 | loss=0.1005 mse=0.0576 sym=0.0109 phy=0.0191 | 46.2s
2026-06-20 15:26:07,931 - INFO -   batch 290/381 | loss=0.0845 mse=0.0556 sym=0.0109 phy=0.0190 | 47.9s
2026-06-20 15:26:09,510 - INFO -   batch 300/381 | loss=0.1103 mse=0.0806 sym=0.0109 phy=0.0190 | 49.4s
2026-06-20 15:26:11,133 - INFO -   batch 310/381 | loss=0.0801 mse=0.0502 sym=0.0109 phy=0.0191 | 51.1s
2026-06-20 15:26:12,781 - INFO -   batch 320/381 | loss=0.0949 mse=0.0503 sym=0.0109 phy=0.0191 | 52.7s
2026-06-20 15:26:14,453 - INFO -   batch 330/381 | loss=0.1022 mse=0.0639 sym=0.0109 phy=0.0191 | 54.4s
2026-06-20 15:26:16,115 - INFO -   batch 340/381 | loss=0.0637 mse=0.0388 sym=0.0109 phy=0.0192 | 56.0s
2026-06-20 15:26:17,778 - INFO -   batch 350/381 | loss=0.0815 mse=0.0547 sym=0.0109 phy=0.0192 | 57.7s
2026-06-20 15:26:19,383 - INFO -   batch 360/381 | loss=0.1004 mse=0.0710 sym=0.0109 phy=0.0192 | 59.3s
2026-06-20 15:26:20,978 - INFO -   batch 370/381 | loss=0.0961 mse=0.0634 sym=0.0109 phy=0.0193 | 60.9s
2026-06-20 15:26:22,607 - INFO -   batch 380/381 | loss=0.0918 mse=0.0540 sym=0.0109 phy=0.0194 | 62.5s
2026-06-20 15:26:25,685 - INFO -   batch   1/381 | loss=0.0741 mse=0.0381 sym=0.0105 phy=0.0254 | 0.2s
2026-06-20 15:26:27,166 - INFO -   batch  10/381 | loss=0.0692 mse=0.0439 sym=0.0109 phy=0.0187 | 1.7s
2026-06-20 15:26:28,807 - INFO -   batch  20/381 | loss=0.0931 mse=0.0576 sym=0.0109 phy=0.0198 | 3.4s
2026-06-20 15:26:30,414 - INFO -   batch  30/381 | loss=0.0800 mse=0.0553 sym=0.0109 phy=0.0189 | 5.0s
2026-06-20 15:26:32,003 - INFO -   batch  40/381 | loss=0.0842 mse=0.0524 sym=0.0109 phy=0.0184 | 6.6s
2026-06-20 15:26:33,579 - INFO -   batch  50/381 | loss=0.0737 mse=0.0403 sym=0.0107 phy=0.0184 | 8.1s
2026-06-20 15:26:35,205 - INFO -   batch  60/381 | loss=0.0745 mse=0.0488 sym=0.0109 phy=0.0181 | 9.8s
2026-06-20 15:26:36,824 - INFO -   batch  70/381 | loss=0.0828 mse=0.0470 sym=0.0110 phy=0.0181 | 11.4s
2026-06-20 15:26:38,471 - INFO -   batch  80/381 | loss=0.0984 mse=0.0578 sym=0.0110 phy=0.0187 | 13.0s
2026-06-20 15:26:40,089 - INFO -   batch  90/381 | loss=0.0741 mse=0.0512 sym=0.0110 phy=0.0188 | 14.6s
2026-06-20 15:26:41,698 - INFO -   batch 100/381 | loss=0.0897 mse=0.0640 sym=0.0111 phy=0.0186 | 16.3s
2026-06-20 15:26:43,302 - INFO -   batch 110/381 | loss=0.0835 mse=0.0524 sym=0.0111 phy=0.0189 | 17.9s
2026-06-20 15:26:44,925 - INFO -   batch 120/381 | loss=0.0955 mse=0.0609 sym=0.0111 phy=0.0189 | 19.5s
2026-06-20 15:26:46,497 - INFO -   batch 130/381 | loss=0.0777 mse=0.0485 sym=0.0111 phy=0.0189 | 21.1s
2026-06-20 15:26:48,111 - INFO -   batch 140/381 | loss=0.0728 mse=0.0432 sym=0.0111 phy=0.0191 | 22.7s
2026-06-20 15:26:49,685 - INFO -   batch 150/381 | loss=0.1039 mse=0.0716 sym=0.0111 phy=0.0193 | 24.2s
2026-06-20 15:26:51,311 - INFO -   batch 160/381 | loss=0.1002 mse=0.0563 sym=0.0110 phy=0.0192 | 25.9s
2026-06-20 15:26:52,967 - INFO -   batch 170/381 | loss=0.0916 mse=0.0583 sym=0.0110 phy=0.0194 | 27.5s
2026-06-20 15:26:54,625 - INFO -   batch 180/381 | loss=0.0812 mse=0.0566 sym=0.0110 phy=0.0194 | 29.2s
2026-06-20 15:26:56,301 - INFO -   batch 190/381 | loss=0.0819 mse=0.0560 sym=0.0110 phy=0.0192 | 30.9s
2026-06-20 15:26:57,962 - INFO -   batch 200/381 | loss=0.0926 mse=0.0610 sym=0.0110 phy=0.0191 | 32.5s
2026-06-20 15:26:59,620 - INFO -   batch 210/381 | loss=0.0894 mse=0.0596 sym=0.0110 phy=0.0189 | 34.2s
2026-06-20 15:27:01,292 - INFO -   batch 220/381 | loss=0.0911 mse=0.0573 sym=0.0110 phy=0.0189 | 35.9s
2026-06-20 15:27:02,981 - INFO -   batch 230/381 | loss=0.0831 mse=0.0504 sym=0.0110 phy=0.0189 | 37.5s
2026-06-20 15:27:04,646 - INFO -   batch 240/381 | loss=0.0735 mse=0.0478 sym=0.0110 phy=0.0191 | 39.2s
2026-06-20 15:27:06,284 - INFO -   batch 250/381 | loss=0.0862 mse=0.0605 sym=0.0110 phy=0.0191 | 40.8s
2026-06-20 15:27:07,946 - INFO -   batch 260/381 | loss=0.0858 mse=0.0533 sym=0.0109 phy=0.0192 | 42.5s
2026-06-20 15:27:09,596 - INFO -   batch 270/381 | loss=0.0929 mse=0.0571 sym=0.0109 phy=0.0193 | 44.2s
2026-06-20 15:27:11,277 - INFO -   batch 280/381 | loss=0.0873 mse=0.0561 sym=0.0109 phy=0.0194 | 45.8s
2026-06-20 15:27:12,938 - INFO -   batch 290/381 | loss=0.0834 mse=0.0562 sym=0.0109 phy=0.0193 | 47.5s
2026-06-20 15:27:14,615 - INFO -   batch 300/381 | loss=0.1021 mse=0.0692 sym=0.0109 phy=0.0193 | 49.2s
2026-06-20 15:27:16,281 - INFO -   batch 310/381 | loss=0.0999 mse=0.0649 sym=0.0109 phy=0.0195 | 50.8s
2026-06-20 15:27:17,951 - INFO -   batch 320/381 | loss=0.0966 mse=0.0616 sym=0.0110 phy=0.0195 | 52.5s
2026-06-20 15:27:19,606 - INFO -   batch 330/381 | loss=0.0742 mse=0.0426 sym=0.0110 phy=0.0195 | 54.2s
2026-06-20 15:27:21,229 - INFO -   batch 340/381 | loss=0.0758 mse=0.0425 sym=0.0110 phy=0.0195 | 55.8s
2026-06-20 15:27:22,879 - INFO -   batch 350/381 | loss=0.0706 mse=0.0459 sym=0.0109 phy=0.0194 | 57.4s
2026-06-20 15:27:24,540 - INFO -   batch 360/381 | loss=0.0798 mse=0.0554 sym=0.0109 phy=0.0194 | 59.1s
2026-06-20 15:27:26,215 - INFO -   batch 370/381 | loss=0.0887 mse=0.0622 sym=0.0109 phy=0.0194 | 60.8s
2026-06-20 15:27:27,858 - INFO -   batch 380/381 | loss=0.0940 mse=0.0663 sym=0.0109 phy=0.0195 | 62.4s
2026-06-20 15:27:30,930 - INFO -   batch   1/381 | loss=0.0719 mse=0.0417 sym=0.0106 phy=0.0196 | 0.2s
2026-06-20 15:27:32,374 - INFO -   batch  10/381 | loss=0.0857 mse=0.0606 sym=0.0110 phy=0.0188 | 1.7s
2026-06-20 15:27:34,007 - INFO -   batch  20/381 | loss=0.0813 mse=0.0546 sym=0.0108 phy=0.0180 | 3.3s
2026-06-20 15:27:35,680 - INFO -   batch  30/381 | loss=0.1072 mse=0.0647 sym=0.0109 phy=0.0192 | 5.0s
2026-06-20 15:27:37,346 - INFO -   batch  40/381 | loss=0.0628 mse=0.0383 sym=0.0110 phy=0.0190 | 6.7s
2026-06-20 15:27:39,019 - INFO -   batch  50/381 | loss=0.0967 mse=0.0656 sym=0.0109 phy=0.0187 | 8.3s
2026-06-20 15:27:40,675 - INFO -   batch  60/381 | loss=0.0833 mse=0.0523 sym=0.0110 phy=0.0187 | 10.0s
2026-06-20 15:27:42,350 - INFO -   batch  70/381 | loss=0.1029 mse=0.0664 sym=0.0110 phy=0.0189 | 11.7s
2026-06-20 15:27:44,025 - INFO -   batch  80/381 | loss=0.0862 mse=0.0603 sym=0.0110 phy=0.0188 | 13.3s
2026-06-20 15:27:45,686 - INFO -   batch  90/381 | loss=0.0844 mse=0.0564 sym=0.0110 phy=0.0189 | 15.0s
2026-06-20 15:27:47,337 - INFO -   batch 100/381 | loss=0.0816 mse=0.0497 sym=0.0110 phy=0.0190 | 16.7s
2026-06-20 15:27:48,956 - INFO -   batch 110/381 | loss=0.0944 mse=0.0678 sym=0.0110 phy=0.0190 | 18.3s
2026-06-20 15:27:50,621 - INFO -   batch 120/381 | loss=0.0937 mse=0.0639 sym=0.0110 phy=0.0190 | 19.9s
2026-06-20 15:27:52,270 - INFO -   batch 130/381 | loss=0.0896 mse=0.0602 sym=0.0110 phy=0.0191 | 21.6s
2026-06-20 15:27:53,880 - INFO -   batch 140/381 | loss=0.0891 mse=0.0506 sym=0.0109 phy=0.0191 | 23.2s
2026-06-20 15:27:55,488 - INFO -   batch 150/381 | loss=0.0941 mse=0.0673 sym=0.0109 phy=0.0192 | 24.8s
2026-06-20 15:27:57,103 - INFO -   batch 160/381 | loss=0.1013 mse=0.0672 sym=0.0109 phy=0.0190 | 26.4s
2026-06-20 15:27:58,720 - INFO -   batch 170/381 | loss=0.0790 mse=0.0442 sym=0.0109 phy=0.0192 | 28.0s
2026-06-20 15:28:00,291 - INFO -   batch 180/381 | loss=0.0788 mse=0.0468 sym=0.0110 phy=0.0192 | 29.6s
2026-06-20 15:28:01,966 - INFO -   batch 190/381 | loss=0.0879 mse=0.0524 sym=0.0109 phy=0.0193 | 31.3s
2026-06-20 15:28:03,623 - INFO -   batch 200/381 | loss=0.0808 mse=0.0475 sym=0.0110 phy=0.0192 | 32.9s
2026-06-20 15:28:05,445 - INFO -   batch 210/381 | loss=0.0903 mse=0.0552 sym=0.0110 phy=0.0194 | 34.8s
2026-06-20 15:28:07,034 - INFO -   batch 220/381 | loss=0.0693 mse=0.0406 sym=0.0109 phy=0.0194 | 36.3s
2026-06-20 15:28:08,614 - INFO -   batch 230/381 | loss=0.0925 mse=0.0594 sym=0.0109 phy=0.0194 | 37.9s
2026-06-20 15:28:10,203 - INFO -   batch 240/381 | loss=0.0840 mse=0.0577 sym=0.0109 phy=0.0193 | 39.5s
2026-06-20 15:28:11,818 - INFO -   batch 250/381 | loss=0.0752 mse=0.0484 sym=0.0109 phy=0.0192 | 41.1s
2026-06-20 15:28:13,422 - INFO -   batch 260/381 | loss=0.0779 mse=0.0499 sym=0.0109 phy=0.0193 | 42.7s
2026-06-20 15:28:15,011 - INFO -   batch 270/381 | loss=0.0739 mse=0.0469 sym=0.0109 phy=0.0192 | 44.3s
2026-06-20 15:28:16,662 - INFO -   batch 280/381 | loss=0.0895 mse=0.0596 sym=0.0109 phy=0.0192 | 46.0s
2026-06-20 15:28:18,333 - INFO -   batch 290/381 | loss=0.0782 mse=0.0495 sym=0.0109 phy=0.0192 | 47.6s
2026-06-20 15:28:19,995 - INFO -   batch 300/381 | loss=0.0845 mse=0.0555 sym=0.0109 phy=0.0193 | 49.3s
2026-06-20 15:28:21,654 - INFO -   batch 310/381 | loss=0.0867 mse=0.0594 sym=0.0109 phy=0.0193 | 51.0s
2026-06-20 15:28:23,327 - INFO -   batch 320/381 | loss=0.0730 mse=0.0448 sym=0.0109 phy=0.0193 | 52.6s
2026-06-20 15:28:24,989 - INFO -   batch 330/381 | loss=0.0798 mse=0.0546 sym=0.0109 phy=0.0193 | 54.3s
2026-06-20 15:28:26,649 - INFO -   batch 340/381 | loss=0.0982 mse=0.0535 sym=0.0109 phy=0.0194 | 56.0s
2026-06-20 15:28:28,322 - INFO -   batch 350/381 | loss=0.0796 mse=0.0484 sym=0.0109 phy=0.0195 | 57.6s
2026-06-20 15:28:29,999 - INFO -   batch 360/381 | loss=0.0786 mse=0.0492 sym=0.0109 phy=0.0194 | 59.3s
2026-06-20 15:28:31,665 - INFO -   batch 370/381 | loss=0.0867 mse=0.0551 sym=0.0109 phy=0.0193 | 61.0s
2026-06-20 15:28:33,339 - INFO -   batch 380/381 | loss=0.0968 mse=0.0719 sym=0.0109 phy=0.0192 | 62.7s
2026-06-20 15:28:36,125 - INFO - Epoch  10/50 | Loss=0.0860 MSE=0.0559 Sym=0.0109 Phy=0.0192 | Val RMSE=0.2423 ρ=0.295 | 65s
2026-06-20 15:28:36,386 - INFO -   batch   1/381 | loss=0.0675 mse=0.0432 sym=0.0102 phy=0.0140 | 0.3s
2026-06-20 15:28:37,840 - INFO -   batch  10/381 | loss=0.0567 mse=0.0358 sym=0.0107 phy=0.0155 | 1.7s
2026-06-20 15:28:39,444 - INFO -   batch  20/381 | loss=0.0785 mse=0.0489 sym=0.0108 phy=0.0171 | 3.3s
2026-06-20 15:28:41,057 - INFO -   batch  30/381 | loss=0.0975 mse=0.0657 sym=0.0108 phy=0.0188 | 4.9s
2026-06-20 15:28:42,685 - INFO -   batch  40/381 | loss=0.0892 mse=0.0594 sym=0.0106 phy=0.0184 | 6.6s
2026-06-20 15:28:44,298 - INFO -   batch  50/381 | loss=0.0833 mse=0.0595 sym=0.0106 phy=0.0176 | 8.2s
2026-06-20 15:28:45,906 - INFO -   batch  60/381 | loss=0.0835 mse=0.0520 sym=0.0107 phy=0.0174 | 9.8s
2026-06-20 15:28:47,567 - INFO -   batch  70/381 | loss=0.0822 mse=0.0529 sym=0.0108 phy=0.0181 | 11.4s
2026-06-20 15:28:49,159 - INFO -   batch  80/381 | loss=0.0945 mse=0.0643 sym=0.0107 phy=0.0182 | 13.0s
2026-06-20 15:28:50,789 - INFO -   batch  90/381 | loss=0.0910 mse=0.0616 sym=0.0107 phy=0.0184 | 14.7s
2026-06-20 15:28:52,355 - INFO -   batch 100/381 | loss=0.0783 mse=0.0548 sym=0.0107 phy=0.0186 | 16.2s
2026-06-20 15:28:53,987 - INFO -   batch 110/381 | loss=0.0916 mse=0.0618 sym=0.0107 phy=0.0185 | 17.9s
2026-06-20 15:28:55,629 - INFO -   batch 120/381 | loss=0.1018 mse=0.0723 sym=0.0106 phy=0.0184 | 19.5s
2026-06-20 15:28:57,262 - INFO -   batch 130/381 | loss=0.0788 mse=0.0452 sym=0.0107 phy=0.0186 | 21.1s
2026-06-20 15:28:58,812 - INFO -   batch 140/381 | loss=0.0862 mse=0.0590 sym=0.0107 phy=0.0188 | 22.7s
2026-06-20 15:29:00,451 - INFO -   batch 150/381 | loss=0.1032 mse=0.0725 sym=0.0108 phy=0.0188 | 24.3s
2026-06-20 15:29:02,050 - INFO -   batch 160/381 | loss=0.0814 mse=0.0466 sym=0.0108 phy=0.0190 | 25.9s
2026-06-20 15:29:03,651 - INFO -   batch 170/381 | loss=0.0913 mse=0.0550 sym=0.0108 phy=0.0191 | 27.5s
2026-06-20 15:29:05,278 - INFO -   batch 180/381 | loss=0.0771 mse=0.0513 sym=0.0108 phy=0.0190 | 29.2s
2026-06-20 15:29:06,803 - INFO -   batch 190/381 | loss=0.0954 mse=0.0689 sym=0.0108 phy=0.0190 | 30.7s
2026-06-20 15:29:08,389 - INFO -   batch 200/381 | loss=0.0904 mse=0.0548 sym=0.0108 phy=0.0190 | 32.3s
2026-06-20 15:29:09,972 - INFO -   batch 210/381 | loss=0.0785 mse=0.0509 sym=0.0109 phy=0.0191 | 33.8s
2026-06-20 15:29:11,571 - INFO -   batch 220/381 | loss=0.0851 mse=0.0527 sym=0.0109 phy=0.0192 | 35.4s
2026-06-20 15:29:13,185 - INFO -   batch 230/381 | loss=0.0874 mse=0.0610 sym=0.0109 phy=0.0193 | 37.1s
2026-06-20 15:29:14,785 - INFO -   batch 240/381 | loss=0.0766 mse=0.0525 sym=0.0109 phy=0.0192 | 38.7s
2026-06-20 15:29:16,341 - INFO -   batch 250/381 | loss=0.0850 mse=0.0569 sym=0.0109 phy=0.0192 | 40.2s
2026-06-20 15:29:18,012 - INFO -   batch 260/381 | loss=0.0910 mse=0.0625 sym=0.0109 phy=0.0192 | 41.9s
2026-06-20 15:29:19,633 - INFO -   batch 270/381 | loss=0.0907 mse=0.0663 sym=0.0109 phy=0.0191 | 43.5s
2026-06-20 15:29:21,254 - INFO -   batch 280/381 | loss=0.0825 mse=0.0497 sym=0.0109 phy=0.0191 | 45.1s
2026-06-20 15:29:22,840 - INFO -   batch 290/381 | loss=0.0880 mse=0.0606 sym=0.0109 phy=0.0191 | 46.7s
2026-06-20 15:29:24,404 - INFO -   batch 300/381 | loss=0.0761 mse=0.0465 sym=0.0109 phy=0.0191 | 48.3s
2026-06-20 15:29:26,052 - INFO -   batch 310/381 | loss=0.0776 mse=0.0439 sym=0.0109 phy=0.0190 | 49.9s
2026-06-20 15:29:27,572 - INFO -   batch 320/381 | loss=0.0873 mse=0.0588 sym=0.0109 phy=0.0190 | 51.4s
2026-06-20 15:29:29,193 - INFO -   batch 330/381 | loss=0.0830 mse=0.0560 sym=0.0109 phy=0.0191 | 53.1s
2026-06-20 15:29:30,721 - INFO -   batch 340/381 | loss=0.0773 mse=0.0429 sym=0.0109 phy=0.0192 | 54.6s
2026-06-20 15:29:32,295 - INFO -   batch 350/381 | loss=0.0752 mse=0.0444 sym=0.0109 phy=0.0192 | 56.2s
2026-06-20 15:29:33,806 - INFO -   batch 360/381 | loss=0.0723 mse=0.0499 sym=0.0109 phy=0.0192 | 57.7s
2026-06-20 15:29:35,432 - INFO -   batch 370/381 | loss=0.0906 mse=0.0631 sym=0.0109 phy=0.0191 | 59.3s
2026-06-20 15:29:37,027 - INFO -   batch 380/381 | loss=0.0919 mse=0.0524 sym=0.0109 phy=0.0191 | 60.9s
2026-06-20 15:29:40,012 - INFO -   batch   1/381 | loss=0.0830 mse=0.0477 sym=0.0118 phy=0.0236 | 0.2s
2026-06-20 15:29:41,476 - INFO -   batch  10/381 | loss=0.0761 mse=0.0497 sym=0.0107 phy=0.0202 | 1.7s
2026-06-20 15:29:43,073 - INFO -   batch  20/381 | loss=0.0712 mse=0.0384 sym=0.0108 phy=0.0199 | 3.3s
2026-06-20 15:29:44,709 - INFO -   batch  30/381 | loss=0.0886 mse=0.0570 sym=0.0107 phy=0.0202 | 4.9s
2026-06-20 15:29:46,275 - INFO -   batch  40/381 | loss=0.0819 mse=0.0520 sym=0.0107 phy=0.0202 | 6.5s
2026-06-20 15:29:47,892 - INFO -   batch  50/381 | loss=0.0717 mse=0.0453 sym=0.0106 phy=0.0196 | 8.1s
2026-06-20 15:29:49,476 - INFO -   batch  60/381 | loss=0.0812 mse=0.0449 sym=0.0106 phy=0.0195 | 9.7s
2026-06-20 15:29:51,142 - INFO -   batch  70/381 | loss=0.0866 mse=0.0576 sym=0.0108 phy=0.0191 | 11.4s
2026-06-20 15:29:52,763 - INFO -   batch  80/381 | loss=0.0839 mse=0.0554 sym=0.0108 phy=0.0192 | 13.0s
2026-06-20 15:29:54,368 - INFO -   batch  90/381 | loss=0.0956 mse=0.0711 sym=0.0108 phy=0.0190 | 14.6s
2026-06-20 15:29:55,971 - INFO -   batch 100/381 | loss=0.0837 mse=0.0556 sym=0.0108 phy=0.0186 | 16.2s
2026-06-20 15:29:57,567 - INFO -   batch 110/381 | loss=0.0882 mse=0.0605 sym=0.0107 phy=0.0185 | 17.8s
2026-06-20 15:29:59,128 - INFO -   batch 120/381 | loss=0.0733 mse=0.0473 sym=0.0107 phy=0.0185 | 19.3s
2026-06-20 15:30:00,743 - INFO -   batch 130/381 | loss=0.0955 mse=0.0615 sym=0.0108 phy=0.0187 | 21.0s
2026-06-20 15:30:02,331 - INFO -   batch 140/381 | loss=0.0850 mse=0.0591 sym=0.0108 phy=0.0188 | 22.5s
2026-06-20 15:30:04,003 - INFO -   batch 150/381 | loss=0.1045 mse=0.0709 sym=0.0108 phy=0.0189 | 24.2s
2026-06-20 15:30:05,546 - INFO -   batch 160/381 | loss=0.0754 mse=0.0414 sym=0.0108 phy=0.0191 | 25.8s
2026-06-20 15:30:07,144 - INFO -   batch 170/381 | loss=0.0964 mse=0.0640 sym=0.0108 phy=0.0190 | 27.4s
2026-06-20 15:30:08,734 - INFO -   batch 180/381 | loss=0.0957 mse=0.0606 sym=0.0108 phy=0.0191 | 28.9s
2026-06-20 15:30:10,431 - INFO -   batch 190/381 | loss=0.0890 mse=0.0544 sym=0.0109 phy=0.0190 | 30.6s
2026-06-20 15:30:12,063 - INFO -   batch 200/381 | loss=0.0905 mse=0.0624 sym=0.0109 phy=0.0190 | 32.3s
2026-06-20 15:30:13,683 - INFO -   batch 210/381 | loss=0.0812 mse=0.0571 sym=0.0109 phy=0.0189 | 33.9s
2026-06-20 15:30:15,358 - INFO -   batch 220/381 | loss=0.0904 mse=0.0588 sym=0.0109 phy=0.0189 | 35.6s
2026-06-20 15:30:16,977 - INFO -   batch 230/381 | loss=0.0641 mse=0.0324 sym=0.0109 phy=0.0190 | 37.2s
2026-06-20 15:30:18,593 - INFO -   batch 240/381 | loss=0.0957 mse=0.0641 sym=0.0109 phy=0.0189 | 38.8s
2026-06-20 15:30:20,212 - INFO -   batch 250/381 | loss=0.0911 mse=0.0540 sym=0.0109 phy=0.0190 | 40.4s
2026-06-20 15:30:21,845 - INFO -   batch 260/381 | loss=0.0814 mse=0.0526 sym=0.0109 phy=0.0191 | 42.1s
2026-06-20 15:30:23,481 - INFO -   batch 270/381 | loss=0.0853 mse=0.0603 sym=0.0109 phy=0.0191 | 43.7s
2026-06-20 15:30:25,106 - INFO -   batch 280/381 | loss=0.1023 mse=0.0695 sym=0.0109 phy=0.0190 | 45.3s
2026-06-20 15:30:26,737 - INFO -   batch 290/381 | loss=0.0865 mse=0.0585 sym=0.0109 phy=0.0190 | 46.9s
2026-06-20 15:30:28,342 - INFO -   batch 300/381 | loss=0.1052 mse=0.0724 sym=0.0109 phy=0.0190 | 48.6s
2026-06-20 15:30:30,000 - INFO -   batch 310/381 | loss=0.0914 mse=0.0600 sym=0.0109 phy=0.0191 | 50.2s
2026-06-20 15:30:31,633 - INFO -   batch 320/381 | loss=0.0866 mse=0.0567 sym=0.0109 phy=0.0193 | 51.8s
2026-06-20 15:30:33,257 - INFO -   batch 330/381 | loss=0.0832 mse=0.0489 sym=0.0109 phy=0.0192 | 53.5s
2026-06-20 15:30:34,882 - INFO -   batch 340/381 | loss=0.0798 mse=0.0513 sym=0.0109 phy=0.0191 | 55.1s
2026-06-20 15:30:36,557 - INFO -   batch 350/381 | loss=0.0760 mse=0.0522 sym=0.0109 phy=0.0191 | 56.8s
2026-06-20 15:30:38,255 - INFO -   batch 360/381 | loss=0.0739 mse=0.0443 sym=0.0109 phy=0.0190 | 58.5s
2026-06-20 15:30:39,895 - INFO -   batch 370/381 | loss=0.0953 mse=0.0681 sym=0.0109 phy=0.0191 | 60.1s
2026-06-20 15:30:41,570 - INFO -   batch 380/381 | loss=0.0872 mse=0.0612 sym=0.0109 phy=0.0190 | 61.8s
2026-06-20 15:30:44,651 - INFO -   batch   1/381 | loss=0.0696 mse=0.0470 sym=0.0098 phy=0.0128 | 0.2s
2026-06-20 15:30:46,100 - INFO -   batch  10/381 | loss=0.0927 mse=0.0626 sym=0.0108 phy=0.0189 | 1.7s
2026-06-20 15:30:47,715 - INFO -   batch  20/381 | loss=0.0889 mse=0.0518 sym=0.0109 phy=0.0213 | 3.3s
2026-06-20 15:30:49,324 - INFO -   batch  30/381 | loss=0.0813 mse=0.0505 sym=0.0109 phy=0.0221 | 4.9s
2026-06-20 15:30:50,935 - INFO -   batch  40/381 | loss=0.0792 mse=0.0461 sym=0.0109 phy=0.0216 | 6.5s
2026-06-20 15:30:52,531 - INFO -   batch  50/381 | loss=0.0801 mse=0.0467 sym=0.0108 phy=0.0215 | 8.1s
2026-06-20 15:30:54,150 - INFO -   batch  60/381 | loss=0.0783 mse=0.0435 sym=0.0109 phy=0.0210 | 9.7s
2026-06-20 15:30:55,771 - INFO -   batch  70/381 | loss=0.0604 mse=0.0375 sym=0.0109 phy=0.0205 | 11.3s
2026-06-20 15:30:57,396 - INFO -   batch  80/381 | loss=0.0865 mse=0.0514 sym=0.0109 phy=0.0204 | 13.0s
2026-06-20 15:30:59,000 - INFO -   batch  90/381 | loss=0.0797 mse=0.0465 sym=0.0110 phy=0.0204 | 14.6s
2026-06-20 15:31:00,664 - INFO -   batch 100/381 | loss=0.0741 mse=0.0455 sym=0.0109 phy=0.0203 | 16.2s
2026-06-20 15:31:02,275 - INFO -   batch 110/381 | loss=0.0662 mse=0.0441 sym=0.0110 phy=0.0199 | 17.9s
2026-06-20 15:31:03,869 - INFO -   batch 120/381 | loss=0.1047 mse=0.0682 sym=0.0109 phy=0.0200 | 19.4s
2026-06-20 15:31:05,480 - INFO -   batch 130/381 | loss=0.1013 mse=0.0720 sym=0.0110 phy=0.0201 | 21.1s
2026-06-20 15:31:07,068 - INFO -   batch 140/381 | loss=0.0849 mse=0.0584 sym=0.0110 phy=0.0198 | 22.6s
2026-06-20 15:31:08,673 - INFO -   batch 150/381 | loss=0.0711 mse=0.0386 sym=0.0109 phy=0.0199 | 24.2s
2026-06-20 15:31:10,271 - INFO -   batch 160/381 | loss=0.0827 mse=0.0479 sym=0.0109 phy=0.0198 | 25.8s
2026-06-20 15:31:11,870 - INFO -   batch 170/381 | loss=0.1107 mse=0.0784 sym=0.0109 phy=0.0198 | 27.4s
2026-06-20 15:31:13,503 - INFO -   batch 180/381 | loss=0.0929 mse=0.0583 sym=0.0110 phy=0.0199 | 29.1s
2026-06-20 15:31:15,125 - INFO -   batch 190/381 | loss=0.0639 mse=0.0428 sym=0.0110 phy=0.0197 | 30.7s
2026-06-20 15:31:16,729 - INFO -   batch 200/381 | loss=0.0720 mse=0.0429 sym=0.0110 phy=0.0197 | 32.3s
2026-06-20 15:31:18,339 - INFO -   batch 210/381 | loss=0.0969 mse=0.0672 sym=0.0110 phy=0.0196 | 33.9s
2026-06-20 15:31:19,944 - INFO -   batch 220/381 | loss=0.0925 mse=0.0564 sym=0.0110 phy=0.0195 | 35.5s
2026-06-20 15:31:21,547 - INFO -   batch 230/381 | loss=0.0815 mse=0.0549 sym=0.0110 phy=0.0195 | 37.1s
2026-06-20 15:31:23,134 - INFO -   batch 240/381 | loss=0.0916 mse=0.0561 sym=0.0110 phy=0.0196 | 38.7s
2026-06-20 15:31:24,732 - INFO -   batch 250/381 | loss=0.0879 mse=0.0622 sym=0.0110 phy=0.0195 | 40.3s
2026-06-20 15:31:26,335 - INFO -   batch 260/381 | loss=0.0709 mse=0.0456 sym=0.0110 phy=0.0194 | 41.9s
2026-06-20 15:31:27,926 - INFO -   batch 270/381 | loss=0.0894 mse=0.0580 sym=0.0110 phy=0.0195 | 43.5s
2026-06-20 15:31:29,514 - INFO -   batch 280/381 | loss=0.0984 mse=0.0594 sym=0.0110 phy=0.0195 | 45.1s
2026-06-20 15:31:31,109 - INFO -   batch 290/381 | loss=0.0871 mse=0.0638 sym=0.0109 phy=0.0194 | 46.7s
2026-06-20 15:31:32,738 - INFO -   batch 300/381 | loss=0.0749 mse=0.0514 sym=0.0109 phy=0.0194 | 48.3s
2026-06-20 15:31:34,332 - INFO -   batch 310/381 | loss=0.0787 mse=0.0511 sym=0.0109 phy=0.0193 | 49.9s
2026-06-20 15:31:35,907 - INFO -   batch 320/381 | loss=0.0961 mse=0.0622 sym=0.0109 phy=0.0193 | 51.5s
2026-06-20 15:31:37,507 - INFO -   batch 330/381 | loss=0.0927 mse=0.0624 sym=0.0109 phy=0.0193 | 53.1s
2026-06-20 15:31:38,981 - INFO -   batch 340/381 | loss=0.0858 mse=0.0589 sym=0.0109 phy=0.0193 | 54.6s
2026-06-20 15:31:40,154 - INFO -   batch 350/381 | loss=0.0920 mse=0.0567 sym=0.0109 phy=0.0193 | 55.7s
2026-06-20 15:31:41,777 - INFO -   batch 360/381 | loss=0.1038 mse=0.0740 sym=0.0109 phy=0.0193 | 57.4s
2026-06-20 15:31:43,333 - INFO -   batch 370/381 | loss=0.0800 mse=0.0536 sym=0.0109 phy=0.0194 | 58.9s
2026-06-20 15:31:44,918 - INFO -   batch 380/381 | loss=0.0884 mse=0.0592 sym=0.0109 phy=0.0194 | 60.5s
2026-06-20 15:31:47,910 - INFO -   batch   1/381 | loss=0.0949 mse=0.0651 sym=0.0102 phy=0.0196 | 0.2s
2026-06-20 15:31:49,379 - INFO -   batch  10/381 | loss=0.0961 mse=0.0575 sym=0.0108 phy=0.0213 | 1.7s
2026-06-20 15:31:50,952 - INFO -   batch  20/381 | loss=0.0809 mse=0.0461 sym=0.0109 phy=0.0193 | 3.3s
2026-06-20 15:31:52,562 - INFO -   batch  30/381 | loss=0.0726 mse=0.0441 sym=0.0108 phy=0.0195 | 4.9s
2026-06-20 15:31:54,172 - INFO -   batch  40/381 | loss=0.0989 mse=0.0577 sym=0.0108 phy=0.0201 | 6.5s
2026-06-20 15:31:55,790 - INFO -   batch  50/381 | loss=0.0867 mse=0.0584 sym=0.0108 phy=0.0198 | 8.1s
2026-06-20 15:31:57,361 - INFO -   batch  60/381 | loss=0.1046 mse=0.0730 sym=0.0108 phy=0.0196 | 9.7s
2026-06-20 15:31:58,910 - INFO -   batch  70/381 | loss=0.0769 mse=0.0497 sym=0.0109 phy=0.0192 | 11.2s
2026-06-20 15:32:00,529 - INFO -   batch  80/381 | loss=0.0881 mse=0.0617 sym=0.0108 phy=0.0190 | 12.9s
2026-06-20 15:32:02,064 - INFO -   batch  90/381 | loss=0.0779 mse=0.0476 sym=0.0108 phy=0.0192 | 14.4s
2026-06-20 15:32:03,659 - INFO -   batch 100/381 | loss=0.0999 mse=0.0698 sym=0.0108 phy=0.0194 | 16.0s
2026-06-20 15:32:05,172 - INFO -   batch 110/381 | loss=0.0860 mse=0.0597 sym=0.0108 phy=0.0194 | 17.5s
2026-06-20 15:32:06,753 - INFO -   batch 120/381 | loss=0.0794 mse=0.0552 sym=0.0108 phy=0.0191 | 19.1s
2026-06-20 15:32:08,272 - INFO -   batch 130/381 | loss=0.0942 mse=0.0601 sym=0.0108 phy=0.0191 | 20.6s
2026-06-20 15:32:09,838 - INFO -   batch 140/381 | loss=0.0740 mse=0.0488 sym=0.0108 phy=0.0190 | 22.2s
2026-06-20 15:32:11,434 - INFO -   batch 150/381 | loss=0.0921 mse=0.0659 sym=0.0108 phy=0.0189 | 23.8s
2026-06-20 15:32:12,977 - INFO -   batch 160/381 | loss=0.0713 mse=0.0439 sym=0.0108 phy=0.0189 | 25.3s
2026-06-20 15:32:14,604 - INFO -   batch 170/381 | loss=0.0864 mse=0.0531 sym=0.0109 phy=0.0188 | 26.9s
2026-06-20 15:32:16,247 - INFO -   batch 180/381 | loss=0.0742 mse=0.0507 sym=0.0109 phy=0.0186 | 28.6s
2026-06-20 15:32:17,830 - INFO -   batch 190/381 | loss=0.0784 mse=0.0456 sym=0.0109 phy=0.0187 | 30.2s
2026-06-20 15:32:19,369 - INFO -   batch 200/381 | loss=0.0693 mse=0.0410 sym=0.0109 phy=0.0188 | 31.7s
2026-06-20 15:32:20,948 - INFO -   batch 210/381 | loss=0.0847 mse=0.0587 sym=0.0109 phy=0.0189 | 33.3s
2026-06-20 15:32:22,496 - INFO -   batch 220/381 | loss=0.0790 mse=0.0492 sym=0.0109 phy=0.0189 | 34.8s
2026-06-20 15:32:24,094 - INFO -   batch 230/381 | loss=0.0855 mse=0.0520 sym=0.0109 phy=0.0191 | 36.4s
2026-06-20 15:32:25,728 - INFO -   batch 240/381 | loss=0.0900 mse=0.0567 sym=0.0109 phy=0.0192 | 38.1s
2026-06-20 15:32:27,354 - INFO -   batch 250/381 | loss=0.0801 mse=0.0524 sym=0.0109 phy=0.0191 | 39.7s
2026-06-20 15:32:28,947 - INFO -   batch 260/381 | loss=0.0945 mse=0.0663 sym=0.0109 phy=0.0190 | 41.3s
2026-06-20 15:32:30,722 - INFO -   batch 270/381 | loss=0.0955 mse=0.0635 sym=0.0109 phy=0.0190 | 43.0s
2026-06-20 15:32:32,344 - INFO -   batch 280/381 | loss=0.0934 mse=0.0577 sym=0.0109 phy=0.0190 | 44.7s
2026-06-20 15:32:33,953 - INFO -   batch 290/381 | loss=0.0798 mse=0.0518 sym=0.0109 phy=0.0190 | 46.3s
2026-06-20 15:32:35,566 - INFO -   batch 300/381 | loss=0.0832 mse=0.0602 sym=0.0109 phy=0.0190 | 47.9s
2026-06-20 15:32:37,172 - INFO -   batch 310/381 | loss=0.0762 mse=0.0492 sym=0.0109 phy=0.0191 | 49.5s
2026-06-20 15:32:38,793 - INFO -   batch 320/381 | loss=0.0793 mse=0.0456 sym=0.0109 phy=0.0192 | 51.1s
2026-06-20 15:32:40,409 - INFO -   batch 330/381 | loss=0.0855 mse=0.0472 sym=0.0109 phy=0.0192 | 52.7s
2026-06-20 15:32:42,031 - INFO -   batch 340/381 | loss=0.0868 mse=0.0575 sym=0.0109 phy=0.0192 | 54.4s
2026-06-20 15:32:43,613 - INFO -   batch 350/381 | loss=0.0859 mse=0.0532 sym=0.0109 phy=0.0192 | 55.9s
2026-06-20 15:32:45,230 - INFO -   batch 360/381 | loss=0.0717 mse=0.0397 sym=0.0109 phy=0.0193 | 57.6s
2026-06-20 15:32:46,796 - INFO -   batch 370/381 | loss=0.1027 mse=0.0734 sym=0.0109 phy=0.0192 | 59.1s
2026-06-20 15:32:48,426 - INFO -   batch 380/381 | loss=0.0831 mse=0.0586 sym=0.0109 phy=0.0192 | 60.8s
2026-06-20 15:32:51,437 - INFO -   batch   1/381 | loss=0.0709 mse=0.0405 sym=0.0111 phy=0.0193 | 0.2s
2026-06-20 15:32:52,849 - INFO -   batch  10/381 | loss=0.0744 mse=0.0463 sym=0.0107 phy=0.0168 | 1.6s
2026-06-20 15:32:54,346 - INFO -   batch  20/381 | loss=0.0952 mse=0.0593 sym=0.0109 phy=0.0170 | 3.1s
2026-06-20 15:32:55,961 - INFO -   batch  30/381 | loss=0.0942 mse=0.0656 sym=0.0111 phy=0.0182 | 4.7s
2026-06-20 15:32:57,587 - INFO -   batch  40/381 | loss=0.0776 mse=0.0508 sym=0.0110 phy=0.0188 | 6.4s
2026-06-20 15:32:59,173 - INFO -   batch  50/381 | loss=0.0850 mse=0.0633 sym=0.0109 phy=0.0185 | 8.0s
2026-06-20 15:33:00,722 - INFO -   batch  60/381 | loss=0.0757 mse=0.0401 sym=0.0109 phy=0.0190 | 9.5s
2026-06-20 15:33:02,317 - INFO -   batch  70/381 | loss=0.0855 mse=0.0618 sym=0.0110 phy=0.0194 | 11.1s
2026-06-20 15:33:03,899 - INFO -   batch  80/381 | loss=0.0797 mse=0.0525 sym=0.0109 phy=0.0189 | 12.7s
2026-06-20 15:33:05,489 - INFO -   batch  90/381 | loss=0.0746 mse=0.0504 sym=0.0109 phy=0.0187 | 14.3s
2026-06-20 15:33:07,079 - INFO -   batch 100/381 | loss=0.0758 mse=0.0536 sym=0.0109 phy=0.0187 | 15.9s
2026-06-20 15:33:08,623 - INFO -   batch 110/381 | loss=0.0973 mse=0.0620 sym=0.0108 phy=0.0188 | 17.4s
2026-06-20 15:33:10,270 - INFO -   batch 120/381 | loss=0.0681 mse=0.0420 sym=0.0109 phy=0.0188 | 19.1s
2026-06-20 15:33:11,826 - INFO -   batch 130/381 | loss=0.0995 mse=0.0716 sym=0.0108 phy=0.0187 | 20.6s
2026-06-20 15:33:13,425 - INFO -   batch 140/381 | loss=0.0981 mse=0.0582 sym=0.0108 phy=0.0188 | 22.2s
2026-06-20 15:33:15,021 - INFO -   batch 150/381 | loss=0.0815 mse=0.0523 sym=0.0109 phy=0.0190 | 23.8s
2026-06-20 15:33:16,690 - INFO -   batch 160/381 | loss=0.0987 mse=0.0640 sym=0.0109 phy=0.0192 | 25.5s
2026-06-20 15:33:18,259 - INFO -   batch 170/381 | loss=0.0801 mse=0.0506 sym=0.0109 phy=0.0192 | 27.0s
2026-06-20 15:33:19,909 - INFO -   batch 180/381 | loss=0.0872 mse=0.0572 sym=0.0109 phy=0.0192 | 28.7s
2026-06-20 15:33:21,478 - INFO -   batch 190/381 | loss=0.0722 mse=0.0486 sym=0.0109 phy=0.0192 | 30.3s
2026-06-20 15:33:23,081 - INFO -   batch 200/381 | loss=0.1004 mse=0.0737 sym=0.0109 phy=0.0193 | 31.9s
2026-06-20 15:33:24,672 - INFO -   batch 210/381 | loss=0.0849 mse=0.0546 sym=0.0109 phy=0.0191 | 33.5s
2026-06-20 15:33:26,342 - INFO -   batch 220/381 | loss=0.0790 mse=0.0548 sym=0.0109 phy=0.0190 | 35.1s
2026-06-20 15:33:27,887 - INFO -   batch 230/381 | loss=0.0821 mse=0.0546 sym=0.0109 phy=0.0190 | 36.7s
2026-06-20 15:33:29,474 - INFO -   batch 240/381 | loss=0.0686 mse=0.0387 sym=0.0109 phy=0.0190 | 38.3s
2026-06-20 15:33:31,049 - INFO -   batch 250/381 | loss=0.0678 mse=0.0407 sym=0.0109 phy=0.0191 | 39.8s
2026-06-20 15:33:32,650 - INFO -   batch 260/381 | loss=0.1049 mse=0.0760 sym=0.0109 phy=0.0191 | 41.4s
2026-06-20 15:33:34,305 - INFO -   batch 270/381 | loss=0.1063 mse=0.0650 sym=0.0109 phy=0.0190 | 43.1s
2026-06-20 15:33:35,847 - INFO -   batch 280/381 | loss=0.0820 mse=0.0505 sym=0.0109 phy=0.0190 | 44.6s
2026-06-20 15:33:37,400 - INFO -   batch 290/381 | loss=0.0951 mse=0.0529 sym=0.0109 phy=0.0191 | 46.2s
2026-06-20 15:33:38,980 - INFO -   batch 300/381 | loss=0.0871 mse=0.0579 sym=0.0109 phy=0.0191 | 47.8s
2026-06-20 15:33:40,581 - INFO -   batch 310/381 | loss=0.0722 mse=0.0526 sym=0.0109 phy=0.0191 | 49.4s
2026-06-20 15:33:42,105 - INFO -   batch 320/381 | loss=0.0855 mse=0.0509 sym=0.0109 phy=0.0191 | 50.9s
2026-06-20 15:33:43,682 - INFO -   batch 330/381 | loss=0.0999 mse=0.0680 sym=0.0109 phy=0.0192 | 52.5s
2026-06-20 15:33:45,288 - INFO -   batch 340/381 | loss=0.0916 mse=0.0588 sym=0.0109 phy=0.0192 | 54.1s
2026-06-20 15:33:46,849 - INFO -   batch 350/381 | loss=0.1062 mse=0.0743 sym=0.0109 phy=0.0193 | 55.6s
2026-06-20 15:33:48,471 - INFO -   batch 360/381 | loss=0.0940 mse=0.0623 sym=0.0109 phy=0.0193 | 57.3s
2026-06-20 15:33:50,050 - INFO -   batch 370/381 | loss=0.0978 mse=0.0681 sym=0.0109 phy=0.0193 | 58.8s
2026-06-20 15:33:51,702 - INFO -   batch 380/381 | loss=0.0928 mse=0.0630 sym=0.0109 phy=0.0193 | 60.5s
2026-06-20 15:33:54,494 - INFO - Epoch  15/50 | Loss=0.0859 MSE=0.0558 Sym=0.0109 Phy=0.0192 | Val RMSE=0.2340 ρ=0.287 | 63s
2026-06-20 15:33:54,714 - INFO -   batch   1/381 | loss=0.1141 mse=0.0745 sym=0.0091 phy=0.0304 | 0.2s
2026-06-20 15:33:56,195 - INFO -   batch  10/381 | loss=0.1042 mse=0.0634 sym=0.0104 phy=0.0223 | 1.7s
2026-06-20 15:33:57,827 - INFO -   batch  20/381 | loss=0.0923 mse=0.0595 sym=0.0109 phy=0.0205 | 3.3s
2026-06-20 15:33:59,446 - INFO -   batch  30/381 | loss=0.0819 mse=0.0525 sym=0.0109 phy=0.0202 | 5.0s
2026-06-20 15:34:00,979 - INFO -   batch  40/381 | loss=0.0727 mse=0.0376 sym=0.0109 phy=0.0207 | 6.5s
2026-06-20 15:34:02,589 - INFO -   batch  50/381 | loss=0.0920 mse=0.0637 sym=0.0109 phy=0.0203 | 8.1s
2026-06-20 15:34:04,209 - INFO -   batch  60/381 | loss=0.0835 mse=0.0556 sym=0.0108 phy=0.0201 | 9.7s
2026-06-20 15:34:05,870 - INFO -   batch  70/381 | loss=0.0684 mse=0.0436 sym=0.0107 phy=0.0196 | 11.4s
2026-06-20 15:34:07,450 - INFO -   batch  80/381 | loss=0.0869 mse=0.0569 sym=0.0108 phy=0.0195 | 13.0s
2026-06-20 15:34:09,099 - INFO -   batch  90/381 | loss=0.1028 mse=0.0727 sym=0.0108 phy=0.0193 | 14.6s
2026-06-20 15:34:10,652 - INFO -   batch 100/381 | loss=0.0905 mse=0.0537 sym=0.0108 phy=0.0194 | 16.2s
2026-06-20 15:34:12,239 - INFO -   batch 110/381 | loss=0.0851 mse=0.0499 sym=0.0109 phy=0.0194 | 17.7s
2026-06-20 15:34:13,777 - INFO -   batch 120/381 | loss=0.0868 mse=0.0624 sym=0.0109 phy=0.0193 | 19.3s
2026-06-20 15:34:15,358 - INFO -   batch 130/381 | loss=0.0825 mse=0.0572 sym=0.0109 phy=0.0192 | 20.9s
2026-06-20 15:34:16,934 - INFO -   batch 140/381 | loss=0.0961 mse=0.0636 sym=0.0110 phy=0.0190 | 22.4s
2026-06-20 15:34:18,554 - INFO -   batch 150/381 | loss=0.1134 mse=0.0716 sym=0.0110 phy=0.0192 | 24.1s
2026-06-20 15:34:20,204 - INFO -   batch 160/381 | loss=0.0668 mse=0.0417 sym=0.0110 phy=0.0191 | 25.7s
2026-06-20 15:34:21,768 - INFO -   batch 170/381 | loss=0.0956 mse=0.0644 sym=0.0110 phy=0.0190 | 27.3s
2026-06-20 15:34:23,424 - INFO -   batch 180/381 | loss=0.0826 mse=0.0464 sym=0.0110 phy=0.0190 | 28.9s
2026-06-20 15:34:25,016 - INFO -   batch 190/381 | loss=0.0729 mse=0.0434 sym=0.0110 phy=0.0191 | 30.5s
2026-06-20 15:34:26,589 - INFO -   batch 200/381 | loss=0.0903 mse=0.0634 sym=0.0110 phy=0.0192 | 32.1s
2026-06-20 15:34:28,159 - INFO -   batch 210/381 | loss=0.0955 mse=0.0665 sym=0.0110 phy=0.0192 | 33.7s
2026-06-20 15:34:29,798 - INFO -   batch 220/381 | loss=0.0904 mse=0.0533 sym=0.0110 phy=0.0191 | 35.3s
2026-06-20 15:34:31,444 - INFO -   batch 230/381 | loss=0.0803 mse=0.0498 sym=0.0109 phy=0.0192 | 36.9s
2026-06-20 15:34:33,066 - INFO -   batch 240/381 | loss=0.0991 mse=0.0659 sym=0.0109 phy=0.0193 | 38.6s
2026-06-20 15:34:34,690 - INFO -   batch 250/381 | loss=0.0955 mse=0.0628 sym=0.0109 phy=0.0194 | 40.2s
2026-06-20 15:34:36,261 - INFO -   batch 260/381 | loss=0.0904 mse=0.0670 sym=0.0109 phy=0.0193 | 41.8s
2026-06-20 15:34:37,850 - INFO -   batch 270/381 | loss=0.1008 mse=0.0745 sym=0.0109 phy=0.0193 | 43.4s
2026-06-20 15:34:39,453 - INFO -   batch 280/381 | loss=0.0711 mse=0.0451 sym=0.0109 phy=0.0193 | 45.0s
2026-06-20 15:34:41,093 - INFO -   batch 290/381 | loss=0.0719 mse=0.0467 sym=0.0109 phy=0.0192 | 46.6s
2026-06-20 15:34:42,666 - INFO -   batch 300/381 | loss=0.0737 mse=0.0443 sym=0.0109 phy=0.0192 | 48.2s
2026-06-20 15:34:44,259 - INFO -   batch 310/381 | loss=0.0818 mse=0.0532 sym=0.0109 phy=0.0191 | 49.8s
2026-06-20 15:34:45,845 - INFO -   batch 320/381 | loss=0.0822 mse=0.0538 sym=0.0109 phy=0.0190 | 51.4s
2026-06-20 15:34:47,483 - INFO -   batch 330/381 | loss=0.0804 mse=0.0562 sym=0.0109 phy=0.0190 | 53.0s
2026-06-20 15:34:49,134 - INFO -   batch 340/381 | loss=0.1012 mse=0.0609 sym=0.0109 phy=0.0191 | 54.6s
2026-06-20 15:34:50,730 - INFO -   batch 350/381 | loss=0.0759 mse=0.0445 sym=0.0109 phy=0.0192 | 56.2s
2026-06-20 15:34:52,308 - INFO -   batch 360/381 | loss=0.0870 mse=0.0591 sym=0.0109 phy=0.0192 | 57.8s
2026-06-20 15:34:53,905 - INFO -   batch 370/381 | loss=0.0758 mse=0.0410 sym=0.0109 phy=0.0192 | 59.4s
2026-06-20 15:34:55,509 - INFO -   batch 380/381 | loss=0.0861 mse=0.0580 sym=0.0109 phy=0.0192 | 61.0s
2026-06-20 15:34:58,572 - INFO -   batch   1/381 | loss=0.0763 mse=0.0525 sym=0.0119 phy=0.0120 | 0.2s
2026-06-20 15:35:00,057 - INFO -   batch  10/381 | loss=0.1004 mse=0.0647 sym=0.0106 phy=0.0178 | 1.7s
2026-06-20 15:35:01,716 - INFO -   batch  20/381 | loss=0.0685 mse=0.0447 sym=0.0108 phy=0.0176 | 3.4s
2026-06-20 15:35:03,317 - INFO -   batch  30/381 | loss=0.0649 mse=0.0409 sym=0.0106 phy=0.0173 | 5.0s
2026-06-20 15:35:04,936 - INFO -   batch  40/381 | loss=0.0895 mse=0.0498 sym=0.0107 phy=0.0175 | 6.6s
2026-06-20 15:35:06,507 - INFO -   batch  50/381 | loss=0.0818 mse=0.0512 sym=0.0107 phy=0.0184 | 8.2s
2026-06-20 15:35:08,103 - INFO -   batch  60/381 | loss=0.0897 mse=0.0607 sym=0.0106 phy=0.0186 | 9.8s
2026-06-20 15:35:09,740 - INFO -   batch  70/381 | loss=0.0966 mse=0.0703 sym=0.0106 phy=0.0191 | 11.4s
2026-06-20 15:35:11,416 - INFO -   batch  80/381 | loss=0.0944 mse=0.0591 sym=0.0107 phy=0.0195 | 13.1s
2026-06-20 15:35:13,092 - INFO -   batch  90/381 | loss=0.0871 mse=0.0541 sym=0.0107 phy=0.0197 | 14.8s
2026-06-20 15:35:14,766 - INFO -   batch 100/381 | loss=0.0985 mse=0.0639 sym=0.0107 phy=0.0196 | 16.4s
2026-06-20 15:35:16,406 - INFO -   batch 110/381 | loss=0.1206 mse=0.0882 sym=0.0107 phy=0.0195 | 18.1s
2026-06-20 15:35:18,016 - INFO -   batch 120/381 | loss=0.0846 mse=0.0526 sym=0.0108 phy=0.0197 | 19.7s
2026-06-20 15:35:19,618 - INFO -   batch 130/381 | loss=0.0778 mse=0.0490 sym=0.0108 phy=0.0197 | 21.3s
2026-06-20 15:35:21,200 - INFO -   batch 140/381 | loss=0.0876 mse=0.0571 sym=0.0108 phy=0.0196 | 22.9s
2026-06-20 15:35:22,861 - INFO -   batch 150/381 | loss=0.1093 mse=0.0715 sym=0.0108 phy=0.0197 | 24.5s
2026-06-20 15:35:24,531 - INFO -   batch 160/381 | loss=0.0723 mse=0.0462 sym=0.0108 phy=0.0195 | 26.2s
2026-06-20 15:35:26,174 - INFO -   batch 170/381 | loss=0.0923 mse=0.0681 sym=0.0108 phy=0.0193 | 27.8s
2026-06-20 15:35:27,792 - INFO -   batch 180/381 | loss=0.0726 mse=0.0461 sym=0.0108 phy=0.0193 | 29.5s
2026-06-20 15:35:29,454 - INFO -   batch 190/381 | loss=0.0770 mse=0.0466 sym=0.0108 phy=0.0194 | 31.1s
2026-06-20 15:35:31,126 - INFO -   batch 200/381 | loss=0.0904 mse=0.0557 sym=0.0108 phy=0.0194 | 32.8s
2026-06-20 15:35:32,799 - INFO -   batch 210/381 | loss=0.0878 mse=0.0602 sym=0.0108 phy=0.0193 | 34.5s
2026-06-20 15:35:34,456 - INFO -   batch 220/381 | loss=0.1116 mse=0.0781 sym=0.0108 phy=0.0192 | 36.1s
2026-06-20 15:35:36,103 - INFO -   batch 230/381 | loss=0.0797 mse=0.0465 sym=0.0108 phy=0.0193 | 37.8s
2026-06-20 15:35:37,729 - INFO -   batch 240/381 | loss=0.0891 mse=0.0611 sym=0.0108 phy=0.0193 | 39.4s
2026-06-20 15:35:39,322 - INFO -   batch 250/381 | loss=0.0828 mse=0.0540 sym=0.0108 phy=0.0193 | 41.0s
2026-06-20 15:35:40,941 - INFO -   batch 260/381 | loss=0.0779 mse=0.0511 sym=0.0108 phy=0.0193 | 42.6s
2026-06-20 15:35:42,548 - INFO -   batch 270/381 | loss=0.0904 mse=0.0644 sym=0.0108 phy=0.0193 | 44.2s
2026-06-20 15:35:44,157 - INFO -   batch 280/381 | loss=0.0554 mse=0.0317 sym=0.0108 phy=0.0192 | 45.8s
2026-06-20 15:35:45,836 - INFO -   batch 290/381 | loss=0.0970 mse=0.0711 sym=0.0108 phy=0.0192 | 47.5s
2026-06-20 15:35:47,459 - INFO -   batch 300/381 | loss=0.0870 mse=0.0579 sym=0.0108 phy=0.0192 | 49.1s
2026-06-20 15:35:49,094 - INFO -   batch 310/381 | loss=0.0760 mse=0.0475 sym=0.0108 phy=0.0191 | 50.8s
2026-06-20 15:35:50,769 - INFO -   batch 320/381 | loss=0.0922 mse=0.0519 sym=0.0108 phy=0.0192 | 52.4s
2026-06-20 15:35:52,440 - INFO -   batch 330/381 | loss=0.0966 mse=0.0593 sym=0.0109 phy=0.0192 | 54.1s
2026-06-20 15:35:54,038 - INFO -   batch 340/381 | loss=0.0893 mse=0.0643 sym=0.0108 phy=0.0191 | 55.7s
2026-06-20 15:35:55,691 - INFO -   batch 350/381 | loss=0.1022 mse=0.0708 sym=0.0108 phy=0.0191 | 57.4s
2026-06-20 15:35:57,285 - INFO -   batch 360/381 | loss=0.0998 mse=0.0597 sym=0.0109 phy=0.0191 | 58.9s
2026-06-20 15:35:58,880 - INFO -   batch 370/381 | loss=0.0802 mse=0.0519 sym=0.0109 phy=0.0191 | 60.5s
2026-06-20 15:36:00,484 - INFO -   batch 380/381 | loss=0.0881 mse=0.0571 sym=0.0109 phy=0.0191 | 62.1s
2026-06-20 15:36:03,542 - INFO -   batch   1/381 | loss=0.0886 mse=0.0503 sym=0.0097 phy=0.0286 | 0.2s
2026-06-20 15:36:05,018 - INFO -   batch  10/381 | loss=0.0705 mse=0.0404 sym=0.0110 phy=0.0181 | 1.7s
2026-06-20 15:36:06,637 - INFO -   batch  20/381 | loss=0.0810 mse=0.0482 sym=0.0109 phy=0.0195 | 3.3s
2026-06-20 15:36:08,259 - INFO -   batch  30/381 | loss=0.1052 mse=0.0685 sym=0.0110 phy=0.0193 | 4.9s
2026-06-20 15:36:09,874 - INFO -   batch  40/381 | loss=0.0884 mse=0.0603 sym=0.0110 phy=0.0190 | 6.6s
2026-06-20 15:36:11,547 - INFO -   batch  50/381 | loss=0.0738 mse=0.0435 sym=0.0109 phy=0.0190 | 8.2s
2026-06-20 15:36:13,203 - INFO -   batch  60/381 | loss=0.1017 mse=0.0720 sym=0.0110 phy=0.0193 | 9.9s
2026-06-20 15:36:14,802 - INFO -   batch  70/381 | loss=0.1069 mse=0.0785 sym=0.0110 phy=0.0194 | 11.5s
2026-06-20 15:36:16,420 - INFO -   batch  80/381 | loss=0.0762 mse=0.0446 sym=0.0109 phy=0.0195 | 13.1s
2026-06-20 15:36:18,033 - INFO -   batch  90/381 | loss=0.1000 mse=0.0665 sym=0.0110 phy=0.0193 | 14.7s
2026-06-20 15:36:19,642 - INFO -   batch 100/381 | loss=0.0793 mse=0.0506 sym=0.0110 phy=0.0192 | 16.3s
2026-06-20 15:36:21,299 - INFO -   batch 110/381 | loss=0.0917 mse=0.0668 sym=0.0110 phy=0.0191 | 18.0s
2026-06-20 15:36:22,939 - INFO -   batch 120/381 | loss=0.0948 mse=0.0657 sym=0.0109 phy=0.0190 | 19.6s
2026-06-20 15:36:24,562 - INFO -   batch 130/381 | loss=0.0726 mse=0.0480 sym=0.0109 phy=0.0188 | 21.3s
2026-06-20 15:36:26,229 - INFO -   batch 140/381 | loss=0.0940 mse=0.0641 sym=0.0109 phy=0.0188 | 22.9s
2026-06-20 15:36:27,840 - INFO -   batch 150/381 | loss=0.1046 mse=0.0676 sym=0.0109 phy=0.0193 | 24.5s
2026-06-20 15:36:29,434 - INFO -   batch 160/381 | loss=0.0885 mse=0.0539 sym=0.0109 phy=0.0193 | 26.1s
2026-06-20 15:36:31,018 - INFO -   batch 170/381 | loss=0.0972 mse=0.0650 sym=0.0109 phy=0.0191 | 27.7s
2026-06-20 15:36:32,649 - INFO -   batch 180/381 | loss=0.0864 mse=0.0568 sym=0.0109 phy=0.0191 | 29.3s
2026-06-20 15:36:34,331 - INFO -   batch 190/381 | loss=0.1052 mse=0.0680 sym=0.0109 phy=0.0192 | 31.0s
2026-06-20 15:36:35,935 - INFO -   batch 200/381 | loss=0.0776 mse=0.0438 sym=0.0109 phy=0.0192 | 32.6s
2026-06-20 15:36:37,595 - INFO -   batch 210/381 | loss=0.0808 mse=0.0501 sym=0.0109 phy=0.0191 | 34.3s
2026-06-20 15:36:39,214 - INFO -   batch 220/381 | loss=0.0781 mse=0.0526 sym=0.0109 phy=0.0191 | 35.9s
2026-06-20 15:36:40,838 - INFO -   batch 230/381 | loss=0.0994 mse=0.0669 sym=0.0109 phy=0.0191 | 37.5s
2026-06-20 15:36:42,402 - INFO -   batch 240/381 | loss=0.1111 mse=0.0721 sym=0.0109 phy=0.0192 | 39.1s
2026-06-20 15:36:44,019 - INFO -   batch 250/381 | loss=0.0756 mse=0.0432 sym=0.0109 phy=0.0192 | 40.7s
2026-06-20 15:36:45,685 - INFO -   batch 260/381 | loss=0.0712 mse=0.0473 sym=0.0109 phy=0.0192 | 42.4s
2026-06-20 15:36:47,347 - INFO -   batch 270/381 | loss=0.0865 mse=0.0583 sym=0.0109 phy=0.0192 | 44.0s
2026-06-20 15:36:49,008 - INFO -   batch 280/381 | loss=0.0769 mse=0.0457 sym=0.0109 phy=0.0193 | 45.7s
2026-06-20 15:36:50,620 - INFO -   batch 290/381 | loss=0.0876 mse=0.0568 sym=0.0109 phy=0.0192 | 47.3s
2026-06-20 15:36:52,269 - INFO -   batch 300/381 | loss=0.0879 mse=0.0590 sym=0.0109 phy=0.0192 | 49.0s
2026-06-20 15:36:53,888 - INFO -   batch 310/381 | loss=0.0941 mse=0.0569 sym=0.0109 phy=0.0191 | 50.6s
2026-06-20 15:36:55,551 - INFO -   batch 320/381 | loss=0.0806 mse=0.0500 sym=0.0109 phy=0.0191 | 52.2s
2026-06-20 15:36:57,214 - INFO -   batch 330/381 | loss=0.0942 mse=0.0674 sym=0.0109 phy=0.0191 | 53.9s
2026-06-20 15:36:59,034 - INFO -   batch 340/381 | loss=0.0707 mse=0.0353 sym=0.0109 phy=0.0191 | 55.7s
2026-06-20 15:37:00,668 - INFO -   batch 350/381 | loss=0.0802 mse=0.0487 sym=0.0109 phy=0.0191 | 57.4s
2026-06-20 15:37:02,281 - INFO -   batch 360/381 | loss=0.0908 mse=0.0653 sym=0.0109 phy=0.0192 | 59.0s
2026-06-20 15:37:03,890 - INFO -   batch 370/381 | loss=0.0883 mse=0.0587 sym=0.0109 phy=0.0192 | 60.6s
2026-06-20 15:37:05,471 - INFO -   batch 380/381 | loss=0.0987 mse=0.0664 sym=0.0109 phy=0.0192 | 62.2s
2026-06-20 15:37:08,472 - INFO -   batch   1/381 | loss=0.0810 mse=0.0494 sym=0.0100 phy=0.0216 | 0.2s
2026-06-20 15:37:09,952 - INFO -   batch  10/381 | loss=0.0700 mse=0.0388 sym=0.0107 phy=0.0172 | 1.7s
2026-06-20 15:37:11,602 - INFO -   batch  20/381 | loss=0.0882 mse=0.0672 sym=0.0105 phy=0.0188 | 3.4s
2026-06-20 15:37:13,266 - INFO -   batch  30/381 | loss=0.0803 mse=0.0491 sym=0.0106 phy=0.0183 | 5.0s
2026-06-20 15:37:14,935 - INFO -   batch  40/381 | loss=0.0832 mse=0.0579 sym=0.0107 phy=0.0178 | 6.7s
2026-06-20 15:37:16,606 - INFO -   batch  50/381 | loss=0.0702 mse=0.0406 sym=0.0106 phy=0.0185 | 8.4s
2026-06-20 15:37:18,277 - INFO -   batch  60/381 | loss=0.0992 mse=0.0689 sym=0.0108 phy=0.0185 | 10.0s
2026-06-20 15:37:19,893 - INFO -   batch  70/381 | loss=0.0810 mse=0.0500 sym=0.0108 phy=0.0181 | 11.6s
2026-06-20 15:37:21,550 - INFO -   batch  80/381 | loss=0.0695 mse=0.0422 sym=0.0108 phy=0.0182 | 13.3s
2026-06-20 15:37:23,208 - INFO -   batch  90/381 | loss=0.0932 mse=0.0534 sym=0.0109 phy=0.0186 | 15.0s
2026-06-20 15:37:24,827 - INFO -   batch 100/381 | loss=0.0887 mse=0.0604 sym=0.0109 phy=0.0185 | 16.6s
2026-06-20 15:37:26,427 - INFO -   batch 110/381 | loss=0.0763 mse=0.0465 sym=0.0108 phy=0.0184 | 18.2s
2026-06-20 15:37:28,017 - INFO -   batch 120/381 | loss=0.0748 mse=0.0449 sym=0.0108 phy=0.0185 | 19.8s
2026-06-20 15:37:29,667 - INFO -   batch 130/381 | loss=0.0743 mse=0.0350 sym=0.0108 phy=0.0187 | 21.4s
2026-06-20 15:37:31,331 - INFO -   batch 140/381 | loss=0.0682 mse=0.0389 sym=0.0108 phy=0.0186 | 23.1s
2026-06-20 15:37:32,980 - INFO -   batch 150/381 | loss=0.0677 mse=0.0400 sym=0.0108 phy=0.0187 | 24.7s
2026-06-20 15:37:34,606 - INFO -   batch 160/381 | loss=0.0801 mse=0.0507 sym=0.0108 phy=0.0191 | 26.4s
2026-06-20 15:37:36,261 - INFO -   batch 170/381 | loss=0.0840 mse=0.0581 sym=0.0108 phy=0.0191 | 28.0s
2026-06-20 15:37:37,877 - INFO -   batch 180/381 | loss=0.0816 mse=0.0563 sym=0.0108 phy=0.0191 | 29.6s
2026-06-20 15:37:39,499 - INFO -   batch 190/381 | loss=0.0971 mse=0.0594 sym=0.0108 phy=0.0191 | 31.3s
2026-06-20 15:37:41,099 - INFO -   batch 200/381 | loss=0.0947 mse=0.0552 sym=0.0108 phy=0.0193 | 32.9s
2026-06-20 15:37:42,776 - INFO -   batch 210/381 | loss=0.0687 mse=0.0438 sym=0.0108 phy=0.0193 | 34.5s
2026-06-20 15:37:44,368 - INFO -   batch 220/381 | loss=0.1076 mse=0.0771 sym=0.0108 phy=0.0192 | 36.1s
2026-06-20 15:37:45,953 - INFO -   batch 230/381 | loss=0.0807 mse=0.0533 sym=0.0109 phy=0.0192 | 37.7s
2026-06-20 15:37:47,563 - INFO -   batch 240/381 | loss=0.0782 mse=0.0500 sym=0.0109 phy=0.0192 | 39.3s
2026-06-20 15:37:49,164 - INFO -   batch 250/381 | loss=0.0905 mse=0.0649 sym=0.0109 phy=0.0190 | 40.9s
2026-06-20 15:37:50,755 - INFO -   batch 260/381 | loss=0.0878 mse=0.0575 sym=0.0109 phy=0.0189 | 42.5s
2026-06-20 15:37:52,390 - INFO -   batch 270/381 | loss=0.0933 mse=0.0654 sym=0.0109 phy=0.0189 | 44.1s
2026-06-20 15:37:54,015 - INFO -   batch 280/381 | loss=0.0837 mse=0.0592 sym=0.0109 phy=0.0189 | 45.8s
2026-06-20 15:37:55,615 - INFO -   batch 290/381 | loss=0.0803 mse=0.0510 sym=0.0108 phy=0.0189 | 47.4s
2026-06-20 15:37:57,236 - INFO -   batch 300/381 | loss=0.0809 mse=0.0542 sym=0.0108 phy=0.0189 | 49.0s
2026-06-20 15:37:58,832 - INFO -   batch 310/381 | loss=0.0951 mse=0.0644 sym=0.0108 phy=0.0190 | 50.6s
2026-06-20 15:38:00,493 - INFO -   batch 320/381 | loss=0.0999 mse=0.0727 sym=0.0108 phy=0.0188 | 52.2s
2026-06-20 15:38:02,091 - INFO -   batch 330/381 | loss=0.0985 mse=0.0643 sym=0.0109 phy=0.0188 | 53.8s
2026-06-20 15:38:03,754 - INFO -   batch 340/381 | loss=0.0855 mse=0.0484 sym=0.0109 phy=0.0189 | 55.5s
2026-06-20 15:38:05,417 - INFO -   batch 350/381 | loss=0.0786 mse=0.0462 sym=0.0109 phy=0.0189 | 57.2s
2026-06-20 15:38:07,016 - INFO -   batch 360/381 | loss=0.0879 mse=0.0556 sym=0.0109 phy=0.0190 | 58.8s
2026-06-20 15:38:08,559 - INFO -   batch 370/381 | loss=0.0869 mse=0.0574 sym=0.0109 phy=0.0190 | 60.3s
2026-06-20 15:38:10,162 - INFO -   batch 380/381 | loss=0.0855 mse=0.0583 sym=0.0109 phy=0.0190 | 61.9s
2026-06-20 15:38:13,164 - INFO -   batch   1/381 | loss=0.0746 mse=0.0407 sym=0.0115 phy=0.0224 | 0.2s
2026-06-20 15:38:14,582 - INFO -   batch  10/381 | loss=0.0771 mse=0.0447 sym=0.0110 phy=0.0208 | 1.7s
2026-06-20 15:38:16,144 - INFO -   batch  20/381 | loss=0.0805 mse=0.0511 sym=0.0110 phy=0.0208 | 3.2s
2026-06-20 15:38:17,794 - INFO -   batch  30/381 | loss=0.0804 mse=0.0497 sym=0.0110 phy=0.0207 | 4.9s
2026-06-20 15:38:19,465 - INFO -   batch  40/381 | loss=0.0946 mse=0.0636 sym=0.0111 phy=0.0205 | 6.5s
2026-06-20 15:38:21,123 - INFO -   batch  50/381 | loss=0.0771 mse=0.0471 sym=0.0111 phy=0.0211 | 8.2s
2026-06-20 15:38:22,719 - INFO -   batch  60/381 | loss=0.0723 mse=0.0440 sym=0.0111 phy=0.0209 | 9.8s
2026-06-20 15:38:24,328 - INFO -   batch  70/381 | loss=0.1010 mse=0.0734 sym=0.0111 phy=0.0204 | 11.4s
2026-06-20 15:38:25,944 - INFO -   batch  80/381 | loss=0.0943 mse=0.0681 sym=0.0110 phy=0.0199 | 13.0s
2026-06-20 15:38:27,527 - INFO -   batch  90/381 | loss=0.0760 mse=0.0471 sym=0.0110 phy=0.0202 | 14.6s
2026-06-20 15:38:29,163 - INFO -   batch 100/381 | loss=0.0766 mse=0.0478 sym=0.0110 phy=0.0202 | 16.2s
2026-06-20 15:38:30,823 - INFO -   batch 110/381 | loss=0.0963 mse=0.0687 sym=0.0110 phy=0.0202 | 17.9s
2026-06-20 15:38:32,485 - INFO -   batch 120/381 | loss=0.0819 mse=0.0551 sym=0.0110 phy=0.0203 | 19.6s
2026-06-20 15:38:34,161 - INFO -   batch 130/381 | loss=0.0692 mse=0.0409 sym=0.0110 phy=0.0204 | 21.2s
2026-06-20 15:38:35,786 - INFO -   batch 140/381 | loss=0.0833 mse=0.0534 sym=0.0110 phy=0.0202 | 22.9s
2026-06-20 15:38:37,406 - INFO -   batch 150/381 | loss=0.0824 mse=0.0531 sym=0.0110 phy=0.0198 | 24.5s
2026-06-20 15:38:39,091 - INFO -   batch 160/381 | loss=0.0901 mse=0.0605 sym=0.0109 phy=0.0199 | 26.2s
2026-06-20 15:38:40,750 - INFO -   batch 170/381 | loss=0.0822 mse=0.0484 sym=0.0110 phy=0.0199 | 27.8s
2026-06-20 15:38:42,413 - INFO -   batch 180/381 | loss=0.0889 mse=0.0611 sym=0.0110 phy=0.0198 | 29.5s
2026-06-20 15:38:44,090 - INFO -   batch 190/381 | loss=0.0777 mse=0.0517 sym=0.0110 phy=0.0198 | 31.2s
2026-06-20 15:38:45,711 - INFO -   batch 200/381 | loss=0.0933 mse=0.0553 sym=0.0110 phy=0.0198 | 32.8s
2026-06-20 15:38:47,341 - INFO -   batch 210/381 | loss=0.0844 mse=0.0548 sym=0.0110 phy=0.0197 | 34.4s
2026-06-20 15:38:49,009 - INFO -   batch 220/381 | loss=0.0779 mse=0.0477 sym=0.0110 phy=0.0197 | 36.1s
2026-06-20 15:38:50,684 - INFO -   batch 230/381 | loss=0.0692 mse=0.0412 sym=0.0110 phy=0.0196 | 37.8s
2026-06-20 15:38:52,344 - INFO -   batch 240/381 | loss=0.0763 mse=0.0499 sym=0.0110 phy=0.0196 | 39.4s
2026-06-20 15:38:54,025 - INFO -   batch 250/381 | loss=0.0773 mse=0.0539 sym=0.0109 phy=0.0194 | 41.1s
2026-06-20 15:38:55,624 - INFO -   batch 260/381 | loss=0.0858 mse=0.0508 sym=0.0110 phy=0.0194 | 42.7s
2026-06-20 15:38:57,268 - INFO -   batch 270/381 | loss=0.0649 mse=0.0330 sym=0.0110 phy=0.0195 | 44.3s
2026-06-20 15:38:58,943 - INFO -   batch 280/381 | loss=0.0972 mse=0.0574 sym=0.0109 phy=0.0194 | 46.0s
2026-06-20 15:39:00,560 - INFO -   batch 290/381 | loss=0.0731 mse=0.0440 sym=0.0109 phy=0.0194 | 47.6s
2026-06-20 15:39:02,179 - INFO -   batch 300/381 | loss=0.0688 mse=0.0471 sym=0.0109 phy=0.0193 | 49.2s
2026-06-20 15:39:03,786 - INFO -   batch 310/381 | loss=0.1021 mse=0.0669 sym=0.0109 phy=0.0193 | 50.9s
2026-06-20 15:39:05,400 - INFO -   batch 320/381 | loss=0.0928 mse=0.0640 sym=0.0109 phy=0.0193 | 52.5s
2026-06-20 15:39:07,026 - INFO -   batch 330/381 | loss=0.1014 mse=0.0662 sym=0.0109 phy=0.0193 | 54.1s
2026-06-20 15:39:08,705 - INFO -   batch 340/381 | loss=0.0876 mse=0.0583 sym=0.0109 phy=0.0193 | 55.8s
2026-06-20 15:39:10,298 - INFO -   batch 350/381 | loss=0.0843 mse=0.0581 sym=0.0109 phy=0.0192 | 57.4s
2026-06-20 15:39:11,951 - INFO -   batch 360/381 | loss=0.0781 mse=0.0423 sym=0.0109 phy=0.0192 | 59.0s
2026-06-20 15:39:13,618 - INFO -   batch 370/381 | loss=0.0804 mse=0.0517 sym=0.0109 phy=0.0192 | 60.7s
2026-06-20 15:39:15,208 - INFO -   batch 380/381 | loss=0.1008 mse=0.0703 sym=0.0109 phy=0.0192 | 62.3s
2026-06-20 15:39:17,991 - INFO - Epoch  20/50 | Loss=0.0857 MSE=0.0556 Sym=0.0109 Phy=0.0192 | Val RMSE=0.2375 ρ=0.324 | 65s
2026-06-20 15:39:18,219 - INFO -   batch   1/381 | loss=0.0738 mse=0.0425 sym=0.0111 phy=0.0202 | 0.2s
2026-06-20 15:39:19,669 - INFO -   batch  10/381 | loss=0.1092 mse=0.0788 sym=0.0102 phy=0.0198 | 1.7s
2026-06-20 15:39:21,293 - INFO -   batch  20/381 | loss=0.0945 mse=0.0661 sym=0.0104 phy=0.0185 | 3.3s
2026-06-20 15:39:22,924 - INFO -   batch  30/381 | loss=0.0896 mse=0.0561 sym=0.0106 phy=0.0186 | 4.9s
2026-06-20 15:39:24,595 - INFO -   batch  40/381 | loss=0.0757 mse=0.0484 sym=0.0108 phy=0.0182 | 6.6s
2026-06-20 15:39:26,206 - INFO -   batch  50/381 | loss=0.1049 mse=0.0715 sym=0.0108 phy=0.0188 | 8.2s
2026-06-20 15:39:27,779 - INFO -   batch  60/381 | loss=0.0900 mse=0.0597 sym=0.0109 phy=0.0186 | 9.8s
2026-06-20 15:39:29,378 - INFO -   batch  70/381 | loss=0.0814 mse=0.0558 sym=0.0110 phy=0.0190 | 11.4s
2026-06-20 15:39:30,970 - INFO -   batch  80/381 | loss=0.0897 mse=0.0513 sym=0.0110 phy=0.0193 | 13.0s
2026-06-20 15:39:32,555 - INFO -   batch  90/381 | loss=0.0781 mse=0.0473 sym=0.0109 phy=0.0193 | 14.6s
2026-06-20 15:39:34,189 - INFO -   batch 100/381 | loss=0.0868 mse=0.0582 sym=0.0109 phy=0.0190 | 16.2s
2026-06-20 15:39:35,799 - INFO -   batch 110/381 | loss=0.0801 mse=0.0474 sym=0.0109 phy=0.0190 | 17.8s
2026-06-20 15:39:37,470 - INFO -   batch 120/381 | loss=0.0730 mse=0.0428 sym=0.0109 phy=0.0191 | 19.5s
2026-06-20 15:39:39,134 - INFO -   batch 130/381 | loss=0.0967 mse=0.0624 sym=0.0108 phy=0.0192 | 21.1s
2026-06-20 15:39:40,770 - INFO -   batch 140/381 | loss=0.0718 mse=0.0429 sym=0.0109 phy=0.0191 | 22.8s
2026-06-20 15:39:42,394 - INFO -   batch 150/381 | loss=0.0856 mse=0.0541 sym=0.0109 phy=0.0192 | 24.4s
2026-06-20 15:39:44,062 - INFO -   batch 160/381 | loss=0.0715 mse=0.0431 sym=0.0109 phy=0.0192 | 26.1s
2026-06-20 15:39:45,722 - INFO -   batch 170/381 | loss=0.0855 mse=0.0567 sym=0.0109 phy=0.0190 | 27.7s
2026-06-20 15:39:47,345 - INFO -   batch 180/381 | loss=0.0874 mse=0.0573 sym=0.0109 phy=0.0190 | 29.4s
2026-06-20 15:39:48,964 - INFO -   batch 190/381 | loss=0.0686 mse=0.0434 sym=0.0109 phy=0.0190 | 31.0s
2026-06-20 15:39:50,565 - INFO -   batch 200/381 | loss=0.0808 mse=0.0519 sym=0.0109 phy=0.0189 | 32.6s
2026-06-20 15:39:52,170 - INFO -   batch 210/381 | loss=0.0880 mse=0.0613 sym=0.0109 phy=0.0189 | 34.2s
2026-06-20 15:39:53,811 - INFO -   batch 220/381 | loss=0.0759 mse=0.0489 sym=0.0109 phy=0.0191 | 35.8s
2026-06-20 15:39:55,432 - INFO -   batch 230/381 | loss=0.0989 mse=0.0741 sym=0.0109 phy=0.0189 | 37.4s
2026-06-20 15:39:57,094 - INFO -   batch 240/381 | loss=0.1043 mse=0.0773 sym=0.0109 phy=0.0190 | 39.1s
2026-06-20 15:39:58,760 - INFO -   batch 250/381 | loss=0.0779 mse=0.0498 sym=0.0109 phy=0.0190 | 40.8s
2026-06-20 15:40:00,371 - INFO -   batch 260/381 | loss=0.1049 mse=0.0739 sym=0.0109 phy=0.0189 | 42.4s
2026-06-20 15:40:02,032 - INFO -   batch 270/381 | loss=0.0821 mse=0.0534 sym=0.0109 phy=0.0190 | 44.0s
2026-06-20 15:40:03,687 - INFO -   batch 280/381 | loss=0.0866 mse=0.0625 sym=0.0109 phy=0.0190 | 45.7s
2026-06-20 15:40:05,343 - INFO -   batch 290/381 | loss=0.0647 mse=0.0381 sym=0.0109 phy=0.0189 | 47.4s
2026-06-20 15:40:06,954 - INFO -   batch 300/381 | loss=0.0835 mse=0.0565 sym=0.0109 phy=0.0189 | 49.0s
2026-06-20 15:40:08,631 - INFO -   batch 310/381 | loss=0.1029 mse=0.0715 sym=0.0109 phy=0.0189 | 50.6s
2026-06-20 15:40:10,282 - INFO -   batch 320/381 | loss=0.0831 mse=0.0546 sym=0.0109 phy=0.0189 | 52.3s
2026-06-20 15:40:11,913 - INFO -   batch 330/381 | loss=0.0828 mse=0.0531 sym=0.0109 phy=0.0189 | 53.9s
2026-06-20 15:40:13,547 - INFO -   batch 340/381 | loss=0.0922 mse=0.0644 sym=0.0109 phy=0.0189 | 55.6s
2026-06-20 15:40:15,187 - INFO -   batch 350/381 | loss=0.0809 mse=0.0545 sym=0.0109 phy=0.0189 | 57.2s
2026-06-20 15:40:16,804 - INFO -   batch 360/381 | loss=0.0635 mse=0.0372 sym=0.0109 phy=0.0190 | 58.8s
2026-06-20 15:40:18,392 - INFO -   batch 370/381 | loss=0.0984 mse=0.0706 sym=0.0109 phy=0.0189 | 60.4s
2026-06-20 15:40:20,008 - INFO -   batch 380/381 | loss=0.0873 mse=0.0567 sym=0.0109 phy=0.0189 | 62.0s
2026-06-20 15:40:23,075 - INFO -   batch   1/381 | loss=0.0834 mse=0.0511 sym=0.0120 phy=0.0203 | 0.3s
2026-06-20 15:40:24,509 - INFO -   batch  10/381 | loss=0.0882 mse=0.0577 sym=0.0112 phy=0.0212 | 1.7s
2026-06-20 15:40:26,089 - INFO -   batch  20/381 | loss=0.0888 mse=0.0584 sym=0.0110 phy=0.0202 | 3.3s
2026-06-20 15:40:27,686 - INFO -   batch  30/381 | loss=0.0949 mse=0.0609 sym=0.0110 phy=0.0196 | 4.9s
2026-06-20 15:40:29,307 - INFO -   batch  40/381 | loss=0.0955 mse=0.0690 sym=0.0110 phy=0.0185 | 6.5s
2026-06-20 15:40:30,904 - INFO -   batch  50/381 | loss=0.0643 mse=0.0396 sym=0.0110 phy=0.0183 | 8.1s
2026-06-20 15:40:32,525 - INFO -   batch  60/381 | loss=0.0850 mse=0.0599 sym=0.0110 phy=0.0183 | 9.7s
2026-06-20 15:40:34,158 - INFO -   batch  70/381 | loss=0.0949 mse=0.0688 sym=0.0110 phy=0.0183 | 11.3s
2026-06-20 15:40:35,837 - INFO -   batch  80/381 | loss=0.0942 mse=0.0638 sym=0.0110 phy=0.0185 | 13.0s
2026-06-20 15:40:37,478 - INFO -   batch  90/381 | loss=0.0920 mse=0.0684 sym=0.0110 phy=0.0183 | 14.7s
2026-06-20 15:40:39,073 - INFO -   batch 100/381 | loss=0.0840 mse=0.0530 sym=0.0110 phy=0.0181 | 16.3s
2026-06-20 15:40:40,685 - INFO -   batch 110/381 | loss=0.0769 mse=0.0453 sym=0.0110 phy=0.0183 | 17.9s
2026-06-20 15:40:42,279 - INFO -   batch 120/381 | loss=0.0694 mse=0.0432 sym=0.0110 phy=0.0182 | 19.5s
2026-06-20 15:40:43,873 - INFO -   batch 130/381 | loss=0.0554 mse=0.0295 sym=0.0110 phy=0.0185 | 21.1s
2026-06-20 15:40:45,474 - INFO -   batch 140/381 | loss=0.0946 mse=0.0618 sym=0.0110 phy=0.0185 | 22.7s
2026-06-20 15:40:47,052 - INFO -   batch 150/381 | loss=0.0907 mse=0.0600 sym=0.0110 phy=0.0185 | 24.2s
2026-06-20 15:40:48,722 - INFO -   batch 160/381 | loss=0.0937 mse=0.0633 sym=0.0109 phy=0.0186 | 25.9s
2026-06-20 15:40:50,344 - INFO -   batch 170/381 | loss=0.0821 mse=0.0568 sym=0.0109 phy=0.0186 | 27.5s
2026-06-20 15:40:51,984 - INFO -   batch 180/381 | loss=0.0808 mse=0.0551 sym=0.0109 phy=0.0184 | 29.2s
2026-06-20 15:40:53,598 - INFO -   batch 190/381 | loss=0.0729 mse=0.0480 sym=0.0109 phy=0.0185 | 30.8s
2026-06-20 15:40:55,215 - INFO -   batch 200/381 | loss=0.0671 mse=0.0424 sym=0.0109 phy=0.0184 | 32.4s
2026-06-20 15:40:56,809 - INFO -   batch 210/381 | loss=0.1062 mse=0.0713 sym=0.0109 phy=0.0184 | 34.0s
2026-06-20 15:40:58,435 - INFO -   batch 220/381 | loss=0.0841 mse=0.0514 sym=0.0109 phy=0.0185 | 35.6s
2026-06-20 15:41:00,080 - INFO -   batch 230/381 | loss=0.0760 mse=0.0403 sym=0.0109 phy=0.0187 | 37.3s
2026-06-20 15:41:01,722 - INFO -   batch 240/381 | loss=0.0828 mse=0.0522 sym=0.0109 phy=0.0187 | 38.9s
2026-06-20 15:41:03,336 - INFO -   batch 250/381 | loss=0.0863 mse=0.0558 sym=0.0109 phy=0.0188 | 40.5s
2026-06-20 15:41:04,996 - INFO -   batch 260/381 | loss=0.0816 mse=0.0533 sym=0.0109 phy=0.0190 | 42.2s
2026-06-20 15:41:06,660 - INFO -   batch 270/381 | loss=0.0806 mse=0.0502 sym=0.0109 phy=0.0189 | 43.8s
2026-06-20 15:41:08,280 - INFO -   batch 280/381 | loss=0.0851 mse=0.0615 sym=0.0109 phy=0.0190 | 45.5s
2026-06-20 15:41:09,921 - INFO -   batch 290/381 | loss=0.0819 mse=0.0555 sym=0.0109 phy=0.0189 | 47.1s
2026-06-20 15:41:11,519 - INFO -   batch 300/381 | loss=0.0647 mse=0.0376 sym=0.0109 phy=0.0189 | 48.7s
2026-06-20 15:41:13,098 - INFO -   batch 310/381 | loss=0.1007 mse=0.0656 sym=0.0109 phy=0.0190 | 50.3s
2026-06-20 15:41:14,682 - INFO -   batch 320/381 | loss=0.0691 mse=0.0411 sym=0.0109 phy=0.0191 | 51.9s
2026-06-20 15:41:16,296 - INFO -   batch 330/381 | loss=0.0997 mse=0.0673 sym=0.0109 phy=0.0191 | 53.5s
2026-06-20 15:41:17,946 - INFO -   batch 340/381 | loss=0.0898 mse=0.0613 sym=0.0109 phy=0.0190 | 55.1s
2026-06-20 15:41:19,550 - INFO -   batch 350/381 | loss=0.0910 mse=0.0609 sym=0.0109 phy=0.0191 | 56.7s
2026-06-20 15:41:21,222 - INFO -   batch 360/381 | loss=0.0912 mse=0.0560 sym=0.0109 phy=0.0191 | 58.4s
2026-06-20 15:41:22,881 - INFO -   batch 370/381 | loss=0.0851 mse=0.0549 sym=0.0109 phy=0.0191 | 60.1s
2026-06-20 15:41:24,538 - INFO -   batch 380/381 | loss=0.0763 mse=0.0404 sym=0.0109 phy=0.0192 | 61.7s
2026-06-20 15:41:27,563 - INFO -   batch   1/381 | loss=0.0999 mse=0.0666 sym=0.0110 phy=0.0224 | 0.2s
2026-06-20 15:41:29,014 - INFO -   batch  10/381 | loss=0.0738 mse=0.0440 sym=0.0111 phy=0.0187 | 1.7s
2026-06-20 15:41:30,826 - INFO -   batch  20/381 | loss=0.0874 mse=0.0511 sym=0.0108 phy=0.0182 | 3.5s
2026-06-20 15:41:32,441 - INFO -   batch  30/381 | loss=0.0904 mse=0.0548 sym=0.0108 phy=0.0191 | 5.1s
2026-06-20 15:41:34,097 - INFO -   batch  40/381 | loss=0.0837 mse=0.0569 sym=0.0109 phy=0.0186 | 6.7s
2026-06-20 15:41:35,762 - INFO -   batch  50/381 | loss=0.0711 mse=0.0433 sym=0.0109 phy=0.0190 | 8.4s
2026-06-20 15:41:37,414 - INFO -   batch  60/381 | loss=0.0923 mse=0.0592 sym=0.0109 phy=0.0188 | 10.1s
2026-06-20 15:41:39,023 - INFO -   batch  70/381 | loss=0.0940 mse=0.0585 sym=0.0109 phy=0.0185 | 11.7s
2026-06-20 15:41:40,694 - INFO -   batch  80/381 | loss=0.0883 mse=0.0559 sym=0.0109 phy=0.0184 | 13.3s
2026-06-20 15:41:42,348 - INFO -   batch  90/381 | loss=0.0906 mse=0.0636 sym=0.0108 phy=0.0184 | 15.0s
2026-06-20 15:41:44,028 - INFO -   batch 100/381 | loss=0.0757 mse=0.0473 sym=0.0108 phy=0.0183 | 16.7s
2026-06-20 15:41:45,636 - INFO -   batch 110/381 | loss=0.0909 mse=0.0586 sym=0.0109 phy=0.0185 | 18.3s
2026-06-20 15:41:47,256 - INFO -   batch 120/381 | loss=0.0890 mse=0.0631 sym=0.0109 phy=0.0185 | 19.9s
2026-06-20 15:41:48,841 - INFO -   batch 130/381 | loss=0.1028 mse=0.0711 sym=0.0109 phy=0.0185 | 21.5s
2026-06-20 15:41:50,445 - INFO -   batch 140/381 | loss=0.0832 mse=0.0539 sym=0.0109 phy=0.0187 | 23.1s
2026-06-20 15:41:52,055 - INFO -   batch 150/381 | loss=0.0828 mse=0.0569 sym=0.0109 phy=0.0188 | 24.7s
2026-06-20 15:41:53,707 - INFO -   batch 160/381 | loss=0.0678 mse=0.0411 sym=0.0109 phy=0.0190 | 26.3s
2026-06-20 15:41:55,374 - INFO -   batch 170/381 | loss=0.0795 mse=0.0551 sym=0.0109 phy=0.0190 | 28.0s
2026-06-20 15:41:57,054 - INFO -   batch 180/381 | loss=0.0810 mse=0.0565 sym=0.0109 phy=0.0189 | 29.7s
2026-06-20 15:41:58,665 - INFO -   batch 190/381 | loss=0.0905 mse=0.0635 sym=0.0109 phy=0.0190 | 31.3s
2026-06-20 15:42:00,309 - INFO -   batch 200/381 | loss=0.0779 mse=0.0531 sym=0.0109 phy=0.0189 | 33.0s
2026-06-20 15:42:01,928 - INFO -   batch 210/381 | loss=0.0958 mse=0.0646 sym=0.0108 phy=0.0190 | 34.6s
2026-06-20 15:42:03,534 - INFO -   batch 220/381 | loss=0.0994 mse=0.0686 sym=0.0109 phy=0.0191 | 36.2s
2026-06-20 15:42:05,098 - INFO -   batch 230/381 | loss=0.0779 mse=0.0491 sym=0.0109 phy=0.0191 | 37.7s
2026-06-20 15:42:06,747 - INFO -   batch 240/381 | loss=0.0794 mse=0.0518 sym=0.0109 phy=0.0190 | 39.4s
2026-06-20 15:42:08,409 - INFO -   batch 250/381 | loss=0.0948 mse=0.0606 sym=0.0109 phy=0.0190 | 41.1s
2026-06-20 15:42:10,059 - INFO -   batch 260/381 | loss=0.0755 mse=0.0481 sym=0.0109 phy=0.0190 | 42.7s
2026-06-20 15:42:11,678 - INFO -   batch 270/381 | loss=0.0811 mse=0.0546 sym=0.0109 phy=0.0189 | 44.3s
2026-06-20 15:42:13,341 - INFO -   batch 280/381 | loss=0.0889 mse=0.0560 sym=0.0109 phy=0.0190 | 46.0s
2026-06-20 15:42:15,001 - INFO -   batch 290/381 | loss=0.0917 mse=0.0628 sym=0.0109 phy=0.0189 | 47.6s
2026-06-20 15:42:16,621 - INFO -   batch 300/381 | loss=0.0853 mse=0.0609 sym=0.0110 phy=0.0189 | 49.3s
2026-06-20 15:42:18,273 - INFO -   batch 310/381 | loss=0.0618 mse=0.0335 sym=0.0110 phy=0.0189 | 50.9s
2026-06-20 15:42:19,939 - INFO -   batch 320/381 | loss=0.0888 mse=0.0497 sym=0.0110 phy=0.0191 | 52.6s
2026-06-20 15:42:21,618 - INFO -   batch 330/381 | loss=0.1026 mse=0.0642 sym=0.0109 phy=0.0191 | 54.3s
2026-06-20 15:42:23,213 - INFO -   batch 340/381 | loss=0.0722 mse=0.0452 sym=0.0109 phy=0.0191 | 55.9s
2026-06-20 15:42:24,883 - INFO -   batch 350/381 | loss=0.0763 mse=0.0488 sym=0.0109 phy=0.0191 | 57.5s
2026-06-20 15:42:26,556 - INFO -   batch 360/381 | loss=0.0780 mse=0.0480 sym=0.0109 phy=0.0190 | 59.2s
2026-06-20 15:42:28,154 - INFO -   batch 370/381 | loss=0.0830 mse=0.0557 sym=0.0109 phy=0.0191 | 60.8s
2026-06-20 15:42:29,827 - INFO -   batch 380/381 | loss=0.0827 mse=0.0540 sym=0.0109 phy=0.0191 | 62.5s
2026-06-20 15:42:32,841 - INFO -   batch   1/381 | loss=0.0777 mse=0.0466 sym=0.0111 phy=0.0200 | 0.2s
2026-06-20 15:42:34,291 - INFO -   batch  10/381 | loss=0.0930 mse=0.0563 sym=0.0108 phy=0.0194 | 1.7s
2026-06-20 15:42:35,871 - INFO -   batch  20/381 | loss=0.0788 mse=0.0508 sym=0.0105 phy=0.0180 | 3.2s
2026-06-20 15:42:37,475 - INFO -   batch  30/381 | loss=0.0996 mse=0.0677 sym=0.0107 phy=0.0181 | 4.8s
2026-06-20 15:42:39,141 - INFO -   batch  40/381 | loss=0.0839 mse=0.0520 sym=0.0108 phy=0.0189 | 6.5s
2026-06-20 15:42:40,804 - INFO -   batch  50/381 | loss=0.0809 mse=0.0526 sym=0.0108 phy=0.0189 | 8.2s
2026-06-20 15:42:42,432 - INFO -   batch  60/381 | loss=0.0934 mse=0.0668 sym=0.0110 phy=0.0190 | 9.8s
2026-06-20 15:42:44,096 - INFO -   batch  70/381 | loss=0.0968 mse=0.0657 sym=0.0109 phy=0.0190 | 11.5s
2026-06-20 15:42:45,740 - INFO -   batch  80/381 | loss=0.0957 mse=0.0687 sym=0.0110 phy=0.0189 | 13.1s
2026-06-20 15:42:47,355 - INFO -   batch  90/381 | loss=0.0855 mse=0.0550 sym=0.0109 phy=0.0188 | 14.7s
2026-06-20 15:42:49,036 - INFO -   batch 100/381 | loss=0.0871 mse=0.0601 sym=0.0109 phy=0.0190 | 16.4s
2026-06-20 15:42:50,687 - INFO -   batch 110/381 | loss=0.0774 mse=0.0505 sym=0.0109 phy=0.0189 | 18.0s
2026-06-20 15:42:52,319 - INFO -   batch 120/381 | loss=0.0808 mse=0.0536 sym=0.0109 phy=0.0189 | 19.7s
2026-06-20 15:42:53,948 - INFO -   batch 130/381 | loss=0.0890 mse=0.0534 sym=0.0109 phy=0.0190 | 21.3s
2026-06-20 15:42:55,628 - INFO -   batch 140/381 | loss=0.0838 mse=0.0519 sym=0.0109 phy=0.0189 | 23.0s
2026-06-20 15:42:57,303 - INFO -   batch 150/381 | loss=0.0893 mse=0.0615 sym=0.0109 phy=0.0190 | 24.7s
2026-06-20 15:42:58,957 - INFO -   batch 160/381 | loss=0.1033 mse=0.0688 sym=0.0109 phy=0.0192 | 26.3s
2026-06-20 15:43:00,624 - INFO -   batch 170/381 | loss=0.0935 mse=0.0592 sym=0.0109 phy=0.0193 | 28.0s
2026-06-20 15:43:02,304 - INFO -   batch 180/381 | loss=0.0781 mse=0.0487 sym=0.0110 phy=0.0194 | 29.7s
2026-06-20 15:43:03,964 - INFO -   batch 190/381 | loss=0.0804 mse=0.0554 sym=0.0109 phy=0.0194 | 31.3s
2026-06-20 15:43:05,627 - INFO -   batch 200/381 | loss=0.0777 mse=0.0518 sym=0.0109 phy=0.0195 | 33.0s
2026-06-20 15:43:07,285 - INFO -   batch 210/381 | loss=0.1050 mse=0.0654 sym=0.0109 phy=0.0196 | 34.6s
2026-06-20 15:43:08,889 - INFO -   batch 220/381 | loss=0.0843 mse=0.0545 sym=0.0109 phy=0.0195 | 36.2s
2026-06-20 15:43:10,484 - INFO -   batch 230/381 | loss=0.0748 mse=0.0501 sym=0.0109 phy=0.0194 | 37.8s
2026-06-20 15:43:12,061 - INFO -   batch 240/381 | loss=0.0800 mse=0.0539 sym=0.0110 phy=0.0193 | 39.4s
2026-06-20 15:43:13,633 - INFO -   batch 250/381 | loss=0.0840 mse=0.0616 sym=0.0110 phy=0.0193 | 41.0s
2026-06-20 15:43:15,199 - INFO -   batch 260/381 | loss=0.0782 mse=0.0497 sym=0.0110 phy=0.0193 | 42.6s
2026-06-20 15:43:16,850 - INFO -   batch 270/381 | loss=0.0756 mse=0.0481 sym=0.0110 phy=0.0195 | 44.2s
2026-06-20 15:43:18,528 - INFO -   batch 280/381 | loss=0.0912 mse=0.0602 sym=0.0110 phy=0.0194 | 45.9s
2026-06-20 15:43:20,181 - INFO -   batch 290/381 | loss=0.1102 mse=0.0760 sym=0.0110 phy=0.0194 | 47.5s
2026-06-20 15:43:21,843 - INFO -   batch 300/381 | loss=0.0925 mse=0.0657 sym=0.0109 phy=0.0193 | 49.2s
2026-06-20 15:43:23,522 - INFO -   batch 310/381 | loss=0.0697 mse=0.0438 sym=0.0109 phy=0.0194 | 50.9s
2026-06-20 15:43:25,131 - INFO -   batch 320/381 | loss=0.0920 mse=0.0602 sym=0.0109 phy=0.0193 | 52.5s
2026-06-20 15:43:26,733 - INFO -   batch 330/381 | loss=0.0926 mse=0.0656 sym=0.0109 phy=0.0193 | 54.1s
2026-06-20 15:43:28,332 - INFO -   batch 340/381 | loss=0.1022 mse=0.0734 sym=0.0109 phy=0.0193 | 55.7s
2026-06-20 15:43:29,907 - INFO -   batch 350/381 | loss=0.0956 mse=0.0665 sym=0.0109 phy=0.0192 | 57.3s
2026-06-20 15:43:31,507 - INFO -   batch 360/381 | loss=0.0823 mse=0.0524 sym=0.0109 phy=0.0192 | 58.9s
2026-06-20 15:43:33,105 - INFO -   batch 370/381 | loss=0.1161 mse=0.0653 sym=0.0109 phy=0.0193 | 60.5s
2026-06-20 15:43:34,716 - INFO -   batch 380/381 | loss=0.0854 mse=0.0586 sym=0.0109 phy=0.0193 | 62.1s
2026-06-20 15:43:37,745 - INFO -   batch   1/381 | loss=0.0721 mse=0.0464 sym=0.0115 phy=0.0142 | 0.2s
2026-06-20 15:43:39,182 - INFO -   batch  10/381 | loss=0.0871 mse=0.0449 sym=0.0111 phy=0.0207 | 1.7s
2026-06-20 15:43:40,775 - INFO -   batch  20/381 | loss=0.0688 mse=0.0414 sym=0.0112 phy=0.0197 | 3.3s
2026-06-20 15:43:42,443 - INFO -   batch  30/381 | loss=0.0845 mse=0.0531 sym=0.0112 phy=0.0203 | 4.9s
2026-06-20 15:43:44,117 - INFO -   batch  40/381 | loss=0.0870 mse=0.0587 sym=0.0112 phy=0.0197 | 6.6s
2026-06-20 15:43:45,792 - INFO -   batch  50/381 | loss=0.0726 mse=0.0472 sym=0.0111 phy=0.0197 | 8.3s
2026-06-20 15:43:47,459 - INFO -   batch  60/381 | loss=0.0855 mse=0.0532 sym=0.0109 phy=0.0199 | 10.0s
2026-06-20 15:43:49,104 - INFO -   batch  70/381 | loss=0.0808 mse=0.0518 sym=0.0109 phy=0.0199 | 11.6s
2026-06-20 15:43:50,731 - INFO -   batch  80/381 | loss=0.0729 mse=0.0443 sym=0.0109 phy=0.0198 | 13.2s
2026-06-20 15:43:52,398 - INFO -   batch  90/381 | loss=0.0912 mse=0.0637 sym=0.0109 phy=0.0196 | 14.9s
2026-06-20 15:43:53,997 - INFO -   batch 100/381 | loss=0.1097 mse=0.0775 sym=0.0109 phy=0.0193 | 16.5s
2026-06-20 15:43:55,613 - INFO -   batch 110/381 | loss=0.0759 mse=0.0401 sym=0.0110 phy=0.0193 | 18.1s
2026-06-20 15:43:57,201 - INFO -   batch 120/381 | loss=0.0798 mse=0.0489 sym=0.0110 phy=0.0193 | 19.7s
2026-06-20 15:43:58,830 - INFO -   batch 130/381 | loss=0.0781 mse=0.0525 sym=0.0110 phy=0.0192 | 21.3s
2026-06-20 15:44:00,516 - INFO -   batch 140/381 | loss=0.0712 mse=0.0485 sym=0.0109 phy=0.0190 | 23.0s
2026-06-20 15:44:02,174 - INFO -   batch 150/381 | loss=0.0720 mse=0.0452 sym=0.0110 phy=0.0190 | 24.7s
2026-06-20 15:44:03,838 - INFO -   batch 160/381 | loss=0.0835 mse=0.0575 sym=0.0109 phy=0.0191 | 26.3s
2026-06-20 15:44:05,488 - INFO -   batch 170/381 | loss=0.1027 mse=0.0661 sym=0.0109 phy=0.0191 | 28.0s
2026-06-20 15:44:07,093 - INFO -   batch 180/381 | loss=0.0739 mse=0.0428 sym=0.0109 phy=0.0192 | 29.6s
2026-06-20 15:44:08,656 - INFO -   batch 190/381 | loss=0.0880 mse=0.0578 sym=0.0109 phy=0.0194 | 31.2s
2026-06-20 15:44:10,256 - INFO -   batch 200/381 | loss=0.0935 mse=0.0652 sym=0.0109 phy=0.0195 | 32.8s
2026-06-20 15:44:11,835 - INFO -   batch 210/381 | loss=0.1046 mse=0.0768 sym=0.0109 phy=0.0195 | 34.3s
2026-06-20 15:44:13,441 - INFO -   batch 220/381 | loss=0.0857 mse=0.0602 sym=0.0109 phy=0.0195 | 35.9s
2026-06-20 15:44:15,040 - INFO -   batch 230/381 | loss=0.0984 mse=0.0638 sym=0.0109 phy=0.0195 | 37.5s
2026-06-20 15:44:16,685 - INFO -   batch 240/381 | loss=0.0824 mse=0.0603 sym=0.0109 phy=0.0193 | 39.2s
2026-06-20 15:44:18,372 - INFO -   batch 250/381 | loss=0.0929 mse=0.0663 sym=0.0109 phy=0.0192 | 40.9s
2026-06-20 15:44:20,035 - INFO -   batch 260/381 | loss=0.0852 mse=0.0481 sym=0.0109 phy=0.0191 | 42.5s
2026-06-20 15:44:21,704 - INFO -   batch 270/381 | loss=0.1017 mse=0.0746 sym=0.0109 phy=0.0191 | 44.2s
2026-06-20 15:44:23,377 - INFO -   batch 280/381 | loss=0.0913 mse=0.0604 sym=0.0109 phy=0.0190 | 45.9s
2026-06-20 15:44:25,059 - INFO -   batch 290/381 | loss=0.0989 mse=0.0684 sym=0.0109 phy=0.0190 | 47.6s
2026-06-20 15:44:26,717 - INFO -   batch 300/381 | loss=0.0872 mse=0.0551 sym=0.0109 phy=0.0190 | 49.2s
2026-06-20 15:44:28,325 - INFO -   batch 310/381 | loss=0.0875 mse=0.0520 sym=0.0109 phy=0.0190 | 50.8s
2026-06-20 15:44:29,896 - INFO -   batch 320/381 | loss=0.0806 mse=0.0555 sym=0.0109 phy=0.0190 | 52.4s
2026-06-20 15:44:31,493 - INFO -   batch 330/381 | loss=0.0925 mse=0.0583 sym=0.0109 phy=0.0191 | 54.0s
2026-06-20 15:44:33,053 - INFO -   batch 340/381 | loss=0.0931 mse=0.0692 sym=0.0109 phy=0.0190 | 55.6s
2026-06-20 15:44:34,643 - INFO -   batch 350/381 | loss=0.0942 mse=0.0682 sym=0.0109 phy=0.0190 | 57.1s
2026-06-20 15:44:36,245 - INFO -   batch 360/381 | loss=0.0946 mse=0.0645 sym=0.0109 phy=0.0190 | 58.7s
2026-06-20 15:44:37,827 - INFO -   batch 370/381 | loss=0.0753 mse=0.0497 sym=0.0109 phy=0.0191 | 60.3s
2026-06-20 15:44:39,421 - INFO -   batch 380/381 | loss=0.0732 mse=0.0460 sym=0.0109 phy=0.0190 | 61.9s
2026-06-20 15:44:42,181 - INFO - Epoch  25/50 | Loss=0.0855 MSE=0.0556 Sym=0.0109 Phy=0.0190 | Val RMSE=0.2367 ρ=0.322 | 65s
2026-06-20 15:44:42,414 - INFO -   batch   1/381 | loss=0.0997 mse=0.0680 sym=0.0108 phy=0.0210 | 0.2s
2026-06-20 15:44:43,830 - INFO -   batch  10/381 | loss=0.0803 mse=0.0506 sym=0.0108 phy=0.0186 | 1.6s
2026-06-20 15:44:45,415 - INFO -   batch  20/381 | loss=0.0662 mse=0.0378 sym=0.0109 phy=0.0187 | 3.2s
2026-06-20 15:44:47,006 - INFO -   batch  30/381 | loss=0.0797 mse=0.0518 sym=0.0110 phy=0.0193 | 4.8s
2026-06-20 15:44:48,583 - INFO -   batch  40/381 | loss=0.1026 mse=0.0673 sym=0.0110 phy=0.0189 | 6.4s
2026-06-20 15:44:50,174 - INFO -   batch  50/381 | loss=0.0876 mse=0.0629 sym=0.0111 phy=0.0187 | 8.0s
2026-06-20 15:44:51,759 - INFO -   batch  60/381 | loss=0.0864 mse=0.0545 sym=0.0111 phy=0.0188 | 9.6s
2026-06-20 15:44:53,401 - INFO -   batch  70/381 | loss=0.0874 mse=0.0650 sym=0.0110 phy=0.0185 | 11.2s
2026-06-20 15:44:55,089 - INFO -   batch  80/381 | loss=0.1077 mse=0.0736 sym=0.0110 phy=0.0187 | 12.9s
2026-06-20 15:44:56,785 - INFO -   batch  90/381 | loss=0.0830 mse=0.0552 sym=0.0110 phy=0.0189 | 14.6s
2026-06-20 15:44:58,462 - INFO -   batch 100/381 | loss=0.0741 mse=0.0457 sym=0.0110 phy=0.0190 | 16.3s
2026-06-20 15:45:00,157 - INFO -   batch 110/381 | loss=0.0863 mse=0.0476 sym=0.0109 phy=0.0191 | 18.0s
2026-06-20 15:45:01,836 - INFO -   batch 120/381 | loss=0.0766 mse=0.0495 sym=0.0110 phy=0.0189 | 19.7s
2026-06-20 15:45:03,568 - INFO -   batch 130/381 | loss=0.0766 mse=0.0377 sym=0.0110 phy=0.0191 | 21.4s
2026-06-20 15:45:05,286 - INFO -   batch 140/381 | loss=0.0907 mse=0.0565 sym=0.0110 phy=0.0193 | 23.1s
2026-06-20 15:45:06,946 - INFO -   batch 150/381 | loss=0.0683 mse=0.0468 sym=0.0110 phy=0.0193 | 24.8s
2026-06-20 15:45:08,620 - INFO -   batch 160/381 | loss=0.0699 mse=0.0397 sym=0.0110 phy=0.0191 | 26.4s
2026-06-20 15:45:10,250 - INFO -   batch 170/381 | loss=0.0854 mse=0.0595 sym=0.0109 phy=0.0191 | 28.1s
2026-06-20 15:45:11,936 - INFO -   batch 180/381 | loss=0.0955 mse=0.0588 sym=0.0109 phy=0.0192 | 29.8s
2026-06-20 15:45:13,626 - INFO -   batch 190/381 | loss=0.0907 mse=0.0626 sym=0.0109 phy=0.0191 | 31.4s
2026-06-20 15:45:15,314 - INFO -   batch 200/381 | loss=0.0911 mse=0.0635 sym=0.0109 phy=0.0191 | 33.1s
2026-06-20 15:45:17,028 - INFO -   batch 210/381 | loss=0.0805 mse=0.0454 sym=0.0109 phy=0.0192 | 34.8s
2026-06-20 15:45:18,713 - INFO -   batch 220/381 | loss=0.0960 mse=0.0624 sym=0.0109 phy=0.0192 | 36.5s
2026-06-20 15:45:20,427 - INFO -   batch 230/381 | loss=0.1100 mse=0.0798 sym=0.0109 phy=0.0191 | 38.2s
2026-06-20 15:45:22,112 - INFO -   batch 240/381 | loss=0.0818 mse=0.0550 sym=0.0109 phy=0.0191 | 39.9s
2026-06-20 15:45:23,820 - INFO -   batch 250/381 | loss=0.0826 mse=0.0550 sym=0.0109 phy=0.0191 | 41.6s
2026-06-20 15:45:25,477 - INFO -   batch 260/381 | loss=0.0835 mse=0.0560 sym=0.0109 phy=0.0191 | 43.3s
2026-06-20 15:45:27,205 - INFO -   batch 270/381 | loss=0.0900 mse=0.0639 sym=0.0109 phy=0.0190 | 45.0s
2026-06-20 15:45:28,863 - INFO -   batch 280/381 | loss=0.0883 mse=0.0571 sym=0.0109 phy=0.0190 | 46.7s
2026-06-20 15:45:30,574 - INFO -   batch 290/381 | loss=0.1063 mse=0.0732 sym=0.0109 phy=0.0190 | 48.4s
2026-06-20 15:45:32,243 - INFO -   batch 300/381 | loss=0.0764 mse=0.0492 sym=0.0109 phy=0.0191 | 50.1s
2026-06-20 15:45:33,936 - INFO -   batch 310/381 | loss=0.0771 mse=0.0508 sym=0.0109 phy=0.0191 | 51.8s
2026-06-20 15:45:35,627 - INFO -   batch 320/381 | loss=0.0873 mse=0.0590 sym=0.0109 phy=0.0191 | 53.4s
2026-06-20 15:45:37,381 - INFO -   batch 330/381 | loss=0.0769 mse=0.0523 sym=0.0109 phy=0.0191 | 55.2s
2026-06-20 15:45:39,064 - INFO -   batch 340/381 | loss=0.0795 mse=0.0528 sym=0.0109 phy=0.0190 | 56.9s
2026-06-20 15:45:40,784 - INFO -   batch 350/381 | loss=0.0745 mse=0.0433 sym=0.0109 phy=0.0190 | 58.6s
2026-06-20 15:45:42,479 - INFO -   batch 360/381 | loss=0.0802 mse=0.0563 sym=0.0109 phy=0.0191 | 60.3s
2026-06-20 15:45:44,158 - INFO -   batch 370/381 | loss=0.0677 mse=0.0382 sym=0.0109 phy=0.0191 | 62.0s
2026-06-20 15:45:45,830 - INFO -   batch 380/381 | loss=0.0830 mse=0.0529 sym=0.0109 phy=0.0191 | 63.6s
2026-06-20 15:45:49,095 - INFO -   batch   1/381 | loss=0.0758 mse=0.0448 sym=0.0102 phy=0.0209 | 0.3s
2026-06-20 15:45:50,645 - INFO -   batch  10/381 | loss=0.0899 mse=0.0622 sym=0.0108 phy=0.0181 | 1.8s
2026-06-20 15:45:52,312 - INFO -   batch  20/381 | loss=0.0764 mse=0.0524 sym=0.0110 phy=0.0179 | 3.5s
2026-06-20 15:45:54,009 - INFO -   batch  30/381 | loss=0.0713 mse=0.0424 sym=0.0109 phy=0.0179 | 5.2s
2026-06-20 15:45:55,678 - INFO -   batch  40/381 | loss=0.0868 mse=0.0598 sym=0.0110 phy=0.0178 | 6.9s
2026-06-20 15:45:57,326 - INFO -   batch  50/381 | loss=0.0924 mse=0.0567 sym=0.0110 phy=0.0181 | 8.5s
2026-06-20 15:45:59,011 - INFO -   batch  60/381 | loss=0.0722 mse=0.0455 sym=0.0111 phy=0.0183 | 10.2s
2026-06-20 15:46:00,669 - INFO -   batch  70/381 | loss=0.0820 mse=0.0543 sym=0.0110 phy=0.0191 | 11.8s
2026-06-20 15:46:02,535 - INFO -   batch  80/381 | loss=0.0818 mse=0.0545 sym=0.0111 phy=0.0191 | 13.7s
2026-06-20 15:46:04,206 - INFO -   batch  90/381 | loss=0.1000 mse=0.0745 sym=0.0110 phy=0.0188 | 15.4s
2026-06-20 15:46:05,879 - INFO -   batch 100/381 | loss=0.0856 mse=0.0552 sym=0.0110 phy=0.0192 | 17.1s
2026-06-20 15:46:07,517 - INFO -   batch 110/381 | loss=0.0767 mse=0.0496 sym=0.0110 phy=0.0193 | 18.7s
2026-06-20 15:46:09,198 - INFO -   batch 120/381 | loss=0.0907 mse=0.0641 sym=0.0110 phy=0.0192 | 20.4s
2026-06-20 15:46:10,842 - INFO -   batch 130/381 | loss=0.0781 mse=0.0529 sym=0.0110 phy=0.0191 | 22.0s
2026-06-20 15:46:12,483 - INFO -   batch 140/381 | loss=0.0827 mse=0.0545 sym=0.0110 phy=0.0191 | 23.7s
2026-06-20 15:46:14,133 - INFO -   batch 150/381 | loss=0.0799 mse=0.0565 sym=0.0110 phy=0.0189 | 25.3s
2026-06-20 15:46:15,786 - INFO -   batch 160/381 | loss=0.0705 mse=0.0462 sym=0.0110 phy=0.0188 | 27.0s
2026-06-20 15:46:17,449 - INFO -   batch 170/381 | loss=0.0760 mse=0.0497 sym=0.0110 phy=0.0187 | 28.6s
2026-06-20 15:46:19,124 - INFO -   batch 180/381 | loss=0.0838 mse=0.0515 sym=0.0110 phy=0.0187 | 30.3s
2026-06-20 15:46:20,804 - INFO -   batch 190/381 | loss=0.1054 mse=0.0655 sym=0.0110 phy=0.0190 | 32.0s
2026-06-20 15:46:22,500 - INFO -   batch 200/381 | loss=0.0794 mse=0.0512 sym=0.0110 phy=0.0191 | 33.7s
2026-06-20 15:46:24,195 - INFO -   batch 210/381 | loss=0.0985 mse=0.0678 sym=0.0110 phy=0.0191 | 35.4s
2026-06-20 15:46:25,886 - INFO -   batch 220/381 | loss=0.0840 mse=0.0593 sym=0.0109 phy=0.0191 | 37.1s
2026-06-20 15:46:27,572 - INFO -   batch 230/381 | loss=0.0787 mse=0.0481 sym=0.0109 phy=0.0191 | 38.7s
2026-06-20 15:46:29,256 - INFO -   batch 240/381 | loss=0.0718 mse=0.0477 sym=0.0109 phy=0.0190 | 40.4s
2026-06-20 15:46:30,987 - INFO -   batch 250/381 | loss=0.0863 mse=0.0532 sym=0.0109 phy=0.0190 | 42.2s
2026-06-20 15:46:32,662 - INFO -   batch 260/381 | loss=0.0736 mse=0.0496 sym=0.0109 phy=0.0191 | 43.8s
2026-06-20 15:46:34,368 - INFO -   batch 270/381 | loss=0.0958 mse=0.0554 sym=0.0109 phy=0.0191 | 45.5s
2026-06-20 15:46:36,056 - INFO -   batch 280/381 | loss=0.0776 mse=0.0523 sym=0.0109 phy=0.0191 | 47.2s
2026-06-20 15:46:37,758 - INFO -   batch 290/381 | loss=0.0978 mse=0.0705 sym=0.0109 phy=0.0190 | 48.9s
2026-06-20 15:46:39,426 - INFO -   batch 300/381 | loss=0.0831 mse=0.0530 sym=0.0109 phy=0.0190 | 50.6s
2026-06-20 15:46:41,072 - INFO -   batch 310/381 | loss=0.0809 mse=0.0441 sym=0.0109 phy=0.0190 | 52.2s
2026-06-20 15:46:42,745 - INFO -   batch 320/381 | loss=0.0745 mse=0.0474 sym=0.0109 phy=0.0189 | 53.9s
2026-06-20 15:46:44,421 - INFO -   batch 330/381 | loss=0.0946 mse=0.0632 sym=0.0109 phy=0.0189 | 55.6s
2026-06-20 15:46:46,086 - INFO -   batch 340/381 | loss=0.0784 mse=0.0507 sym=0.0109 phy=0.0189 | 57.3s
2026-06-20 15:46:47,781 - INFO -   batch 350/381 | loss=0.0755 mse=0.0447 sym=0.0109 phy=0.0189 | 59.0s
2026-06-20 15:46:49,452 - INFO -   batch 360/381 | loss=0.0893 mse=0.0637 sym=0.0109 phy=0.0190 | 60.6s
2026-06-20 15:46:51,180 - INFO -   batch 370/381 | loss=0.0961 mse=0.0667 sym=0.0109 phy=0.0190 | 62.4s
2026-06-20 15:46:52,839 - INFO -   batch 380/381 | loss=0.0931 mse=0.0624 sym=0.0109 phy=0.0191 | 64.0s
2026-06-20 15:46:56,052 - INFO -   batch   1/381 | loss=0.1087 mse=0.0792 sym=0.0111 phy=0.0184 | 0.2s
2026-06-20 15:46:57,558 - INFO -   batch  10/381 | loss=0.0834 mse=0.0545 sym=0.0108 phy=0.0174 | 1.8s
2026-06-20 15:46:59,252 - INFO -   batch  20/381 | loss=0.0936 mse=0.0680 sym=0.0107 phy=0.0167 | 3.4s
2026-06-20 15:47:00,913 - INFO -   batch  30/381 | loss=0.0840 mse=0.0586 sym=0.0107 phy=0.0174 | 5.1s
2026-06-20 15:47:02,597 - INFO -   batch  40/381 | loss=0.0673 mse=0.0383 sym=0.0108 phy=0.0180 | 6.8s
2026-06-20 15:47:04,239 - INFO -   batch  50/381 | loss=0.1009 mse=0.0681 sym=0.0108 phy=0.0183 | 8.4s
2026-06-20 15:47:05,930 - INFO -   batch  60/381 | loss=0.1053 mse=0.0740 sym=0.0108 phy=0.0189 | 10.1s
2026-06-20 15:47:07,593 - INFO -   batch  70/381 | loss=0.0949 mse=0.0600 sym=0.0108 phy=0.0189 | 11.8s
2026-06-20 15:47:09,247 - INFO -   batch  80/381 | loss=0.0840 mse=0.0485 sym=0.0108 phy=0.0189 | 13.4s
2026-06-20 15:47:10,928 - INFO -   batch  90/381 | loss=0.0820 mse=0.0539 sym=0.0108 phy=0.0188 | 15.1s
2026-06-20 15:47:12,583 - INFO -   batch 100/381 | loss=0.1109 mse=0.0776 sym=0.0108 phy=0.0187 | 16.8s
2026-06-20 15:47:14,233 - INFO -   batch 110/381 | loss=0.0749 mse=0.0441 sym=0.0108 phy=0.0189 | 18.4s
2026-06-20 15:47:15,895 - INFO -   batch 120/381 | loss=0.0799 mse=0.0519 sym=0.0108 phy=0.0189 | 20.1s
2026-06-20 15:47:17,530 - INFO -   batch 130/381 | loss=0.0921 mse=0.0563 sym=0.0108 phy=0.0188 | 21.7s
2026-06-20 15:47:19,162 - INFO -   batch 140/381 | loss=0.0721 mse=0.0397 sym=0.0108 phy=0.0189 | 23.4s
2026-06-20 15:47:20,837 - INFO -   batch 150/381 | loss=0.1129 mse=0.0865 sym=0.0109 phy=0.0188 | 25.0s
2026-06-20 15:47:22,485 - INFO -   batch 160/381 | loss=0.0874 mse=0.0572 sym=0.0109 phy=0.0189 | 26.7s
2026-06-20 15:47:24,139 - INFO -   batch 170/381 | loss=0.0920 mse=0.0595 sym=0.0108 phy=0.0189 | 28.3s
2026-06-20 15:47:25,795 - INFO -   batch 180/381 | loss=0.0913 mse=0.0649 sym=0.0108 phy=0.0189 | 30.0s
2026-06-20 15:47:27,447 - INFO -   batch 190/381 | loss=0.0744 mse=0.0456 sym=0.0108 phy=0.0189 | 31.6s
2026-06-20 15:47:29,124 - INFO -   batch 200/381 | loss=0.0902 mse=0.0643 sym=0.0109 phy=0.0188 | 33.3s
2026-06-20 15:47:30,788 - INFO -   batch 210/381 | loss=0.0821 mse=0.0552 sym=0.0109 phy=0.0188 | 35.0s
2026-06-20 15:47:32,497 - INFO -   batch 220/381 | loss=0.0855 mse=0.0580 sym=0.0109 phy=0.0187 | 36.7s
2026-06-20 15:47:34,262 - INFO -   batch 230/381 | loss=0.0861 mse=0.0633 sym=0.0109 phy=0.0187 | 38.5s
2026-06-20 15:47:36,069 - INFO -   batch 240/381 | loss=0.0867 mse=0.0609 sym=0.0109 phy=0.0187 | 40.3s
2026-06-20 15:47:37,874 - INFO -   batch 250/381 | loss=0.1046 mse=0.0748 sym=0.0109 phy=0.0187 | 42.1s
2026-06-20 15:47:39,644 - INFO -   batch 260/381 | loss=0.0868 mse=0.0578 sym=0.0109 phy=0.0188 | 43.8s
2026-06-20 15:47:41,467 - INFO -   batch 270/381 | loss=0.0870 mse=0.0575 sym=0.0109 phy=0.0187 | 45.7s
2026-06-20 15:47:43,256 - INFO -   batch 280/381 | loss=0.0850 mse=0.0564 sym=0.0109 phy=0.0188 | 47.5s
2026-06-20 15:47:45,060 - INFO -   batch 290/381 | loss=0.0942 mse=0.0641 sym=0.0109 phy=0.0188 | 49.3s
2026-06-20 15:47:46,852 - INFO -   batch 300/381 | loss=0.0868 mse=0.0578 sym=0.0109 phy=0.0188 | 51.0s
2026-06-20 15:47:48,652 - INFO -   batch 310/381 | loss=0.0760 mse=0.0541 sym=0.0109 phy=0.0188 | 52.8s
2026-06-20 15:47:50,460 - INFO -   batch 320/381 | loss=0.0785 mse=0.0499 sym=0.0109 phy=0.0188 | 54.7s
2026-06-20 15:47:52,242 - INFO -   batch 330/381 | loss=0.0786 mse=0.0440 sym=0.0109 phy=0.0189 | 56.4s
2026-06-20 15:47:54,061 - INFO -   batch 340/381 | loss=0.0884 mse=0.0567 sym=0.0109 phy=0.0189 | 58.3s
2026-06-20 15:47:55,861 - INFO -   batch 350/381 | loss=0.0925 mse=0.0580 sym=0.0109 phy=0.0190 | 60.1s
2026-06-20 15:47:57,650 - INFO -   batch 360/381 | loss=0.0813 mse=0.0536 sym=0.0109 phy=0.0190 | 61.8s
2026-06-20 15:47:59,454 - INFO -   batch 370/381 | loss=0.0965 mse=0.0677 sym=0.0109 phy=0.0191 | 63.6s
2026-06-20 15:48:01,256 - INFO -   batch 380/381 | loss=0.0943 mse=0.0639 sym=0.0109 phy=0.0190 | 65.5s
2026-06-20 15:48:04,614 - INFO -   batch   1/381 | loss=0.0850 mse=0.0565 sym=0.0089 phy=0.0196 | 0.2s
2026-06-20 15:48:06,264 - INFO -   batch  10/381 | loss=0.0767 mse=0.0447 sym=0.0103 phy=0.0195 | 1.8s
2026-06-20 15:48:08,071 - INFO -   batch  20/381 | loss=0.0647 mse=0.0385 sym=0.0106 phy=0.0194 | 3.7s
2026-06-20 15:48:09,853 - INFO -   batch  30/381 | loss=0.1045 mse=0.0800 sym=0.0107 phy=0.0183 | 5.4s
2026-06-20 15:48:11,663 - INFO -   batch  40/381 | loss=0.0858 mse=0.0546 sym=0.0107 phy=0.0180 | 7.2s
2026-06-20 15:48:13,481 - INFO -   batch  50/381 | loss=0.0933 mse=0.0568 sym=0.0108 phy=0.0181 | 9.1s
2026-06-20 15:48:15,328 - INFO -   batch  60/381 | loss=0.0770 mse=0.0468 sym=0.0108 phy=0.0187 | 10.9s
2026-06-20 15:48:17,121 - INFO -   batch  70/381 | loss=0.0837 mse=0.0570 sym=0.0109 phy=0.0185 | 12.7s
2026-06-20 15:48:18,945 - INFO -   batch  80/381 | loss=0.0802 mse=0.0492 sym=0.0109 phy=0.0183 | 14.5s
2026-06-20 15:48:20,730 - INFO -   batch  90/381 | loss=0.0846 mse=0.0533 sym=0.0109 phy=0.0183 | 16.3s
2026-06-20 15:48:22,546 - INFO -   batch 100/381 | loss=0.0662 mse=0.0396 sym=0.0108 phy=0.0184 | 18.1s
2026-06-20 15:48:24,324 - INFO -   batch 110/381 | loss=0.0958 mse=0.0649 sym=0.0109 phy=0.0184 | 19.9s
2026-06-20 15:48:26,145 - INFO -   batch 120/381 | loss=0.0715 mse=0.0475 sym=0.0109 phy=0.0181 | 21.7s
2026-06-20 15:48:27,942 - INFO -   batch 130/381 | loss=0.0943 mse=0.0622 sym=0.0109 phy=0.0183 | 23.5s
2026-06-20 15:48:29,748 - INFO -   batch 140/381 | loss=0.0975 mse=0.0617 sym=0.0109 phy=0.0187 | 25.3s
2026-06-20 15:48:31,516 - INFO -   batch 150/381 | loss=0.0835 mse=0.0519 sym=0.0109 phy=0.0188 | 27.1s
2026-06-20 15:48:33,339 - INFO -   batch 160/381 | loss=0.1062 mse=0.0789 sym=0.0109 phy=0.0189 | 28.9s
2026-06-20 15:48:35,108 - INFO -   batch 170/381 | loss=0.0859 mse=0.0585 sym=0.0109 phy=0.0189 | 30.7s
2026-06-20 15:48:36,908 - INFO -   batch 180/381 | loss=0.1012 mse=0.0675 sym=0.0108 phy=0.0189 | 32.5s
2026-06-20 15:48:38,718 - INFO -   batch 190/381 | loss=0.0834 mse=0.0532 sym=0.0108 phy=0.0188 | 34.3s
2026-06-20 15:48:40,520 - INFO -   batch 200/381 | loss=0.0905 mse=0.0635 sym=0.0108 phy=0.0187 | 36.1s
2026-06-20 15:48:42,332 - INFO -   batch 210/381 | loss=0.0838 mse=0.0565 sym=0.0108 phy=0.0187 | 37.9s
2026-06-20 15:48:44,164 - INFO -   batch 220/381 | loss=0.1014 mse=0.0628 sym=0.0109 phy=0.0188 | 39.7s
2026-06-20 15:48:45,954 - INFO -   batch 230/381 | loss=0.0792 mse=0.0528 sym=0.0109 phy=0.0189 | 41.5s
2026-06-20 15:48:47,744 - INFO -   batch 240/381 | loss=0.0864 mse=0.0466 sym=0.0108 phy=0.0189 | 43.3s
2026-06-20 15:48:49,509 - INFO -   batch 250/381 | loss=0.0914 mse=0.0659 sym=0.0108 phy=0.0187 | 45.1s
2026-06-20 15:48:51,318 - INFO -   batch 260/381 | loss=0.1056 mse=0.0706 sym=0.0109 phy=0.0188 | 46.9s
2026-06-20 15:48:53,102 - INFO -   batch 270/381 | loss=0.0833 mse=0.0539 sym=0.0109 phy=0.0189 | 48.7s
2026-06-20 15:48:54,904 - INFO -   batch 280/381 | loss=0.0999 mse=0.0700 sym=0.0109 phy=0.0189 | 50.5s
2026-06-20 15:48:56,685 - INFO -   batch 290/381 | loss=0.0956 mse=0.0640 sym=0.0109 phy=0.0190 | 52.3s
2026-06-20 15:48:58,498 - INFO -   batch 300/381 | loss=0.1111 mse=0.0747 sym=0.0109 phy=0.0190 | 54.1s
2026-06-20 15:49:00,301 - INFO -   batch 310/381 | loss=0.1103 mse=0.0778 sym=0.0109 phy=0.0190 | 55.9s
2026-06-20 15:49:02,106 - INFO -   batch 320/381 | loss=0.0728 mse=0.0478 sym=0.0109 phy=0.0190 | 57.7s
2026-06-20 15:49:03,910 - INFO -   batch 330/381 | loss=0.0688 mse=0.0457 sym=0.0109 phy=0.0189 | 59.5s
2026-06-20 15:49:05,728 - INFO -   batch 340/381 | loss=0.0635 mse=0.0381 sym=0.0109 phy=0.0189 | 61.3s
2026-06-20 15:49:07,526 - INFO -   batch 350/381 | loss=0.0921 mse=0.0650 sym=0.0109 phy=0.0189 | 63.1s
2026-06-20 15:49:09,332 - INFO -   batch 360/381 | loss=0.0753 mse=0.0519 sym=0.0109 phy=0.0189 | 64.9s
2026-06-20 15:49:11,126 - INFO -   batch 370/381 | loss=0.1079 mse=0.0766 sym=0.0109 phy=0.0190 | 66.7s
2026-06-20 15:49:12,942 - INFO -   batch 380/381 | loss=0.0850 mse=0.0588 sym=0.0109 phy=0.0190 | 68.5s
2026-06-20 15:49:16,327 - INFO -   batch   1/381 | loss=0.0801 mse=0.0479 sym=0.0117 phy=0.0205 | 0.2s
2026-06-20 15:49:17,946 - INFO -   batch  10/381 | loss=0.0728 mse=0.0434 sym=0.0109 phy=0.0217 | 1.8s
2026-06-20 15:49:19,772 - INFO -   batch  20/381 | loss=0.0908 mse=0.0626 sym=0.0109 phy=0.0187 | 3.7s
2026-06-20 15:49:21,525 - INFO -   batch  30/381 | loss=0.0781 mse=0.0510 sym=0.0108 phy=0.0179 | 5.4s
2026-06-20 15:49:23,299 - INFO -   batch  40/381 | loss=0.0783 mse=0.0483 sym=0.0107 phy=0.0183 | 7.2s
2026-06-20 15:49:25,099 - INFO -   batch  50/381 | loss=0.0744 mse=0.0445 sym=0.0107 phy=0.0184 | 9.0s
2026-06-20 15:49:26,897 - INFO -   batch  60/381 | loss=0.0820 mse=0.0574 sym=0.0108 phy=0.0183 | 10.8s
2026-06-20 15:49:28,705 - INFO -   batch  70/381 | loss=0.0829 mse=0.0511 sym=0.0108 phy=0.0186 | 12.6s
2026-06-20 15:49:30,498 - INFO -   batch  80/381 | loss=0.0839 mse=0.0445 sym=0.0108 phy=0.0191 | 14.4s
2026-06-20 15:49:32,300 - INFO -   batch  90/381 | loss=0.0831 mse=0.0575 sym=0.0108 phy=0.0191 | 16.2s
2026-06-20 15:49:34,090 - INFO -   batch 100/381 | loss=0.0940 mse=0.0633 sym=0.0108 phy=0.0191 | 18.0s
2026-06-20 15:49:35,868 - INFO -   batch 110/381 | loss=0.0855 mse=0.0547 sym=0.0108 phy=0.0194 | 19.8s
2026-06-20 15:49:37,645 - INFO -   batch 120/381 | loss=0.0766 mse=0.0472 sym=0.0108 phy=0.0193 | 21.5s
2026-06-20 15:49:39,425 - INFO -   batch 130/381 | loss=0.0919 mse=0.0661 sym=0.0108 phy=0.0191 | 23.3s
2026-06-20 15:49:41,203 - INFO -   batch 140/381 | loss=0.0847 mse=0.0532 sym=0.0108 phy=0.0192 | 25.1s
2026-06-20 15:49:42,964 - INFO -   batch 150/381 | loss=0.0846 mse=0.0552 sym=0.0108 phy=0.0192 | 26.9s
2026-06-20 15:49:44,741 - INFO -   batch 160/381 | loss=0.0802 mse=0.0448 sym=0.0108 phy=0.0191 | 28.6s
2026-06-20 15:49:46,523 - INFO -   batch 170/381 | loss=0.0969 mse=0.0653 sym=0.0108 phy=0.0190 | 30.4s
2026-06-20 15:49:48,297 - INFO -   batch 180/381 | loss=0.1033 mse=0.0720 sym=0.0108 phy=0.0188 | 32.2s
2026-06-20 15:49:50,096 - INFO -   batch 190/381 | loss=0.0757 mse=0.0451 sym=0.0108 phy=0.0187 | 34.0s
2026-06-20 15:49:51,848 - INFO -   batch 200/381 | loss=0.0813 mse=0.0538 sym=0.0109 phy=0.0187 | 35.7s
2026-06-20 15:49:53,652 - INFO -   batch 210/381 | loss=0.0928 mse=0.0591 sym=0.0109 phy=0.0189 | 37.5s
2026-06-20 15:49:55,433 - INFO -   batch 220/381 | loss=0.0759 mse=0.0498 sym=0.0109 phy=0.0190 | 39.3s
2026-06-20 15:49:57,203 - INFO -   batch 230/381 | loss=0.0888 mse=0.0570 sym=0.0109 phy=0.0192 | 41.1s
2026-06-20 15:49:58,965 - INFO -   batch 240/381 | loss=0.0778 mse=0.0464 sym=0.0109 phy=0.0192 | 42.9s
2026-06-20 15:50:00,755 - INFO -   batch 250/381 | loss=0.0894 mse=0.0649 sym=0.0109 phy=0.0191 | 44.6s
2026-06-20 15:50:02,557 - INFO -   batch 260/381 | loss=0.0992 mse=0.0714 sym=0.0109 phy=0.0190 | 46.5s
2026-06-20 15:50:04,359 - INFO -   batch 270/381 | loss=0.0937 mse=0.0613 sym=0.0109 phy=0.0190 | 48.3s
2026-06-20 15:50:06,161 - INFO -   batch 280/381 | loss=0.0905 mse=0.0572 sym=0.0109 phy=0.0191 | 50.1s
2026-06-20 15:50:07,965 - INFO -   batch 290/381 | loss=0.0860 mse=0.0528 sym=0.0109 phy=0.0192 | 51.9s
2026-06-20 15:50:09,741 - INFO -   batch 300/381 | loss=0.0942 mse=0.0676 sym=0.0109 phy=0.0192 | 53.6s
2026-06-20 15:50:11,528 - INFO -   batch 310/381 | loss=0.0770 mse=0.0507 sym=0.0109 phy=0.0192 | 55.4s
2026-06-20 15:50:13,246 - INFO -   batch 320/381 | loss=0.0815 mse=0.0559 sym=0.0109 phy=0.0192 | 57.1s
2026-06-20 15:50:14,961 - INFO -   batch 330/381 | loss=0.0789 mse=0.0503 sym=0.0109 phy=0.0191 | 58.9s
2026-06-20 15:50:16,679 - INFO -   batch 340/381 | loss=0.1195 mse=0.0856 sym=0.0109 phy=0.0192 | 60.6s
2026-06-20 15:50:18,377 - INFO -   batch 350/381 | loss=0.0961 mse=0.0706 sym=0.0109 phy=0.0191 | 62.3s
2026-06-20 15:50:20,063 - INFO -   batch 360/381 | loss=0.0734 mse=0.0474 sym=0.0109 phy=0.0191 | 64.0s
2026-06-20 15:50:21,767 - INFO -   batch 370/381 | loss=0.0802 mse=0.0470 sym=0.0109 phy=0.0191 | 65.7s
2026-06-20 15:50:23,485 - INFO -   batch 380/381 | loss=0.0932 mse=0.0657 sym=0.0109 phy=0.0191 | 67.4s
2026-06-20 15:50:26,498 - INFO - Epoch  30/50 | Loss=0.0854 MSE=0.0553 Sym=0.0109 Phy=0.0191 | Val RMSE=0.2325 ρ=0.317 | 70s
2026-06-20 15:50:26,734 - INFO -   batch   1/381 | loss=0.0847 mse=0.0558 sym=0.0097 phy=0.0192 | 0.2s
2026-06-20 15:50:28,276 - INFO -   batch  10/381 | loss=0.1037 mse=0.0736 sym=0.0106 phy=0.0200 | 1.8s
2026-06-20 15:50:29,979 - INFO -   batch  20/381 | loss=0.0894 mse=0.0573 sym=0.0107 phy=0.0189 | 3.5s
2026-06-20 15:50:31,702 - INFO -   batch  30/381 | loss=0.0837 mse=0.0503 sym=0.0108 phy=0.0190 | 5.2s
2026-06-20 15:50:33,402 - INFO -   batch  40/381 | loss=0.0974 mse=0.0562 sym=0.0108 phy=0.0195 | 6.9s
2026-06-20 15:50:35,118 - INFO -   batch  50/381 | loss=0.0892 mse=0.0534 sym=0.0108 phy=0.0193 | 8.6s
2026-06-20 15:50:36,821 - INFO -   batch  60/381 | loss=0.0892 mse=0.0525 sym=0.0108 phy=0.0191 | 10.3s
2026-06-20 15:50:38,535 - INFO -   batch  70/381 | loss=0.0587 mse=0.0335 sym=0.0108 phy=0.0190 | 12.0s
2026-06-20 15:50:40,232 - INFO -   batch  80/381 | loss=0.1164 mse=0.0863 sym=0.0108 phy=0.0189 | 13.7s
2026-06-20 15:50:41,928 - INFO -   batch  90/381 | loss=0.0662 mse=0.0411 sym=0.0108 phy=0.0190 | 15.4s
2026-06-20 15:50:43,643 - INFO -   batch 100/381 | loss=0.0789 mse=0.0454 sym=0.0109 phy=0.0189 | 17.1s
2026-06-20 15:50:45,338 - INFO -   batch 110/381 | loss=0.0999 mse=0.0632 sym=0.0109 phy=0.0188 | 18.8s
2026-06-20 15:50:47,054 - INFO -   batch 120/381 | loss=0.0953 mse=0.0633 sym=0.0109 phy=0.0188 | 20.6s
2026-06-20 15:50:48,772 - INFO -   batch 130/381 | loss=0.0848 mse=0.0569 sym=0.0109 phy=0.0187 | 22.3s
2026-06-20 15:50:50,630 - INFO -   batch 140/381 | loss=0.0956 mse=0.0665 sym=0.0109 phy=0.0188 | 24.1s
2026-06-20 15:50:52,326 - INFO -   batch 150/381 | loss=0.0748 mse=0.0491 sym=0.0109 phy=0.0188 | 25.8s
2026-06-20 15:50:54,026 - INFO -   batch 160/381 | loss=0.0763 mse=0.0478 sym=0.0109 phy=0.0188 | 27.5s
2026-06-20 15:50:55,734 - INFO -   batch 170/381 | loss=0.0836 mse=0.0534 sym=0.0109 phy=0.0188 | 29.2s
2026-06-20 15:50:57,428 - INFO -   batch 180/381 | loss=0.0789 mse=0.0524 sym=0.0109 phy=0.0188 | 30.9s
2026-06-20 15:50:59,133 - INFO -   batch 190/381 | loss=0.0899 mse=0.0616 sym=0.0109 phy=0.0189 | 32.6s
2026-06-20 15:51:00,831 - INFO -   batch 200/381 | loss=0.0920 mse=0.0634 sym=0.0109 phy=0.0189 | 34.3s
2026-06-20 15:51:02,538 - INFO -   batch 210/381 | loss=0.0988 mse=0.0641 sym=0.0109 phy=0.0191 | 36.0s
2026-06-20 15:51:04,255 - INFO -   batch 220/381 | loss=0.0748 mse=0.0555 sym=0.0109 phy=0.0192 | 37.8s
2026-06-20 15:51:05,965 - INFO -   batch 230/381 | loss=0.0638 mse=0.0379 sym=0.0109 phy=0.0192 | 39.5s
2026-06-20 15:51:07,687 - INFO -   batch 240/381 | loss=0.0943 mse=0.0647 sym=0.0109 phy=0.0192 | 41.2s
2026-06-20 15:51:09,432 - INFO -   batch 250/381 | loss=0.0966 mse=0.0640 sym=0.0109 phy=0.0191 | 42.9s
2026-06-20 15:51:11,152 - INFO -   batch 260/381 | loss=0.0851 mse=0.0556 sym=0.0109 phy=0.0191 | 44.7s
2026-06-20 15:51:12,873 - INFO -   batch 270/381 | loss=0.0770 mse=0.0526 sym=0.0109 phy=0.0191 | 46.4s
2026-06-20 15:51:14,615 - INFO -   batch 280/381 | loss=0.0881 mse=0.0537 sym=0.0109 phy=0.0190 | 48.1s
2026-06-20 15:51:16,351 - INFO -   batch 290/381 | loss=0.0871 mse=0.0561 sym=0.0109 phy=0.0189 | 49.9s
2026-06-20 15:51:18,068 - INFO -   batch 300/381 | loss=0.0809 mse=0.0524 sym=0.0109 phy=0.0190 | 51.6s
2026-06-20 15:51:19,796 - INFO -   batch 310/381 | loss=0.0868 mse=0.0568 sym=0.0109 phy=0.0190 | 53.3s
2026-06-20 15:51:21,483 - INFO -   batch 320/381 | loss=0.1159 mse=0.0870 sym=0.0109 phy=0.0189 | 55.0s
2026-06-20 15:51:23,195 - INFO -   batch 330/381 | loss=0.0755 mse=0.0490 sym=0.0109 phy=0.0189 | 56.7s
2026-06-20 15:51:24,884 - INFO -   batch 340/381 | loss=0.0772 mse=0.0458 sym=0.0109 phy=0.0189 | 58.4s
2026-06-20 15:51:26,588 - INFO -   batch 350/381 | loss=0.0965 mse=0.0702 sym=0.0109 phy=0.0189 | 60.1s
2026-06-20 15:51:28,304 - INFO -   batch 360/381 | loss=0.0872 mse=0.0536 sym=0.0109 phy=0.0189 | 61.8s
2026-06-20 15:51:30,012 - INFO -   batch 370/381 | loss=0.0747 mse=0.0481 sym=0.0109 phy=0.0189 | 63.5s
2026-06-20 15:51:31,733 - INFO -   batch 380/381 | loss=0.0851 mse=0.0550 sym=0.0109 phy=0.0189 | 65.2s
2026-06-20 15:51:34,927 - INFO -   batch   1/381 | loss=0.0941 mse=0.0656 sym=0.0119 phy=0.0165 | 0.2s
2026-06-20 15:51:36,481 - INFO -   batch  10/381 | loss=0.1040 mse=0.0754 sym=0.0110 phy=0.0180 | 1.8s
2026-06-20 15:51:38,194 - INFO -   batch  20/381 | loss=0.0942 mse=0.0633 sym=0.0110 phy=0.0187 | 3.5s
2026-06-20 15:51:39,892 - INFO -   batch  30/381 | loss=0.0811 mse=0.0506 sym=0.0110 phy=0.0189 | 5.2s
2026-06-20 15:51:41,608 - INFO -   batch  40/381 | loss=0.0891 mse=0.0477 sym=0.0109 phy=0.0190 | 6.9s
2026-06-20 15:51:43,325 - INFO -   batch  50/381 | loss=0.1075 mse=0.0695 sym=0.0109 phy=0.0191 | 8.6s
2026-06-20 15:51:45,046 - INFO -   batch  60/381 | loss=0.0883 mse=0.0574 sym=0.0109 phy=0.0196 | 10.3s
2026-06-20 15:51:46,782 - INFO -   batch  70/381 | loss=0.0773 mse=0.0508 sym=0.0110 phy=0.0195 | 12.1s
2026-06-20 15:51:48,509 - INFO -   batch  80/381 | loss=0.0930 mse=0.0641 sym=0.0109 phy=0.0194 | 13.8s
2026-06-20 15:51:50,246 - INFO -   batch  90/381 | loss=0.0737 mse=0.0421 sym=0.0108 phy=0.0193 | 15.5s
2026-06-20 15:51:51,963 - INFO -   batch 100/381 | loss=0.0897 mse=0.0533 sym=0.0109 phy=0.0193 | 17.2s
2026-06-20 15:51:53,695 - INFO -   batch 110/381 | loss=0.0836 mse=0.0576 sym=0.0109 phy=0.0191 | 19.0s
2026-06-20 15:51:55,407 - INFO -   batch 120/381 | loss=0.1148 mse=0.0748 sym=0.0109 phy=0.0193 | 20.7s
2026-06-20 15:51:57,123 - INFO -   batch 130/381 | loss=0.0792 mse=0.0476 sym=0.0110 phy=0.0191 | 22.4s
2026-06-20 15:51:58,846 - INFO -   batch 140/381 | loss=0.0933 mse=0.0592 sym=0.0110 phy=0.0193 | 24.1s
2026-06-20 15:52:00,569 - INFO -   batch 150/381 | loss=0.0863 mse=0.0549 sym=0.0110 phy=0.0194 | 25.9s
2026-06-20 15:52:02,280 - INFO -   batch 160/381 | loss=0.0715 mse=0.0417 sym=0.0110 phy=0.0193 | 27.6s
2026-06-20 15:52:03,992 - INFO -   batch 170/381 | loss=0.0776 mse=0.0495 sym=0.0110 phy=0.0193 | 29.3s
2026-06-20 15:52:05,717 - INFO -   batch 180/381 | loss=0.0866 mse=0.0530 sym=0.0110 phy=0.0193 | 31.0s
2026-06-20 15:52:07,441 - INFO -   batch 190/381 | loss=0.0788 mse=0.0507 sym=0.0110 phy=0.0193 | 32.7s
2026-06-20 15:52:09,159 - INFO -   batch 200/381 | loss=0.1110 mse=0.0715 sym=0.0110 phy=0.0194 | 34.4s
2026-06-20 15:52:10,877 - INFO -   batch 210/381 | loss=0.0838 mse=0.0526 sym=0.0110 phy=0.0193 | 36.2s
2026-06-20 15:52:12,583 - INFO -   batch 220/381 | loss=0.0785 mse=0.0457 sym=0.0110 phy=0.0194 | 37.9s
2026-06-20 15:52:14,314 - INFO -   batch 230/381 | loss=0.0805 mse=0.0533 sym=0.0110 phy=0.0195 | 39.6s
2026-06-20 15:52:16,058 - INFO -   batch 240/381 | loss=0.0795 mse=0.0546 sym=0.0110 phy=0.0194 | 41.3s
2026-06-20 15:52:17,780 - INFO -   batch 250/381 | loss=0.1037 mse=0.0720 sym=0.0110 phy=0.0194 | 43.1s
2026-06-20 15:52:19,487 - INFO -   batch 260/381 | loss=0.0862 mse=0.0565 sym=0.0110 phy=0.0194 | 44.8s
2026-06-20 15:52:21,201 - INFO -   batch 270/381 | loss=0.0893 mse=0.0588 sym=0.0110 phy=0.0193 | 46.5s
2026-06-20 15:52:22,926 - INFO -   batch 280/381 | loss=0.0788 mse=0.0560 sym=0.0110 phy=0.0193 | 48.2s
2026-06-20 15:52:24,660 - INFO -   batch 290/381 | loss=0.0952 mse=0.0696 sym=0.0110 phy=0.0193 | 49.9s
2026-06-20 15:52:26,395 - INFO -   batch 300/381 | loss=0.0816 mse=0.0518 sym=0.0109 phy=0.0192 | 51.7s
2026-06-20 15:52:28,083 - INFO -   batch 310/381 | loss=0.0847 mse=0.0566 sym=0.0109 phy=0.0193 | 53.4s
2026-06-20 15:52:29,805 - INFO -   batch 320/381 | loss=0.0720 mse=0.0485 sym=0.0109 phy=0.0192 | 55.1s
2026-06-20 15:52:31,525 - INFO -   batch 330/381 | loss=0.0642 mse=0.0372 sym=0.0109 phy=0.0191 | 56.8s
2026-06-20 15:52:33,212 - INFO -   batch 340/381 | loss=0.0852 mse=0.0594 sym=0.0109 phy=0.0191 | 58.5s
2026-06-20 15:52:34,941 - INFO -   batch 350/381 | loss=0.0826 mse=0.0558 sym=0.0109 phy=0.0191 | 60.2s
2026-06-20 15:52:36,676 - INFO -   batch 360/381 | loss=0.0666 mse=0.0391 sym=0.0109 phy=0.0191 | 62.0s
2026-06-20 15:52:38,378 - INFO -   batch 370/381 | loss=0.0868 mse=0.0590 sym=0.0109 phy=0.0191 | 63.7s
2026-06-20 15:52:40,067 - INFO -   batch 380/381 | loss=0.0834 mse=0.0556 sym=0.0109 phy=0.0191 | 65.3s
2026-06-20 15:52:43,285 - INFO -   batch   1/381 | loss=0.0841 mse=0.0595 sym=0.0103 phy=0.0144 | 0.2s
2026-06-20 15:52:44,847 - INFO -   batch  10/381 | loss=0.0852 mse=0.0588 sym=0.0106 phy=0.0166 | 1.8s
2026-06-20 15:52:46,571 - INFO -   batch  20/381 | loss=0.1085 mse=0.0700 sym=0.0106 phy=0.0170 | 3.5s
2026-06-20 15:52:48,245 - INFO -   batch  30/381 | loss=0.0885 mse=0.0598 sym=0.0105 phy=0.0172 | 5.2s
2026-06-20 15:52:49,955 - INFO -   batch  40/381 | loss=0.0826 mse=0.0552 sym=0.0106 phy=0.0179 | 6.9s
2026-06-20 15:52:51,666 - INFO -   batch  50/381 | loss=0.0772 mse=0.0497 sym=0.0107 phy=0.0181 | 8.6s
2026-06-20 15:52:53,371 - INFO -   batch  60/381 | loss=0.0988 mse=0.0621 sym=0.0107 phy=0.0183 | 10.3s
2026-06-20 15:52:55,064 - INFO -   batch  70/381 | loss=0.0838 mse=0.0508 sym=0.0107 phy=0.0185 | 12.0s
2026-06-20 15:52:56,745 - INFO -   batch  80/381 | loss=0.0799 mse=0.0471 sym=0.0108 phy=0.0183 | 13.7s
2026-06-20 15:52:58,464 - INFO -   batch  90/381 | loss=0.0914 mse=0.0617 sym=0.0107 phy=0.0182 | 15.4s
2026-06-20 15:53:00,171 - INFO -   batch 100/381 | loss=0.0756 mse=0.0435 sym=0.0108 phy=0.0183 | 17.1s
2026-06-20 15:53:01,866 - INFO -   batch 110/381 | loss=0.0680 mse=0.0401 sym=0.0108 phy=0.0181 | 18.8s
2026-06-20 15:53:03,567 - INFO -   batch 120/381 | loss=0.0824 mse=0.0575 sym=0.0108 phy=0.0182 | 20.5s
2026-06-20 15:53:05,262 - INFO -   batch 130/381 | loss=0.0830 mse=0.0512 sym=0.0108 phy=0.0182 | 22.2s
2026-06-20 15:53:06,949 - INFO -   batch 140/381 | loss=0.0843 mse=0.0542 sym=0.0108 phy=0.0183 | 23.9s
2026-06-20 15:53:08,644 - INFO -   batch 150/381 | loss=0.0803 mse=0.0550 sym=0.0108 phy=0.0182 | 25.6s
2026-06-20 15:53:10,357 - INFO -   batch 160/381 | loss=0.0782 mse=0.0520 sym=0.0109 phy=0.0181 | 27.3s
2026-06-20 15:53:12,084 - INFO -   batch 170/381 | loss=0.0834 mse=0.0525 sym=0.0109 phy=0.0182 | 29.0s
2026-06-20 15:53:13,799 - INFO -   batch 180/381 | loss=0.0737 mse=0.0472 sym=0.0109 phy=0.0182 | 30.7s
2026-06-20 15:53:15,468 - INFO -   batch 190/381 | loss=0.1038 mse=0.0678 sym=0.0109 phy=0.0184 | 32.4s
2026-06-20 15:53:17,156 - INFO -   batch 200/381 | loss=0.1009 mse=0.0687 sym=0.0109 phy=0.0184 | 34.1s
2026-06-20 15:53:18,846 - INFO -   batch 210/381 | loss=0.0762 mse=0.0474 sym=0.0109 phy=0.0185 | 35.8s
2026-06-20 15:53:20,558 - INFO -   batch 220/381 | loss=0.0917 mse=0.0619 sym=0.0109 phy=0.0184 | 37.5s
2026-06-20 15:53:22,273 - INFO -   batch 230/381 | loss=0.1010 mse=0.0743 sym=0.0109 phy=0.0184 | 39.2s
2026-06-20 15:53:23,990 - INFO -   batch 240/381 | loss=0.0814 mse=0.0517 sym=0.0109 phy=0.0185 | 40.9s
2026-06-20 15:53:25,726 - INFO -   batch 250/381 | loss=0.0781 mse=0.0508 sym=0.0109 phy=0.0186 | 42.7s
2026-06-20 15:53:27,452 - INFO -   batch 260/381 | loss=0.0814 mse=0.0476 sym=0.0109 phy=0.0187 | 44.4s
2026-06-20 15:53:29,145 - INFO -   batch 270/381 | loss=0.0879 mse=0.0614 sym=0.0109 phy=0.0187 | 46.1s
2026-06-20 15:53:30,855 - INFO -   batch 280/381 | loss=0.0760 mse=0.0479 sym=0.0109 phy=0.0187 | 47.8s
2026-06-20 15:53:32,559 - INFO -   batch 290/381 | loss=0.0996 mse=0.0717 sym=0.0109 phy=0.0187 | 49.5s
2026-06-20 15:53:34,282 - INFO -   batch 300/381 | loss=0.0959 mse=0.0596 sym=0.0109 phy=0.0187 | 51.2s
2026-06-20 15:53:35,962 - INFO -   batch 310/381 | loss=0.0803 mse=0.0518 sym=0.0109 phy=0.0187 | 52.9s
2026-06-20 15:53:37,666 - INFO -   batch 320/381 | loss=0.0927 mse=0.0669 sym=0.0109 phy=0.0187 | 54.6s
2026-06-20 15:53:39,371 - INFO -   batch 330/381 | loss=0.0778 mse=0.0532 sym=0.0109 phy=0.0187 | 56.3s
2026-06-20 15:53:41,088 - INFO -   batch 340/381 | loss=0.0697 mse=0.0431 sym=0.0109 phy=0.0188 | 58.0s
2026-06-20 15:53:42,807 - INFO -   batch 350/381 | loss=0.0809 mse=0.0481 sym=0.0109 phy=0.0188 | 59.7s
2026-06-20 15:53:44,523 - INFO -   batch 360/381 | loss=0.0648 mse=0.0392 sym=0.0109 phy=0.0188 | 61.5s
2026-06-20 15:53:46,219 - INFO -   batch 370/381 | loss=0.0923 mse=0.0618 sym=0.0109 phy=0.0189 | 63.1s
2026-06-20 15:53:47,936 - INFO -   batch 380/381 | loss=0.0796 mse=0.0474 sym=0.0109 phy=0.0189 | 64.9s
2026-06-20 15:53:51,155 - INFO -   batch   1/381 | loss=0.0738 mse=0.0406 sym=0.0100 phy=0.0233 | 0.2s
2026-06-20 15:53:52,721 - INFO -   batch  10/381 | loss=0.0886 mse=0.0599 sym=0.0104 phy=0.0193 | 1.8s
2026-06-20 15:53:54,448 - INFO -   batch  20/381 | loss=0.1003 mse=0.0648 sym=0.0104 phy=0.0189 | 3.5s
2026-06-20 15:53:56,186 - INFO -   batch  30/381 | loss=0.1021 mse=0.0710 sym=0.0106 phy=0.0189 | 5.3s
2026-06-20 15:53:57,907 - INFO -   batch  40/381 | loss=0.0959 mse=0.0612 sym=0.0106 phy=0.0189 | 7.0s
2026-06-20 15:53:59,613 - INFO -   batch  50/381 | loss=0.0891 mse=0.0593 sym=0.0105 phy=0.0190 | 8.7s
2026-06-20 15:54:01,327 - INFO -   batch  60/381 | loss=0.0953 mse=0.0647 sym=0.0106 phy=0.0188 | 10.4s
2026-06-20 15:54:03,043 - INFO -   batch  70/381 | loss=0.0788 mse=0.0478 sym=0.0106 phy=0.0187 | 12.1s
2026-06-20 15:54:04,767 - INFO -   batch  80/381 | loss=0.0729 mse=0.0513 sym=0.0106 phy=0.0183 | 13.8s
2026-06-20 15:54:06,478 - INFO -   batch  90/381 | loss=0.0916 mse=0.0578 sym=0.0106 phy=0.0185 | 15.5s
2026-06-20 15:54:08,196 - INFO -   batch 100/381 | loss=0.0801 mse=0.0481 sym=0.0107 phy=0.0184 | 17.3s
2026-06-20 15:54:09,934 - INFO -   batch 110/381 | loss=0.0860 mse=0.0591 sym=0.0107 phy=0.0185 | 19.0s
2026-06-20 15:54:11,648 - INFO -   batch 120/381 | loss=0.0907 mse=0.0592 sym=0.0107 phy=0.0187 | 20.7s
2026-06-20 15:54:13,367 - INFO -   batch 130/381 | loss=0.0769 mse=0.0489 sym=0.0107 phy=0.0185 | 22.4s
2026-06-20 15:54:15,064 - INFO -   batch 140/381 | loss=0.1000 mse=0.0668 sym=0.0108 phy=0.0185 | 24.1s
2026-06-20 15:54:16,796 - INFO -   batch 150/381 | loss=0.0919 mse=0.0638 sym=0.0108 phy=0.0185 | 25.9s
2026-06-20 15:54:18,505 - INFO -   batch 160/381 | loss=0.1019 mse=0.0548 sym=0.0108 phy=0.0187 | 27.6s
2026-06-20 15:54:20,225 - INFO -   batch 170/381 | loss=0.0843 mse=0.0501 sym=0.0108 phy=0.0188 | 29.3s
2026-06-20 15:54:21,938 - INFO -   batch 180/381 | loss=0.0866 mse=0.0520 sym=0.0108 phy=0.0189 | 31.0s
2026-06-20 15:54:23,652 - INFO -   batch 190/381 | loss=0.0878 mse=0.0534 sym=0.0108 phy=0.0190 | 32.7s
2026-06-20 15:54:25,386 - INFO -   batch 200/381 | loss=0.0700 mse=0.0405 sym=0.0108 phy=0.0189 | 34.5s
2026-06-20 15:54:27,106 - INFO -   batch 210/381 | loss=0.0816 mse=0.0545 sym=0.0109 phy=0.0189 | 36.2s
2026-06-20 15:54:28,826 - INFO -   batch 220/381 | loss=0.0838 mse=0.0581 sym=0.0109 phy=0.0189 | 37.9s
2026-06-20 15:54:30,526 - INFO -   batch 230/381 | loss=0.0919 mse=0.0634 sym=0.0109 phy=0.0189 | 39.6s
2026-06-20 15:54:32,227 - INFO -   batch 240/381 | loss=0.0859 mse=0.0627 sym=0.0109 phy=0.0188 | 41.3s
2026-06-20 15:54:33,936 - INFO -   batch 250/381 | loss=0.0761 mse=0.0500 sym=0.0109 phy=0.0187 | 43.0s
2026-06-20 15:54:35,627 - INFO -   batch 260/381 | loss=0.0704 mse=0.0410 sym=0.0109 phy=0.0188 | 44.7s
2026-06-20 15:54:37,355 - INFO -   batch 270/381 | loss=0.0884 mse=0.0572 sym=0.0109 phy=0.0188 | 46.4s
2026-06-20 15:54:39,090 - INFO -   batch 280/381 | loss=0.0776 mse=0.0528 sym=0.0109 phy=0.0189 | 48.2s
2026-06-20 15:54:40,812 - INFO -   batch 290/381 | loss=0.0949 mse=0.0683 sym=0.0109 phy=0.0189 | 49.9s
2026-06-20 15:54:42,521 - INFO -   batch 300/381 | loss=0.0902 mse=0.0641 sym=0.0109 phy=0.0188 | 51.6s
2026-06-20 15:54:44,231 - INFO -   batch 310/381 | loss=0.0868 mse=0.0551 sym=0.0109 phy=0.0188 | 53.3s
2026-06-20 15:54:45,938 - INFO -   batch 320/381 | loss=0.0801 mse=0.0492 sym=0.0109 phy=0.0188 | 55.0s
2026-06-20 15:54:47,658 - INFO -   batch 330/381 | loss=0.0863 mse=0.0537 sym=0.0109 phy=0.0188 | 56.7s
2026-06-20 15:54:49,356 - INFO -   batch 340/381 | loss=0.0967 mse=0.0667 sym=0.0109 phy=0.0188 | 58.4s
2026-06-20 15:54:50,912 - INFO -   batch 350/381 | loss=0.0881 mse=0.0612 sym=0.0109 phy=0.0188 | 60.0s
2026-06-20 15:54:52,566 - INFO -   batch 360/381 | loss=0.0729 mse=0.0471 sym=0.0109 phy=0.0188 | 61.6s
2026-06-20 15:54:54,228 - INFO -   batch 370/381 | loss=0.0934 mse=0.0647 sym=0.0109 phy=0.0188 | 63.3s
2026-06-20 15:54:55,882 - INFO -   batch 380/381 | loss=0.0860 mse=0.0537 sym=0.0109 phy=0.0189 | 65.0s
2026-06-20 15:54:58,942 - INFO -   batch   1/381 | loss=0.0926 mse=0.0580 sym=0.0106 phy=0.0240 | 0.2s
2026-06-20 15:55:00,456 - INFO -   batch  10/381 | loss=0.0800 mse=0.0473 sym=0.0109 phy=0.0228 | 1.8s
2026-06-20 15:55:02,134 - INFO -   batch  20/381 | loss=0.0866 mse=0.0550 sym=0.0110 phy=0.0218 | 3.4s
2026-06-20 15:55:03,790 - INFO -   batch  30/381 | loss=0.0799 mse=0.0503 sym=0.0111 phy=0.0207 | 5.1s
2026-06-20 15:55:05,468 - INFO -   batch  40/381 | loss=0.0619 mse=0.0365 sym=0.0110 phy=0.0200 | 6.8s
2026-06-20 15:55:07,153 - INFO -   batch  50/381 | loss=0.0770 mse=0.0517 sym=0.0108 phy=0.0198 | 8.4s
2026-06-20 15:55:08,820 - INFO -   batch  60/381 | loss=0.0804 mse=0.0530 sym=0.0109 phy=0.0193 | 10.1s
2026-06-20 15:55:10,502 - INFO -   batch  70/381 | loss=0.0996 mse=0.0688 sym=0.0109 phy=0.0194 | 11.8s
2026-06-20 15:55:12,154 - INFO -   batch  80/381 | loss=0.0901 mse=0.0614 sym=0.0109 phy=0.0195 | 13.4s
2026-06-20 15:55:13,846 - INFO -   batch  90/381 | loss=0.0861 mse=0.0512 sym=0.0109 phy=0.0196 | 15.1s
2026-06-20 15:55:15,521 - INFO -   batch 100/381 | loss=0.0885 mse=0.0502 sym=0.0109 phy=0.0195 | 16.8s
2026-06-20 15:55:17,238 - INFO -   batch 110/381 | loss=0.1024 mse=0.0683 sym=0.0109 phy=0.0198 | 18.5s
2026-06-20 15:55:18,933 - INFO -   batch 120/381 | loss=0.0856 mse=0.0586 sym=0.0108 phy=0.0197 | 20.2s
2026-06-20 15:55:20,589 - INFO -   batch 130/381 | loss=0.0900 mse=0.0553 sym=0.0108 phy=0.0199 | 21.9s
2026-06-20 15:55:22,288 - INFO -   batch 140/381 | loss=0.0632 mse=0.0355 sym=0.0109 phy=0.0198 | 23.6s
2026-06-20 15:55:23,940 - INFO -   batch 150/381 | loss=0.0821 mse=0.0571 sym=0.0109 phy=0.0197 | 25.2s
2026-06-20 15:55:25,614 - INFO -   batch 160/381 | loss=0.0633 mse=0.0387 sym=0.0109 phy=0.0196 | 26.9s
2026-06-20 15:55:27,301 - INFO -   batch 170/381 | loss=0.0809 mse=0.0538 sym=0.0109 phy=0.0194 | 28.6s
2026-06-20 15:55:28,969 - INFO -   batch 180/381 | loss=0.0939 mse=0.0596 sym=0.0109 phy=0.0193 | 30.3s
2026-06-20 15:55:30,653 - INFO -   batch 190/381 | loss=0.0668 mse=0.0397 sym=0.0108 phy=0.0193 | 31.9s
2026-06-20 15:55:32,462 - INFO -   batch 200/381 | loss=0.0698 mse=0.0441 sym=0.0108 phy=0.0193 | 33.8s
2026-06-20 15:55:34,122 - INFO -   batch 210/381 | loss=0.0701 mse=0.0455 sym=0.0108 phy=0.0192 | 35.4s
2026-06-20 15:55:35,780 - INFO -   batch 220/381 | loss=0.0919 mse=0.0622 sym=0.0108 phy=0.0192 | 37.1s
2026-06-20 15:55:37,459 - INFO -   batch 230/381 | loss=0.0779 mse=0.0522 sym=0.0108 phy=0.0192 | 38.8s
2026-06-20 15:55:39,138 - INFO -   batch 240/381 | loss=0.0972 mse=0.0594 sym=0.0109 phy=0.0192 | 40.4s
2026-06-20 15:55:40,788 - INFO -   batch 250/381 | loss=0.0771 mse=0.0454 sym=0.0109 phy=0.0192 | 42.1s
2026-06-20 15:55:42,461 - INFO -   batch 260/381 | loss=0.0966 mse=0.0545 sym=0.0109 phy=0.0192 | 43.8s
2026-06-20 15:55:44,140 - INFO -   batch 270/381 | loss=0.0730 mse=0.0470 sym=0.0109 phy=0.0192 | 45.4s
2026-06-20 15:55:45,804 - INFO -   batch 280/381 | loss=0.0872 mse=0.0597 sym=0.0109 phy=0.0192 | 47.1s
2026-06-20 15:55:47,466 - INFO -   batch 290/381 | loss=0.0722 mse=0.0401 sym=0.0109 phy=0.0192 | 48.8s
2026-06-20 15:55:49,167 - INFO -   batch 300/381 | loss=0.0729 mse=0.0472 sym=0.0109 phy=0.0192 | 50.5s
2026-06-20 15:55:50,835 - INFO -   batch 310/381 | loss=0.0914 mse=0.0534 sym=0.0109 phy=0.0192 | 52.1s
2026-06-20 15:55:52,498 - INFO -   batch 320/381 | loss=0.0923 mse=0.0567 sym=0.0109 phy=0.0191 | 53.8s
2026-06-20 15:55:54,172 - INFO -   batch 330/381 | loss=0.0939 mse=0.0586 sym=0.0109 phy=0.0191 | 55.5s
2026-06-20 15:55:55,836 - INFO -   batch 340/381 | loss=0.0974 mse=0.0618 sym=0.0109 phy=0.0191 | 57.1s
2026-06-20 15:55:57,469 - INFO -   batch 350/381 | loss=0.0831 mse=0.0528 sym=0.0109 phy=0.0191 | 58.8s
2026-06-20 15:55:59,146 - INFO -   batch 360/381 | loss=0.0717 mse=0.0383 sym=0.0109 phy=0.0191 | 60.4s
2026-06-20 15:56:00,822 - INFO -   batch 370/381 | loss=0.0689 mse=0.0447 sym=0.0109 phy=0.0190 | 62.1s
2026-06-20 15:56:02,472 - INFO -   batch 380/381 | loss=0.0881 mse=0.0623 sym=0.0109 phy=0.0190 | 63.8s
2026-06-20 15:56:05,427 - INFO - Epoch  35/50 | Loss=0.0849 MSE=0.0550 Sym=0.0109 Phy=0.0190 | Val RMSE=0.2336 ρ=0.326 | 67s
2026-06-20 15:56:05,676 - INFO -   batch   1/381 | loss=0.0763 mse=0.0502 sym=0.0114 phy=0.0148 | 0.2s
2026-06-20 15:56:07,202 - INFO -   batch  10/381 | loss=0.0829 mse=0.0499 sym=0.0111 phy=0.0159 | 1.8s
2026-06-20 15:56:08,867 - INFO -   batch  20/381 | loss=0.0953 mse=0.0693 sym=0.0108 phy=0.0167 | 3.4s
2026-06-20 15:56:10,554 - INFO -   batch  30/381 | loss=0.0902 mse=0.0561 sym=0.0109 phy=0.0170 | 5.1s
2026-06-20 15:56:12,240 - INFO -   batch  40/381 | loss=0.0934 mse=0.0596 sym=0.0108 phy=0.0177 | 6.8s
2026-06-20 15:56:13,920 - INFO -   batch  50/381 | loss=0.0809 mse=0.0518 sym=0.0108 phy=0.0174 | 8.5s
2026-06-20 15:56:15,624 - INFO -   batch  60/381 | loss=0.0798 mse=0.0473 sym=0.0108 phy=0.0174 | 10.2s
2026-06-20 15:56:17,317 - INFO -   batch  70/381 | loss=0.0816 mse=0.0499 sym=0.0109 phy=0.0174 | 11.9s
2026-06-20 15:56:19,000 - INFO -   batch  80/381 | loss=0.0754 mse=0.0490 sym=0.0109 phy=0.0174 | 13.6s
2026-06-20 15:56:20,678 - INFO -   batch  90/381 | loss=0.0826 mse=0.0567 sym=0.0109 phy=0.0175 | 15.3s
2026-06-20 15:56:22,339 - INFO -   batch 100/381 | loss=0.0818 mse=0.0494 sym=0.0108 phy=0.0176 | 16.9s
2026-06-20 15:56:24,044 - INFO -   batch 110/381 | loss=0.0760 mse=0.0425 sym=0.0109 phy=0.0177 | 18.6s
2026-06-20 15:56:25,721 - INFO -   batch 120/381 | loss=0.0978 mse=0.0671 sym=0.0108 phy=0.0180 | 20.3s
2026-06-20 15:56:27,410 - INFO -   batch 130/381 | loss=0.1073 mse=0.0749 sym=0.0108 phy=0.0179 | 22.0s
2026-06-20 15:56:29,101 - INFO -   batch 140/381 | loss=0.0920 mse=0.0491 sym=0.0109 phy=0.0181 | 23.7s
2026-06-20 15:56:30,815 - INFO -   batch 150/381 | loss=0.0748 mse=0.0409 sym=0.0109 phy=0.0183 | 25.4s
2026-06-20 15:56:32,509 - INFO -   batch 160/381 | loss=0.0838 mse=0.0569 sym=0.0109 phy=0.0184 | 27.1s
2026-06-20 15:56:34,202 - INFO -   batch 170/381 | loss=0.0852 mse=0.0500 sym=0.0109 phy=0.0184 | 28.8s
2026-06-20 15:56:35,920 - INFO -   batch 180/381 | loss=0.0709 mse=0.0392 sym=0.0109 phy=0.0184 | 30.5s
2026-06-20 15:56:37,562 - INFO -   batch 190/381 | loss=0.0734 mse=0.0450 sym=0.0109 phy=0.0184 | 32.1s
2026-06-20 15:56:39,246 - INFO -   batch 200/381 | loss=0.0653 mse=0.0340 sym=0.0109 phy=0.0184 | 33.8s
2026-06-20 15:56:40,965 - INFO -   batch 210/381 | loss=0.0831 mse=0.0525 sym=0.0109 phy=0.0185 | 35.5s
2026-06-20 15:56:42,647 - INFO -   batch 220/381 | loss=0.0808 mse=0.0501 sym=0.0109 phy=0.0185 | 37.2s
2026-06-20 15:56:44,349 - INFO -   batch 230/381 | loss=0.0843 mse=0.0572 sym=0.0109 phy=0.0185 | 38.9s
2026-06-20 15:56:46,031 - INFO -   batch 240/381 | loss=0.0985 mse=0.0613 sym=0.0109 phy=0.0185 | 40.6s
2026-06-20 15:56:47,721 - INFO -   batch 250/381 | loss=0.1023 mse=0.0738 sym=0.0109 phy=0.0185 | 42.3s
2026-06-20 15:56:49,405 - INFO -   batch 260/381 | loss=0.0933 mse=0.0635 sym=0.0109 phy=0.0186 | 44.0s
2026-06-20 15:56:51,082 - INFO -   batch 270/381 | loss=0.0932 mse=0.0661 sym=0.0109 phy=0.0186 | 45.7s
2026-06-20 15:56:52,769 - INFO -   batch 280/381 | loss=0.0837 mse=0.0486 sym=0.0109 phy=0.0186 | 47.3s
2026-06-20 15:56:54,449 - INFO -   batch 290/381 | loss=0.0931 mse=0.0619 sym=0.0109 phy=0.0187 | 49.0s
2026-06-20 15:56:56,095 - INFO -   batch 300/381 | loss=0.1098 mse=0.0798 sym=0.0109 phy=0.0187 | 50.7s
2026-06-20 15:56:57,788 - INFO -   batch 310/381 | loss=0.0880 mse=0.0529 sym=0.0109 phy=0.0188 | 52.4s
2026-06-20 15:56:59,425 - INFO -   batch 320/381 | loss=0.0839 mse=0.0530 sym=0.0109 phy=0.0188 | 54.0s
2026-06-20 15:57:01,082 - INFO -   batch 330/381 | loss=0.0732 mse=0.0481 sym=0.0109 phy=0.0188 | 55.7s
2026-06-20 15:57:02,745 - INFO -   batch 340/381 | loss=0.0779 mse=0.0540 sym=0.0109 phy=0.0188 | 57.3s
2026-06-20 15:57:04,384 - INFO -   batch 350/381 | loss=0.0927 mse=0.0577 sym=0.0109 phy=0.0188 | 59.0s
2026-06-20 15:57:06,056 - INFO -   batch 360/381 | loss=0.0915 mse=0.0623 sym=0.0109 phy=0.0188 | 60.6s
2026-06-20 15:57:07,748 - INFO -   batch 370/381 | loss=0.0782 mse=0.0482 sym=0.0109 phy=0.0188 | 62.3s
2026-06-20 15:57:09,394 - INFO -   batch 380/381 | loss=0.0820 mse=0.0468 sym=0.0109 phy=0.0188 | 64.0s
2026-06-20 15:57:12,568 - INFO -   batch   1/381 | loss=0.0689 mse=0.0407 sym=0.0109 phy=0.0173 | 0.2s
2026-06-20 15:57:14,084 - INFO -   batch  10/381 | loss=0.0806 mse=0.0507 sym=0.0111 phy=0.0170 | 1.7s
2026-06-20 15:57:15,768 - INFO -   batch  20/381 | loss=0.0943 mse=0.0555 sym=0.0111 phy=0.0182 | 3.4s
2026-06-20 15:57:17,415 - INFO -   batch  30/381 | loss=0.0763 mse=0.0450 sym=0.0110 phy=0.0188 | 5.1s
2026-06-20 15:57:19,092 - INFO -   batch  40/381 | loss=0.0829 mse=0.0581 sym=0.0110 phy=0.0190 | 6.8s
2026-06-20 15:57:20,789 - INFO -   batch  50/381 | loss=0.0965 mse=0.0623 sym=0.0110 phy=0.0190 | 8.5s
2026-06-20 15:57:22,463 - INFO -   batch  60/381 | loss=0.0844 mse=0.0502 sym=0.0110 phy=0.0190 | 10.1s
2026-06-20 15:57:24,114 - INFO -   batch  70/381 | loss=0.0745 mse=0.0475 sym=0.0109 phy=0.0191 | 11.8s
2026-06-20 15:57:25,796 - INFO -   batch  80/381 | loss=0.0829 mse=0.0543 sym=0.0109 phy=0.0189 | 13.5s
2026-06-20 15:57:27,469 - INFO -   batch  90/381 | loss=0.0864 mse=0.0525 sym=0.0109 phy=0.0190 | 15.1s
2026-06-20 15:57:29,171 - INFO -   batch 100/381 | loss=0.0774 mse=0.0432 sym=0.0109 phy=0.0189 | 16.8s
2026-06-20 15:57:30,869 - INFO -   batch 110/381 | loss=0.0869 mse=0.0647 sym=0.0109 phy=0.0186 | 18.5s
2026-06-20 15:57:32,549 - INFO -   batch 120/381 | loss=0.0771 mse=0.0479 sym=0.0109 phy=0.0186 | 20.2s
2026-06-20 15:57:34,219 - INFO -   batch 130/381 | loss=0.0697 mse=0.0446 sym=0.0109 phy=0.0187 | 21.9s
2026-06-20 15:57:35,914 - INFO -   batch 140/381 | loss=0.0809 mse=0.0523 sym=0.0109 phy=0.0188 | 23.6s
2026-06-20 15:57:37,610 - INFO -   batch 150/381 | loss=0.0803 mse=0.0525 sym=0.0109 phy=0.0187 | 25.3s
2026-06-20 15:57:39,302 - INFO -   batch 160/381 | loss=0.0828 mse=0.0572 sym=0.0109 phy=0.0185 | 27.0s
2026-06-20 15:57:40,982 - INFO -   batch 170/381 | loss=0.0988 mse=0.0698 sym=0.0109 phy=0.0187 | 28.6s
2026-06-20 15:57:42,676 - INFO -   batch 180/381 | loss=0.0996 mse=0.0675 sym=0.0109 phy=0.0188 | 30.3s
2026-06-20 15:57:44,319 - INFO -   batch 190/381 | loss=0.0965 mse=0.0698 sym=0.0109 phy=0.0189 | 32.0s
2026-06-20 15:57:46,011 - INFO -   batch 200/381 | loss=0.0889 mse=0.0612 sym=0.0109 phy=0.0189 | 33.7s
2026-06-20 15:57:47,671 - INFO -   batch 210/381 | loss=0.1048 mse=0.0716 sym=0.0109 phy=0.0188 | 35.3s
2026-06-20 15:57:49,352 - INFO -   batch 220/381 | loss=0.0835 mse=0.0568 sym=0.0109 phy=0.0188 | 37.0s
2026-06-20 15:57:51,022 - INFO -   batch 230/381 | loss=0.0906 mse=0.0648 sym=0.0109 phy=0.0188 | 38.7s
2026-06-20 15:57:52,685 - INFO -   batch 240/381 | loss=0.0916 mse=0.0587 sym=0.0109 phy=0.0188 | 40.3s
2026-06-20 15:57:54,354 - INFO -   batch 250/381 | loss=0.0741 mse=0.0445 sym=0.0109 phy=0.0188 | 42.0s
2026-06-20 15:57:56,026 - INFO -   batch 260/381 | loss=0.0798 mse=0.0496 sym=0.0110 phy=0.0188 | 43.7s
2026-06-20 15:57:57,704 - INFO -   batch 270/381 | loss=0.0914 mse=0.0641 sym=0.0110 phy=0.0188 | 45.4s
2026-06-20 15:57:59,355 - INFO -   batch 280/381 | loss=0.0864 mse=0.0509 sym=0.0110 phy=0.0188 | 47.0s
2026-06-20 15:58:01,046 - INFO -   batch 290/381 | loss=0.0984 mse=0.0644 sym=0.0110 phy=0.0188 | 48.7s
2026-06-20 15:58:02,701 - INFO -   batch 300/381 | loss=0.1040 mse=0.0736 sym=0.0110 phy=0.0188 | 50.4s
2026-06-20 15:58:04,409 - INFO -   batch 310/381 | loss=0.1082 mse=0.0669 sym=0.0110 phy=0.0189 | 52.1s
2026-06-20 15:58:06,039 - INFO -   batch 320/381 | loss=0.0800 mse=0.0481 sym=0.0110 phy=0.0189 | 53.7s
2026-06-20 15:58:07,734 - INFO -   batch 330/381 | loss=0.0869 mse=0.0619 sym=0.0110 phy=0.0190 | 55.4s
2026-06-20 15:58:09,465 - INFO -   batch 340/381 | loss=0.0838 mse=0.0547 sym=0.0110 phy=0.0190 | 57.1s
2026-06-20 15:58:11,134 - INFO -   batch 350/381 | loss=0.0848 mse=0.0577 sym=0.0110 phy=0.0190 | 58.8s
2026-06-20 15:58:12,834 - INFO -   batch 360/381 | loss=0.0852 mse=0.0536 sym=0.0110 phy=0.0190 | 60.5s
2026-06-20 15:58:14,513 - INFO -   batch 370/381 | loss=0.0787 mse=0.0474 sym=0.0109 phy=0.0190 | 62.2s
2026-06-20 15:58:16,217 - INFO -   batch 380/381 | loss=0.0962 mse=0.0629 sym=0.0109 phy=0.0190 | 63.9s
2026-06-20 15:58:19,427 - INFO -   batch   1/381 | loss=0.0690 mse=0.0371 sym=0.0111 phy=0.0208 | 0.2s
2026-06-20 15:58:20,896 - INFO -   batch  10/381 | loss=0.0808 mse=0.0535 sym=0.0107 phy=0.0203 | 1.7s
2026-06-20 15:58:22,559 - INFO -   batch  20/381 | loss=0.0751 mse=0.0464 sym=0.0109 phy=0.0201 | 3.4s
2026-06-20 15:58:24,234 - INFO -   batch  30/381 | loss=0.0780 mse=0.0493 sym=0.0108 phy=0.0197 | 5.0s
2026-06-20 15:58:25,892 - INFO -   batch  40/381 | loss=0.0919 mse=0.0566 sym=0.0108 phy=0.0191 | 6.7s
2026-06-20 15:58:27,575 - INFO -   batch  50/381 | loss=0.0838 mse=0.0568 sym=0.0109 phy=0.0192 | 8.4s
2026-06-20 15:58:29,254 - INFO -   batch  60/381 | loss=0.1064 mse=0.0788 sym=0.0109 phy=0.0191 | 10.1s
2026-06-20 15:58:30,971 - INFO -   batch  70/381 | loss=0.0923 mse=0.0618 sym=0.0109 phy=0.0193 | 11.8s
2026-06-20 15:58:32,664 - INFO -   batch  80/381 | loss=0.0792 mse=0.0426 sym=0.0108 phy=0.0194 | 13.5s
2026-06-20 15:58:34,337 - INFO -   batch  90/381 | loss=0.0826 mse=0.0536 sym=0.0109 phy=0.0194 | 15.1s
2026-06-20 15:58:36,070 - INFO -   batch 100/381 | loss=0.0765 mse=0.0474 sym=0.0108 phy=0.0195 | 16.9s
2026-06-20 15:58:37,748 - INFO -   batch 110/381 | loss=0.0662 mse=0.0369 sym=0.0109 phy=0.0194 | 18.6s
2026-06-20 15:58:39,475 - INFO -   batch 120/381 | loss=0.0791 mse=0.0528 sym=0.0109 phy=0.0195 | 20.3s
2026-06-20 15:58:41,125 - INFO -   batch 130/381 | loss=0.0754 mse=0.0446 sym=0.0109 phy=0.0196 | 21.9s
2026-06-20 15:58:42,825 - INFO -   batch 140/381 | loss=0.0890 mse=0.0540 sym=0.0109 phy=0.0195 | 23.6s
2026-06-20 15:58:44,498 - INFO -   batch 150/381 | loss=0.0834 mse=0.0557 sym=0.0109 phy=0.0194 | 25.3s
2026-06-20 15:58:46,156 - INFO -   batch 160/381 | loss=0.0780 mse=0.0494 sym=0.0109 phy=0.0193 | 27.0s
2026-06-20 15:58:47,851 - INFO -   batch 170/381 | loss=0.0867 mse=0.0515 sym=0.0109 phy=0.0193 | 28.7s
2026-06-20 15:58:49,523 - INFO -   batch 180/381 | loss=0.0874 mse=0.0550 sym=0.0109 phy=0.0193 | 30.3s
2026-06-20 15:58:51,253 - INFO -   batch 190/381 | loss=0.0903 mse=0.0654 sym=0.0109 phy=0.0193 | 32.1s
2026-06-20 15:58:52,925 - INFO -   batch 200/381 | loss=0.0910 mse=0.0627 sym=0.0109 phy=0.0192 | 33.7s
2026-06-20 15:58:54,627 - INFO -   batch 210/381 | loss=0.0979 mse=0.0632 sym=0.0109 phy=0.0192 | 35.4s
2026-06-20 15:58:56,311 - INFO -   batch 220/381 | loss=0.0808 mse=0.0533 sym=0.0109 phy=0.0193 | 37.1s
2026-06-20 15:58:58,012 - INFO -   batch 230/381 | loss=0.0780 mse=0.0467 sym=0.0109 phy=0.0193 | 38.8s
2026-06-20 15:58:59,721 - INFO -   batch 240/381 | loss=0.0914 mse=0.0626 sym=0.0109 phy=0.0194 | 40.5s
2026-06-20 15:59:01,377 - INFO -   batch 250/381 | loss=0.0753 mse=0.0447 sym=0.0109 phy=0.0193 | 42.2s
2026-06-20 15:59:03,082 - INFO -   batch 260/381 | loss=0.0986 mse=0.0716 sym=0.0109 phy=0.0193 | 43.9s
2026-06-20 15:59:04,741 - INFO -   batch 270/381 | loss=0.0867 mse=0.0554 sym=0.0109 phy=0.0193 | 45.5s
2026-06-20 15:59:06,430 - INFO -   batch 280/381 | loss=0.0931 mse=0.0590 sym=0.0109 phy=0.0193 | 47.2s
2026-06-20 15:59:08,143 - INFO -   batch 290/381 | loss=0.1013 mse=0.0686 sym=0.0109 phy=0.0192 | 48.9s
2026-06-20 15:59:09,839 - INFO -   batch 300/381 | loss=0.0755 mse=0.0479 sym=0.0109 phy=0.0192 | 50.6s
2026-06-20 15:59:11,521 - INFO -   batch 310/381 | loss=0.0799 mse=0.0533 sym=0.0109 phy=0.0191 | 52.3s
2026-06-20 15:59:13,203 - INFO -   batch 320/381 | loss=0.0630 mse=0.0383 sym=0.0109 phy=0.0191 | 54.0s
2026-06-20 15:59:14,915 - INFO -   batch 330/381 | loss=0.0828 mse=0.0534 sym=0.0109 phy=0.0191 | 55.7s
2026-06-20 15:59:16,579 - INFO -   batch 340/381 | loss=0.0935 mse=0.0670 sym=0.0109 phy=0.0190 | 57.4s
2026-06-20 15:59:18,279 - INFO -   batch 350/381 | loss=0.0780 mse=0.0562 sym=0.0109 phy=0.0190 | 59.1s
2026-06-20 15:59:19,963 - INFO -   batch 360/381 | loss=0.0771 mse=0.0469 sym=0.0109 phy=0.0189 | 60.8s
2026-06-20 15:59:21,583 - INFO -   batch 370/381 | loss=0.0753 mse=0.0468 sym=0.0109 phy=0.0189 | 62.4s
2026-06-20 15:59:23,237 - INFO -   batch 380/381 | loss=0.0927 mse=0.0658 sym=0.0109 phy=0.0189 | 64.0s
2026-06-20 15:59:26,383 - INFO -   batch   1/381 | loss=0.0895 mse=0.0560 sym=0.0124 phy=0.0211 | 0.2s
2026-06-20 15:59:27,856 - INFO -   batch  10/381 | loss=0.0917 mse=0.0595 sym=0.0109 phy=0.0204 | 1.7s
2026-06-20 15:59:29,549 - INFO -   batch  20/381 | loss=0.0903 mse=0.0639 sym=0.0111 phy=0.0203 | 3.4s
2026-06-20 15:59:31,206 - INFO -   batch  30/381 | loss=0.0907 mse=0.0543 sym=0.0109 phy=0.0198 | 5.1s
2026-06-20 15:59:32,874 - INFO -   batch  40/381 | loss=0.0835 mse=0.0468 sym=0.0111 phy=0.0200 | 6.7s
2026-06-20 15:59:34,552 - INFO -   batch  50/381 | loss=0.0787 mse=0.0510 sym=0.0111 phy=0.0201 | 8.4s
2026-06-20 15:59:36,232 - INFO -   batch  60/381 | loss=0.0732 mse=0.0389 sym=0.0111 phy=0.0201 | 10.1s
2026-06-20 15:59:37,900 - INFO -   batch  70/381 | loss=0.0820 mse=0.0555 sym=0.0110 phy=0.0199 | 11.8s
2026-06-20 15:59:39,584 - INFO -   batch  80/381 | loss=0.0856 mse=0.0547 sym=0.0110 phy=0.0199 | 13.4s
2026-06-20 15:59:41,251 - INFO -   batch  90/381 | loss=0.0896 mse=0.0559 sym=0.0110 phy=0.0196 | 15.1s
2026-06-20 15:59:42,893 - INFO -   batch 100/381 | loss=0.0843 mse=0.0548 sym=0.0110 phy=0.0195 | 16.7s
2026-06-20 15:59:44,571 - INFO -   batch 110/381 | loss=0.1017 mse=0.0735 sym=0.0110 phy=0.0194 | 18.4s
2026-06-20 15:59:46,227 - INFO -   batch 120/381 | loss=0.0831 mse=0.0573 sym=0.0110 phy=0.0192 | 20.1s
2026-06-20 15:59:47,902 - INFO -   batch 130/381 | loss=0.0843 mse=0.0587 sym=0.0110 phy=0.0190 | 21.8s
2026-06-20 15:59:49,584 - INFO -   batch 140/381 | loss=0.0660 mse=0.0401 sym=0.0110 phy=0.0189 | 23.4s
2026-06-20 15:59:51,238 - INFO -   batch 150/381 | loss=0.0937 mse=0.0627 sym=0.0110 phy=0.0189 | 25.1s
2026-06-20 15:59:52,923 - INFO -   batch 160/381 | loss=0.0750 mse=0.0482 sym=0.0110 phy=0.0189 | 26.8s
2026-06-20 15:59:54,623 - INFO -   batch 170/381 | loss=0.0837 mse=0.0500 sym=0.0109 phy=0.0191 | 28.5s
2026-06-20 15:59:56,297 - INFO -   batch 180/381 | loss=0.0828 mse=0.0488 sym=0.0109 phy=0.0191 | 30.2s
2026-06-20 15:59:57,953 - INFO -   batch 190/381 | loss=0.0769 mse=0.0496 sym=0.0109 phy=0.0191 | 31.8s
2026-06-20 15:59:59,652 - INFO -   batch 200/381 | loss=0.0838 mse=0.0579 sym=0.0109 phy=0.0190 | 33.5s
2026-06-20 16:00:01,300 - INFO -   batch 210/381 | loss=0.0945 mse=0.0583 sym=0.0109 phy=0.0189 | 35.2s
2026-06-20 16:00:03,018 - INFO -   batch 220/381 | loss=0.0738 mse=0.0460 sym=0.0109 phy=0.0189 | 36.9s
2026-06-20 16:00:04,678 - INFO -   batch 230/381 | loss=0.0712 mse=0.0485 sym=0.0109 phy=0.0188 | 38.5s
2026-06-20 16:00:06,377 - INFO -   batch 240/381 | loss=0.0739 mse=0.0465 sym=0.0109 phy=0.0190 | 40.2s
2026-06-20 16:00:08,069 - INFO -   batch 250/381 | loss=0.0894 mse=0.0530 sym=0.0109 phy=0.0189 | 41.9s
2026-06-20 16:00:09,871 - INFO -   batch 260/381 | loss=0.0914 mse=0.0502 sym=0.0109 phy=0.0189 | 43.7s
2026-06-20 16:00:11,549 - INFO -   batch 270/381 | loss=0.0761 mse=0.0466 sym=0.0109 phy=0.0189 | 45.4s
2026-06-20 16:00:13,138 - INFO -   batch 280/381 | loss=0.0816 mse=0.0559 sym=0.0109 phy=0.0189 | 47.0s
2026-06-20 16:00:14,701 - INFO -   batch 290/381 | loss=0.0722 mse=0.0450 sym=0.0109 phy=0.0188 | 48.6s
2026-06-20 16:00:16,304 - INFO -   batch 300/381 | loss=0.0923 mse=0.0597 sym=0.0109 phy=0.0188 | 50.2s
2026-06-20 16:00:17,924 - INFO -   batch 310/381 | loss=0.0879 mse=0.0494 sym=0.0109 phy=0.0189 | 51.8s
2026-06-20 16:00:19,547 - INFO -   batch 320/381 | loss=0.0682 mse=0.0378 sym=0.0109 phy=0.0189 | 53.4s
2026-06-20 16:00:21,183 - INFO -   batch 330/381 | loss=0.0834 mse=0.0526 sym=0.0109 phy=0.0189 | 55.0s
2026-06-20 16:00:22,763 - INFO -   batch 340/381 | loss=0.0612 mse=0.0349 sym=0.0109 phy=0.0189 | 56.6s
2026-06-20 16:00:24,437 - INFO -   batch 350/381 | loss=0.0912 mse=0.0628 sym=0.0109 phy=0.0189 | 58.3s
2026-06-20 16:00:26,113 - INFO -   batch 360/381 | loss=0.0964 mse=0.0708 sym=0.0109 phy=0.0188 | 60.0s
2026-06-20 16:00:27,717 - INFO -   batch 370/381 | loss=0.0957 mse=0.0598 sym=0.0109 phy=0.0189 | 61.6s
2026-06-20 16:00:29,398 - INFO -   batch 380/381 | loss=0.0881 mse=0.0553 sym=0.0109 phy=0.0189 | 63.3s
2026-06-20 16:00:32,459 - INFO -   batch   1/381 | loss=0.1087 mse=0.0698 sym=0.0105 phy=0.0283 | 0.2s
2026-06-20 16:00:33,920 - INFO -   batch  10/381 | loss=0.0869 mse=0.0547 sym=0.0106 phy=0.0221 | 1.7s
2026-06-20 16:00:35,533 - INFO -   batch  20/381 | loss=0.1022 mse=0.0734 sym=0.0107 phy=0.0203 | 3.3s
2026-06-20 16:00:37,198 - INFO -   batch  30/381 | loss=0.0726 mse=0.0418 sym=0.0108 phy=0.0189 | 5.0s
2026-06-20 16:00:38,826 - INFO -   batch  40/381 | loss=0.0865 mse=0.0522 sym=0.0108 phy=0.0189 | 6.6s
2026-06-20 16:00:40,465 - INFO -   batch  50/381 | loss=0.0808 mse=0.0525 sym=0.0109 phy=0.0189 | 8.3s
2026-06-20 16:00:42,093 - INFO -   batch  60/381 | loss=0.1002 mse=0.0619 sym=0.0109 phy=0.0194 | 9.9s
2026-06-20 16:00:43,711 - INFO -   batch  70/381 | loss=0.0806 mse=0.0511 sym=0.0109 phy=0.0196 | 11.5s
2026-06-20 16:00:45,312 - INFO -   batch  80/381 | loss=0.0882 mse=0.0568 sym=0.0110 phy=0.0195 | 13.1s
2026-06-20 16:00:46,938 - INFO -   batch  90/381 | loss=0.1131 mse=0.0786 sym=0.0110 phy=0.0198 | 14.7s
2026-06-20 16:00:48,575 - INFO -   batch 100/381 | loss=0.0719 mse=0.0389 sym=0.0110 phy=0.0197 | 16.4s
2026-06-20 16:00:50,254 - INFO -   batch 110/381 | loss=0.0658 mse=0.0393 sym=0.0110 phy=0.0196 | 18.0s
2026-06-20 16:00:51,920 - INFO -   batch 120/381 | loss=0.0747 mse=0.0503 sym=0.0110 phy=0.0195 | 19.7s
2026-06-20 16:00:53,546 - INFO -   batch 130/381 | loss=0.0862 mse=0.0545 sym=0.0110 phy=0.0196 | 21.3s
2026-06-20 16:00:55,187 - INFO -   batch 140/381 | loss=0.0804 mse=0.0534 sym=0.0110 phy=0.0194 | 23.0s
2026-06-20 16:00:56,859 - INFO -   batch 150/381 | loss=0.0893 mse=0.0569 sym=0.0110 phy=0.0193 | 24.6s
2026-06-20 16:00:58,510 - INFO -   batch 160/381 | loss=0.0804 mse=0.0530 sym=0.0110 phy=0.0193 | 26.3s
2026-06-20 16:01:00,127 - INFO -   batch 170/381 | loss=0.0916 mse=0.0621 sym=0.0110 phy=0.0193 | 27.9s
2026-06-20 16:01:01,787 - INFO -   batch 180/381 | loss=0.0818 mse=0.0509 sym=0.0110 phy=0.0192 | 29.6s
2026-06-20 16:01:03,450 - INFO -   batch 190/381 | loss=0.1026 mse=0.0739 sym=0.0110 phy=0.0193 | 31.2s
2026-06-20 16:01:05,123 - INFO -   batch 200/381 | loss=0.0907 mse=0.0648 sym=0.0110 phy=0.0193 | 32.9s
2026-06-20 16:01:06,712 - INFO -   batch 210/381 | loss=0.0742 mse=0.0450 sym=0.0110 phy=0.0192 | 34.5s
2026-06-20 16:01:08,377 - INFO -   batch 220/381 | loss=0.0744 mse=0.0457 sym=0.0110 phy=0.0193 | 36.2s
2026-06-20 16:01:10,046 - INFO -   batch 230/381 | loss=0.0829 mse=0.0598 sym=0.0110 phy=0.0192 | 37.8s
2026-06-20 16:01:11,728 - INFO -   batch 240/381 | loss=0.0745 mse=0.0439 sym=0.0110 phy=0.0192 | 39.5s
2026-06-20 16:01:13,368 - INFO -   batch 250/381 | loss=0.0846 mse=0.0536 sym=0.0110 phy=0.0192 | 41.2s
2026-06-20 16:01:14,973 - INFO -   batch 260/381 | loss=0.0737 mse=0.0466 sym=0.0110 phy=0.0193 | 42.8s
2026-06-20 16:01:16,579 - INFO -   batch 270/381 | loss=0.0764 mse=0.0439 sym=0.0110 phy=0.0193 | 44.4s
2026-06-20 16:01:18,156 - INFO -   batch 280/381 | loss=0.0849 mse=0.0567 sym=0.0110 phy=0.0192 | 45.9s
2026-06-20 16:01:19,765 - INFO -   batch 290/381 | loss=0.0792 mse=0.0503 sym=0.0110 phy=0.0191 | 47.6s
2026-06-20 16:01:21,345 - INFO -   batch 300/381 | loss=0.1076 mse=0.0813 sym=0.0110 phy=0.0191 | 49.1s
2026-06-20 16:01:22,965 - INFO -   batch 310/381 | loss=0.0659 mse=0.0405 sym=0.0110 phy=0.0190 | 50.8s
2026-06-20 16:01:24,580 - INFO -   batch 320/381 | loss=0.0737 mse=0.0448 sym=0.0110 phy=0.0189 | 52.4s
2026-06-20 16:01:26,152 - INFO -   batch 330/381 | loss=0.0964 mse=0.0590 sym=0.0110 phy=0.0190 | 53.9s
2026-06-20 16:01:27,755 - INFO -   batch 340/381 | loss=0.0873 mse=0.0586 sym=0.0110 phy=0.0190 | 55.5s
2026-06-20 16:01:29,365 - INFO -   batch 350/381 | loss=0.0891 mse=0.0579 sym=0.0109 phy=0.0189 | 57.2s
2026-06-20 16:01:30,960 - INFO -   batch 360/381 | loss=0.1397 mse=0.1030 sym=0.0109 phy=0.0190 | 58.7s
2026-06-20 16:01:32,562 - INFO -   batch 370/381 | loss=0.0917 mse=0.0597 sym=0.0109 phy=0.0189 | 60.4s
2026-06-20 16:01:34,234 - INFO -   batch 380/381 | loss=0.0797 mse=0.0519 sym=0.0109 phy=0.0189 | 62.0s
2026-06-20 16:01:37,006 - INFO - Epoch  40/50 | Loss=0.0849 MSE=0.0550 Sym=0.0109 Phy=0.0189 | Val RMSE=0.2327 ρ=0.322 | 65s
2026-06-20 16:01:37,230 - INFO -   batch   1/381 | loss=0.0869 mse=0.0617 sym=0.0120 phy=0.0132 | 0.2s
2026-06-20 16:01:38,651 - INFO -   batch  10/381 | loss=0.0981 mse=0.0691 sym=0.0109 phy=0.0192 | 1.6s
2026-06-20 16:01:40,293 - INFO -   batch  20/381 | loss=0.0757 mse=0.0483 sym=0.0109 phy=0.0183 | 3.3s
2026-06-20 16:01:41,970 - INFO -   batch  30/381 | loss=0.1136 mse=0.0885 sym=0.0110 phy=0.0188 | 5.0s
2026-06-20 16:01:43,636 - INFO -   batch  40/381 | loss=0.0797 mse=0.0526 sym=0.0110 phy=0.0193 | 6.6s
2026-06-20 16:01:45,229 - INFO -   batch  50/381 | loss=0.0820 mse=0.0524 sym=0.0111 phy=0.0188 | 8.2s
2026-06-20 16:01:46,896 - INFO -   batch  60/381 | loss=0.0663 mse=0.0404 sym=0.0111 phy=0.0188 | 9.9s
2026-06-20 16:01:48,569 - INFO -   batch  70/381 | loss=0.0792 mse=0.0514 sym=0.0110 phy=0.0185 | 11.6s
2026-06-20 16:01:50,206 - INFO -   batch  80/381 | loss=0.0767 mse=0.0520 sym=0.0110 phy=0.0184 | 13.2s
2026-06-20 16:01:51,840 - INFO -   batch  90/381 | loss=0.0723 mse=0.0493 sym=0.0110 phy=0.0179 | 14.8s
2026-06-20 16:01:53,485 - INFO -   batch 100/381 | loss=0.0670 mse=0.0404 sym=0.0110 phy=0.0178 | 16.5s
2026-06-20 16:01:55,097 - INFO -   batch 110/381 | loss=0.0862 mse=0.0531 sym=0.0110 phy=0.0180 | 18.1s
2026-06-20 16:01:56,774 - INFO -   batch 120/381 | loss=0.0769 mse=0.0458 sym=0.0110 phy=0.0182 | 19.8s
2026-06-20 16:01:58,450 - INFO -   batch 130/381 | loss=0.1080 mse=0.0784 sym=0.0109 phy=0.0183 | 21.4s
2026-06-20 16:02:00,114 - INFO -   batch 140/381 | loss=0.0851 mse=0.0523 sym=0.0109 phy=0.0184 | 23.1s
2026-06-20 16:02:01,722 - INFO -   batch 150/381 | loss=0.0997 mse=0.0639 sym=0.0109 phy=0.0185 | 24.7s
2026-06-20 16:02:03,383 - INFO -   batch 160/381 | loss=0.0811 mse=0.0506 sym=0.0109 phy=0.0187 | 26.4s
2026-06-20 16:02:05,050 - INFO -   batch 170/381 | loss=0.1179 mse=0.0792 sym=0.0109 phy=0.0188 | 28.0s
2026-06-20 16:02:06,660 - INFO -   batch 180/381 | loss=0.0911 mse=0.0633 sym=0.0109 phy=0.0189 | 29.7s
2026-06-20 16:02:08,288 - INFO -   batch 190/381 | loss=0.1065 mse=0.0671 sym=0.0109 phy=0.0189 | 31.3s
2026-06-20 16:02:09,891 - INFO -   batch 200/381 | loss=0.0777 mse=0.0502 sym=0.0109 phy=0.0188 | 32.9s
2026-06-20 16:02:11,497 - INFO -   batch 210/381 | loss=0.0980 mse=0.0668 sym=0.0109 phy=0.0188 | 34.5s
2026-06-20 16:02:13,119 - INFO -   batch 220/381 | loss=0.1030 mse=0.0720 sym=0.0109 phy=0.0188 | 36.1s
2026-06-20 16:02:14,736 - INFO -   batch 230/381 | loss=0.0982 mse=0.0679 sym=0.0109 phy=0.0188 | 37.7s
2026-06-20 16:02:16,341 - INFO -   batch 240/381 | loss=0.0922 mse=0.0572 sym=0.0109 phy=0.0189 | 39.3s
2026-06-20 16:02:17,929 - INFO -   batch 250/381 | loss=0.0948 mse=0.0660 sym=0.0109 phy=0.0190 | 40.9s
2026-06-20 16:02:19,516 - INFO -   batch 260/381 | loss=0.1111 mse=0.0824 sym=0.0109 phy=0.0191 | 42.5s
2026-06-20 16:02:21,186 - INFO -   batch 270/381 | loss=0.0674 mse=0.0389 sym=0.0109 phy=0.0191 | 44.2s
2026-06-20 16:02:22,791 - INFO -   batch 280/381 | loss=0.0754 mse=0.0492 sym=0.0109 phy=0.0191 | 45.8s
2026-06-20 16:02:24,402 - INFO -   batch 290/381 | loss=0.0941 mse=0.0585 sym=0.0109 phy=0.0191 | 47.4s
2026-06-20 16:02:25,988 - INFO -   batch 300/381 | loss=0.1011 mse=0.0710 sym=0.0109 phy=0.0192 | 49.0s
2026-06-20 16:02:27,616 - INFO -   batch 310/381 | loss=0.1000 mse=0.0714 sym=0.0109 phy=0.0192 | 50.6s
2026-06-20 16:02:29,276 - INFO -   batch 320/381 | loss=0.0866 mse=0.0565 sym=0.0109 phy=0.0191 | 52.3s
2026-06-20 16:02:30,900 - INFO -   batch 330/381 | loss=0.0751 mse=0.0466 sym=0.0109 phy=0.0191 | 53.9s
2026-06-20 16:02:32,531 - INFO -   batch 340/381 | loss=0.0895 mse=0.0612 sym=0.0109 phy=0.0191 | 55.5s
2026-06-20 16:02:34,127 - INFO -   batch 350/381 | loss=0.0802 mse=0.0511 sym=0.0109 phy=0.0191 | 57.1s
2026-06-20 16:02:35,727 - INFO -   batch 360/381 | loss=0.0643 mse=0.0405 sym=0.0109 phy=0.0190 | 58.7s
2026-06-20 16:02:37,338 - INFO -   batch 370/381 | loss=0.0697 mse=0.0448 sym=0.0109 phy=0.0190 | 60.3s
2026-06-20 16:02:38,931 - INFO -   batch 380/381 | loss=0.1027 mse=0.0628 sym=0.0109 phy=0.0190 | 61.9s
2026-06-20 16:02:41,912 - INFO -   batch   1/381 | loss=0.1016 mse=0.0686 sym=0.0116 phy=0.0214 | 0.2s
2026-06-20 16:02:43,319 - INFO -   batch  10/381 | loss=0.0866 mse=0.0533 sym=0.0116 phy=0.0196 | 1.6s
2026-06-20 16:02:44,921 - INFO -   batch  20/381 | loss=0.0723 mse=0.0426 sym=0.0114 phy=0.0188 | 3.2s
2026-06-20 16:02:46,491 - INFO -   batch  30/381 | loss=0.0778 mse=0.0488 sym=0.0112 phy=0.0194 | 4.8s
2026-06-20 16:02:48,078 - INFO -   batch  40/381 | loss=0.0930 mse=0.0615 sym=0.0111 phy=0.0197 | 6.4s
2026-06-20 16:02:49,680 - INFO -   batch  50/381 | loss=0.0838 mse=0.0485 sym=0.0112 phy=0.0194 | 8.0s
2026-06-20 16:02:51,224 - INFO -   batch  60/381 | loss=0.0979 mse=0.0615 sym=0.0111 phy=0.0197 | 9.5s
2026-06-20 16:02:52,827 - INFO -   batch  70/381 | loss=0.0810 mse=0.0533 sym=0.0111 phy=0.0193 | 11.1s
2026-06-20 16:02:54,405 - INFO -   batch  80/381 | loss=0.0902 mse=0.0621 sym=0.0110 phy=0.0195 | 12.7s
2026-06-20 16:02:55,973 - INFO -   batch  90/381 | loss=0.1019 mse=0.0695 sym=0.0110 phy=0.0196 | 14.3s
2026-06-20 16:02:57,629 - INFO -   batch 100/381 | loss=0.0841 mse=0.0565 sym=0.0110 phy=0.0195 | 15.9s
2026-06-20 16:02:59,286 - INFO -   batch 110/381 | loss=0.0789 mse=0.0518 sym=0.0110 phy=0.0193 | 17.6s
2026-06-20 16:03:00,906 - INFO -   batch 120/381 | loss=0.1043 mse=0.0645 sym=0.0109 phy=0.0195 | 19.2s
2026-06-20 16:03:02,504 - INFO -   batch 130/381 | loss=0.1195 mse=0.0854 sym=0.0109 phy=0.0194 | 20.8s
2026-06-20 16:03:04,078 - INFO -   batch 140/381 | loss=0.0842 mse=0.0533 sym=0.0109 phy=0.0194 | 22.4s
2026-06-20 16:03:05,679 - INFO -   batch 150/381 | loss=0.0754 mse=0.0462 sym=0.0109 phy=0.0195 | 24.0s
2026-06-20 16:03:07,302 - INFO -   batch 160/381 | loss=0.0842 mse=0.0567 sym=0.0109 phy=0.0194 | 25.6s
2026-06-20 16:03:08,940 - INFO -   batch 170/381 | loss=0.0697 mse=0.0434 sym=0.0109 phy=0.0195 | 27.3s
2026-06-20 16:03:10,533 - INFO -   batch 180/381 | loss=0.0852 mse=0.0567 sym=0.0109 phy=0.0194 | 28.8s
2026-06-20 16:03:12,184 - INFO -   batch 190/381 | loss=0.0830 mse=0.0572 sym=0.0109 phy=0.0193 | 30.5s
2026-06-20 16:03:13,812 - INFO -   batch 200/381 | loss=0.0818 mse=0.0564 sym=0.0109 phy=0.0193 | 32.1s
2026-06-20 16:03:15,476 - INFO -   batch 210/381 | loss=0.0736 mse=0.0436 sym=0.0109 phy=0.0192 | 33.8s
2026-06-20 16:03:17,073 - INFO -   batch 220/381 | loss=0.0796 mse=0.0583 sym=0.0109 phy=0.0192 | 35.4s
2026-06-20 16:03:18,741 - INFO -   batch 230/381 | loss=0.0982 mse=0.0665 sym=0.0109 phy=0.0193 | 37.1s
2026-06-20 16:03:20,406 - INFO -   batch 240/381 | loss=0.0772 mse=0.0379 sym=0.0109 phy=0.0194 | 38.7s
2026-06-20 16:03:22,058 - INFO -   batch 250/381 | loss=0.0977 mse=0.0686 sym=0.0109 phy=0.0193 | 40.4s
2026-06-20 16:03:23,683 - INFO -   batch 260/381 | loss=0.0915 mse=0.0507 sym=0.0109 phy=0.0194 | 42.0s
2026-06-20 16:03:25,335 - INFO -   batch 270/381 | loss=0.0851 mse=0.0543 sym=0.0109 phy=0.0195 | 43.6s
2026-06-20 16:03:27,003 - INFO -   batch 280/381 | loss=0.0801 mse=0.0532 sym=0.0109 phy=0.0195 | 45.3s
2026-06-20 16:03:28,611 - INFO -   batch 290/381 | loss=0.1087 mse=0.0804 sym=0.0109 phy=0.0194 | 46.9s
2026-06-20 16:03:30,250 - INFO -   batch 300/381 | loss=0.0858 mse=0.0594 sym=0.0109 phy=0.0193 | 48.6s
2026-06-20 16:03:31,828 - INFO -   batch 310/381 | loss=0.0914 mse=0.0605 sym=0.0109 phy=0.0193 | 50.1s
2026-06-20 16:03:33,523 - INFO -   batch 320/381 | loss=0.0808 mse=0.0494 sym=0.0109 phy=0.0193 | 51.8s
2026-06-20 16:03:35,182 - INFO -   batch 330/381 | loss=0.0736 mse=0.0473 sym=0.0109 phy=0.0193 | 53.5s
2026-06-20 16:03:36,856 - INFO -   batch 340/381 | loss=0.0910 mse=0.0580 sym=0.0109 phy=0.0193 | 55.2s
2026-06-20 16:03:38,528 - INFO -   batch 350/381 | loss=0.0948 mse=0.0591 sym=0.0109 phy=0.0192 | 56.8s
2026-06-20 16:03:40,153 - INFO -   batch 360/381 | loss=0.1017 mse=0.0655 sym=0.0109 phy=0.0192 | 58.5s
2026-06-20 16:03:41,785 - INFO -   batch 370/381 | loss=0.0727 mse=0.0460 sym=0.0110 phy=0.0191 | 60.1s
2026-06-20 16:03:43,468 - INFO -   batch 380/381 | loss=0.0805 mse=0.0536 sym=0.0109 phy=0.0191 | 61.8s
2026-06-20 16:03:46,539 - INFO -   batch   1/381 | loss=0.0855 mse=0.0581 sym=0.0125 phy=0.0149 | 0.3s
2026-06-20 16:03:47,994 - INFO -   batch  10/381 | loss=0.0845 mse=0.0519 sym=0.0109 phy=0.0164 | 1.7s
2026-06-20 16:03:49,665 - INFO -   batch  20/381 | loss=0.0839 mse=0.0550 sym=0.0112 phy=0.0178 | 3.4s
2026-06-20 16:03:51,350 - INFO -   batch  30/381 | loss=0.1050 mse=0.0794 sym=0.0110 phy=0.0186 | 5.1s
2026-06-20 16:03:53,006 - INFO -   batch  40/381 | loss=0.0786 mse=0.0454 sym=0.0110 phy=0.0187 | 6.7s
2026-06-20 16:03:54,668 - INFO -   batch  50/381 | loss=0.0922 mse=0.0602 sym=0.0110 phy=0.0185 | 8.4s
2026-06-20 16:03:56,345 - INFO -   batch  60/381 | loss=0.0775 mse=0.0468 sym=0.0110 phy=0.0185 | 10.1s
2026-06-20 16:03:57,976 - INFO -   batch  70/381 | loss=0.1098 mse=0.0790 sym=0.0110 phy=0.0184 | 11.7s
2026-06-20 16:03:59,596 - INFO -   batch  80/381 | loss=0.0752 mse=0.0510 sym=0.0110 phy=0.0183 | 13.3s
2026-06-20 16:04:01,216 - INFO -   batch  90/381 | loss=0.0629 mse=0.0354 sym=0.0109 phy=0.0185 | 14.9s
2026-06-20 16:04:02,833 - INFO -   batch 100/381 | loss=0.0810 mse=0.0545 sym=0.0108 phy=0.0184 | 16.5s
2026-06-20 16:04:04,408 - INFO -   batch 110/381 | loss=0.0989 mse=0.0738 sym=0.0108 phy=0.0183 | 18.1s
2026-06-20 16:04:06,027 - INFO -   batch 120/381 | loss=0.1068 mse=0.0759 sym=0.0108 phy=0.0182 | 19.7s
2026-06-20 16:04:07,603 - INFO -   batch 130/381 | loss=0.0697 mse=0.0421 sym=0.0109 phy=0.0182 | 21.3s
2026-06-20 16:04:09,229 - INFO -   batch 140/381 | loss=0.0926 mse=0.0647 sym=0.0109 phy=0.0181 | 22.9s
2026-06-20 16:04:10,888 - INFO -   batch 150/381 | loss=0.0758 mse=0.0476 sym=0.0109 phy=0.0182 | 24.6s
2026-06-20 16:04:12,545 - INFO -   batch 160/381 | loss=0.0885 mse=0.0494 sym=0.0109 phy=0.0182 | 26.3s
2026-06-20 16:04:14,162 - INFO -   batch 170/381 | loss=0.0772 mse=0.0472 sym=0.0109 phy=0.0183 | 27.9s
2026-06-20 16:04:15,813 - INFO -   batch 180/381 | loss=0.0837 mse=0.0540 sym=0.0109 phy=0.0182 | 29.5s
2026-06-20 16:04:17,397 - INFO -   batch 190/381 | loss=0.0882 mse=0.0616 sym=0.0109 phy=0.0181 | 31.1s
2026-06-20 16:04:19,070 - INFO -   batch 200/381 | loss=0.0513 mse=0.0285 sym=0.0109 phy=0.0180 | 32.8s
2026-06-20 16:04:20,686 - INFO -   batch 210/381 | loss=0.0873 mse=0.0613 sym=0.0109 phy=0.0181 | 34.4s
2026-06-20 16:04:22,290 - INFO -   batch 220/381 | loss=0.0973 mse=0.0668 sym=0.0109 phy=0.0181 | 36.0s
2026-06-20 16:04:23,950 - INFO -   batch 230/381 | loss=0.1036 mse=0.0641 sym=0.0109 phy=0.0183 | 37.7s
2026-06-20 16:04:25,614 - INFO -   batch 240/381 | loss=0.0888 mse=0.0575 sym=0.0109 phy=0.0183 | 39.3s
2026-06-20 16:04:27,277 - INFO -   batch 250/381 | loss=0.0706 mse=0.0467 sym=0.0109 phy=0.0184 | 41.0s
2026-06-20 16:04:28,951 - INFO -   batch 260/381 | loss=0.1034 mse=0.0674 sym=0.0109 phy=0.0185 | 42.7s
2026-06-20 16:04:30,589 - INFO -   batch 270/381 | loss=0.0679 mse=0.0355 sym=0.0109 phy=0.0185 | 44.3s
2026-06-20 16:04:32,226 - INFO -   batch 280/381 | loss=0.0741 mse=0.0471 sym=0.0109 phy=0.0185 | 45.9s
2026-06-20 16:04:33,886 - INFO -   batch 290/381 | loss=0.0771 mse=0.0471 sym=0.0109 phy=0.0185 | 47.6s
2026-06-20 16:04:35,566 - INFO -   batch 300/381 | loss=0.0655 mse=0.0430 sym=0.0109 phy=0.0185 | 49.3s
2026-06-20 16:04:37,184 - INFO -   batch 310/381 | loss=0.0924 mse=0.0667 sym=0.0109 phy=0.0185 | 50.9s
2026-06-20 16:04:38,985 - INFO -   batch 320/381 | loss=0.0767 mse=0.0494 sym=0.0109 phy=0.0185 | 52.7s
2026-06-20 16:04:40,640 - INFO -   batch 330/381 | loss=0.0696 mse=0.0355 sym=0.0109 phy=0.0186 | 54.4s
2026-06-20 16:04:42,305 - INFO -   batch 340/381 | loss=0.0758 mse=0.0463 sym=0.0109 phy=0.0186 | 56.0s
2026-06-20 16:04:43,978 - INFO -   batch 350/381 | loss=0.0784 mse=0.0518 sym=0.0109 phy=0.0186 | 57.7s
2026-06-20 16:04:45,659 - INFO -   batch 360/381 | loss=0.0715 mse=0.0460 sym=0.0109 phy=0.0187 | 59.4s
2026-06-20 16:04:47,312 - INFO -   batch 370/381 | loss=0.0843 mse=0.0544 sym=0.0109 phy=0.0187 | 61.0s
2026-06-20 16:04:48,932 - INFO -   batch 380/381 | loss=0.0763 mse=0.0500 sym=0.0109 phy=0.0188 | 62.6s
2026-06-20 16:04:51,990 - INFO -   batch   1/381 | loss=0.1207 mse=0.0834 sym=0.0112 phy=0.0262 | 0.3s
2026-06-20 16:04:53,418 - INFO -   batch  10/381 | loss=0.0838 mse=0.0529 sym=0.0112 phy=0.0204 | 1.7s
2026-06-20 16:04:54,996 - INFO -   batch  20/381 | loss=0.0745 mse=0.0480 sym=0.0110 phy=0.0191 | 3.3s
2026-06-20 16:04:56,595 - INFO -   batch  30/381 | loss=0.0746 mse=0.0435 sym=0.0111 phy=0.0191 | 4.9s
2026-06-20 16:04:58,208 - INFO -   batch  40/381 | loss=0.0799 mse=0.0509 sym=0.0111 phy=0.0192 | 6.5s
2026-06-20 16:04:59,835 - INFO -   batch  50/381 | loss=0.1013 mse=0.0720 sym=0.0111 phy=0.0196 | 8.1s
2026-06-20 16:05:01,470 - INFO -   batch  60/381 | loss=0.0697 mse=0.0387 sym=0.0111 phy=0.0198 | 9.7s
2026-06-20 16:05:03,071 - INFO -   batch  70/381 | loss=0.0797 mse=0.0554 sym=0.0111 phy=0.0194 | 11.3s
2026-06-20 16:05:04,728 - INFO -   batch  80/381 | loss=0.0827 mse=0.0558 sym=0.0111 phy=0.0193 | 13.0s
2026-06-20 16:05:06,379 - INFO -   batch  90/381 | loss=0.0788 mse=0.0495 sym=0.0112 phy=0.0192 | 14.6s
2026-06-20 16:05:07,979 - INFO -   batch 100/381 | loss=0.0857 mse=0.0601 sym=0.0111 phy=0.0192 | 16.2s
2026-06-20 16:05:09,571 - INFO -   batch 110/381 | loss=0.1042 mse=0.0726 sym=0.0111 phy=0.0191 | 17.8s
2026-06-20 16:05:11,213 - INFO -   batch 120/381 | loss=0.0836 mse=0.0607 sym=0.0111 phy=0.0190 | 19.5s
2026-06-20 16:05:12,825 - INFO -   batch 130/381 | loss=0.0760 mse=0.0458 sym=0.0111 phy=0.0188 | 21.1s
2026-06-20 16:05:14,493 - INFO -   batch 140/381 | loss=0.0769 mse=0.0429 sym=0.0111 phy=0.0190 | 22.8s
2026-06-20 16:05:16,149 - INFO -   batch 150/381 | loss=0.0738 mse=0.0453 sym=0.0111 phy=0.0190 | 24.4s
2026-06-20 16:05:17,760 - INFO -   batch 160/381 | loss=0.0790 mse=0.0520 sym=0.0111 phy=0.0191 | 26.0s
2026-06-20 16:05:19,419 - INFO -   batch 170/381 | loss=0.0856 mse=0.0530 sym=0.0111 phy=0.0192 | 27.7s
2026-06-20 16:05:21,081 - INFO -   batch 180/381 | loss=0.0987 mse=0.0685 sym=0.0110 phy=0.0192 | 29.3s
2026-06-20 16:05:22,745 - INFO -   batch 190/381 | loss=0.0825 mse=0.0523 sym=0.0110 phy=0.0192 | 31.0s
2026-06-20 16:05:24,346 - INFO -   batch 200/381 | loss=0.0672 mse=0.0428 sym=0.0110 phy=0.0192 | 32.6s
2026-06-20 16:05:25,948 - INFO -   batch 210/381 | loss=0.0673 mse=0.0401 sym=0.0110 phy=0.0191 | 34.2s
2026-06-20 16:05:27,530 - INFO -   batch 220/381 | loss=0.0893 mse=0.0599 sym=0.0110 phy=0.0191 | 35.8s
2026-06-20 16:05:29,145 - INFO -   batch 230/381 | loss=0.0961 mse=0.0696 sym=0.0110 phy=0.0191 | 37.4s
2026-06-20 16:05:30,743 - INFO -   batch 240/381 | loss=0.0750 mse=0.0421 sym=0.0110 phy=0.0190 | 39.0s
2026-06-20 16:05:32,413 - INFO -   batch 250/381 | loss=0.0879 mse=0.0594 sym=0.0110 phy=0.0190 | 40.7s
2026-06-20 16:05:34,076 - INFO -   batch 260/381 | loss=0.0718 mse=0.0467 sym=0.0110 phy=0.0189 | 42.3s
2026-06-20 16:05:35,750 - INFO -   batch 270/381 | loss=0.0774 mse=0.0524 sym=0.0110 phy=0.0188 | 44.0s
2026-06-20 16:05:37,430 - INFO -   batch 280/381 | loss=0.0815 mse=0.0551 sym=0.0110 phy=0.0188 | 45.7s
2026-06-20 16:05:39,047 - INFO -   batch 290/381 | loss=0.0819 mse=0.0543 sym=0.0110 phy=0.0189 | 47.3s
2026-06-20 16:05:40,678 - INFO -   batch 300/381 | loss=0.0948 mse=0.0668 sym=0.0110 phy=0.0189 | 48.9s
2026-06-20 16:05:42,357 - INFO -   batch 310/381 | loss=0.0706 mse=0.0431 sym=0.0110 phy=0.0189 | 50.6s
2026-06-20 16:05:44,010 - INFO -   batch 320/381 | loss=0.0907 mse=0.0585 sym=0.0110 phy=0.0189 | 52.3s
2026-06-20 16:05:45,670 - INFO -   batch 330/381 | loss=0.0835 mse=0.0539 sym=0.0110 phy=0.0189 | 53.9s
2026-06-20 16:05:47,300 - INFO -   batch 340/381 | loss=0.0857 mse=0.0598 sym=0.0110 phy=0.0189 | 55.6s
2026-06-20 16:05:48,939 - INFO -   batch 350/381 | loss=0.0791 mse=0.0564 sym=0.0110 phy=0.0189 | 57.2s
2026-06-20 16:05:50,600 - INFO -   batch 360/381 | loss=0.0865 mse=0.0553 sym=0.0110 phy=0.0189 | 58.9s
2026-06-20 16:05:52,284 - INFO -   batch 370/381 | loss=0.1137 mse=0.0780 sym=0.0110 phy=0.0190 | 60.5s
2026-06-20 16:05:53,870 - INFO -   batch 380/381 | loss=0.0718 mse=0.0474 sym=0.0110 phy=0.0190 | 62.1s
2026-06-20 16:05:56,943 - INFO -   batch   1/381 | loss=0.0796 mse=0.0515 sym=0.0098 phy=0.0183 | 0.2s
2026-06-20 16:05:58,394 - INFO -   batch  10/381 | loss=0.0689 mse=0.0415 sym=0.0108 phy=0.0197 | 1.7s
2026-06-20 16:06:00,017 - INFO -   batch  20/381 | loss=0.0905 mse=0.0567 sym=0.0110 phy=0.0189 | 3.3s
2026-06-20 16:06:01,641 - INFO -   batch  30/381 | loss=0.0766 mse=0.0460 sym=0.0109 phy=0.0187 | 4.9s
2026-06-20 16:06:03,251 - INFO -   batch  40/381 | loss=0.0763 mse=0.0514 sym=0.0109 phy=0.0188 | 6.5s
2026-06-20 16:06:04,846 - INFO -   batch  50/381 | loss=0.0735 mse=0.0469 sym=0.0109 phy=0.0189 | 8.1s
2026-06-20 16:06:06,413 - INFO -   batch  60/381 | loss=0.1025 mse=0.0601 sym=0.0108 phy=0.0192 | 9.7s
2026-06-20 16:06:08,033 - INFO -   batch  70/381 | loss=0.0776 mse=0.0538 sym=0.0109 phy=0.0190 | 11.3s
2026-06-20 16:06:09,595 - INFO -   batch  80/381 | loss=0.0757 mse=0.0477 sym=0.0108 phy=0.0187 | 12.9s
2026-06-20 16:06:11,170 - INFO -   batch  90/381 | loss=0.0845 mse=0.0568 sym=0.0108 phy=0.0188 | 14.4s
2026-06-20 16:06:12,778 - INFO -   batch 100/381 | loss=0.0815 mse=0.0496 sym=0.0108 phy=0.0187 | 16.1s
2026-06-20 16:06:14,436 - INFO -   batch 110/381 | loss=0.0904 mse=0.0604 sym=0.0108 phy=0.0185 | 17.7s
2026-06-20 16:06:16,100 - INFO -   batch 120/381 | loss=0.0963 mse=0.0659 sym=0.0108 phy=0.0183 | 19.4s
2026-06-20 16:06:17,740 - INFO -   batch 130/381 | loss=0.0800 mse=0.0550 sym=0.0108 phy=0.0183 | 21.0s
2026-06-20 16:06:19,336 - INFO -   batch 140/381 | loss=0.0804 mse=0.0545 sym=0.0108 phy=0.0184 | 22.6s
2026-06-20 16:06:21,014 - INFO -   batch 150/381 | loss=0.0947 mse=0.0690 sym=0.0108 phy=0.0183 | 24.3s
2026-06-20 16:06:22,603 - INFO -   batch 160/381 | loss=0.0936 mse=0.0627 sym=0.0108 phy=0.0184 | 25.9s
2026-06-20 16:06:24,200 - INFO -   batch 170/381 | loss=0.0841 mse=0.0579 sym=0.0108 phy=0.0185 | 27.5s
2026-06-20 16:06:25,880 - INFO -   batch 180/381 | loss=0.0740 mse=0.0434 sym=0.0108 phy=0.0186 | 29.2s
2026-06-20 16:06:27,470 - INFO -   batch 190/381 | loss=0.0772 mse=0.0471 sym=0.0108 phy=0.0186 | 30.7s
2026-06-20 16:06:29,132 - INFO -   batch 200/381 | loss=0.0842 mse=0.0568 sym=0.0108 phy=0.0187 | 32.4s
2026-06-20 16:06:30,808 - INFO -   batch 210/381 | loss=0.1008 mse=0.0663 sym=0.0108 phy=0.0187 | 34.1s
2026-06-20 16:06:32,490 - INFO -   batch 220/381 | loss=0.0919 mse=0.0616 sym=0.0109 phy=0.0188 | 35.8s
2026-06-20 16:06:34,144 - INFO -   batch 230/381 | loss=0.0965 mse=0.0637 sym=0.0109 phy=0.0188 | 37.4s
2026-06-20 16:06:35,754 - INFO -   batch 240/381 | loss=0.0974 mse=0.0636 sym=0.0108 phy=0.0190 | 39.0s
2026-06-20 16:06:37,400 - INFO -   batch 250/381 | loss=0.0601 mse=0.0388 sym=0.0109 phy=0.0188 | 40.7s
2026-06-20 16:06:39,067 - INFO -   batch 260/381 | loss=0.0864 mse=0.0587 sym=0.0109 phy=0.0188 | 42.3s
2026-06-20 16:06:40,746 - INFO -   batch 270/381 | loss=0.0702 mse=0.0444 sym=0.0109 phy=0.0188 | 44.0s
2026-06-20 16:06:42,413 - INFO -   batch 280/381 | loss=0.1001 mse=0.0726 sym=0.0109 phy=0.0189 | 45.7s
2026-06-20 16:06:44,043 - INFO -   batch 290/381 | loss=0.0732 mse=0.0504 sym=0.0109 phy=0.0189 | 47.3s
2026-06-20 16:06:45,666 - INFO -   batch 300/381 | loss=0.0827 mse=0.0567 sym=0.0109 phy=0.0189 | 48.9s
2026-06-20 16:06:47,334 - INFO -   batch 310/381 | loss=0.1017 mse=0.0730 sym=0.0109 phy=0.0189 | 50.6s
2026-06-20 16:06:48,952 - INFO -   batch 320/381 | loss=0.1048 mse=0.0737 sym=0.0109 phy=0.0189 | 52.2s
2026-06-20 16:06:50,563 - INFO -   batch 330/381 | loss=0.0967 mse=0.0674 sym=0.0109 phy=0.0189 | 53.8s
2026-06-20 16:06:52,169 - INFO -   batch 340/381 | loss=0.0843 mse=0.0516 sym=0.0109 phy=0.0189 | 55.4s
2026-06-20 16:06:53,766 - INFO -   batch 350/381 | loss=0.0736 mse=0.0469 sym=0.0109 phy=0.0189 | 57.0s
2026-06-20 16:06:55,330 - INFO -   batch 360/381 | loss=0.1049 mse=0.0693 sym=0.0109 phy=0.0189 | 58.6s
2026-06-20 16:06:56,937 - INFO -   batch 370/381 | loss=0.0960 mse=0.0655 sym=0.0109 phy=0.0188 | 60.2s
2026-06-20 16:06:58,618 - INFO -   batch 380/381 | loss=0.0938 mse=0.0611 sym=0.0109 phy=0.0188 | 61.9s
2026-06-20 16:07:01,426 - INFO - Epoch  45/50 | Loss=0.0848 MSE=0.0551 Sym=0.0109 Phy=0.0188 | Val RMSE=0.2315 ρ=0.325 | 65s
2026-06-20 16:07:01,674 - INFO -   batch   1/381 | loss=0.0979 mse=0.0694 sym=0.0098 phy=0.0187 | 0.2s
2026-06-20 16:07:03,102 - INFO -   batch  10/381 | loss=0.0897 mse=0.0640 sym=0.0111 phy=0.0187 | 1.7s
2026-06-20 16:07:04,745 - INFO -   batch  20/381 | loss=0.0911 mse=0.0602 sym=0.0109 phy=0.0194 | 3.3s
2026-06-20 16:07:06,397 - INFO -   batch  30/381 | loss=0.0646 mse=0.0416 sym=0.0109 phy=0.0187 | 5.0s
2026-06-20 16:07:07,999 - INFO -   batch  40/381 | loss=0.0933 mse=0.0640 sym=0.0108 phy=0.0183 | 6.6s
2026-06-20 16:07:09,591 - INFO -   batch  50/381 | loss=0.0882 mse=0.0536 sym=0.0109 phy=0.0191 | 8.2s
2026-06-20 16:07:11,175 - INFO -   batch  60/381 | loss=0.0813 mse=0.0591 sym=0.0108 phy=0.0192 | 9.7s
2026-06-20 16:07:12,795 - INFO -   batch  70/381 | loss=0.0895 mse=0.0633 sym=0.0108 phy=0.0190 | 11.4s
2026-06-20 16:07:14,409 - INFO -   batch  80/381 | loss=0.0779 mse=0.0499 sym=0.0108 phy=0.0190 | 13.0s
2026-06-20 16:07:15,992 - INFO -   batch  90/381 | loss=0.0891 mse=0.0599 sym=0.0108 phy=0.0188 | 14.6s
2026-06-20 16:07:17,626 - INFO -   batch 100/381 | loss=0.0963 mse=0.0649 sym=0.0108 phy=0.0187 | 16.2s
2026-06-20 16:07:19,285 - INFO -   batch 110/381 | loss=0.0989 mse=0.0720 sym=0.0108 phy=0.0188 | 17.9s
2026-06-20 16:07:20,952 - INFO -   batch 120/381 | loss=0.0946 mse=0.0586 sym=0.0108 phy=0.0190 | 19.5s
2026-06-20 16:07:22,625 - INFO -   batch 130/381 | loss=0.0883 mse=0.0579 sym=0.0108 phy=0.0191 | 21.2s
2026-06-20 16:07:24,304 - INFO -   batch 140/381 | loss=0.1011 mse=0.0611 sym=0.0108 phy=0.0190 | 22.9s
2026-06-20 16:07:25,914 - INFO -   batch 150/381 | loss=0.0752 mse=0.0469 sym=0.0108 phy=0.0190 | 24.5s
2026-06-20 16:07:27,517 - INFO -   batch 160/381 | loss=0.0992 mse=0.0601 sym=0.0108 phy=0.0191 | 26.1s
2026-06-20 16:07:29,110 - INFO -   batch 170/381 | loss=0.0787 mse=0.0445 sym=0.0108 phy=0.0192 | 27.7s
2026-06-20 16:07:30,736 - INFO -   batch 180/381 | loss=0.1003 mse=0.0533 sym=0.0108 phy=0.0192 | 29.3s
2026-06-20 16:07:32,401 - INFO -   batch 190/381 | loss=0.0899 mse=0.0505 sym=0.0109 phy=0.0192 | 31.0s
2026-06-20 16:07:34,070 - INFO -   batch 200/381 | loss=0.0943 mse=0.0589 sym=0.0109 phy=0.0193 | 32.6s
2026-06-20 16:07:35,735 - INFO -   batch 210/381 | loss=0.0946 mse=0.0648 sym=0.0109 phy=0.0193 | 34.3s
2026-06-20 16:07:37,418 - INFO -   batch 220/381 | loss=0.0896 mse=0.0633 sym=0.0109 phy=0.0192 | 36.0s
2026-06-20 16:07:39,065 - INFO -   batch 230/381 | loss=0.0863 mse=0.0548 sym=0.0109 phy=0.0192 | 37.6s
2026-06-20 16:07:40,664 - INFO -   batch 240/381 | loss=0.0697 mse=0.0435 sym=0.0109 phy=0.0192 | 39.2s
2026-06-20 16:07:42,272 - INFO -   batch 250/381 | loss=0.1078 mse=0.0721 sym=0.0109 phy=0.0193 | 40.8s
2026-06-20 16:07:43,876 - INFO -   batch 260/381 | loss=0.0759 mse=0.0463 sym=0.0109 phy=0.0192 | 42.4s
2026-06-20 16:07:45,476 - INFO -   batch 270/381 | loss=0.0855 mse=0.0593 sym=0.0109 phy=0.0192 | 44.0s
2026-06-20 16:07:47,093 - INFO -   batch 280/381 | loss=0.0883 mse=0.0484 sym=0.0109 phy=0.0193 | 45.7s
2026-06-20 16:07:48,704 - INFO -   batch 290/381 | loss=0.0817 mse=0.0499 sym=0.0109 phy=0.0193 | 47.3s
2026-06-20 16:07:50,372 - INFO -   batch 300/381 | loss=0.0797 mse=0.0502 sym=0.0109 phy=0.0194 | 48.9s
2026-06-20 16:07:51,970 - INFO -   batch 310/381 | loss=0.1034 mse=0.0684 sym=0.0109 phy=0.0193 | 50.5s
2026-06-20 16:07:53,559 - INFO -   batch 320/381 | loss=0.0797 mse=0.0506 sym=0.0109 phy=0.0193 | 52.1s
2026-06-20 16:07:55,220 - INFO -   batch 330/381 | loss=0.0746 mse=0.0471 sym=0.0109 phy=0.0192 | 53.8s
2026-06-20 16:07:56,886 - INFO -   batch 340/381 | loss=0.0845 mse=0.0504 sym=0.0109 phy=0.0192 | 55.5s
2026-06-20 16:07:58,566 - INFO -   batch 350/381 | loss=0.1004 mse=0.0664 sym=0.0109 phy=0.0192 | 57.1s
2026-06-20 16:08:00,240 - INFO -   batch 360/381 | loss=0.0834 mse=0.0514 sym=0.0109 phy=0.0191 | 58.8s
2026-06-20 16:08:01,855 - INFO -   batch 370/381 | loss=0.0777 mse=0.0494 sym=0.0109 phy=0.0191 | 60.4s
2026-06-20 16:08:03,497 - INFO -   batch 380/381 | loss=0.0844 mse=0.0582 sym=0.0109 phy=0.0190 | 62.1s
2026-06-20 16:08:06,527 - INFO -   batch   1/381 | loss=0.0928 mse=0.0638 sym=0.0104 phy=0.0185 | 0.2s
2026-06-20 16:08:07,965 - INFO -   batch  10/381 | loss=0.1013 mse=0.0695 sym=0.0107 phy=0.0194 | 1.7s
2026-06-20 16:08:09,637 - INFO -   batch  20/381 | loss=0.0851 mse=0.0554 sym=0.0109 phy=0.0183 | 3.3s
2026-06-20 16:08:11,232 - INFO -   batch  30/381 | loss=0.0703 mse=0.0465 sym=0.0109 phy=0.0179 | 4.9s
2026-06-20 16:08:12,818 - INFO -   batch  40/381 | loss=0.0939 mse=0.0643 sym=0.0109 phy=0.0175 | 6.5s
2026-06-20 16:08:14,416 - INFO -   batch  50/381 | loss=0.0799 mse=0.0438 sym=0.0108 phy=0.0183 | 8.1s
2026-06-20 16:08:16,040 - INFO -   batch  60/381 | loss=0.0948 mse=0.0583 sym=0.0108 phy=0.0184 | 9.7s
2026-06-20 16:08:17,700 - INFO -   batch  70/381 | loss=0.0775 mse=0.0482 sym=0.0108 phy=0.0184 | 11.4s
2026-06-20 16:08:19,345 - INFO -   batch  80/381 | loss=0.0813 mse=0.0501 sym=0.0108 phy=0.0186 | 13.0s
2026-06-20 16:08:20,971 - INFO -   batch  90/381 | loss=0.0710 mse=0.0429 sym=0.0108 phy=0.0186 | 14.7s
2026-06-20 16:08:22,630 - INFO -   batch 100/381 | loss=0.0781 mse=0.0504 sym=0.0108 phy=0.0187 | 16.3s
2026-06-20 16:08:24,249 - INFO -   batch 110/381 | loss=0.0803 mse=0.0515 sym=0.0109 phy=0.0187 | 17.9s
2026-06-20 16:08:25,908 - INFO -   batch 120/381 | loss=0.0796 mse=0.0543 sym=0.0109 phy=0.0188 | 19.6s
2026-06-20 16:08:27,565 - INFO -   batch 130/381 | loss=0.0900 mse=0.0527 sym=0.0108 phy=0.0189 | 21.3s
2026-06-20 16:08:29,154 - INFO -   batch 140/381 | loss=0.0988 mse=0.0679 sym=0.0108 phy=0.0191 | 22.9s
2026-06-20 16:08:30,776 - INFO -   batch 150/381 | loss=0.0997 mse=0.0700 sym=0.0108 phy=0.0192 | 24.5s
2026-06-20 16:08:32,391 - INFO -   batch 160/381 | loss=0.0794 mse=0.0483 sym=0.0108 phy=0.0191 | 26.1s
2026-06-20 16:08:34,004 - INFO -   batch 170/381 | loss=0.0697 mse=0.0440 sym=0.0109 phy=0.0190 | 27.7s
2026-06-20 16:08:35,621 - INFO -   batch 180/381 | loss=0.0809 mse=0.0552 sym=0.0109 phy=0.0189 | 29.3s
2026-06-20 16:08:37,281 - INFO -   batch 190/381 | loss=0.0831 mse=0.0520 sym=0.0109 phy=0.0190 | 31.0s
2026-06-20 16:08:38,947 - INFO -   batch 200/381 | loss=0.0949 mse=0.0652 sym=0.0109 phy=0.0191 | 32.6s
2026-06-20 16:08:40,568 - INFO -   batch 210/381 | loss=0.1157 mse=0.0852 sym=0.0109 phy=0.0190 | 34.3s
2026-06-20 16:08:42,221 - INFO -   batch 220/381 | loss=0.0878 mse=0.0493 sym=0.0109 phy=0.0190 | 35.9s
2026-06-20 16:08:43,887 - INFO -   batch 230/381 | loss=0.0634 mse=0.0373 sym=0.0109 phy=0.0191 | 37.6s
2026-06-20 16:08:45,552 - INFO -   batch 240/381 | loss=0.0917 mse=0.0647 sym=0.0109 phy=0.0189 | 39.3s
2026-06-20 16:08:47,209 - INFO -   batch 250/381 | loss=0.0761 mse=0.0460 sym=0.0109 phy=0.0189 | 40.9s
2026-06-20 16:08:48,854 - INFO -   batch 260/381 | loss=0.0880 mse=0.0621 sym=0.0109 phy=0.0189 | 42.6s
2026-06-20 16:08:50,469 - INFO -   batch 270/381 | loss=0.0615 mse=0.0378 sym=0.0109 phy=0.0188 | 44.2s
2026-06-20 16:08:52,139 - INFO -   batch 280/381 | loss=0.0872 mse=0.0592 sym=0.0109 phy=0.0188 | 45.8s
2026-06-20 16:08:53,801 - INFO -   batch 290/381 | loss=0.0845 mse=0.0464 sym=0.0109 phy=0.0188 | 47.5s
2026-06-20 16:08:55,472 - INFO -   batch 300/381 | loss=0.0784 mse=0.0527 sym=0.0109 phy=0.0188 | 49.2s
2026-06-20 16:08:57,128 - INFO -   batch 310/381 | loss=0.0842 mse=0.0526 sym=0.0109 phy=0.0188 | 50.8s
2026-06-20 16:08:58,732 - INFO -   batch 320/381 | loss=0.1034 mse=0.0704 sym=0.0109 phy=0.0189 | 52.4s
2026-06-20 16:09:00,396 - INFO -   batch 330/381 | loss=0.0699 mse=0.0425 sym=0.0109 phy=0.0188 | 54.1s
2026-06-20 16:09:02,062 - INFO -   batch 340/381 | loss=0.0660 mse=0.0421 sym=0.0109 phy=0.0188 | 55.8s
2026-06-20 16:09:03,696 - INFO -   batch 350/381 | loss=0.0838 mse=0.0569 sym=0.0109 phy=0.0188 | 57.4s
2026-06-20 16:09:05,296 - INFO -   batch 360/381 | loss=0.0709 mse=0.0409 sym=0.0109 phy=0.0188 | 59.0s
2026-06-20 16:09:06,918 - INFO -   batch 370/381 | loss=0.0885 mse=0.0556 sym=0.0109 phy=0.0188 | 60.6s
2026-06-20 16:09:08,642 - INFO -   batch 380/381 | loss=0.0836 mse=0.0594 sym=0.0109 phy=0.0189 | 62.3s
2026-06-20 16:09:11,644 - INFO -   batch   1/381 | loss=0.0744 mse=0.0430 sym=0.0109 phy=0.0205 | 0.2s
2026-06-20 16:09:13,083 - INFO -   batch  10/381 | loss=0.0817 mse=0.0567 sym=0.0107 phy=0.0179 | 1.7s
2026-06-20 16:09:14,661 - INFO -   batch  20/381 | loss=0.0754 mse=0.0493 sym=0.0108 phy=0.0176 | 3.2s
2026-06-20 16:09:16,225 - INFO -   batch  30/381 | loss=0.0718 mse=0.0372 sym=0.0107 phy=0.0180 | 4.8s
2026-06-20 16:09:17,822 - INFO -   batch  40/381 | loss=0.0836 mse=0.0586 sym=0.0108 phy=0.0182 | 6.4s
2026-06-20 16:09:19,414 - INFO -   batch  50/381 | loss=0.0736 mse=0.0474 sym=0.0108 phy=0.0184 | 8.0s
2026-06-20 16:09:20,993 - INFO -   batch  60/381 | loss=0.0813 mse=0.0544 sym=0.0108 phy=0.0184 | 9.6s
2026-06-20 16:09:22,567 - INFO -   batch  70/381 | loss=0.0701 mse=0.0447 sym=0.0108 phy=0.0183 | 11.1s
2026-06-20 16:09:24,162 - INFO -   batch  80/381 | loss=0.0798 mse=0.0520 sym=0.0108 phy=0.0185 | 12.7s
2026-06-20 16:09:25,744 - INFO -   batch  90/381 | loss=0.0920 mse=0.0645 sym=0.0108 phy=0.0187 | 14.3s
2026-06-20 16:09:27,354 - INFO -   batch 100/381 | loss=0.0863 mse=0.0520 sym=0.0108 phy=0.0186 | 15.9s
2026-06-20 16:09:28,968 - INFO -   batch 110/381 | loss=0.0917 mse=0.0630 sym=0.0108 phy=0.0186 | 17.5s
2026-06-20 16:09:30,583 - INFO -   batch 120/381 | loss=0.0747 mse=0.0459 sym=0.0108 phy=0.0186 | 19.2s
2026-06-20 16:09:32,207 - INFO -   batch 130/381 | loss=0.0938 mse=0.0650 sym=0.0109 phy=0.0186 | 20.8s
2026-06-20 16:09:33,854 - INFO -   batch 140/381 | loss=0.0704 mse=0.0403 sym=0.0108 phy=0.0187 | 22.4s
2026-06-20 16:09:35,430 - INFO -   batch 150/381 | loss=0.0835 mse=0.0583 sym=0.0109 phy=0.0186 | 24.0s
2026-06-20 16:09:37,015 - INFO -   batch 160/381 | loss=0.0756 mse=0.0469 sym=0.0109 phy=0.0185 | 25.6s
2026-06-20 16:09:38,649 - INFO -   batch 170/381 | loss=0.0841 mse=0.0497 sym=0.0108 phy=0.0186 | 27.2s
2026-06-20 16:09:40,264 - INFO -   batch 180/381 | loss=0.0905 mse=0.0592 sym=0.0108 phy=0.0187 | 28.8s
2026-06-20 16:09:41,881 - INFO -   batch 190/381 | loss=0.0803 mse=0.0487 sym=0.0108 phy=0.0187 | 30.4s
2026-06-20 16:09:43,465 - INFO -   batch 200/381 | loss=0.0933 mse=0.0636 sym=0.0108 phy=0.0187 | 32.0s
2026-06-20 16:09:45,085 - INFO -   batch 210/381 | loss=0.0733 mse=0.0474 sym=0.0108 phy=0.0188 | 33.7s
2026-06-20 16:09:46,729 - INFO -   batch 220/381 | loss=0.0868 mse=0.0627 sym=0.0108 phy=0.0187 | 35.3s
2026-06-20 16:09:48,340 - INFO -   batch 230/381 | loss=0.0932 mse=0.0640 sym=0.0109 phy=0.0187 | 36.9s
2026-06-20 16:09:49,981 - INFO -   batch 240/381 | loss=0.0992 mse=0.0626 sym=0.0109 phy=0.0187 | 38.5s
2026-06-20 16:09:51,600 - INFO -   batch 250/381 | loss=0.0784 mse=0.0480 sym=0.0109 phy=0.0186 | 40.2s
2026-06-20 16:09:53,192 - INFO -   batch 260/381 | loss=0.0732 mse=0.0473 sym=0.0109 phy=0.0186 | 41.8s
2026-06-20 16:09:54,809 - INFO -   batch 270/381 | loss=0.0913 mse=0.0561 sym=0.0109 phy=0.0187 | 43.4s
2026-06-20 16:09:56,453 - INFO -   batch 280/381 | loss=0.0634 mse=0.0373 sym=0.0109 phy=0.0188 | 45.0s
2026-06-20 16:09:58,126 - INFO -   batch 290/381 | loss=0.1045 mse=0.0604 sym=0.0109 phy=0.0188 | 46.7s
2026-06-20 16:09:59,798 - INFO -   batch 300/381 | loss=0.1165 mse=0.0864 sym=0.0109 phy=0.0188 | 48.4s
2026-06-20 16:10:01,455 - INFO -   batch 310/381 | loss=0.0927 mse=0.0659 sym=0.0109 phy=0.0189 | 50.0s
2026-06-20 16:10:03,105 - INFO -   batch 320/381 | loss=0.1028 mse=0.0755 sym=0.0109 phy=0.0189 | 51.7s
2026-06-20 16:10:04,727 - INFO -   batch 330/381 | loss=0.0904 mse=0.0512 sym=0.0109 phy=0.0190 | 53.3s
2026-06-20 16:10:06,397 - INFO -   batch 340/381 | loss=0.0897 mse=0.0610 sym=0.0109 phy=0.0189 | 55.0s
2026-06-20 16:10:08,033 - INFO -   batch 350/381 | loss=0.0705 mse=0.0437 sym=0.0109 phy=0.0189 | 56.6s
2026-06-20 16:10:09,660 - INFO -   batch 360/381 | loss=0.0730 mse=0.0515 sym=0.0109 phy=0.0189 | 58.2s
2026-06-20 16:10:11,317 - INFO -   batch 370/381 | loss=0.0790 mse=0.0547 sym=0.0109 phy=0.0189 | 59.9s
2026-06-20 16:10:12,981 - INFO -   batch 380/381 | loss=0.0823 mse=0.0546 sym=0.0109 phy=0.0189 | 61.5s
2026-06-20 16:10:15,981 - INFO -   batch   1/381 | loss=0.0906 mse=0.0600 sym=0.0105 phy=0.0201 | 0.2s
2026-06-20 16:10:17,443 - INFO -   batch  10/381 | loss=0.0707 mse=0.0435 sym=0.0111 phy=0.0176 | 1.7s
2026-06-20 16:10:19,098 - INFO -   batch  20/381 | loss=0.0776 mse=0.0492 sym=0.0109 phy=0.0179 | 3.3s
2026-06-20 16:10:20,772 - INFO -   batch  30/381 | loss=0.0876 mse=0.0581 sym=0.0109 phy=0.0185 | 5.0s
2026-06-20 16:10:22,359 - INFO -   batch  40/381 | loss=0.0985 mse=0.0737 sym=0.0109 phy=0.0185 | 6.6s
2026-06-20 16:10:24,026 - INFO -   batch  50/381 | loss=0.0884 mse=0.0604 sym=0.0109 phy=0.0185 | 8.2s
2026-06-20 16:10:25,701 - INFO -   batch  60/381 | loss=0.0722 mse=0.0445 sym=0.0109 phy=0.0184 | 9.9s
2026-06-20 16:10:27,311 - INFO -   batch  70/381 | loss=0.0869 mse=0.0618 sym=0.0110 phy=0.0184 | 11.5s
2026-06-20 16:10:28,950 - INFO -   batch  80/381 | loss=0.0988 mse=0.0720 sym=0.0109 phy=0.0184 | 13.2s
2026-06-20 16:10:30,560 - INFO -   batch  90/381 | loss=0.0937 mse=0.0645 sym=0.0109 phy=0.0180 | 14.8s
2026-06-20 16:10:32,163 - INFO -   batch 100/381 | loss=0.0737 mse=0.0470 sym=0.0109 phy=0.0182 | 16.4s
2026-06-20 16:10:33,738 - INFO -   batch 110/381 | loss=0.1033 mse=0.0754 sym=0.0110 phy=0.0182 | 18.0s
2026-06-20 16:10:35,401 - INFO -   batch 120/381 | loss=0.0819 mse=0.0527 sym=0.0109 phy=0.0183 | 19.6s
2026-06-20 16:10:37,061 - INFO -   batch 130/381 | loss=0.0657 mse=0.0435 sym=0.0109 phy=0.0183 | 21.3s
2026-06-20 16:10:38,711 - INFO -   batch 140/381 | loss=0.0979 mse=0.0630 sym=0.0109 phy=0.0184 | 22.9s
2026-06-20 16:10:40,336 - INFO -   batch 150/381 | loss=0.0861 mse=0.0528 sym=0.0109 phy=0.0184 | 24.6s
2026-06-20 16:10:42,010 - INFO -   batch 160/381 | loss=0.0682 mse=0.0417 sym=0.0109 phy=0.0183 | 26.2s
2026-06-20 16:10:43,667 - INFO -   batch 170/381 | loss=0.0813 mse=0.0523 sym=0.0110 phy=0.0182 | 27.9s
2026-06-20 16:10:45,284 - INFO -   batch 180/381 | loss=0.0875 mse=0.0575 sym=0.0109 phy=0.0184 | 29.5s
2026-06-20 16:10:46,936 - INFO -   batch 190/381 | loss=0.1055 mse=0.0722 sym=0.0110 phy=0.0185 | 31.2s
2026-06-20 16:10:48,611 - INFO -   batch 200/381 | loss=0.0819 mse=0.0518 sym=0.0110 phy=0.0185 | 32.8s
2026-06-20 16:10:50,272 - INFO -   batch 210/381 | loss=0.0911 mse=0.0562 sym=0.0109 phy=0.0187 | 34.5s
2026-06-20 16:10:51,868 - INFO -   batch 220/381 | loss=0.0877 mse=0.0555 sym=0.0109 phy=0.0187 | 36.1s
2026-06-20 16:10:53,534 - INFO -   batch 230/381 | loss=0.0997 mse=0.0670 sym=0.0109 phy=0.0187 | 37.8s
2026-06-20 16:10:55,193 - INFO -   batch 240/381 | loss=0.0828 mse=0.0556 sym=0.0109 phy=0.0188 | 39.4s
2026-06-20 16:10:56,871 - INFO -   batch 250/381 | loss=0.0836 mse=0.0515 sym=0.0109 phy=0.0187 | 41.1s
2026-06-20 16:10:58,493 - INFO -   batch 260/381 | loss=0.0837 mse=0.0570 sym=0.0109 phy=0.0187 | 42.7s
2026-06-20 16:11:00,104 - INFO -   batch 270/381 | loss=0.0805 mse=0.0454 sym=0.0109 phy=0.0188 | 44.3s
2026-06-20 16:11:01,662 - INFO -   batch 280/381 | loss=0.0807 mse=0.0513 sym=0.0109 phy=0.0187 | 45.9s
2026-06-20 16:11:03,233 - INFO -   batch 290/381 | loss=0.1019 mse=0.0676 sym=0.0109 phy=0.0187 | 47.5s
2026-06-20 16:11:04,792 - INFO -   batch 300/381 | loss=0.0851 mse=0.0505 sym=0.0109 phy=0.0188 | 49.0s
2026-06-20 16:11:06,394 - INFO -   batch 310/381 | loss=0.0775 mse=0.0523 sym=0.0109 phy=0.0188 | 50.6s
2026-06-20 16:11:07,982 - INFO -   batch 320/381 | loss=0.0937 mse=0.0615 sym=0.0109 phy=0.0189 | 52.2s
2026-06-20 16:11:09,567 - INFO -   batch 330/381 | loss=0.0940 mse=0.0674 sym=0.0109 phy=0.0188 | 53.8s
2026-06-20 16:11:11,174 - INFO -   batch 340/381 | loss=0.1053 mse=0.0691 sym=0.0109 phy=0.0188 | 55.4s
2026-06-20 16:11:12,756 - INFO -   batch 350/381 | loss=0.0790 mse=0.0513 sym=0.0109 phy=0.0189 | 57.0s
2026-06-20 16:11:14,356 - INFO -   batch 360/381 | loss=0.0641 mse=0.0404 sym=0.0109 phy=0.0189 | 58.6s
2026-06-20 16:11:16,026 - INFO -   batch 370/381 | loss=0.1079 mse=0.0747 sym=0.0109 phy=0.0188 | 60.2s
2026-06-20 16:11:17,619 - INFO -   batch 380/381 | loss=0.0951 mse=0.0630 sym=0.0109 phy=0.0189 | 61.8s
2026-06-20 16:11:20,650 - INFO -   batch   1/381 | loss=0.0830 mse=0.0525 sym=0.0110 phy=0.0194 | 0.2s
2026-06-20 16:11:22,098 - INFO -   batch  10/381 | loss=0.0917 mse=0.0545 sym=0.0110 phy=0.0198 | 1.7s
2026-06-20 16:11:23,763 - INFO -   batch  20/381 | loss=0.0733 mse=0.0415 sym=0.0107 phy=0.0190 | 3.3s
2026-06-20 16:11:25,395 - INFO -   batch  30/381 | loss=0.0905 mse=0.0642 sym=0.0109 phy=0.0186 | 5.0s
2026-06-20 16:11:27,028 - INFO -   batch  40/381 | loss=0.0927 mse=0.0659 sym=0.0110 phy=0.0182 | 6.6s
2026-06-20 16:11:28,681 - INFO -   batch  50/381 | loss=0.0853 mse=0.0585 sym=0.0110 phy=0.0185 | 8.3s
2026-06-20 16:11:30,281 - INFO -   batch  60/381 | loss=0.0884 mse=0.0586 sym=0.0110 phy=0.0185 | 9.9s
2026-06-20 16:11:31,894 - INFO -   batch  70/381 | loss=0.0836 mse=0.0535 sym=0.0110 phy=0.0182 | 11.5s
2026-06-20 16:11:33,479 - INFO -   batch  80/381 | loss=0.1106 mse=0.0805 sym=0.0110 phy=0.0184 | 13.1s
2026-06-20 16:11:35,082 - INFO -   batch  90/381 | loss=0.0963 mse=0.0689 sym=0.0110 phy=0.0184 | 14.7s
2026-06-20 16:11:36,693 - INFO -   batch 100/381 | loss=0.0879 mse=0.0616 sym=0.0110 phy=0.0186 | 16.3s
2026-06-20 16:11:38,293 - INFO -   batch 110/381 | loss=0.0831 mse=0.0537 sym=0.0110 phy=0.0186 | 17.9s
2026-06-20 16:11:39,871 - INFO -   batch 120/381 | loss=0.0621 mse=0.0349 sym=0.0110 phy=0.0186 | 19.5s
2026-06-20 16:11:41,478 - INFO -   batch 130/381 | loss=0.0808 mse=0.0553 sym=0.0110 phy=0.0186 | 21.1s
2026-06-20 16:11:43,038 - INFO -   batch 140/381 | loss=0.0796 mse=0.0516 sym=0.0110 phy=0.0185 | 22.6s
2026-06-20 16:11:44,637 - INFO -   batch 150/381 | loss=0.0857 mse=0.0559 sym=0.0110 phy=0.0185 | 24.2s
2026-06-20 16:11:46,301 - INFO -   batch 160/381 | loss=0.0882 mse=0.0523 sym=0.0110 phy=0.0187 | 25.9s
2026-06-20 16:11:47,965 - INFO -   batch 170/381 | loss=0.1067 mse=0.0721 sym=0.0110 phy=0.0186 | 27.5s
2026-06-20 16:11:49,642 - INFO -   batch 180/381 | loss=0.1040 mse=0.0735 sym=0.0110 phy=0.0188 | 29.2s
2026-06-20 16:11:51,217 - INFO -   batch 190/381 | loss=0.0790 mse=0.0505 sym=0.0110 phy=0.0187 | 30.8s
2026-06-20 16:11:52,825 - INFO -   batch 200/381 | loss=0.0823 mse=0.0506 sym=0.0110 phy=0.0188 | 32.4s
2026-06-20 16:11:54,403 - INFO -   batch 210/381 | loss=0.0820 mse=0.0535 sym=0.0110 phy=0.0189 | 34.0s
2026-06-20 16:11:56,046 - INFO -   batch 220/381 | loss=0.0897 mse=0.0608 sym=0.0110 phy=0.0189 | 35.6s
2026-06-20 16:11:57,662 - INFO -   batch 230/381 | loss=0.0777 mse=0.0506 sym=0.0110 phy=0.0189 | 37.2s
2026-06-20 16:11:59,330 - INFO -   batch 240/381 | loss=0.0814 mse=0.0493 sym=0.0110 phy=0.0189 | 38.9s
2026-06-20 16:12:00,987 - INFO -   batch 250/381 | loss=0.0798 mse=0.0543 sym=0.0110 phy=0.0188 | 40.6s
2026-06-20 16:12:02,603 - INFO -   batch 260/381 | loss=0.0855 mse=0.0557 sym=0.0110 phy=0.0189 | 42.2s
2026-06-20 16:12:04,258 - INFO -   batch 270/381 | loss=0.0776 mse=0.0511 sym=0.0110 phy=0.0188 | 43.8s
2026-06-20 16:12:05,925 - INFO -   batch 280/381 | loss=0.0850 mse=0.0495 sym=0.0110 phy=0.0189 | 45.5s
2026-06-20 16:12:07,594 - INFO -   batch 290/381 | loss=0.0741 mse=0.0506 sym=0.0110 phy=0.0190 | 47.2s
2026-06-20 16:12:09,177 - INFO -   batch 300/381 | loss=0.1147 mse=0.0756 sym=0.0110 phy=0.0189 | 48.8s
2026-06-20 16:12:10,856 - INFO -   batch 310/381 | loss=0.0838 mse=0.0597 sym=0.0110 phy=0.0190 | 50.4s
2026-06-20 16:12:12,525 - INFO -   batch 320/381 | loss=0.0798 mse=0.0578 sym=0.0109 phy=0.0189 | 52.1s
2026-06-20 16:12:14,192 - INFO -   batch 330/381 | loss=0.0812 mse=0.0472 sym=0.0109 phy=0.0189 | 53.8s
2026-06-20 16:12:15,847 - INFO -   batch 340/381 | loss=0.0721 mse=0.0434 sym=0.0109 phy=0.0189 | 55.4s
2026-06-20 16:12:17,460 - INFO -   batch 350/381 | loss=0.0800 mse=0.0524 sym=0.0109 phy=0.0188 | 57.0s
2026-06-20 16:12:19,122 - INFO -   batch 360/381 | loss=0.0883 mse=0.0568 sym=0.0109 phy=0.0189 | 58.7s
2026-06-20 16:12:20,773 - INFO -   batch 370/381 | loss=0.0951 mse=0.0673 sym=0.0109 phy=0.0189 | 60.4s
2026-06-20 16:12:22,437 - INFO -   batch 380/381 | loss=0.0705 mse=0.0423 sym=0.0109 phy=0.0189 | 62.0s
2026-06-20 16:12:25,196 - INFO - Epoch  50/50 | Loss=0.0849 MSE=0.0551 Sym=0.0109 Phy=0.0189 | Val RMSE=0.2320 ρ=0.324 | 65s
2026-06-20 16:12:25,216 - INFO - Saved: checkpoints/gors_full.pth (best RMSE=0.2288)
2026-06-20 16:12:25,216 - INFO - Done. Best Val RMSE=0.2288 at epoch 34, ρ=0.3214
