2026-06-20 15:17:30,452 - INFO - Device: cuda
2026-06-20 15:17:30,452 - INFO - Loading 26 zones...
2026-06-20 15:17:30,453 - INFO - Loading ERCOT_zone_1_ from ERCOT_zone_1_.csv
2026-06-20 15:17:30,548 - INFO -   rows=50000, features=11
2026-06-20 15:17:30,548 - INFO - Loading ERCOT_zone_2_ from ERCOT_zone_2_.csv
2026-06-20 15:17:30,636 - INFO -   rows=50000, features=11
2026-06-20 15:17:30,636 - INFO - Loading ERCOT_zone_3_ from ERCOT_zone_3_.csv
2026-06-20 15:17:30,723 - INFO -   rows=50000, features=11
2026-06-20 15:17:30,723 - INFO - Loading ERCOT_zone_4_ from ERCOT_zone_4_.csv
2026-06-20 15:17:30,810 - INFO -   rows=50000, features=11
2026-06-20 15:17:30,810 - INFO - Loading MISO_zone_1_ from MISO_zone_1_.csv
2026-06-20 15:17:30,897 - INFO -   rows=50000, features=11
2026-06-20 15:17:30,897 - INFO - Loading MISO_zone_2_ from MISO_zone_2_.csv
2026-06-20 15:17:30,985 - INFO -   rows=50000, features=11
2026-06-20 15:17:30,985 - INFO - Loading MISO_zone_3_ from MISO_zone_3_.csv
2026-06-20 15:17:31,071 - INFO -   rows=50000, features=11
2026-06-20 15:17:31,071 - INFO - Loading MISO_zone_4_ from MISO_zone_4_.csv
2026-06-20 15:17:31,156 - INFO -   rows=50000, features=11
2026-06-20 15:17:31,156 - INFO - Loading SPP_zone_1_ from SPP_zone_1_.csv
2026-06-20 15:17:31,242 - INFO -   rows=50000, features=11
2026-06-20 15:17:31,242 - INFO - Loading SPP_zone_2_ from SPP_zone_2_.csv
2026-06-20 15:17:31,329 - INFO -   rows=50000, features=11
2026-06-20 15:17:31,329 - INFO - Loading SPP_zone_3_ from SPP_zone_3_.csv
2026-06-20 15:17:31,418 - INFO -   rows=50000, features=11
2026-06-20 15:17:31,418 - INFO - Loading SPP_zone_4_ from SPP_zone_4_.csv
2026-06-20 15:17:31,505 - INFO -   rows=50000, features=11
2026-06-20 15:17:31,505 - INFO - Loading SPP_zone_5_ from SPP_zone_5_.csv
2026-06-20 15:17:31,591 - INFO -   rows=50000, features=11
2026-06-20 15:17:31,591 - INFO - Loading SPP_zone_6_ from SPP_zone_6_.csv
2026-06-20 15:17:31,678 - INFO -   rows=50000, features=11
2026-06-20 15:17:31,678 - INFO - Loading SPP_zone_7_ from SPP_zone_7_.csv
2026-06-20 15:17:31,764 - INFO -   rows=50000, features=11
2026-06-20 15:17:31,764 - INFO - Loading SPP_zone_8_ from SPP_zone_8_.csv
2026-06-20 15:17:31,851 - INFO -   rows=50000, features=11
2026-06-20 15:17:31,851 - INFO - Loading PJM_zone_1_ from PJM_zone_1_.csv
2026-06-20 15:17:31,936 - INFO -   rows=50000, features=11
2026-06-20 15:17:31,936 - INFO - Loading PJM_zone_2_ from PJM_zone_2_.csv
2026-06-20 15:17:32,024 - INFO -   rows=50000, features=11
2026-06-20 15:17:32,024 - INFO - Loading PJM_zone_3_ from PJM_zone_3_.csv
2026-06-20 15:17:32,111 - INFO -   rows=50000, features=11
2026-06-20 15:17:32,111 - INFO - Loading PJM_zone_4_ from PJM_zone_4_.csv
2026-06-20 15:17:32,196 - INFO -   rows=50000, features=11
2026-06-20 15:17:32,196 - INFO - Loading PJM_zone_5_ from PJM_zone_5_.csv
2026-06-20 15:17:32,284 - INFO -   rows=50000, features=11
2026-06-20 15:17:32,284 - INFO - Loading PJM_zone_6_ from PJM_zone_6_.csv
2026-06-20 15:17:32,372 - INFO -   rows=50000, features=11
2026-06-20 15:17:32,372 - INFO - Loading PJM_zone_7_ from PJM_zone_7_.csv
2026-06-20 15:17:32,460 - INFO -   rows=50000, features=11
2026-06-20 15:17:32,460 - INFO - Loading PJM_zone_8_ from PJM_zone_8_.csv
2026-06-20 15:17:32,546 - INFO -   rows=50000, features=11
2026-06-20 15:17:32,546 - INFO - Loading PJM_zone_9_ from PJM_zone_9_.csv
2026-06-20 15:17:32,645 - INFO -   rows=50000, features=11
2026-06-20 15:17:32,645 - INFO - Loading PJM_zone_10_ from PJM_zone_10_.csv
2026-06-20 15:17:32,735 - INFO -   rows=50000, features=11
2026-06-20 15:17:33,811 - INFO - Generating GORS labels...
2026-06-20 15:17:33,828 - INFO - GORS distribution: train μ=0.498 σ=0.241 | val μ=0.488 σ=0.237
2026-06-20 15:17:33,864 - INFO - Model: 1.0M params
2026-06-20 15:17:33,864 - INFO - Symbolic: True | Physics: True | Feedback: False | Arch: single-LIF | Spike: True
2026-06-20 15:17:35,857 - INFO - Starting training: 50 epochs, 381 batches/epoch
2026-06-20 15:17:36,440 - INFO -   batch   1/381 | loss=0.1358 mse=0.0719 sym=0.0118 phy=0.0521 | 0.6s
2026-06-20 15:17:37,109 - INFO -   batch  10/381 | loss=0.1043 mse=0.0610 sym=0.0111 phy=0.0289 | 1.3s
2026-06-20 15:17:37,717 - INFO -   batch  20/381 | loss=0.1082 mse=0.0674 sym=0.0112 phy=0.0255 | 1.9s
2026-06-20 15:17:38,427 - INFO -   batch  30/381 | loss=0.0995 mse=0.0674 sym=0.0113 phy=0.0251 | 2.6s
2026-06-20 15:17:39,158 - INFO -   batch  40/381 | loss=0.0903 mse=0.0556 sym=0.0113 phy=0.0247 | 3.3s
2026-06-20 15:17:39,805 - INFO -   batch  50/381 | loss=0.1119 mse=0.0765 sym=0.0113 phy=0.0239 | 3.9s
2026-06-20 15:17:40,471 - INFO -   batch  60/381 | loss=0.1040 mse=0.0663 sym=0.0114 phy=0.0242 | 4.6s
2026-06-20 15:17:41,239 - INFO -   batch  70/381 | loss=0.0768 mse=0.0454 sym=0.0114 phy=0.0242 | 5.4s
2026-06-20 15:17:41,859 - INFO -   batch  80/381 | loss=0.1012 mse=0.0672 sym=0.0114 phy=0.0243 | 6.0s
2026-06-20 15:17:42,476 - INFO -   batch  90/381 | loss=0.1062 mse=0.0734 sym=0.0114 phy=0.0242 | 6.6s
2026-06-20 15:17:43,262 - INFO -   batch 100/381 | loss=0.0940 mse=0.0499 sym=0.0114 phy=0.0238 | 7.4s
2026-06-20 15:17:43,906 - INFO -   batch 110/381 | loss=0.1053 mse=0.0730 sym=0.0114 phy=0.0236 | 8.0s
2026-06-20 15:17:44,555 - INFO -   batch 120/381 | loss=0.1194 mse=0.0754 sym=0.0114 phy=0.0238 | 8.7s
2026-06-20 15:17:45,324 - INFO -   batch 130/381 | loss=0.0888 mse=0.0647 sym=0.0114 phy=0.0233 | 9.5s
2026-06-20 15:17:45,975 - INFO -   batch 140/381 | loss=0.0852 mse=0.0490 sym=0.0113 phy=0.0231 | 10.1s
2026-06-20 15:17:46,580 - INFO -   batch 150/381 | loss=0.0871 mse=0.0479 sym=0.0113 phy=0.0230 | 10.7s
2026-06-20 15:17:47,339 - INFO -   batch 160/381 | loss=0.1056 mse=0.0832 sym=0.0112 phy=0.0225 | 11.5s
2026-06-20 15:17:48,039 - INFO -   batch 170/381 | loss=0.0797 mse=0.0518 sym=0.0112 phy=0.0225 | 12.2s
2026-06-20 15:17:48,670 - INFO -   batch 180/381 | loss=0.0790 mse=0.0537 sym=0.0112 phy=0.0222 | 12.8s
2026-06-20 15:17:49,370 - INFO -   batch 190/381 | loss=0.1212 mse=0.0820 sym=0.0112 phy=0.0225 | 13.5s
2026-06-20 15:17:50,088 - INFO -   batch 200/381 | loss=0.0736 mse=0.0499 sym=0.0111 phy=0.0223 | 14.2s
2026-06-20 15:17:50,703 - INFO -   batch 210/381 | loss=0.0975 mse=0.0631 sym=0.0111 phy=0.0222 | 14.8s
2026-06-20 15:17:51,372 - INFO -   batch 220/381 | loss=0.0903 mse=0.0604 sym=0.0111 phy=0.0220 | 15.5s
2026-06-20 15:17:52,108 - INFO -   batch 230/381 | loss=0.0903 mse=0.0526 sym=0.0111 phy=0.0220 | 16.3s
2026-06-20 15:17:52,753 - INFO -   batch 240/381 | loss=0.0851 mse=0.0527 sym=0.0111 phy=0.0219 | 16.9s
2026-06-20 15:17:53,399 - INFO -   batch 250/381 | loss=0.0927 mse=0.0656 sym=0.0110 phy=0.0217 | 17.5s
2026-06-20 15:17:54,200 - INFO -   batch 260/381 | loss=0.0904 mse=0.0576 sym=0.0111 phy=0.0218 | 18.3s
2026-06-20 15:17:54,840 - INFO -   batch 270/381 | loss=0.0771 mse=0.0508 sym=0.0110 phy=0.0218 | 19.0s
2026-06-20 15:17:55,447 - INFO -   batch 280/381 | loss=0.0870 mse=0.0576 sym=0.0110 phy=0.0216 | 19.6s
2026-06-20 15:17:56,223 - INFO -   batch 290/381 | loss=0.0879 mse=0.0503 sym=0.0110 phy=0.0216 | 20.4s
2026-06-20 15:17:56,860 - INFO -   batch 300/381 | loss=0.1073 mse=0.0771 sym=0.0110 phy=0.0216 | 21.0s
2026-06-20 15:17:57,613 - INFO -   batch 310/381 | loss=0.1034 mse=0.0699 sym=0.0110 phy=0.0216 | 21.8s
2026-06-20 15:17:58,294 - INFO -   batch 320/381 | loss=0.0766 mse=0.0474 sym=0.0110 phy=0.0216 | 22.4s
2026-06-20 15:17:59,025 - INFO -   batch 330/381 | loss=0.0759 mse=0.0365 sym=0.0110 phy=0.0215 | 23.2s
2026-06-20 15:17:59,654 - INFO -   batch 340/381 | loss=0.0541 mse=0.0322 sym=0.0109 phy=0.0214 | 23.8s
2026-06-20 15:18:00,331 - INFO -   batch 350/381 | loss=0.0969 mse=0.0624 sym=0.0109 phy=0.0215 | 24.5s
2026-06-20 15:18:01,140 - INFO -   batch 360/381 | loss=0.0963 mse=0.0534 sym=0.0109 phy=0.0215 | 25.3s
2026-06-20 15:18:01,830 - INFO -   batch 370/381 | loss=0.0766 mse=0.0452 sym=0.0109 phy=0.0215 | 26.0s
2026-06-20 15:18:02,494 - INFO -   batch 380/381 | loss=0.0873 mse=0.0539 sym=0.0109 phy=0.0214 | 26.6s
2026-06-20 15:18:04,217 - INFO - Epoch   1/50 | Loss=0.0930 MSE=0.0607 Sym=0.0109 Phy=0.0214 | Val RMSE=0.2375 ρ=0.222 | 28s
2026-06-20 15:18:04,365 - INFO -   batch   1/381 | loss=0.0895 mse=0.0567 sym=0.0096 phy=0.0232 | 0.1s
2026-06-20 15:18:05,149 - INFO -   batch  10/381 | loss=0.0735 mse=0.0490 sym=0.0105 phy=0.0213 | 0.9s
2026-06-20 15:18:05,905 - INFO -   batch  20/381 | loss=0.0824 mse=0.0503 sym=0.0107 phy=0.0203 | 1.7s
2026-06-20 15:18:06,592 - INFO -   batch  30/381 | loss=0.0876 mse=0.0544 sym=0.0108 phy=0.0196 | 2.4s
2026-06-20 15:18:07,315 - INFO -   batch  40/381 | loss=0.0990 mse=0.0744 sym=0.0107 phy=0.0191 | 3.1s
2026-06-20 15:18:08,160 - INFO -   batch  50/381 | loss=0.0881 mse=0.0592 sym=0.0107 phy=0.0200 | 3.9s
2026-06-20 15:18:08,926 - INFO -   batch  60/381 | loss=0.0903 mse=0.0608 sym=0.0107 phy=0.0205 | 4.7s
2026-06-20 15:18:09,688 - INFO -   batch  70/381 | loss=0.0903 mse=0.0570 sym=0.0106 phy=0.0203 | 5.5s
2026-06-20 15:18:10,374 - INFO -   batch  80/381 | loss=0.0899 mse=0.0612 sym=0.0106 phy=0.0201 | 6.2s
2026-06-20 15:18:11,157 - INFO -   batch  90/381 | loss=0.1020 mse=0.0744 sym=0.0105 phy=0.0200 | 6.9s
2026-06-20 15:18:12,166 - INFO -   batch 100/381 | loss=0.1023 mse=0.0601 sym=0.0106 phy=0.0201 | 7.9s
2026-06-20 15:18:12,987 - INFO -   batch 110/381 | loss=0.0922 mse=0.0690 sym=0.0105 phy=0.0200 | 8.8s
2026-06-20 15:18:13,719 - INFO -   batch 120/381 | loss=0.0777 mse=0.0483 sym=0.0106 phy=0.0201 | 9.5s
2026-06-20 15:18:14,435 - INFO -   batch 130/381 | loss=0.1029 mse=0.0804 sym=0.0105 phy=0.0202 | 10.2s
2026-06-20 15:18:15,193 - INFO -   batch 140/381 | loss=0.0707 mse=0.0388 sym=0.0105 phy=0.0204 | 11.0s
2026-06-20 15:18:15,995 - INFO -   batch 150/381 | loss=0.0851 mse=0.0627 sym=0.0106 phy=0.0202 | 11.8s
2026-06-20 15:18:16,704 - INFO -   batch 160/381 | loss=0.0985 mse=0.0648 sym=0.0106 phy=0.0203 | 12.5s
2026-06-20 15:18:17,475 - INFO -   batch 170/381 | loss=0.0967 mse=0.0553 sym=0.0106 phy=0.0202 | 13.3s
2026-06-20 15:18:18,193 - INFO -   batch 180/381 | loss=0.0958 mse=0.0662 sym=0.0106 phy=0.0201 | 14.0s
2026-06-20 15:18:19,053 - INFO -   batch 190/381 | loss=0.0947 mse=0.0638 sym=0.0107 phy=0.0203 | 14.8s
2026-06-20 15:18:19,779 - INFO -   batch 200/381 | loss=0.0833 mse=0.0562 sym=0.0107 phy=0.0202 | 15.6s
2026-06-20 15:18:20,490 - INFO -   batch 210/381 | loss=0.0818 mse=0.0590 sym=0.0107 phy=0.0201 | 16.3s
2026-06-20 15:18:21,210 - INFO -   batch 220/381 | loss=0.1074 mse=0.0719 sym=0.0107 phy=0.0202 | 17.0s
2026-06-20 15:18:22,036 - INFO -   batch 230/381 | loss=0.0858 mse=0.0580 sym=0.0106 phy=0.0202 | 17.8s
2026-06-20 15:18:22,792 - INFO -   batch 240/381 | loss=0.1030 mse=0.0638 sym=0.0106 phy=0.0202 | 18.6s
2026-06-20 15:18:23,535 - INFO -   batch 250/381 | loss=0.0833 mse=0.0522 sym=0.0106 phy=0.0202 | 19.3s
2026-06-20 15:18:24,198 - INFO -   batch 260/381 | loss=0.0776 mse=0.0490 sym=0.0106 phy=0.0202 | 20.0s
2026-06-20 15:18:25,025 - INFO -   batch 270/381 | loss=0.0878 mse=0.0532 sym=0.0106 phy=0.0202 | 20.8s
2026-06-20 15:18:25,741 - INFO -   batch 280/381 | loss=0.0936 mse=0.0678 sym=0.0106 phy=0.0202 | 21.5s
2026-06-20 15:18:26,465 - INFO -   batch 290/381 | loss=0.0855 mse=0.0621 sym=0.0106 phy=0.0202 | 22.2s
2026-06-20 15:18:27,182 - INFO -   batch 300/381 | loss=0.0769 mse=0.0490 sym=0.0107 phy=0.0202 | 23.0s
2026-06-20 15:18:28,012 - INFO -   batch 310/381 | loss=0.0972 mse=0.0629 sym=0.0106 phy=0.0203 | 23.8s
2026-06-20 15:18:28,769 - INFO -   batch 320/381 | loss=0.1114 mse=0.0744 sym=0.0106 phy=0.0203 | 24.6s
2026-06-20 15:18:29,488 - INFO -   batch 330/381 | loss=0.0861 mse=0.0634 sym=0.0106 phy=0.0203 | 25.3s
2026-06-20 15:18:30,204 - INFO -   batch 340/381 | loss=0.0734 mse=0.0417 sym=0.0106 phy=0.0201 | 26.0s
2026-06-20 15:18:31,031 - INFO -   batch 350/381 | loss=0.0727 mse=0.0474 sym=0.0106 phy=0.0202 | 26.8s
2026-06-20 15:18:31,798 - INFO -   batch 360/381 | loss=0.1034 mse=0.0731 sym=0.0106 phy=0.0201 | 27.6s
2026-06-20 15:18:32,513 - INFO -   batch 370/381 | loss=0.1032 mse=0.0707 sym=0.0106 phy=0.0201 | 28.3s
2026-06-20 15:18:33,214 - INFO -   batch 380/381 | loss=0.1168 mse=0.0778 sym=0.0106 phy=0.0202 | 29.0s
2026-06-20 15:18:34,599 - INFO -   batch   1/381 | loss=0.1061 mse=0.0835 sym=0.0106 phy=0.0121 | 0.2s
2026-06-20 15:18:35,200 - INFO -   batch  10/381 | loss=0.0879 mse=0.0594 sym=0.0109 phy=0.0198 | 0.8s
2026-06-20 15:18:36,000 - INFO -   batch  20/381 | loss=0.0980 mse=0.0736 sym=0.0107 phy=0.0207 | 1.6s
2026-06-20 15:18:36,743 - INFO -   batch  30/381 | loss=0.0970 mse=0.0606 sym=0.0106 phy=0.0212 | 2.3s
2026-06-20 15:18:37,418 - INFO -   batch  40/381 | loss=0.0899 mse=0.0630 sym=0.0106 phy=0.0212 | 3.0s
2026-06-20 15:18:38,114 - INFO -   batch  50/381 | loss=0.0744 mse=0.0416 sym=0.0106 phy=0.0208 | 3.7s
2026-06-20 15:18:38,942 - INFO -   batch  60/381 | loss=0.0805 mse=0.0446 sym=0.0106 phy=0.0210 | 4.5s
2026-06-20 15:18:39,686 - INFO -   batch  70/381 | loss=0.0835 mse=0.0568 sym=0.0105 phy=0.0205 | 5.3s
2026-06-20 15:18:40,394 - INFO -   batch  80/381 | loss=0.1010 mse=0.0693 sym=0.0106 phy=0.0204 | 6.0s
2026-06-20 15:18:41,111 - INFO -   batch  90/381 | loss=0.0963 mse=0.0692 sym=0.0106 phy=0.0203 | 6.7s
2026-06-20 15:18:41,941 - INFO -   batch 100/381 | loss=0.0851 mse=0.0550 sym=0.0106 phy=0.0201 | 7.5s
2026-06-20 15:18:42,694 - INFO -   batch 110/381 | loss=0.0950 mse=0.0626 sym=0.0106 phy=0.0200 | 8.3s
2026-06-20 15:18:43,391 - INFO -   batch 120/381 | loss=0.0732 mse=0.0359 sym=0.0106 phy=0.0203 | 9.0s
2026-06-20 15:18:44,101 - INFO -   batch 130/381 | loss=0.0872 mse=0.0525 sym=0.0106 phy=0.0205 | 9.7s
2026-06-20 15:18:44,903 - INFO -   batch 140/381 | loss=0.0902 mse=0.0552 sym=0.0105 phy=0.0204 | 10.5s
2026-06-20 15:18:45,613 - INFO -   batch 150/381 | loss=0.0808 mse=0.0557 sym=0.0106 phy=0.0204 | 11.2s
2026-06-20 15:18:46,332 - INFO -   batch 160/381 | loss=0.0708 mse=0.0369 sym=0.0106 phy=0.0204 | 11.9s
2026-06-20 15:18:47,056 - INFO -   batch 170/381 | loss=0.0740 mse=0.0427 sym=0.0106 phy=0.0204 | 12.6s
2026-06-20 15:18:47,882 - INFO -   batch 180/381 | loss=0.0863 mse=0.0576 sym=0.0106 phy=0.0204 | 13.5s
2026-06-20 15:18:48,596 - INFO -   batch 190/381 | loss=0.0958 mse=0.0716 sym=0.0106 phy=0.0205 | 14.2s
2026-06-20 15:18:49,276 - INFO -   batch 200/381 | loss=0.0965 mse=0.0720 sym=0.0106 phy=0.0205 | 14.9s
2026-06-20 15:18:50,021 - INFO -   batch 210/381 | loss=0.0791 mse=0.0555 sym=0.0106 phy=0.0205 | 15.6s
2026-06-20 15:18:50,822 - INFO -   batch 220/381 | loss=0.0722 mse=0.0504 sym=0.0106 phy=0.0204 | 16.4s
2026-06-20 15:18:51,532 - INFO -   batch 230/381 | loss=0.0859 mse=0.0539 sym=0.0106 phy=0.0203 | 17.1s
2026-06-20 15:18:52,224 - INFO -   batch 240/381 | loss=0.0872 mse=0.0582 sym=0.0106 phy=0.0203 | 17.8s
2026-06-20 15:18:52,973 - INFO -   batch 250/381 | loss=0.0712 mse=0.0453 sym=0.0106 phy=0.0202 | 18.5s
2026-06-20 15:18:53,790 - INFO -   batch 260/381 | loss=0.1002 mse=0.0689 sym=0.0106 phy=0.0202 | 19.4s
2026-06-20 15:18:54,478 - INFO -   batch 270/381 | loss=0.0896 mse=0.0653 sym=0.0106 phy=0.0203 | 20.1s
2026-06-20 15:18:55,138 - INFO -   batch 280/381 | loss=0.0764 mse=0.0485 sym=0.0106 phy=0.0201 | 20.7s
2026-06-20 15:18:55,925 - INFO -   batch 290/381 | loss=0.0838 mse=0.0620 sym=0.0106 phy=0.0201 | 21.5s
2026-06-20 15:18:56,679 - INFO -   batch 300/381 | loss=0.0951 mse=0.0535 sym=0.0106 phy=0.0201 | 22.3s
2026-06-20 15:18:57,394 - INFO -   batch 310/381 | loss=0.0973 mse=0.0682 sym=0.0106 phy=0.0200 | 23.0s
2026-06-20 15:18:58,080 - INFO -   batch 320/381 | loss=0.0937 mse=0.0646 sym=0.0106 phy=0.0201 | 23.7s
2026-06-20 15:18:58,857 - INFO -   batch 330/381 | loss=0.0889 mse=0.0559 sym=0.0106 phy=0.0200 | 24.4s
2026-06-20 15:18:59,603 - INFO -   batch 340/381 | loss=0.1008 mse=0.0598 sym=0.0106 phy=0.0201 | 25.2s
2026-06-20 15:19:00,309 - INFO -   batch 350/381 | loss=0.0913 mse=0.0561 sym=0.0106 phy=0.0202 | 25.9s
2026-06-20 15:19:00,983 - INFO -   batch 360/381 | loss=0.0824 mse=0.0516 sym=0.0106 phy=0.0202 | 26.6s
2026-06-20 15:19:01,781 - INFO -   batch 370/381 | loss=0.0956 mse=0.0619 sym=0.0106 phy=0.0202 | 27.4s
2026-06-20 15:19:02,523 - INFO -   batch 380/381 | loss=0.0776 mse=0.0511 sym=0.0106 phy=0.0202 | 28.1s
2026-06-20 15:19:03,932 - INFO -   batch   1/381 | loss=0.0904 mse=0.0550 sym=0.0108 phy=0.0245 | 0.1s
2026-06-20 15:19:04,689 - INFO -   batch  10/381 | loss=0.0959 mse=0.0613 sym=0.0107 phy=0.0182 | 0.9s
2026-06-20 15:19:05,404 - INFO -   batch  20/381 | loss=0.0863 mse=0.0529 sym=0.0108 phy=0.0197 | 1.6s
2026-06-20 15:19:06,081 - INFO -   batch  30/381 | loss=0.1050 mse=0.0767 sym=0.0106 phy=0.0193 | 2.3s
2026-06-20 15:19:06,822 - INFO -   batch  40/381 | loss=0.0969 mse=0.0650 sym=0.0106 phy=0.0195 | 3.0s
2026-06-20 15:19:07,640 - INFO -   batch  50/381 | loss=0.0940 mse=0.0521 sym=0.0106 phy=0.0197 | 3.8s
2026-06-20 15:19:08,322 - INFO -   batch  60/381 | loss=0.1035 mse=0.0627 sym=0.0105 phy=0.0200 | 4.5s
2026-06-20 15:19:09,037 - INFO -   batch  70/381 | loss=0.0705 mse=0.0456 sym=0.0105 phy=0.0204 | 5.2s
2026-06-20 15:19:09,788 - INFO -   batch  80/381 | loss=0.0889 mse=0.0615 sym=0.0106 phy=0.0201 | 6.0s
2026-06-20 15:19:10,566 - INFO -   batch  90/381 | loss=0.0709 mse=0.0425 sym=0.0106 phy=0.0197 | 6.8s
2026-06-20 15:19:11,274 - INFO -   batch 100/381 | loss=0.0921 mse=0.0548 sym=0.0107 phy=0.0199 | 7.5s
2026-06-20 15:19:11,996 - INFO -   batch 110/381 | loss=0.0937 mse=0.0614 sym=0.0106 phy=0.0200 | 8.2s
2026-06-20 15:19:12,752 - INFO -   batch 120/381 | loss=0.1158 mse=0.0766 sym=0.0106 phy=0.0199 | 9.0s
2026-06-20 15:19:13,529 - INFO -   batch 130/381 | loss=0.0764 mse=0.0457 sym=0.0106 phy=0.0199 | 9.7s
2026-06-20 15:19:14,237 - INFO -   batch 140/381 | loss=0.0984 mse=0.0633 sym=0.0106 phy=0.0198 | 10.4s
2026-06-20 15:19:14,928 - INFO -   batch 150/381 | loss=0.0856 mse=0.0580 sym=0.0106 phy=0.0199 | 11.1s
2026-06-20 15:19:15,712 - INFO -   batch 160/381 | loss=0.0857 mse=0.0607 sym=0.0106 phy=0.0198 | 11.9s
2026-06-20 15:19:16,511 - INFO -   batch 170/381 | loss=0.0904 mse=0.0612 sym=0.0106 phy=0.0198 | 12.7s
2026-06-20 15:19:17,217 - INFO -   batch 180/381 | loss=0.0784 mse=0.0480 sym=0.0106 phy=0.0199 | 13.4s
2026-06-20 15:19:17,901 - INFO -   batch 190/381 | loss=0.0918 mse=0.0585 sym=0.0106 phy=0.0199 | 14.1s
2026-06-20 15:19:18,676 - INFO -   batch 200/381 | loss=0.0748 mse=0.0469 sym=0.0106 phy=0.0200 | 14.9s
2026-06-20 15:19:19,444 - INFO -   batch 210/381 | loss=0.0887 mse=0.0583 sym=0.0106 phy=0.0201 | 15.6s
2026-06-20 15:19:20,162 - INFO -   batch 220/381 | loss=0.0889 mse=0.0617 sym=0.0106 phy=0.0201 | 16.4s
2026-06-20 15:19:20,874 - INFO -   batch 230/381 | loss=0.0920 mse=0.0610 sym=0.0106 phy=0.0201 | 17.1s
2026-06-20 15:19:21,647 - INFO -   batch 240/381 | loss=0.1092 mse=0.0713 sym=0.0106 phy=0.0201 | 17.9s
2026-06-20 15:19:22,422 - INFO -   batch 250/381 | loss=0.1001 mse=0.0679 sym=0.0105 phy=0.0199 | 18.6s
2026-06-20 15:19:23,103 - INFO -   batch 260/381 | loss=0.0780 mse=0.0464 sym=0.0105 phy=0.0199 | 19.3s
2026-06-20 15:19:23,819 - INFO -   batch 270/381 | loss=0.1013 mse=0.0668 sym=0.0105 phy=0.0200 | 20.0s
2026-06-20 15:19:24,617 - INFO -   batch 280/381 | loss=0.0822 mse=0.0499 sym=0.0105 phy=0.0201 | 20.8s
2026-06-20 15:19:25,364 - INFO -   batch 290/381 | loss=0.0716 mse=0.0384 sym=0.0105 phy=0.0200 | 21.6s
2026-06-20 15:19:26,069 - INFO -   batch 300/381 | loss=0.0831 mse=0.0561 sym=0.0105 phy=0.0199 | 22.3s
2026-06-20 15:19:26,753 - INFO -   batch 310/381 | loss=0.1053 mse=0.0618 sym=0.0105 phy=0.0200 | 23.0s
2026-06-20 15:19:27,563 - INFO -   batch 320/381 | loss=0.0921 mse=0.0622 sym=0.0105 phy=0.0201 | 23.8s
2026-06-20 15:19:28,300 - INFO -   batch 330/381 | loss=0.0838 mse=0.0549 sym=0.0105 phy=0.0201 | 24.5s
2026-06-20 15:19:29,007 - INFO -   batch 340/381 | loss=0.0967 mse=0.0712 sym=0.0106 phy=0.0202 | 25.2s
2026-06-20 15:19:29,684 - INFO -   batch 350/381 | loss=0.0821 mse=0.0550 sym=0.0106 phy=0.0202 | 25.9s
2026-06-20 15:19:30,508 - INFO -   batch 360/381 | loss=0.0753 mse=0.0494 sym=0.0106 phy=0.0203 | 26.7s
2026-06-20 15:19:31,216 - INFO -   batch 370/381 | loss=0.0866 mse=0.0487 sym=0.0106 phy=0.0202 | 27.4s
2026-06-20 15:19:31,921 - INFO -   batch 380/381 | loss=0.0972 mse=0.0695 sym=0.0105 phy=0.0202 | 28.1s
2026-06-20 15:19:33,297 - INFO -   batch   1/381 | loss=0.0678 mse=0.0397 sym=0.0108 phy=0.0173 | 0.2s
2026-06-20 15:19:33,919 - INFO -   batch  10/381 | loss=0.0768 mse=0.0506 sym=0.0104 phy=0.0181 | 0.8s
2026-06-20 15:19:34,611 - INFO -   batch  20/381 | loss=0.0920 mse=0.0573 sym=0.0106 phy=0.0209 | 1.5s
2026-06-20 15:19:35,440 - INFO -   batch  30/381 | loss=0.0806 mse=0.0526 sym=0.0108 phy=0.0210 | 2.3s
2026-06-20 15:19:36,148 - INFO -   batch  40/381 | loss=0.0734 mse=0.0376 sym=0.0107 phy=0.0201 | 3.0s
2026-06-20 15:19:36,825 - INFO -   batch  50/381 | loss=0.0973 mse=0.0711 sym=0.0107 phy=0.0200 | 3.7s
2026-06-20 15:19:37,567 - INFO -   batch  60/381 | loss=0.1131 mse=0.0747 sym=0.0107 phy=0.0207 | 4.4s
2026-06-20 15:19:38,359 - INFO -   batch  70/381 | loss=0.0815 mse=0.0580 sym=0.0107 phy=0.0202 | 5.2s
2026-06-20 15:19:39,064 - INFO -   batch  80/381 | loss=0.1087 mse=0.0775 sym=0.0107 phy=0.0203 | 5.9s
2026-06-20 15:19:39,742 - INFO -   batch  90/381 | loss=0.0942 mse=0.0564 sym=0.0107 phy=0.0203 | 6.6s
2026-06-20 15:19:40,493 - INFO -   batch 100/381 | loss=0.0809 mse=0.0559 sym=0.0107 phy=0.0202 | 7.3s
2026-06-20 15:19:41,274 - INFO -   batch 110/381 | loss=0.0868 mse=0.0571 sym=0.0107 phy=0.0200 | 8.1s
2026-06-20 15:19:41,978 - INFO -   batch 120/381 | loss=0.0969 mse=0.0631 sym=0.0106 phy=0.0202 | 8.8s
2026-06-20 15:19:42,699 - INFO -   batch 130/381 | loss=0.0817 mse=0.0518 sym=0.0106 phy=0.0205 | 9.6s
2026-06-20 15:19:43,456 - INFO -   batch 140/381 | loss=0.0884 mse=0.0571 sym=0.0106 phy=0.0207 | 10.3s
2026-06-20 15:19:44,242 - INFO -   batch 150/381 | loss=0.0967 mse=0.0616 sym=0.0106 phy=0.0205 | 11.1s
2026-06-20 15:19:44,951 - INFO -   batch 160/381 | loss=0.0930 mse=0.0673 sym=0.0106 phy=0.0204 | 11.8s
2026-06-20 15:19:45,623 - INFO -   batch 170/381 | loss=0.0874 mse=0.0556 sym=0.0106 phy=0.0202 | 12.5s
2026-06-20 15:19:46,389 - INFO -   batch 180/381 | loss=0.0940 mse=0.0610 sym=0.0106 phy=0.0202 | 13.2s
2026-06-20 15:19:47,167 - INFO -   batch 190/381 | loss=0.0730 mse=0.0503 sym=0.0106 phy=0.0202 | 14.0s
2026-06-20 15:19:47,883 - INFO -   batch 200/381 | loss=0.0787 mse=0.0481 sym=0.0106 phy=0.0202 | 14.7s
2026-06-20 15:19:48,576 - INFO -   batch 210/381 | loss=0.0640 mse=0.0413 sym=0.0106 phy=0.0201 | 15.4s
2026-06-20 15:19:49,361 - INFO -   batch 220/381 | loss=0.1000 mse=0.0656 sym=0.0106 phy=0.0200 | 16.2s
2026-06-20 15:19:50,146 - INFO -   batch 230/381 | loss=0.0923 mse=0.0607 sym=0.0106 phy=0.0200 | 17.0s
2026-06-20 15:19:50,860 - INFO -   batch 240/381 | loss=0.0934 mse=0.0583 sym=0.0106 phy=0.0202 | 17.7s
2026-06-20 15:19:51,552 - INFO -   batch 250/381 | loss=0.0689 mse=0.0452 sym=0.0106 phy=0.0202 | 18.4s
2026-06-20 15:19:52,334 - INFO -   batch 260/381 | loss=0.0778 mse=0.0462 sym=0.0106 phy=0.0202 | 19.2s
2026-06-20 15:19:53,081 - INFO -   batch 270/381 | loss=0.0901 mse=0.0647 sym=0.0106 phy=0.0200 | 19.9s
2026-06-20 15:19:53,790 - INFO -   batch 280/381 | loss=0.0838 mse=0.0579 sym=0.0106 phy=0.0199 | 20.6s
2026-06-20 15:19:54,470 - INFO -   batch 290/381 | loss=0.0888 mse=0.0574 sym=0.0106 phy=0.0200 | 21.3s
2026-06-20 15:19:55,292 - INFO -   batch 300/381 | loss=0.1055 mse=0.0713 sym=0.0106 phy=0.0200 | 22.1s
2026-06-20 15:19:56,036 - INFO -   batch 310/381 | loss=0.0842 mse=0.0436 sym=0.0106 phy=0.0200 | 22.9s
2026-06-20 15:19:56,700 - INFO -   batch 320/381 | loss=0.0986 mse=0.0557 sym=0.0106 phy=0.0201 | 23.6s
2026-06-20 15:19:57,406 - INFO -   batch 330/381 | loss=0.0919 mse=0.0589 sym=0.0106 phy=0.0201 | 24.3s
2026-06-20 15:19:58,242 - INFO -   batch 340/381 | loss=0.0836 mse=0.0477 sym=0.0106 phy=0.0202 | 25.1s
2026-06-20 15:19:58,988 - INFO -   batch 350/381 | loss=0.0976 mse=0.0737 sym=0.0106 phy=0.0202 | 25.8s
2026-06-20 15:19:59,698 - INFO -   batch 360/381 | loss=0.0820 mse=0.0523 sym=0.0106 phy=0.0202 | 26.6s
2026-06-20 15:20:00,385 - INFO -   batch 370/381 | loss=0.1004 mse=0.0708 sym=0.0106 phy=0.0202 | 27.2s
2026-06-20 15:20:01,209 - INFO -   batch 380/381 | loss=0.0856 mse=0.0596 sym=0.0106 phy=0.0202 | 28.1s
2026-06-20 15:20:02,393 - INFO - Epoch   5/50 | Loss=0.0880 MSE=0.0572 Sym=0.0106 Phy=0.0202 | Val RMSE=0.2320 ρ=0.243 | 29s
2026-06-20 15:20:02,566 - INFO -   batch   1/381 | loss=0.0827 mse=0.0494 sym=0.0110 phy=0.0222 | 0.2s
2026-06-20 15:20:03,268 - INFO -   batch  10/381 | loss=0.0876 mse=0.0530 sym=0.0108 phy=0.0211 | 0.9s
2026-06-20 15:20:04,017 - INFO -   batch  20/381 | loss=0.1038 mse=0.0763 sym=0.0104 phy=0.0193 | 1.6s
2026-06-20 15:20:04,724 - INFO -   batch  30/381 | loss=0.0855 mse=0.0612 sym=0.0104 phy=0.0198 | 2.3s
2026-06-20 15:20:05,431 - INFO -   batch  40/381 | loss=0.0928 mse=0.0629 sym=0.0104 phy=0.0204 | 3.0s
2026-06-20 15:20:06,238 - INFO -   batch  50/381 | loss=0.0839 mse=0.0576 sym=0.0105 phy=0.0210 | 3.8s
2026-06-20 15:20:06,978 - INFO -   batch  60/381 | loss=0.0913 mse=0.0605 sym=0.0105 phy=0.0208 | 4.6s
2026-06-20 15:20:07,675 - INFO -   batch  70/381 | loss=0.0927 mse=0.0573 sym=0.0105 phy=0.0208 | 5.3s
2026-06-20 15:20:08,392 - INFO -   batch  80/381 | loss=0.0863 mse=0.0593 sym=0.0106 phy=0.0207 | 6.0s
2026-06-20 15:20:09,195 - INFO -   batch  90/381 | loss=0.0808 mse=0.0496 sym=0.0106 phy=0.0204 | 6.8s
2026-06-20 15:20:09,929 - INFO -   batch 100/381 | loss=0.0821 mse=0.0511 sym=0.0106 phy=0.0203 | 7.5s
2026-06-20 15:20:10,607 - INFO -   batch 110/381 | loss=0.0849 mse=0.0451 sym=0.0106 phy=0.0202 | 8.2s
2026-06-20 15:20:11,313 - INFO -   batch 120/381 | loss=0.0884 mse=0.0548 sym=0.0106 phy=0.0203 | 8.9s
2026-06-20 15:20:12,151 - INFO -   batch 130/381 | loss=0.0912 mse=0.0555 sym=0.0106 phy=0.0204 | 9.8s
2026-06-20 15:20:12,861 - INFO -   batch 140/381 | loss=0.0801 mse=0.0556 sym=0.0106 phy=0.0202 | 10.5s
2026-06-20 15:20:13,575 - INFO -   batch 150/381 | loss=0.0802 mse=0.0473 sym=0.0106 phy=0.0201 | 11.2s
2026-06-20 15:20:14,260 - INFO -   batch 160/381 | loss=0.0877 mse=0.0591 sym=0.0106 phy=0.0202 | 11.9s
2026-06-20 15:20:15,094 - INFO -   batch 170/381 | loss=0.0921 mse=0.0556 sym=0.0106 phy=0.0202 | 12.7s
2026-06-20 15:20:15,985 - INFO -   batch 180/381 | loss=0.0799 mse=0.0496 sym=0.0106 phy=0.0203 | 13.6s
2026-06-20 15:20:16,707 - INFO -   batch 190/381 | loss=0.0923 mse=0.0595 sym=0.0106 phy=0.0202 | 14.3s
2026-06-20 15:20:17,432 - INFO -   batch 200/381 | loss=0.0814 mse=0.0560 sym=0.0106 phy=0.0202 | 15.0s
2026-06-20 15:20:18,208 - INFO -   batch 210/381 | loss=0.0793 mse=0.0515 sym=0.0106 phy=0.0201 | 15.8s
2026-06-20 15:20:18,980 - INFO -   batch 220/381 | loss=0.0931 mse=0.0550 sym=0.0106 phy=0.0201 | 16.6s
2026-06-20 15:20:19,670 - INFO -   batch 230/381 | loss=0.0793 mse=0.0522 sym=0.0106 phy=0.0200 | 17.3s
2026-06-20 15:20:20,354 - INFO -   batch 240/381 | loss=0.0835 mse=0.0548 sym=0.0106 phy=0.0200 | 18.0s
2026-06-20 15:20:21,181 - INFO -   batch 250/381 | loss=0.0859 mse=0.0610 sym=0.0106 phy=0.0200 | 18.8s
2026-06-20 15:20:21,930 - INFO -   batch 260/381 | loss=0.1001 mse=0.0711 sym=0.0106 phy=0.0199 | 19.5s
2026-06-20 15:20:22,642 - INFO -   batch 270/381 | loss=0.0731 mse=0.0475 sym=0.0106 phy=0.0199 | 20.2s
2026-06-20 15:20:23,325 - INFO -   batch 280/381 | loss=0.1041 mse=0.0659 sym=0.0106 phy=0.0200 | 20.9s
2026-06-20 15:20:24,158 - INFO -   batch 290/381 | loss=0.0892 mse=0.0630 sym=0.0106 phy=0.0200 | 21.8s
2026-06-20 15:20:24,937 - INFO -   batch 300/381 | loss=0.0908 mse=0.0623 sym=0.0106 phy=0.0201 | 22.5s
2026-06-20 15:20:25,629 - INFO -   batch 310/381 | loss=0.0972 mse=0.0680 sym=0.0106 phy=0.0201 | 23.2s
2026-06-20 15:20:26,280 - INFO -   batch 320/381 | loss=0.0897 mse=0.0546 sym=0.0106 phy=0.0202 | 23.9s
2026-06-20 15:20:27,106 - INFO -   batch 330/381 | loss=0.0831 mse=0.0509 sym=0.0106 phy=0.0201 | 24.7s
2026-06-20 15:20:27,845 - INFO -   batch 340/381 | loss=0.0951 mse=0.0622 sym=0.0106 phy=0.0201 | 25.5s
2026-06-20 15:20:28,572 - INFO -   batch 350/381 | loss=0.0769 mse=0.0502 sym=0.0106 phy=0.0202 | 26.2s
2026-06-20 15:20:29,293 - INFO -   batch 360/381 | loss=0.0839 mse=0.0598 sym=0.0106 phy=0.0201 | 26.9s
2026-06-20 15:20:30,104 - INFO -   batch 370/381 | loss=0.0883 mse=0.0633 sym=0.0106 phy=0.0201 | 27.7s
2026-06-20 15:20:30,845 - INFO -   batch 380/381 | loss=0.0778 mse=0.0527 sym=0.0106 phy=0.0201 | 28.5s
2026-06-20 15:20:32,214 - INFO -   batch   1/381 | loss=0.0785 mse=0.0484 sym=0.0110 phy=0.0190 | 0.1s
2026-06-20 15:20:32,969 - INFO -   batch  10/381 | loss=0.0835 mse=0.0581 sym=0.0109 phy=0.0195 | 0.9s
2026-06-20 15:20:33,706 - INFO -   batch  20/381 | loss=0.0800 mse=0.0570 sym=0.0108 phy=0.0202 | 1.6s
2026-06-20 15:20:34,428 - INFO -   batch  30/381 | loss=0.0700 mse=0.0439 sym=0.0105 phy=0.0202 | 2.4s
2026-06-20 15:20:35,144 - INFO -   batch  40/381 | loss=0.0917 mse=0.0515 sym=0.0105 phy=0.0201 | 3.1s
2026-06-20 15:20:35,937 - INFO -   batch  50/381 | loss=0.0747 mse=0.0458 sym=0.0104 phy=0.0200 | 3.9s
2026-06-20 15:20:36,637 - INFO -   batch  60/381 | loss=0.0901 mse=0.0620 sym=0.0105 phy=0.0205 | 4.6s
2026-06-20 15:20:37,324 - INFO -   batch  70/381 | loss=0.0756 mse=0.0499 sym=0.0105 phy=0.0201 | 5.2s
2026-06-20 15:20:38,081 - INFO -   batch  80/381 | loss=0.0920 mse=0.0669 sym=0.0105 phy=0.0198 | 6.0s
2026-06-20 15:20:38,869 - INFO -   batch  90/381 | loss=0.0782 mse=0.0477 sym=0.0105 phy=0.0198 | 6.8s
2026-06-20 15:20:39,574 - INFO -   batch 100/381 | loss=0.0816 mse=0.0472 sym=0.0106 phy=0.0201 | 7.5s
2026-06-20 15:20:40,259 - INFO -   batch 110/381 | loss=0.0823 mse=0.0520 sym=0.0106 phy=0.0199 | 8.2s
2026-06-20 15:20:41,049 - INFO -   batch 120/381 | loss=0.0721 mse=0.0389 sym=0.0106 phy=0.0200 | 9.0s
2026-06-20 15:20:41,815 - INFO -   batch 130/381 | loss=0.0804 mse=0.0549 sym=0.0106 phy=0.0202 | 9.7s
2026-06-20 15:20:42,524 - INFO -   batch 140/381 | loss=0.0838 mse=0.0542 sym=0.0106 phy=0.0203 | 10.4s
2026-06-20 15:20:43,199 - INFO -   batch 150/381 | loss=0.0898 mse=0.0618 sym=0.0106 phy=0.0203 | 11.1s
2026-06-20 15:20:43,996 - INFO -   batch 160/381 | loss=0.0939 mse=0.0609 sym=0.0106 phy=0.0202 | 11.9s
2026-06-20 15:20:44,775 - INFO -   batch 170/381 | loss=0.0690 mse=0.0396 sym=0.0106 phy=0.0203 | 12.7s
2026-06-20 15:20:45,487 - INFO -   batch 180/381 | loss=0.0865 mse=0.0557 sym=0.0106 phy=0.0204 | 13.4s
2026-06-20 15:20:46,188 - INFO -   batch 190/381 | loss=0.0972 mse=0.0694 sym=0.0106 phy=0.0204 | 14.1s
2026-06-20 15:20:46,961 - INFO -   batch 200/381 | loss=0.0958 mse=0.0692 sym=0.0105 phy=0.0203 | 14.9s
2026-06-20 15:20:47,741 - INFO -   batch 210/381 | loss=0.0771 mse=0.0508 sym=0.0106 phy=0.0204 | 15.7s
2026-06-20 15:20:48,425 - INFO -   batch 220/381 | loss=0.0960 mse=0.0662 sym=0.0106 phy=0.0202 | 16.3s
2026-06-20 15:20:49,137 - INFO -   batch 230/381 | loss=0.0917 mse=0.0656 sym=0.0106 phy=0.0202 | 17.1s
2026-06-20 15:20:49,934 - INFO -   batch 240/381 | loss=0.0945 mse=0.0547 sym=0.0106 phy=0.0202 | 17.9s
2026-06-20 15:20:50,681 - INFO -   batch 250/381 | loss=0.0783 mse=0.0410 sym=0.0106 phy=0.0201 | 18.6s
2026-06-20 15:20:51,338 - INFO -   batch 260/381 | loss=0.0747 mse=0.0469 sym=0.0106 phy=0.0202 | 19.3s
2026-06-20 15:20:52,055 - INFO -   batch 270/381 | loss=0.0917 mse=0.0613 sym=0.0106 phy=0.0203 | 20.0s
2026-06-20 15:20:52,880 - INFO -   batch 280/381 | loss=0.0954 mse=0.0675 sym=0.0106 phy=0.0203 | 20.8s
2026-06-20 15:20:53,591 - INFO -   batch 290/381 | loss=0.0734 mse=0.0510 sym=0.0106 phy=0.0203 | 21.5s
2026-06-20 15:20:54,276 - INFO -   batch 300/381 | loss=0.0627 mse=0.0373 sym=0.0106 phy=0.0202 | 22.2s
2026-06-20 15:20:55,023 - INFO -   batch 310/381 | loss=0.0956 mse=0.0616 sym=0.0106 phy=0.0202 | 22.9s
2026-06-20 15:20:55,818 - INFO -   batch 320/381 | loss=0.0792 mse=0.0463 sym=0.0106 phy=0.0202 | 23.7s
2026-06-20 15:20:56,529 - INFO -   batch 330/381 | loss=0.0896 mse=0.0620 sym=0.0106 phy=0.0202 | 24.5s
2026-06-20 15:20:57,221 - INFO -   batch 340/381 | loss=0.0859 mse=0.0554 sym=0.0106 phy=0.0202 | 25.1s
2026-06-20 15:20:57,959 - INFO -   batch 350/381 | loss=0.0895 mse=0.0533 sym=0.0106 phy=0.0203 | 25.9s
2026-06-20 15:20:58,777 - INFO -   batch 360/381 | loss=0.0961 mse=0.0728 sym=0.0106 phy=0.0202 | 26.7s
2026-06-20 15:20:59,450 - INFO -   batch 370/381 | loss=0.0824 mse=0.0536 sym=0.0106 phy=0.0202 | 27.4s
2026-06-20 15:21:00,120 - INFO -   batch 380/381 | loss=0.0868 mse=0.0537 sym=0.0106 phy=0.0202 | 28.0s
2026-06-20 15:21:01,502 - INFO -   batch   1/381 | loss=0.0908 mse=0.0572 sym=0.0107 phy=0.0229 | 0.2s
2026-06-20 15:21:02,089 - INFO -   batch  10/381 | loss=0.0853 mse=0.0557 sym=0.0105 phy=0.0228 | 0.8s
2026-06-20 15:21:02,877 - INFO -   batch  20/381 | loss=0.0921 mse=0.0572 sym=0.0104 phy=0.0223 | 1.5s
2026-06-20 15:21:03,623 - INFO -   batch  30/381 | loss=0.0912 mse=0.0540 sym=0.0106 phy=0.0218 | 2.3s
2026-06-20 15:21:04,333 - INFO -   batch  40/381 | loss=0.1119 mse=0.0712 sym=0.0107 phy=0.0221 | 3.0s
2026-06-20 15:21:05,043 - INFO -   batch  50/381 | loss=0.1082 mse=0.0768 sym=0.0106 phy=0.0217 | 3.7s
2026-06-20 15:21:05,834 - INFO -   batch  60/381 | loss=0.1007 mse=0.0705 sym=0.0106 phy=0.0213 | 4.5s
2026-06-20 15:21:06,577 - INFO -   batch  70/381 | loss=0.1005 mse=0.0661 sym=0.0106 phy=0.0209 | 5.2s
2026-06-20 15:21:07,214 - INFO -   batch  80/381 | loss=0.0962 mse=0.0690 sym=0.0105 phy=0.0207 | 5.9s
2026-06-20 15:21:07,891 - INFO -   batch  90/381 | loss=0.0857 mse=0.0601 sym=0.0105 phy=0.0206 | 6.6s
2026-06-20 15:21:08,690 - INFO -   batch 100/381 | loss=0.0850 mse=0.0547 sym=0.0105 phy=0.0206 | 7.4s
2026-06-20 15:21:09,376 - INFO -   batch 110/381 | loss=0.1015 mse=0.0680 sym=0.0105 phy=0.0204 | 8.0s
2026-06-20 15:21:10,073 - INFO -   batch 120/381 | loss=0.0957 mse=0.0647 sym=0.0106 phy=0.0205 | 8.7s
2026-06-20 15:21:10,819 - INFO -   batch 130/381 | loss=0.0883 mse=0.0656 sym=0.0106 phy=0.0203 | 9.5s
2026-06-20 15:21:11,568 - INFO -   batch 140/381 | loss=0.1098 mse=0.0746 sym=0.0106 phy=0.0203 | 10.2s
2026-06-20 15:21:12,209 - INFO -   batch 150/381 | loss=0.1195 mse=0.0852 sym=0.0106 phy=0.0202 | 10.9s
2026-06-20 15:21:12,909 - INFO -   batch 160/381 | loss=0.0778 mse=0.0451 sym=0.0106 phy=0.0203 | 11.6s
2026-06-20 15:21:13,723 - INFO -   batch 170/381 | loss=0.0972 mse=0.0704 sym=0.0106 phy=0.0203 | 12.4s
2026-06-20 15:21:14,420 - INFO -   batch 180/381 | loss=0.0891 mse=0.0533 sym=0.0106 phy=0.0202 | 13.1s
2026-06-20 15:21:15,086 - INFO -   batch 190/381 | loss=0.0756 mse=0.0501 sym=0.0106 phy=0.0202 | 13.8s
2026-06-20 15:21:15,805 - INFO -   batch 200/381 | loss=0.0745 mse=0.0523 sym=0.0106 phy=0.0201 | 14.5s
2026-06-20 15:21:16,559 - INFO -   batch 210/381 | loss=0.0721 mse=0.0441 sym=0.0106 phy=0.0200 | 15.2s
2026-06-20 15:21:17,262 - INFO -   batch 220/381 | loss=0.0761 mse=0.0518 sym=0.0105 phy=0.0199 | 15.9s
2026-06-20 15:21:17,941 - INFO -   batch 230/381 | loss=0.1025 mse=0.0738 sym=0.0105 phy=0.0198 | 16.6s
2026-06-20 15:21:18,727 - INFO -   batch 240/381 | loss=0.0771 mse=0.0446 sym=0.0105 phy=0.0198 | 17.4s
2026-06-20 15:21:19,469 - INFO -   batch 250/381 | loss=0.0824 mse=0.0534 sym=0.0105 phy=0.0198 | 18.1s
2026-06-20 15:21:20,161 - INFO -   batch 260/381 | loss=0.0831 mse=0.0569 sym=0.0106 phy=0.0197 | 18.8s
2026-06-20 15:21:20,845 - INFO -   batch 270/381 | loss=0.0850 mse=0.0545 sym=0.0106 phy=0.0198 | 19.5s
2026-06-20 15:21:21,673 - INFO -   batch 280/381 | loss=0.0959 mse=0.0524 sym=0.0106 phy=0.0198 | 20.3s
2026-06-20 15:21:22,372 - INFO -   batch 290/381 | loss=0.0905 mse=0.0598 sym=0.0106 phy=0.0198 | 21.0s
2026-06-20 15:21:23,016 - INFO -   batch 300/381 | loss=0.1037 mse=0.0710 sym=0.0106 phy=0.0198 | 21.7s
2026-06-20 15:21:23,780 - INFO -   batch 310/381 | loss=0.0812 mse=0.0525 sym=0.0106 phy=0.0198 | 22.4s
2026-06-20 15:21:24,570 - INFO -   batch 320/381 | loss=0.0950 mse=0.0497 sym=0.0106 phy=0.0199 | 23.2s
2026-06-20 15:21:25,284 - INFO -   batch 330/381 | loss=0.1094 mse=0.0707 sym=0.0106 phy=0.0199 | 24.0s
2026-06-20 15:21:25,972 - INFO -   batch 340/381 | loss=0.0654 mse=0.0410 sym=0.0106 phy=0.0200 | 24.6s
2026-06-20 15:21:26,754 - INFO -   batch 350/381 | loss=0.0814 mse=0.0517 sym=0.0106 phy=0.0200 | 25.4s
2026-06-20 15:21:27,537 - INFO -   batch 360/381 | loss=0.1027 mse=0.0719 sym=0.0105 phy=0.0200 | 26.2s
2026-06-20 15:21:28,246 - INFO -   batch 370/381 | loss=0.0962 mse=0.0669 sym=0.0105 phy=0.0200 | 26.9s
2026-06-20 15:21:28,944 - INFO -   batch 380/381 | loss=0.0965 mse=0.0628 sym=0.0106 phy=0.0201 | 27.6s
2026-06-20 15:21:30,315 - INFO -   batch   1/381 | loss=0.0745 mse=0.0393 sym=0.0099 phy=0.0252 | 0.2s
2026-06-20 15:21:30,923 - INFO -   batch  10/381 | loss=0.0755 mse=0.0501 sym=0.0105 phy=0.0198 | 0.8s
2026-06-20 15:21:31,680 - INFO -   batch  20/381 | loss=0.0928 mse=0.0593 sym=0.0104 phy=0.0206 | 1.5s
2026-06-20 15:21:32,499 - INFO -   batch  30/381 | loss=0.0803 mse=0.0543 sym=0.0105 phy=0.0196 | 2.4s
2026-06-20 15:21:33,205 - INFO -   batch  40/381 | loss=0.0863 mse=0.0572 sym=0.0104 phy=0.0193 | 3.1s
2026-06-20 15:21:33,915 - INFO -   batch  50/381 | loss=0.0746 mse=0.0399 sym=0.0103 phy=0.0190 | 3.8s
2026-06-20 15:21:34,652 - INFO -   batch  60/381 | loss=0.0796 mse=0.0529 sym=0.0105 phy=0.0190 | 4.5s
2026-06-20 15:21:35,405 - INFO -   batch  70/381 | loss=0.0900 mse=0.0529 sym=0.0105 phy=0.0192 | 5.3s
2026-06-20 15:21:36,143 - INFO -   batch  80/381 | loss=0.1003 mse=0.0611 sym=0.0105 phy=0.0195 | 6.0s
2026-06-20 15:21:36,858 - INFO -   batch  90/381 | loss=0.0789 mse=0.0542 sym=0.0105 phy=0.0194 | 6.7s
2026-06-20 15:21:37,616 - INFO -   batch 100/381 | loss=0.0910 mse=0.0627 sym=0.0106 phy=0.0196 | 7.5s
2026-06-20 15:21:38,374 - INFO -   batch 110/381 | loss=0.0824 mse=0.0504 sym=0.0106 phy=0.0200 | 8.2s
2026-06-20 15:21:39,073 - INFO -   batch 120/381 | loss=0.0978 mse=0.0649 sym=0.0106 phy=0.0199 | 8.9s
2026-06-20 15:21:39,781 - INFO -   batch 130/381 | loss=0.0804 mse=0.0512 sym=0.0106 phy=0.0197 | 9.6s
2026-06-20 15:21:40,573 - INFO -   batch 140/381 | loss=0.0742 mse=0.0473 sym=0.0106 phy=0.0198 | 10.4s
2026-06-20 15:21:41,344 - INFO -   batch 150/381 | loss=0.1008 mse=0.0684 sym=0.0106 phy=0.0199 | 11.2s
2026-06-20 15:21:42,043 - INFO -   batch 160/381 | loss=0.1002 mse=0.0560 sym=0.0106 phy=0.0200 | 11.9s
2026-06-20 15:21:42,715 - INFO -   batch 170/381 | loss=0.0896 mse=0.0538 sym=0.0106 phy=0.0202 | 12.6s
2026-06-20 15:21:43,536 - INFO -   batch 180/381 | loss=0.0788 mse=0.0525 sym=0.0106 phy=0.0203 | 13.4s
2026-06-20 15:21:44,282 - INFO -   batch 190/381 | loss=0.0869 mse=0.0606 sym=0.0106 phy=0.0202 | 14.1s
2026-06-20 15:21:44,948 - INFO -   batch 200/381 | loss=0.0932 mse=0.0635 sym=0.0106 phy=0.0201 | 14.8s
2026-06-20 15:21:45,664 - INFO -   batch 210/381 | loss=0.0957 mse=0.0643 sym=0.0106 phy=0.0199 | 15.5s
2026-06-20 15:21:46,485 - INFO -   batch 220/381 | loss=0.0957 mse=0.0632 sym=0.0106 phy=0.0199 | 16.3s
2026-06-20 15:21:47,192 - INFO -   batch 230/381 | loss=0.0822 mse=0.0483 sym=0.0106 phy=0.0198 | 17.0s
2026-06-20 15:21:47,862 - INFO -   batch 240/381 | loss=0.0782 mse=0.0518 sym=0.0106 phy=0.0200 | 17.7s
2026-06-20 15:21:48,604 - INFO -   batch 250/381 | loss=0.0874 mse=0.0622 sym=0.0106 phy=0.0201 | 18.5s
2026-06-20 15:21:49,420 - INFO -   batch 260/381 | loss=0.0860 mse=0.0567 sym=0.0105 phy=0.0201 | 19.3s
2026-06-20 15:21:50,138 - INFO -   batch 270/381 | loss=0.0880 mse=0.0552 sym=0.0105 phy=0.0201 | 20.0s
2026-06-20 15:21:50,835 - INFO -   batch 280/381 | loss=0.0894 mse=0.0571 sym=0.0105 phy=0.0201 | 20.7s
2026-06-20 15:21:51,583 - INFO -   batch 290/381 | loss=0.0862 mse=0.0580 sym=0.0105 phy=0.0201 | 21.4s
2026-06-20 15:21:52,389 - INFO -   batch 300/381 | loss=0.1063 mse=0.0725 sym=0.0105 phy=0.0201 | 22.2s
2026-06-20 15:21:53,086 - INFO -   batch 310/381 | loss=0.1024 mse=0.0672 sym=0.0106 phy=0.0202 | 22.9s
2026-06-20 15:21:53,762 - INFO -   batch 320/381 | loss=0.0981 mse=0.0591 sym=0.0106 phy=0.0203 | 23.6s
2026-06-20 15:21:54,531 - INFO -   batch 330/381 | loss=0.0770 mse=0.0440 sym=0.0106 phy=0.0203 | 24.4s
2026-06-20 15:21:55,277 - INFO -   batch 340/381 | loss=0.0741 mse=0.0405 sym=0.0106 phy=0.0203 | 25.1s
2026-06-20 15:21:55,987 - INFO -   batch 350/381 | loss=0.0728 mse=0.0478 sym=0.0106 phy=0.0203 | 25.8s
2026-06-20 15:21:56,656 - INFO -   batch 360/381 | loss=0.0845 mse=0.0606 sym=0.0106 phy=0.0202 | 26.5s
2026-06-20 15:21:57,472 - INFO -   batch 370/381 | loss=0.0890 mse=0.0603 sym=0.0106 phy=0.0202 | 27.3s
2026-06-20 15:21:58,212 - INFO -   batch 380/381 | loss=0.0961 mse=0.0660 sym=0.0106 phy=0.0203 | 28.1s
2026-06-20 15:21:59,619 - INFO -   batch   1/381 | loss=0.0723 mse=0.0428 sym=0.0100 phy=0.0195 | 0.1s
2026-06-20 15:22:00,355 - INFO -   batch  10/381 | loss=0.0852 mse=0.0618 sym=0.0104 phy=0.0188 | 0.9s
2026-06-20 15:22:01,065 - INFO -   batch  20/381 | loss=0.0773 mse=0.0480 sym=0.0103 phy=0.0191 | 1.6s
2026-06-20 15:22:01,754 - INFO -   batch  30/381 | loss=0.1096 mse=0.0687 sym=0.0105 phy=0.0204 | 2.3s
2026-06-20 15:22:02,520 - INFO -   batch  40/381 | loss=0.0674 mse=0.0427 sym=0.0106 phy=0.0203 | 3.0s
2026-06-20 15:22:03,290 - INFO -   batch  50/381 | loss=0.1067 mse=0.0740 sym=0.0106 phy=0.0199 | 3.8s
2026-06-20 15:22:03,977 - INFO -   batch  60/381 | loss=0.0902 mse=0.0596 sym=0.0107 phy=0.0198 | 4.5s
2026-06-20 15:22:04,687 - INFO -   batch  70/381 | loss=0.1020 mse=0.0646 sym=0.0106 phy=0.0198 | 5.2s
2026-06-20 15:22:05,482 - INFO -   batch  80/381 | loss=0.0864 mse=0.0581 sym=0.0106 phy=0.0197 | 6.0s
2026-06-20 15:22:06,257 - INFO -   batch  90/381 | loss=0.0943 mse=0.0646 sym=0.0106 phy=0.0199 | 6.8s
2026-06-20 15:22:07,003 - INFO -   batch 100/381 | loss=0.0800 mse=0.0473 sym=0.0106 phy=0.0202 | 7.5s
2026-06-20 15:22:07,729 - INFO -   batch 110/381 | loss=0.0930 mse=0.0656 sym=0.0106 phy=0.0202 | 8.2s
2026-06-20 15:22:08,513 - INFO -   batch 120/381 | loss=0.0920 mse=0.0616 sym=0.0106 phy=0.0203 | 9.0s
2026-06-20 15:22:09,298 - INFO -   batch 130/381 | loss=0.0912 mse=0.0620 sym=0.0106 phy=0.0204 | 9.8s
2026-06-20 15:22:10,008 - INFO -   batch 140/381 | loss=0.0945 mse=0.0533 sym=0.0105 phy=0.0202 | 10.5s
2026-06-20 15:22:10,721 - INFO -   batch 150/381 | loss=0.0895 mse=0.0627 sym=0.0105 phy=0.0202 | 11.2s
2026-06-20 15:22:11,487 - INFO -   batch 160/381 | loss=0.1022 mse=0.0662 sym=0.0106 phy=0.0200 | 12.0s
2026-06-20 15:22:12,272 - INFO -   batch 170/381 | loss=0.0786 mse=0.0457 sym=0.0105 phy=0.0202 | 12.8s
2026-06-20 15:22:12,979 - INFO -   batch 180/381 | loss=0.0818 mse=0.0487 sym=0.0106 phy=0.0202 | 13.5s
2026-06-20 15:22:13,637 - INFO -   batch 190/381 | loss=0.0858 mse=0.0530 sym=0.0106 phy=0.0203 | 14.2s
2026-06-20 15:22:14,432 - INFO -   batch 200/381 | loss=0.0834 mse=0.0505 sym=0.0106 phy=0.0202 | 14.9s
2026-06-20 15:22:15,177 - INFO -   batch 210/381 | loss=0.0831 mse=0.0496 sym=0.0106 phy=0.0203 | 15.7s
2026-06-20 15:22:15,842 - INFO -   batch 220/381 | loss=0.0690 mse=0.0412 sym=0.0105 phy=0.0203 | 16.4s
2026-06-20 15:22:16,544 - INFO -   batch 230/381 | loss=0.0968 mse=0.0614 sym=0.0105 phy=0.0203 | 17.1s
2026-06-20 15:22:17,368 - INFO -   batch 240/381 | loss=0.0881 mse=0.0609 sym=0.0105 phy=0.0203 | 17.9s
2026-06-20 15:22:18,078 - INFO -   batch 250/381 | loss=0.0788 mse=0.0506 sym=0.0105 phy=0.0202 | 18.6s
2026-06-20 15:22:18,971 - INFO -   batch 260/381 | loss=0.0818 mse=0.0546 sym=0.0105 phy=0.0202 | 19.5s
2026-06-20 15:22:19,650 - INFO -   batch 270/381 | loss=0.0714 mse=0.0412 sym=0.0105 phy=0.0202 | 20.2s
2026-06-20 15:22:20,424 - INFO -   batch 280/381 | loss=0.0937 mse=0.0629 sym=0.0105 phy=0.0203 | 20.9s
2026-06-20 15:22:21,195 - INFO -   batch 290/381 | loss=0.0825 mse=0.0524 sym=0.0105 phy=0.0202 | 21.7s
2026-06-20 15:22:21,899 - INFO -   batch 300/381 | loss=0.0792 mse=0.0498 sym=0.0105 phy=0.0203 | 22.4s
2026-06-20 15:22:22,582 - INFO -   batch 310/381 | loss=0.0834 mse=0.0557 sym=0.0105 phy=0.0203 | 23.1s
2026-06-20 15:22:23,376 - INFO -   batch 320/381 | loss=0.0762 mse=0.0463 sym=0.0105 phy=0.0203 | 23.9s
2026-06-20 15:22:24,123 - INFO -   batch 330/381 | loss=0.0776 mse=0.0523 sym=0.0105 phy=0.0203 | 24.6s
2026-06-20 15:22:24,799 - INFO -   batch 340/381 | loss=0.0974 mse=0.0560 sym=0.0105 phy=0.0203 | 25.3s
2026-06-20 15:22:25,495 - INFO -   batch 350/381 | loss=0.0813 mse=0.0502 sym=0.0105 phy=0.0203 | 26.0s
2026-06-20 15:22:26,320 - INFO -   batch 360/381 | loss=0.0844 mse=0.0535 sym=0.0105 phy=0.0202 | 26.8s
2026-06-20 15:22:27,021 - INFO -   batch 370/381 | loss=0.0927 mse=0.0596 sym=0.0105 phy=0.0202 | 27.5s
2026-06-20 15:22:27,722 - INFO -   batch 380/381 | loss=0.0946 mse=0.0644 sym=0.0105 phy=0.0201 | 28.2s
2026-06-20 15:22:28,926 - INFO - Epoch  10/50 | Loss=0.0875 MSE=0.0569 Sym=0.0105 Phy=0.0201 | Val RMSE=0.2369 ρ=0.309 | 29s
2026-06-20 15:22:29,096 - INFO -   batch   1/381 | loss=0.0689 mse=0.0457 sym=0.0098 phy=0.0134 | 0.2s
2026-06-20 15:22:29,695 - INFO -   batch  10/381 | loss=0.0573 mse=0.0365 sym=0.0103 phy=0.0170 | 0.8s
2026-06-20 15:22:30,414 - INFO -   batch  20/381 | loss=0.0784 mse=0.0497 sym=0.0104 phy=0.0182 | 1.5s
2026-06-20 15:22:31,239 - INFO -   batch  30/381 | loss=0.1027 mse=0.0683 sym=0.0104 phy=0.0198 | 2.3s
2026-06-20 15:22:31,950 - INFO -   batch  40/381 | loss=0.0907 mse=0.0566 sym=0.0103 phy=0.0195 | 3.0s
2026-06-20 15:22:32,626 - INFO -   batch  50/381 | loss=0.0795 mse=0.0548 sym=0.0103 phy=0.0189 | 3.7s
2026-06-20 15:22:33,376 - INFO -   batch  60/381 | loss=0.0806 mse=0.0483 sym=0.0104 phy=0.0185 | 4.4s
2026-06-20 15:22:34,200 - INFO -   batch  70/381 | loss=0.0837 mse=0.0530 sym=0.0104 phy=0.0190 | 5.3s
2026-06-20 15:22:34,909 - INFO -   batch  80/381 | loss=0.0962 mse=0.0658 sym=0.0104 phy=0.0191 | 6.0s
2026-06-20 15:22:35,601 - INFO -   batch  90/381 | loss=0.0892 mse=0.0604 sym=0.0104 phy=0.0192 | 6.7s
2026-06-20 15:22:36,351 - INFO -   batch 100/381 | loss=0.0860 mse=0.0618 sym=0.0104 phy=0.0194 | 7.4s
2026-06-20 15:22:37,144 - INFO -   batch 110/381 | loss=0.0970 mse=0.0657 sym=0.0103 phy=0.0194 | 8.2s
2026-06-20 15:22:37,851 - INFO -   batch 120/381 | loss=0.1013 mse=0.0719 sym=0.0103 phy=0.0192 | 8.9s
2026-06-20 15:22:38,543 - INFO -   batch 130/381 | loss=0.0812 mse=0.0477 sym=0.0104 phy=0.0194 | 9.6s
2026-06-20 15:22:39,290 - INFO -   batch 140/381 | loss=0.0891 mse=0.0623 sym=0.0104 phy=0.0195 | 10.4s
2026-06-20 15:22:40,104 - INFO -   batch 150/381 | loss=0.1068 mse=0.0718 sym=0.0104 phy=0.0196 | 11.2s
2026-06-20 15:22:40,810 - INFO -   batch 160/381 | loss=0.0845 mse=0.0484 sym=0.0104 phy=0.0198 | 11.9s
2026-06-20 15:22:41,500 - INFO -   batch 170/381 | loss=0.0889 mse=0.0510 sym=0.0104 phy=0.0199 | 12.6s
2026-06-20 15:22:42,251 - INFO -   batch 180/381 | loss=0.0853 mse=0.0561 sym=0.0105 phy=0.0199 | 13.3s
2026-06-20 15:22:43,029 - INFO -   batch 190/381 | loss=0.1016 mse=0.0741 sym=0.0104 phy=0.0199 | 14.1s
2026-06-20 15:22:43,737 - INFO -   batch 200/381 | loss=0.0889 mse=0.0511 sym=0.0105 phy=0.0200 | 14.8s
2026-06-20 15:22:44,418 - INFO -   batch 210/381 | loss=0.0760 mse=0.0496 sym=0.0105 phy=0.0200 | 15.5s
2026-06-20 15:22:45,188 - INFO -   batch 220/381 | loss=0.0828 mse=0.0519 sym=0.0105 phy=0.0201 | 16.3s
2026-06-20 15:22:45,960 - INFO -   batch 230/381 | loss=0.0878 mse=0.0584 sym=0.0105 phy=0.0202 | 17.0s
2026-06-20 15:22:46,643 - INFO -   batch 240/381 | loss=0.0784 mse=0.0548 sym=0.0105 phy=0.0201 | 17.7s
2026-06-20 15:22:47,310 - INFO -   batch 250/381 | loss=0.0880 mse=0.0598 sym=0.0105 phy=0.0201 | 18.4s
2026-06-20 15:22:48,125 - INFO -   batch 260/381 | loss=0.0903 mse=0.0612 sym=0.0105 phy=0.0201 | 19.2s
2026-06-20 15:22:48,869 - INFO -   batch 270/381 | loss=0.0910 mse=0.0678 sym=0.0105 phy=0.0201 | 19.9s
2026-06-20 15:22:49,518 - INFO -   batch 280/381 | loss=0.0857 mse=0.0527 sym=0.0105 phy=0.0200 | 20.6s
2026-06-20 15:22:50,220 - INFO -   batch 290/381 | loss=0.0926 mse=0.0656 sym=0.0105 phy=0.0200 | 21.3s
2026-06-20 15:22:51,018 - INFO -   batch 300/381 | loss=0.0770 mse=0.0486 sym=0.0105 phy=0.0200 | 22.1s
2026-06-20 15:22:51,727 - INFO -   batch 310/381 | loss=0.0807 mse=0.0493 sym=0.0105 phy=0.0200 | 22.8s
2026-06-20 15:22:52,407 - INFO -   batch 320/381 | loss=0.0864 mse=0.0573 sym=0.0105 phy=0.0199 | 23.5s
2026-06-20 15:22:53,158 - INFO -   batch 330/381 | loss=0.0863 mse=0.0591 sym=0.0105 phy=0.0199 | 24.2s
2026-06-20 15:22:53,913 - INFO -   batch 340/381 | loss=0.0783 mse=0.0457 sym=0.0105 phy=0.0200 | 25.0s
2026-06-20 15:22:54,626 - INFO -   batch 350/381 | loss=0.0791 mse=0.0470 sym=0.0105 phy=0.0201 | 25.7s
2026-06-20 15:22:55,307 - INFO -   batch 360/381 | loss=0.0773 mse=0.0522 sym=0.0105 phy=0.0202 | 26.4s
2026-06-20 15:22:56,097 - INFO -   batch 370/381 | loss=0.0814 mse=0.0536 sym=0.0105 phy=0.0201 | 27.2s
2026-06-20 15:22:56,841 - INFO -   batch 380/381 | loss=0.0948 mse=0.0578 sym=0.0105 phy=0.0201 | 27.9s
2026-06-20 15:22:58,249 - INFO -   batch   1/381 | loss=0.0872 mse=0.0504 sym=0.0113 phy=0.0255 | 0.2s
2026-06-20 15:22:59,007 - INFO -   batch  10/381 | loss=0.0794 mse=0.0505 sym=0.0104 phy=0.0212 | 0.9s
2026-06-20 15:22:59,716 - INFO -   batch  20/381 | loss=0.0682 mse=0.0376 sym=0.0104 phy=0.0202 | 1.6s
2026-06-20 15:23:00,431 - INFO -   batch  30/381 | loss=0.0889 mse=0.0551 sym=0.0103 phy=0.0204 | 2.4s
2026-06-20 15:23:01,143 - INFO -   batch  40/381 | loss=0.0808 mse=0.0493 sym=0.0104 phy=0.0210 | 3.1s
2026-06-20 15:23:01,953 - INFO -   batch  50/381 | loss=0.0713 mse=0.0458 sym=0.0103 phy=0.0207 | 3.9s
2026-06-20 15:23:02,659 - INFO -   batch  60/381 | loss=0.0820 mse=0.0464 sym=0.0103 phy=0.0202 | 4.6s
2026-06-20 15:23:03,368 - INFO -   batch  70/381 | loss=0.0892 mse=0.0609 sym=0.0104 phy=0.0198 | 5.3s
2026-06-20 15:23:04,092 - INFO -   batch  80/381 | loss=0.0906 mse=0.0598 sym=0.0105 phy=0.0199 | 6.0s
2026-06-20 15:23:04,942 - INFO -   batch  90/381 | loss=0.0953 mse=0.0677 sym=0.0105 phy=0.0199 | 6.9s
2026-06-20 15:23:05,646 - INFO -   batch 100/381 | loss=0.0816 mse=0.0566 sym=0.0104 phy=0.0195 | 7.6s
2026-06-20 15:23:06,330 - INFO -   batch 110/381 | loss=0.0943 mse=0.0640 sym=0.0104 phy=0.0195 | 8.3s
2026-06-20 15:23:07,048 - INFO -   batch 120/381 | loss=0.0809 mse=0.0554 sym=0.0104 phy=0.0194 | 9.0s
2026-06-20 15:23:07,845 - INFO -   batch 130/381 | loss=0.0977 mse=0.0651 sym=0.0104 phy=0.0196 | 9.8s
2026-06-20 15:23:08,543 - INFO -   batch 140/381 | loss=0.0886 mse=0.0615 sym=0.0105 phy=0.0196 | 10.5s
2026-06-20 15:23:09,247 - INFO -   batch 150/381 | loss=0.1073 mse=0.0706 sym=0.0105 phy=0.0197 | 11.2s
2026-06-20 15:23:09,983 - INFO -   batch 160/381 | loss=0.0744 mse=0.0415 sym=0.0105 phy=0.0198 | 11.9s
2026-06-20 15:23:10,803 - INFO -   batch 170/381 | loss=0.1008 mse=0.0641 sym=0.0105 phy=0.0199 | 12.7s
2026-06-20 15:23:11,504 - INFO -   batch 180/381 | loss=0.0942 mse=0.0603 sym=0.0105 phy=0.0199 | 13.4s
2026-06-20 15:23:12,162 - INFO -   batch 190/381 | loss=0.0892 mse=0.0512 sym=0.0105 phy=0.0198 | 14.1s
2026-06-20 15:23:12,936 - INFO -   batch 200/381 | loss=0.0943 mse=0.0657 sym=0.0105 phy=0.0198 | 14.9s
2026-06-20 15:23:13,697 - INFO -   batch 210/381 | loss=0.0827 mse=0.0597 sym=0.0105 phy=0.0197 | 15.6s
2026-06-20 15:23:14,408 - INFO -   batch 220/381 | loss=0.0832 mse=0.0497 sym=0.0105 phy=0.0197 | 16.3s
2026-06-20 15:23:15,189 - INFO -   batch 230/381 | loss=0.0657 mse=0.0355 sym=0.0106 phy=0.0197 | 17.1s
2026-06-20 15:23:15,924 - INFO -   batch 240/381 | loss=0.0980 mse=0.0630 sym=0.0106 phy=0.0196 | 17.8s
2026-06-20 15:23:16,743 - INFO -   batch 250/381 | loss=0.0887 mse=0.0502 sym=0.0106 phy=0.0197 | 18.7s
2026-06-20 15:23:17,454 - INFO -   batch 260/381 | loss=0.0839 mse=0.0563 sym=0.0106 phy=0.0198 | 19.4s
2026-06-20 15:23:18,159 - INFO -   batch 270/381 | loss=0.0865 mse=0.0620 sym=0.0106 phy=0.0198 | 20.1s
2026-06-20 15:23:18,893 - INFO -   batch 280/381 | loss=0.1131 mse=0.0779 sym=0.0106 phy=0.0198 | 20.8s
2026-06-20 15:23:19,678 - INFO -   batch 290/381 | loss=0.0852 mse=0.0557 sym=0.0106 phy=0.0199 | 21.6s
2026-06-20 15:23:20,384 - INFO -   batch 300/381 | loss=0.1034 mse=0.0718 sym=0.0106 phy=0.0200 | 22.3s
2026-06-20 15:23:21,092 - INFO -   batch 310/381 | loss=0.0916 mse=0.0620 sym=0.0106 phy=0.0200 | 23.0s
2026-06-20 15:23:21,845 - INFO -   batch 320/381 | loss=0.0850 mse=0.0567 sym=0.0106 phy=0.0201 | 23.8s
2026-06-20 15:23:22,669 - INFO -   batch 330/381 | loss=0.0871 mse=0.0514 sym=0.0106 phy=0.0201 | 24.6s
2026-06-20 15:23:23,368 - INFO -   batch 340/381 | loss=0.0851 mse=0.0567 sym=0.0106 phy=0.0200 | 25.3s
2026-06-20 15:23:24,045 - INFO -   batch 350/381 | loss=0.0741 mse=0.0507 sym=0.0106 phy=0.0199 | 26.0s
2026-06-20 15:23:24,816 - INFO -   batch 360/381 | loss=0.0749 mse=0.0457 sym=0.0106 phy=0.0199 | 26.7s
2026-06-20 15:23:25,572 - INFO -   batch 370/381 | loss=0.0987 mse=0.0705 sym=0.0106 phy=0.0199 | 27.5s
2026-06-20 15:23:26,271 - INFO -   batch 380/381 | loss=0.0879 mse=0.0613 sym=0.0106 phy=0.0199 | 28.2s
2026-06-20 15:23:27,640 - INFO -   batch   1/381 | loss=0.0682 mse=0.0468 sym=0.0094 phy=0.0120 | 0.2s
2026-06-20 15:23:28,258 - INFO -   batch  10/381 | loss=0.0902 mse=0.0627 sym=0.0102 phy=0.0175 | 0.8s
2026-06-20 15:23:28,947 - INFO -   batch  20/381 | loss=0.0901 mse=0.0540 sym=0.0106 phy=0.0202 | 1.5s
2026-06-20 15:23:29,743 - INFO -   batch  30/381 | loss=0.0836 mse=0.0541 sym=0.0106 phy=0.0211 | 2.3s
2026-06-20 15:23:30,486 - INFO -   batch  40/381 | loss=0.0824 mse=0.0499 sym=0.0107 phy=0.0206 | 3.0s
2026-06-20 15:23:31,196 - INFO -   batch  50/381 | loss=0.0851 mse=0.0511 sym=0.0106 phy=0.0205 | 3.7s
2026-06-20 15:23:31,863 - INFO -   batch  60/381 | loss=0.0733 mse=0.0411 sym=0.0106 phy=0.0203 | 4.4s
2026-06-20 15:23:32,669 - INFO -   batch  70/381 | loss=0.0610 mse=0.0395 sym=0.0106 phy=0.0199 | 5.2s
2026-06-20 15:23:33,381 - INFO -   batch  80/381 | loss=0.0869 mse=0.0501 sym=0.0107 phy=0.0201 | 5.9s
2026-06-20 15:23:34,087 - INFO -   batch  90/381 | loss=0.0813 mse=0.0481 sym=0.0107 phy=0.0201 | 6.6s
2026-06-20 15:23:34,805 - INFO -   batch 100/381 | loss=0.0806 mse=0.0529 sym=0.0107 phy=0.0201 | 7.3s
2026-06-20 15:23:35,624 - INFO -   batch 110/381 | loss=0.0699 mse=0.0479 sym=0.0107 phy=0.0198 | 8.2s
2026-06-20 15:23:36,334 - INFO -   batch 120/381 | loss=0.1055 mse=0.0707 sym=0.0107 phy=0.0198 | 8.9s
2026-06-20 15:23:37,023 - INFO -   batch 130/381 | loss=0.1010 mse=0.0725 sym=0.0107 phy=0.0199 | 9.6s
2026-06-20 15:23:37,764 - INFO -   batch 140/381 | loss=0.0878 mse=0.0627 sym=0.0107 phy=0.0197 | 10.3s
2026-06-20 15:23:38,582 - INFO -   batch 150/381 | loss=0.0694 mse=0.0364 sym=0.0107 phy=0.0197 | 11.1s
2026-06-20 15:23:39,292 - INFO -   batch 160/381 | loss=0.0846 mse=0.0506 sym=0.0107 phy=0.0197 | 11.8s
2026-06-20 15:23:39,994 - INFO -   batch 170/381 | loss=0.1117 mse=0.0789 sym=0.0107 phy=0.0197 | 12.5s
2026-06-20 15:23:40,730 - INFO -   batch 180/381 | loss=0.0923 mse=0.0585 sym=0.0107 phy=0.0198 | 13.3s
2026-06-20 15:23:41,533 - INFO -   batch 190/381 | loss=0.0677 mse=0.0472 sym=0.0108 phy=0.0196 | 14.1s
2026-06-20 15:23:42,253 - INFO -   batch 200/381 | loss=0.0720 mse=0.0420 sym=0.0108 phy=0.0197 | 14.8s
2026-06-20 15:23:42,955 - INFO -   batch 210/381 | loss=0.1008 mse=0.0714 sym=0.0108 phy=0.0196 | 15.5s
2026-06-20 15:23:43,687 - INFO -   batch 220/381 | loss=0.0971 mse=0.0554 sym=0.0108 phy=0.0196 | 16.2s
2026-06-20 15:23:44,498 - INFO -   batch 230/381 | loss=0.0830 mse=0.0568 sym=0.0108 phy=0.0196 | 17.0s
2026-06-20 15:23:45,215 - INFO -   batch 240/381 | loss=0.0998 mse=0.0648 sym=0.0108 phy=0.0196 | 17.7s
2026-06-20 15:23:45,899 - INFO -   batch 250/381 | loss=0.0881 mse=0.0624 sym=0.0108 phy=0.0196 | 18.4s
2026-06-20 15:23:46,634 - INFO -   batch 260/381 | loss=0.0708 mse=0.0479 sym=0.0108 phy=0.0195 | 19.2s
2026-06-20 15:23:47,451 - INFO -   batch 270/381 | loss=0.0904 mse=0.0607 sym=0.0108 phy=0.0194 | 20.0s
2026-06-20 15:23:48,172 - INFO -   batch 280/381 | loss=0.0979 mse=0.0559 sym=0.0108 phy=0.0194 | 20.7s
2026-06-20 15:23:48,896 - INFO -   batch 290/381 | loss=0.0959 mse=0.0719 sym=0.0108 phy=0.0194 | 21.4s
2026-06-20 15:23:49,642 - INFO -   batch 300/381 | loss=0.0721 mse=0.0495 sym=0.0108 phy=0.0194 | 22.2s
2026-06-20 15:23:50,467 - INFO -   batch 310/381 | loss=0.0792 mse=0.0514 sym=0.0108 phy=0.0193 | 23.0s
2026-06-20 15:23:51,182 - INFO -   batch 320/381 | loss=0.1010 mse=0.0664 sym=0.0108 phy=0.0194 | 23.7s
2026-06-20 15:23:51,892 - INFO -   batch 330/381 | loss=0.0954 mse=0.0642 sym=0.0108 phy=0.0194 | 24.4s
2026-06-20 15:23:52,607 - INFO -   batch 340/381 | loss=0.0844 mse=0.0569 sym=0.0108 phy=0.0194 | 25.1s
2026-06-20 15:23:53,400 - INFO -   batch 350/381 | loss=0.0933 mse=0.0552 sym=0.0108 phy=0.0194 | 25.9s
2026-06-20 15:23:54,116 - INFO -   batch 360/381 | loss=0.1040 mse=0.0757 sym=0.0108 phy=0.0194 | 26.6s
2026-06-20 15:23:54,842 - INFO -   batch 370/381 | loss=0.0788 mse=0.0533 sym=0.0108 phy=0.0195 | 27.4s
2026-06-20 15:23:55,566 - INFO -   batch 380/381 | loss=0.0865 mse=0.0572 sym=0.0108 phy=0.0195 | 28.1s
2026-06-20 15:23:56,892 - INFO -   batch   1/381 | loss=0.0942 mse=0.0629 sym=0.0100 phy=0.0213 | 0.2s
2026-06-20 15:23:57,522 - INFO -   batch  10/381 | loss=0.0976 mse=0.0611 sym=0.0106 phy=0.0205 | 0.8s
2026-06-20 15:23:58,323 - INFO -   batch  20/381 | loss=0.0811 mse=0.0467 sym=0.0106 phy=0.0178 | 1.6s
2026-06-20 15:23:59,017 - INFO -   batch  30/381 | loss=0.0734 mse=0.0436 sym=0.0107 phy=0.0188 | 2.3s
2026-06-20 15:23:59,725 - INFO -   batch  40/381 | loss=0.0968 mse=0.0555 sym=0.0107 phy=0.0198 | 3.0s
2026-06-20 15:24:00,455 - INFO -   batch  50/381 | loss=0.0862 mse=0.0577 sym=0.0107 phy=0.0195 | 3.7s
2026-06-20 15:24:01,274 - INFO -   batch  60/381 | loss=0.1030 mse=0.0714 sym=0.0107 phy=0.0194 | 4.5s
2026-06-20 15:24:01,985 - INFO -   batch  70/381 | loss=0.0836 mse=0.0565 sym=0.0108 phy=0.0190 | 5.3s
2026-06-20 15:24:02,695 - INFO -   batch  80/381 | loss=0.0857 mse=0.0594 sym=0.0108 phy=0.0187 | 6.0s
2026-06-20 15:24:03,426 - INFO -   batch  90/381 | loss=0.0744 mse=0.0451 sym=0.0108 phy=0.0191 | 6.7s
2026-06-20 15:24:04,235 - INFO -   batch 100/381 | loss=0.0976 mse=0.0672 sym=0.0108 phy=0.0195 | 7.5s
2026-06-20 15:24:04,954 - INFO -   batch 110/381 | loss=0.0870 mse=0.0617 sym=0.0107 phy=0.0195 | 8.2s
2026-06-20 15:24:05,650 - INFO -   batch 120/381 | loss=0.0776 mse=0.0506 sym=0.0108 phy=0.0193 | 8.9s
2026-06-20 15:24:06,404 - INFO -   batch 130/381 | loss=0.0940 mse=0.0584 sym=0.0108 phy=0.0194 | 9.7s
2026-06-20 15:24:07,159 - INFO -   batch 140/381 | loss=0.0724 mse=0.0460 sym=0.0108 phy=0.0192 | 10.4s
2026-06-20 15:24:07,869 - INFO -   batch 150/381 | loss=0.0936 mse=0.0683 sym=0.0108 phy=0.0190 | 11.1s
2026-06-20 15:24:08,580 - INFO -   batch 160/381 | loss=0.0757 mse=0.0483 sym=0.0108 phy=0.0190 | 11.9s
2026-06-20 15:24:09,352 - INFO -   batch 170/381 | loss=0.0871 mse=0.0537 sym=0.0108 phy=0.0190 | 12.6s
2026-06-20 15:24:10,132 - INFO -   batch 180/381 | loss=0.0701 mse=0.0460 sym=0.0108 phy=0.0188 | 13.4s
2026-06-20 15:24:10,810 - INFO -   batch 190/381 | loss=0.0794 mse=0.0485 sym=0.0108 phy=0.0188 | 14.1s
2026-06-20 15:24:11,520 - INFO -   batch 200/381 | loss=0.0663 mse=0.0398 sym=0.0108 phy=0.0189 | 14.8s
2026-06-20 15:24:12,310 - INFO -   batch 210/381 | loss=0.0895 mse=0.0646 sym=0.0108 phy=0.0189 | 15.6s
2026-06-20 15:24:13,057 - INFO -   batch 220/381 | loss=0.0801 mse=0.0495 sym=0.0108 phy=0.0189 | 16.3s
2026-06-20 15:24:13,711 - INFO -   batch 230/381 | loss=0.0835 mse=0.0491 sym=0.0108 phy=0.0190 | 17.0s
2026-06-20 15:24:14,418 - INFO -   batch 240/381 | loss=0.0914 mse=0.0580 sym=0.0109 phy=0.0191 | 17.7s
2026-06-20 15:24:15,227 - INFO -   batch 250/381 | loss=0.0829 mse=0.0545 sym=0.0108 phy=0.0190 | 18.5s
2026-06-20 15:24:15,970 - INFO -   batch 260/381 | loss=0.0915 mse=0.0603 sym=0.0108 phy=0.0190 | 19.2s
2026-06-20 15:24:16,658 - INFO -   batch 270/381 | loss=0.0948 mse=0.0625 sym=0.0109 phy=0.0190 | 19.9s
2026-06-20 15:24:17,371 - INFO -   batch 280/381 | loss=0.0931 mse=0.0585 sym=0.0109 phy=0.0190 | 20.6s
2026-06-20 15:24:18,200 - INFO -   batch 290/381 | loss=0.0887 mse=0.0575 sym=0.0109 phy=0.0190 | 21.5s
2026-06-20 15:24:18,910 - INFO -   batch 300/381 | loss=0.0779 mse=0.0530 sym=0.0109 phy=0.0192 | 22.2s
2026-06-20 15:24:19,578 - INFO -   batch 310/381 | loss=0.0744 mse=0.0504 sym=0.0109 phy=0.0193 | 22.9s
2026-06-20 15:24:20,327 - INFO -   batch 320/381 | loss=0.0794 mse=0.0471 sym=0.0109 phy=0.0193 | 23.6s
2026-06-20 15:24:21,150 - INFO -   batch 330/381 | loss=0.0818 mse=0.0430 sym=0.0109 phy=0.0193 | 24.4s
2026-06-20 15:24:22,094 - INFO -   batch 340/381 | loss=0.0865 mse=0.0576 sym=0.0109 phy=0.0193 | 25.4s
2026-06-20 15:24:22,795 - INFO -   batch 350/381 | loss=0.0855 mse=0.0525 sym=0.0109 phy=0.0193 | 26.1s
2026-06-20 15:24:23,510 - INFO -   batch 360/381 | loss=0.0723 mse=0.0415 sym=0.0109 phy=0.0193 | 26.8s
2026-06-20 15:24:24,259 - INFO -   batch 370/381 | loss=0.1051 mse=0.0733 sym=0.0109 phy=0.0193 | 27.5s
2026-06-20 15:24:25,066 - INFO -   batch 380/381 | loss=0.0816 mse=0.0569 sym=0.0109 phy=0.0193 | 28.3s
2026-06-20 15:24:26,466 - INFO -   batch   1/381 | loss=0.0701 mse=0.0422 sym=0.0109 phy=0.0170 | 0.2s
2026-06-20 15:24:27,153 - INFO -   batch  10/381 | loss=0.0748 mse=0.0481 sym=0.0107 phy=0.0148 | 0.9s
2026-06-20 15:24:27,902 - INFO -   batch  20/381 | loss=0.0962 mse=0.0568 sym=0.0109 phy=0.0163 | 1.6s
2026-06-20 15:24:28,572 - INFO -   batch  30/381 | loss=0.0938 mse=0.0639 sym=0.0110 phy=0.0184 | 2.3s
2026-06-20 15:24:29,282 - INFO -   batch  40/381 | loss=0.0772 mse=0.0501 sym=0.0109 phy=0.0191 | 3.0s
2026-06-20 15:24:30,085 - INFO -   batch  50/381 | loss=0.0833 mse=0.0592 sym=0.0109 phy=0.0187 | 3.8s
2026-06-20 15:24:30,824 - INFO -   batch  60/381 | loss=0.0781 mse=0.0406 sym=0.0109 phy=0.0191 | 4.5s
2026-06-20 15:24:31,526 - INFO -   batch  70/381 | loss=0.0835 mse=0.0611 sym=0.0109 phy=0.0195 | 5.2s
2026-06-20 15:24:32,235 - INFO -   batch  80/381 | loss=0.0751 mse=0.0468 sym=0.0109 phy=0.0191 | 5.9s
2026-06-20 15:24:33,041 - INFO -   batch  90/381 | loss=0.0748 mse=0.0517 sym=0.0108 phy=0.0188 | 6.8s
2026-06-20 15:24:33,748 - INFO -   batch 100/381 | loss=0.0785 mse=0.0559 sym=0.0108 phy=0.0187 | 7.5s
2026-06-20 15:24:34,430 - INFO -   batch 110/381 | loss=0.0992 mse=0.0625 sym=0.0108 phy=0.0190 | 8.1s
2026-06-20 15:24:35,174 - INFO -   batch 120/381 | loss=0.0696 mse=0.0441 sym=0.0108 phy=0.0189 | 8.9s
2026-06-20 15:24:36,001 - INFO -   batch 130/381 | loss=0.0956 mse=0.0673 sym=0.0108 phy=0.0188 | 9.7s
2026-06-20 15:24:36,711 - INFO -   batch 140/381 | loss=0.0952 mse=0.0555 sym=0.0108 phy=0.0189 | 10.4s
2026-06-20 15:24:37,383 - INFO -   batch 150/381 | loss=0.0799 mse=0.0522 sym=0.0108 phy=0.0190 | 11.1s
2026-06-20 15:24:38,128 - INFO -   batch 160/381 | loss=0.0986 mse=0.0611 sym=0.0108 phy=0.0192 | 11.8s
2026-06-20 15:24:38,930 - INFO -   batch 170/381 | loss=0.0831 mse=0.0549 sym=0.0109 phy=0.0192 | 12.6s
2026-06-20 15:24:39,634 - INFO -   batch 180/381 | loss=0.0852 mse=0.0562 sym=0.0109 phy=0.0192 | 13.3s
2026-06-20 15:24:40,331 - INFO -   batch 190/381 | loss=0.0758 mse=0.0530 sym=0.0109 phy=0.0192 | 14.0s
2026-06-20 15:24:41,077 - INFO -   batch 200/381 | loss=0.1024 mse=0.0762 sym=0.0109 phy=0.0192 | 14.8s
2026-06-20 15:24:41,896 - INFO -   batch 210/381 | loss=0.0868 mse=0.0571 sym=0.0109 phy=0.0192 | 15.6s
2026-06-20 15:24:42,604 - INFO -   batch 220/381 | loss=0.0789 mse=0.0550 sym=0.0108 phy=0.0191 | 16.3s
2026-06-20 15:24:43,290 - INFO -   batch 230/381 | loss=0.0796 mse=0.0531 sym=0.0108 phy=0.0190 | 17.0s
2026-06-20 15:24:44,041 - INFO -   batch 240/381 | loss=0.0664 mse=0.0378 sym=0.0108 phy=0.0190 | 17.8s
2026-06-20 15:24:44,828 - INFO -   batch 250/381 | loss=0.0698 mse=0.0408 sym=0.0108 phy=0.0191 | 18.5s
2026-06-20 15:24:45,540 - INFO -   batch 260/381 | loss=0.1012 mse=0.0721 sym=0.0108 phy=0.0192 | 19.3s
2026-06-20 15:24:46,248 - INFO -   batch 270/381 | loss=0.1061 mse=0.0663 sym=0.0108 phy=0.0191 | 20.0s
2026-06-20 15:24:47,006 - INFO -   batch 280/381 | loss=0.0823 mse=0.0503 sym=0.0108 phy=0.0190 | 20.7s
2026-06-20 15:24:47,828 - INFO -   batch 290/381 | loss=0.0966 mse=0.0516 sym=0.0108 phy=0.0191 | 21.5s
2026-06-20 15:24:48,501 - INFO -   batch 300/381 | loss=0.0866 mse=0.0564 sym=0.0109 phy=0.0191 | 22.2s
2026-06-20 15:24:49,175 - INFO -   batch 310/381 | loss=0.0752 mse=0.0561 sym=0.0109 phy=0.0192 | 22.9s
2026-06-20 15:24:49,939 - INFO -   batch 320/381 | loss=0.0884 mse=0.0538 sym=0.0109 phy=0.0191 | 23.7s
2026-06-20 15:24:50,681 - INFO -   batch 330/381 | loss=0.0924 mse=0.0614 sym=0.0109 phy=0.0192 | 24.4s
2026-06-20 15:24:51,393 - INFO -   batch 340/381 | loss=0.0901 mse=0.0599 sym=0.0109 phy=0.0192 | 25.1s
2026-06-20 15:24:52,071 - INFO -   batch 350/381 | loss=0.1054 mse=0.0733 sym=0.0109 phy=0.0192 | 25.8s
2026-06-20 15:24:52,902 - INFO -   batch 360/381 | loss=0.0934 mse=0.0617 sym=0.0109 phy=0.0192 | 26.6s
2026-06-20 15:24:53,646 - INFO -   batch 370/381 | loss=0.0954 mse=0.0659 sym=0.0109 phy=0.0192 | 27.4s
2026-06-20 15:24:54,297 - INFO -   batch 380/381 | loss=0.0876 mse=0.0601 sym=0.0109 phy=0.0191 | 28.0s
2026-06-20 15:24:55,499 - INFO - Epoch  15/50 | Loss=0.0857 MSE=0.0557 Sym=0.0109 Phy=0.0191 | Val RMSE=0.2317 ρ=0.341 | 29s
2026-06-20 15:24:55,666 - INFO -   batch   1/381 | loss=0.1053 mse=0.0633 sym=0.0093 phy=0.0327 | 0.2s
2026-06-20 15:24:56,277 - INFO -   batch  10/381 | loss=0.1033 mse=0.0606 sym=0.0102 phy=0.0234 | 0.8s
2026-06-20 15:24:56,984 - INFO -   batch  20/381 | loss=0.0905 mse=0.0576 sym=0.0109 phy=0.0214 | 1.5s
2026-06-20 15:24:57,814 - INFO -   batch  30/381 | loss=0.0924 mse=0.0674 sym=0.0110 phy=0.0199 | 2.3s
2026-06-20 15:24:58,523 - INFO -   batch  40/381 | loss=0.0722 mse=0.0378 sym=0.0109 phy=0.0203 | 3.0s
2026-06-20 15:24:59,190 - INFO -   batch  50/381 | loss=0.0891 mse=0.0595 sym=0.0109 phy=0.0202 | 3.7s
2026-06-20 15:24:59,942 - INFO -   batch  60/381 | loss=0.0847 mse=0.0566 sym=0.0108 phy=0.0201 | 4.4s
2026-06-20 15:25:00,718 - INFO -   batch  70/381 | loss=0.0687 mse=0.0444 sym=0.0107 phy=0.0196 | 5.2s
2026-06-20 15:25:01,425 - INFO -   batch  80/381 | loss=0.0898 mse=0.0604 sym=0.0107 phy=0.0194 | 5.9s
2026-06-20 15:25:02,101 - INFO -   batch  90/381 | loss=0.1047 mse=0.0745 sym=0.0107 phy=0.0192 | 6.6s
2026-06-20 15:25:02,867 - INFO -   batch 100/381 | loss=0.0907 mse=0.0522 sym=0.0108 phy=0.0194 | 7.4s
2026-06-20 15:25:03,614 - INFO -   batch 110/381 | loss=0.0848 mse=0.0502 sym=0.0108 phy=0.0195 | 8.1s
2026-06-20 15:25:04,316 - INFO -   batch 120/381 | loss=0.0840 mse=0.0592 sym=0.0109 phy=0.0193 | 8.8s
2026-06-20 15:25:05,034 - INFO -   batch 130/381 | loss=0.0826 mse=0.0603 sym=0.0109 phy=0.0192 | 9.5s
2026-06-20 15:25:05,828 - INFO -   batch 140/381 | loss=0.0950 mse=0.0597 sym=0.0109 phy=0.0190 | 10.3s
2026-06-20 15:25:06,610 - INFO -   batch 150/381 | loss=0.1125 mse=0.0695 sym=0.0109 phy=0.0193 | 11.1s
2026-06-20 15:25:07,320 - INFO -   batch 160/381 | loss=0.0704 mse=0.0439 sym=0.0109 phy=0.0192 | 11.8s
2026-06-20 15:25:08,033 - INFO -   batch 170/381 | loss=0.0992 mse=0.0662 sym=0.0109 phy=0.0192 | 12.5s
2026-06-20 15:25:08,805 - INFO -   batch 180/381 | loss=0.0778 mse=0.0438 sym=0.0109 phy=0.0191 | 13.3s
2026-06-20 15:25:09,557 - INFO -   batch 190/381 | loss=0.0749 mse=0.0461 sym=0.0109 phy=0.0191 | 14.1s
2026-06-20 15:25:10,240 - INFO -   batch 200/381 | loss=0.0860 mse=0.0585 sym=0.0109 phy=0.0192 | 14.7s
2026-06-20 15:25:10,950 - INFO -   batch 210/381 | loss=0.0893 mse=0.0626 sym=0.0109 phy=0.0192 | 15.5s
2026-06-20 15:25:11,764 - INFO -   batch 220/381 | loss=0.0895 mse=0.0525 sym=0.0109 phy=0.0191 | 16.3s
2026-06-20 15:25:12,475 - INFO -   batch 230/381 | loss=0.0803 mse=0.0491 sym=0.0109 phy=0.0192 | 17.0s
2026-06-20 15:25:13,150 - INFO -   batch 240/381 | loss=0.0989 mse=0.0637 sym=0.0109 phy=0.0193 | 17.7s
2026-06-20 15:25:13,877 - INFO -   batch 250/381 | loss=0.0898 mse=0.0594 sym=0.0109 phy=0.0194 | 18.4s
2026-06-20 15:25:14,700 - INFO -   batch 260/381 | loss=0.0901 mse=0.0672 sym=0.0109 phy=0.0193 | 19.2s
2026-06-20 15:25:15,378 - INFO -   batch 270/381 | loss=0.0974 mse=0.0688 sym=0.0109 phy=0.0192 | 19.9s
2026-06-20 15:25:16,055 - INFO -   batch 280/381 | loss=0.0722 mse=0.0466 sym=0.0109 phy=0.0193 | 20.6s
2026-06-20 15:25:16,847 - INFO -   batch 290/381 | loss=0.0728 mse=0.0487 sym=0.0109 phy=0.0192 | 21.3s
2026-06-20 15:25:17,634 - INFO -   batch 300/381 | loss=0.0736 mse=0.0443 sym=0.0109 phy=0.0191 | 22.1s
2026-06-20 15:25:18,345 - INFO -   batch 310/381 | loss=0.0789 mse=0.0476 sym=0.0109 phy=0.0191 | 22.8s
2026-06-20 15:25:19,030 - INFO -   batch 320/381 | loss=0.0868 mse=0.0568 sym=0.0109 phy=0.0190 | 23.5s
2026-06-20 15:25:19,823 - INFO -   batch 330/381 | loss=0.0808 mse=0.0569 sym=0.0108 phy=0.0190 | 24.3s
2026-06-20 15:25:20,609 - INFO -   batch 340/381 | loss=0.1005 mse=0.0626 sym=0.0109 phy=0.0191 | 25.1s
2026-06-20 15:25:21,321 - INFO -   batch 350/381 | loss=0.0766 mse=0.0470 sym=0.0109 phy=0.0191 | 25.8s
2026-06-20 15:25:22,007 - INFO -   batch 360/381 | loss=0.0898 mse=0.0613 sym=0.0109 phy=0.0191 | 26.5s
2026-06-20 15:25:22,794 - INFO -   batch 370/381 | loss=0.0735 mse=0.0399 sym=0.0109 phy=0.0191 | 27.3s
2026-06-20 15:25:23,582 - INFO -   batch 380/381 | loss=0.0865 mse=0.0583 sym=0.0109 phy=0.0190 | 28.1s
2026-06-20 15:25:24,994 - INFO -   batch   1/381 | loss=0.0759 mse=0.0509 sym=0.0124 phy=0.0126 | 0.2s
2026-06-20 15:25:25,733 - INFO -   batch  10/381 | loss=0.0975 mse=0.0640 sym=0.0109 phy=0.0170 | 0.9s
2026-06-20 15:25:26,485 - INFO -   batch  20/381 | loss=0.0665 mse=0.0437 sym=0.0109 phy=0.0172 | 1.7s
2026-06-20 15:25:27,203 - INFO -   batch  30/381 | loss=0.0653 mse=0.0414 sym=0.0107 phy=0.0172 | 2.4s
2026-06-20 15:25:27,889 - INFO -   batch  40/381 | loss=0.0908 mse=0.0489 sym=0.0107 phy=0.0176 | 3.1s
2026-06-20 15:25:28,715 - INFO -   batch  50/381 | loss=0.0835 mse=0.0530 sym=0.0108 phy=0.0184 | 3.9s
2026-06-20 15:25:29,459 - INFO -   batch  60/381 | loss=0.0934 mse=0.0648 sym=0.0107 phy=0.0185 | 4.6s
2026-06-20 15:25:30,138 - INFO -   batch  70/381 | loss=0.0992 mse=0.0731 sym=0.0107 phy=0.0190 | 5.3s
2026-06-20 15:25:30,828 - INFO -   batch  80/381 | loss=0.0936 mse=0.0609 sym=0.0107 phy=0.0194 | 6.0s
2026-06-20 15:25:31,642 - INFO -   batch  90/381 | loss=0.0910 mse=0.0582 sym=0.0107 phy=0.0196 | 6.8s
2026-06-20 15:25:32,385 - INFO -   batch 100/381 | loss=0.0932 mse=0.0603 sym=0.0108 phy=0.0195 | 7.6s
2026-06-20 15:25:33,101 - INFO -   batch 110/381 | loss=0.1237 mse=0.0924 sym=0.0108 phy=0.0193 | 8.3s
2026-06-20 15:25:33,801 - INFO -   batch 120/381 | loss=0.0791 mse=0.0468 sym=0.0108 phy=0.0195 | 9.0s
2026-06-20 15:25:34,615 - INFO -   batch 130/381 | loss=0.0745 mse=0.0458 sym=0.0109 phy=0.0195 | 9.8s
2026-06-20 15:25:35,359 - INFO -   batch 140/381 | loss=0.0857 mse=0.0551 sym=0.0109 phy=0.0194 | 10.5s
2026-06-20 15:25:36,065 - INFO -   batch 150/381 | loss=0.1094 mse=0.0715 sym=0.0109 phy=0.0196 | 11.2s
2026-06-20 15:25:36,756 - INFO -   batch 160/381 | loss=0.0702 mse=0.0439 sym=0.0109 phy=0.0193 | 11.9s
2026-06-20 15:25:37,578 - INFO -   batch 170/381 | loss=0.0919 mse=0.0654 sym=0.0108 phy=0.0191 | 12.8s
2026-06-20 15:25:38,317 - INFO -   batch 180/381 | loss=0.0724 mse=0.0456 sym=0.0109 phy=0.0191 | 13.5s
2026-06-20 15:25:39,005 - INFO -   batch 190/381 | loss=0.0758 mse=0.0460 sym=0.0109 phy=0.0192 | 14.2s
2026-06-20 15:25:39,716 - INFO -   batch 200/381 | loss=0.0925 mse=0.0590 sym=0.0109 phy=0.0191 | 14.9s
2026-06-20 15:25:40,542 - INFO -   batch 210/381 | loss=0.0856 mse=0.0575 sym=0.0109 phy=0.0191 | 15.7s
2026-06-20 15:25:41,281 - INFO -   batch 220/381 | loss=0.1091 mse=0.0730 sym=0.0109 phy=0.0191 | 16.5s
2026-06-20 15:25:41,996 - INFO -   batch 230/381 | loss=0.0722 mse=0.0410 sym=0.0109 phy=0.0191 | 17.2s
2026-06-20 15:25:42,680 - INFO -   batch 240/381 | loss=0.0918 mse=0.0644 sym=0.0109 phy=0.0192 | 17.9s
2026-06-20 15:25:43,506 - INFO -   batch 250/381 | loss=0.0822 mse=0.0525 sym=0.0109 phy=0.0192 | 18.7s
2026-06-20 15:25:44,244 - INFO -   batch 260/381 | loss=0.0770 mse=0.0485 sym=0.0109 phy=0.0192 | 19.4s
2026-06-20 15:25:44,933 - INFO -   batch 270/381 | loss=0.0867 mse=0.0638 sym=0.0109 phy=0.0191 | 20.1s
2026-06-20 15:25:45,640 - INFO -   batch 280/381 | loss=0.0542 mse=0.0296 sym=0.0109 phy=0.0190 | 20.8s
2026-06-20 15:25:46,464 - INFO -   batch 290/381 | loss=0.0961 mse=0.0690 sym=0.0109 phy=0.0191 | 21.6s
2026-06-20 15:25:47,178 - INFO -   batch 300/381 | loss=0.0920 mse=0.0630 sym=0.0109 phy=0.0191 | 22.4s
2026-06-20 15:25:47,857 - INFO -   batch 310/381 | loss=0.0817 mse=0.0549 sym=0.0109 phy=0.0190 | 23.0s
2026-06-20 15:25:48,581 - INFO -   batch 320/381 | loss=0.0911 mse=0.0498 sym=0.0109 phy=0.0190 | 23.8s
2026-06-20 15:25:49,393 - INFO -   batch 330/381 | loss=0.0959 mse=0.0584 sym=0.0109 phy=0.0191 | 24.6s
2026-06-20 15:25:50,107 - INFO -   batch 340/381 | loss=0.0934 mse=0.0709 sym=0.0109 phy=0.0190 | 25.3s
2026-06-20 15:25:50,792 - INFO -   batch 350/381 | loss=0.0990 mse=0.0648 sym=0.0109 phy=0.0189 | 26.0s
2026-06-20 15:25:51,541 - INFO -   batch 360/381 | loss=0.1004 mse=0.0587 sym=0.0109 phy=0.0190 | 26.7s
2026-06-20 15:25:52,359 - INFO -   batch 370/381 | loss=0.0813 mse=0.0548 sym=0.0109 phy=0.0190 | 27.5s
2026-06-20 15:25:53,041 - INFO -   batch 380/381 | loss=0.0929 mse=0.0617 sym=0.0109 phy=0.0190 | 28.2s
2026-06-20 15:25:54,429 - INFO -   batch   1/381 | loss=0.0872 mse=0.0485 sym=0.0099 phy=0.0287 | 0.2s
2026-06-20 15:25:55,090 - INFO -   batch  10/381 | loss=0.0721 mse=0.0410 sym=0.0111 phy=0.0189 | 0.8s
2026-06-20 15:25:55,776 - INFO -   batch  20/381 | loss=0.0805 mse=0.0489 sym=0.0111 phy=0.0199 | 1.5s
2026-06-20 15:25:56,496 - INFO -   batch  30/381 | loss=0.1017 mse=0.0646 sym=0.0111 phy=0.0194 | 2.2s
2026-06-20 15:25:57,285 - INFO -   batch  40/381 | loss=0.0891 mse=0.0599 sym=0.0110 phy=0.0192 | 3.0s
2026-06-20 15:25:57,999 - INFO -   batch  50/381 | loss=0.0713 mse=0.0422 sym=0.0110 phy=0.0189 | 3.7s
2026-06-20 15:25:58,710 - INFO -   batch  60/381 | loss=0.0980 mse=0.0656 sym=0.0111 phy=0.0192 | 4.4s
2026-06-20 15:25:59,458 - INFO -   batch  70/381 | loss=0.1074 mse=0.0781 sym=0.0111 phy=0.0195 | 5.2s
2026-06-20 15:26:00,252 - INFO -   batch  80/381 | loss=0.0754 mse=0.0451 sym=0.0110 phy=0.0194 | 6.0s
2026-06-20 15:26:00,949 - INFO -   batch  90/381 | loss=0.0993 mse=0.0663 sym=0.0110 phy=0.0192 | 6.7s
2026-06-20 15:26:01,668 - INFO -   batch 100/381 | loss=0.0796 mse=0.0495 sym=0.0110 phy=0.0191 | 7.4s
2026-06-20 15:26:02,400 - INFO -   batch 110/381 | loss=0.0904 mse=0.0652 sym=0.0110 phy=0.0191 | 8.1s
2026-06-20 15:26:03,166 - INFO -   batch 120/381 | loss=0.0963 mse=0.0660 sym=0.0110 phy=0.0190 | 8.9s
2026-06-20 15:26:03,857 - INFO -   batch 130/381 | loss=0.0714 mse=0.0465 sym=0.0110 phy=0.0189 | 9.6s
2026-06-20 15:26:04,505 - INFO -   batch 140/381 | loss=0.0964 mse=0.0681 sym=0.0110 phy=0.0189 | 10.2s
2026-06-20 15:26:05,333 - INFO -   batch 150/381 | loss=0.0981 mse=0.0643 sym=0.0110 phy=0.0192 | 11.1s
2026-06-20 15:26:06,077 - INFO -   batch 160/381 | loss=0.0889 mse=0.0553 sym=0.0109 phy=0.0191 | 11.8s
2026-06-20 15:26:06,746 - INFO -   batch 170/381 | loss=0.0962 mse=0.0626 sym=0.0110 phy=0.0189 | 12.5s
2026-06-20 15:26:07,447 - INFO -   batch 180/381 | loss=0.0882 mse=0.0579 sym=0.0110 phy=0.0190 | 13.2s
2026-06-20 15:26:08,279 - INFO -   batch 190/381 | loss=0.1042 mse=0.0685 sym=0.0109 phy=0.0190 | 14.0s
2026-06-20 15:26:08,985 - INFO -   batch 200/381 | loss=0.0799 mse=0.0473 sym=0.0110 phy=0.0191 | 14.7s
2026-06-20 15:26:09,663 - INFO -   batch 210/381 | loss=0.0799 mse=0.0493 sym=0.0109 phy=0.0189 | 15.4s
2026-06-20 15:26:10,408 - INFO -   batch 220/381 | loss=0.0810 mse=0.0557 sym=0.0109 phy=0.0188 | 16.1s
2026-06-20 15:26:11,213 - INFO -   batch 230/381 | loss=0.0982 mse=0.0639 sym=0.0109 phy=0.0189 | 16.9s
2026-06-20 15:26:11,926 - INFO -   batch 240/381 | loss=0.1077 mse=0.0696 sym=0.0109 phy=0.0189 | 17.7s
2026-06-20 15:26:12,627 - INFO -   batch 250/381 | loss=0.0754 mse=0.0445 sym=0.0109 phy=0.0190 | 18.4s
2026-06-20 15:26:13,382 - INFO -   batch 260/381 | loss=0.0711 mse=0.0478 sym=0.0109 phy=0.0189 | 19.1s
2026-06-20 15:26:14,166 - INFO -   batch 270/381 | loss=0.0872 mse=0.0596 sym=0.0109 phy=0.0189 | 19.9s
2026-06-20 15:26:14,876 - INFO -   batch 280/381 | loss=0.0742 mse=0.0427 sym=0.0109 phy=0.0190 | 20.6s
2026-06-20 15:26:15,556 - INFO -   batch 290/381 | loss=0.0855 mse=0.0543 sym=0.0109 phy=0.0189 | 21.3s
2026-06-20 15:26:16,342 - INFO -   batch 300/381 | loss=0.0888 mse=0.0593 sym=0.0109 phy=0.0189 | 22.1s
2026-06-20 15:26:17,086 - INFO -   batch 310/381 | loss=0.0902 mse=0.0542 sym=0.0109 phy=0.0188 | 22.8s
2026-06-20 15:26:17,801 - INFO -   batch 320/381 | loss=0.0796 mse=0.0498 sym=0.0109 phy=0.0188 | 23.5s
2026-06-20 15:26:18,479 - INFO -   batch 330/381 | loss=0.0903 mse=0.0639 sym=0.0109 phy=0.0187 | 24.2s
2026-06-20 15:26:19,299 - INFO -   batch 340/381 | loss=0.0702 mse=0.0371 sym=0.0109 phy=0.0187 | 25.0s
2026-06-20 15:26:20,008 - INFO -   batch 350/381 | loss=0.0827 mse=0.0507 sym=0.0109 phy=0.0187 | 25.7s
2026-06-20 15:26:20,666 - INFO -   batch 360/381 | loss=0.0925 mse=0.0693 sym=0.0109 phy=0.0188 | 26.4s
2026-06-20 15:26:21,419 - INFO -   batch 370/381 | loss=0.0874 mse=0.0571 sym=0.0109 phy=0.0188 | 27.2s
2026-06-20 15:26:22,189 - INFO -   batch 380/381 | loss=0.0901 mse=0.0589 sym=0.0109 phy=0.0188 | 27.9s
2026-06-20 15:26:23,577 - INFO -   batch   1/381 | loss=0.0803 mse=0.0493 sym=0.0100 phy=0.0210 | 0.2s
2026-06-20 15:26:24,325 - INFO -   batch  10/381 | loss=0.0696 mse=0.0380 sym=0.0108 phy=0.0172 | 0.9s
2026-06-20 15:26:25,038 - INFO -   batch  20/381 | loss=0.0882 mse=0.0663 sym=0.0106 phy=0.0191 | 1.6s
2026-06-20 15:26:25,882 - INFO -   batch  30/381 | loss=0.0804 mse=0.0482 sym=0.0106 phy=0.0185 | 2.5s
2026-06-20 15:26:26,601 - INFO -   batch  40/381 | loss=0.0848 mse=0.0585 sym=0.0108 phy=0.0182 | 3.2s
2026-06-20 15:26:27,386 - INFO -   batch  50/381 | loss=0.0709 mse=0.0417 sym=0.0107 phy=0.0187 | 4.0s
2026-06-20 15:26:28,179 - INFO -   batch  60/381 | loss=0.0996 mse=0.0687 sym=0.0108 phy=0.0185 | 4.8s
2026-06-20 15:26:28,894 - INFO -   batch  70/381 | loss=0.0809 mse=0.0483 sym=0.0108 phy=0.0182 | 5.5s
2026-06-20 15:26:29,548 - INFO -   batch  80/381 | loss=0.0698 mse=0.0425 sym=0.0109 phy=0.0185 | 6.1s
2026-06-20 15:26:30,328 - INFO -   batch  90/381 | loss=0.0934 mse=0.0549 sym=0.0109 phy=0.0187 | 6.9s
2026-06-20 15:26:31,117 - INFO -   batch 100/381 | loss=0.0842 mse=0.0571 sym=0.0109 phy=0.0184 | 7.7s
2026-06-20 15:26:31,799 - INFO -   batch 110/381 | loss=0.0746 mse=0.0451 sym=0.0109 phy=0.0183 | 8.4s
2026-06-20 15:26:32,491 - INFO -   batch 120/381 | loss=0.0773 mse=0.0443 sym=0.0108 phy=0.0184 | 9.1s
2026-06-20 15:26:33,313 - INFO -   batch 130/381 | loss=0.0746 mse=0.0334 sym=0.0108 phy=0.0186 | 9.9s
2026-06-20 15:26:34,061 - INFO -   batch 140/381 | loss=0.0678 mse=0.0379 sym=0.0108 phy=0.0186 | 10.7s
2026-06-20 15:26:34,716 - INFO -   batch 150/381 | loss=0.0704 mse=0.0436 sym=0.0108 phy=0.0187 | 11.3s
2026-06-20 15:26:35,401 - INFO -   batch 160/381 | loss=0.0777 mse=0.0504 sym=0.0108 phy=0.0189 | 12.0s
2026-06-20 15:26:36,211 - INFO -   batch 170/381 | loss=0.0799 mse=0.0572 sym=0.0108 phy=0.0188 | 12.8s
2026-06-20 15:26:36,903 - INFO -   batch 180/381 | loss=0.0794 mse=0.0539 sym=0.0108 phy=0.0188 | 13.5s
2026-06-20 15:26:37,604 - INFO -   batch 190/381 | loss=0.0979 mse=0.0582 sym=0.0108 phy=0.0188 | 14.2s
2026-06-20 15:26:38,368 - INFO -   batch 200/381 | loss=0.0926 mse=0.0532 sym=0.0108 phy=0.0190 | 15.0s
2026-06-20 15:26:39,118 - INFO -   batch 210/381 | loss=0.0709 mse=0.0450 sym=0.0109 phy=0.0190 | 15.7s
2026-06-20 15:26:39,828 - INFO -   batch 220/381 | loss=0.1065 mse=0.0765 sym=0.0109 phy=0.0190 | 16.4s
2026-06-20 15:26:40,513 - INFO -   batch 230/381 | loss=0.0823 mse=0.0546 sym=0.0109 phy=0.0189 | 17.1s
2026-06-20 15:26:41,308 - INFO -   batch 240/381 | loss=0.0775 mse=0.0487 sym=0.0109 phy=0.0189 | 17.9s
2026-06-20 15:26:42,085 - INFO -   batch 250/381 | loss=0.0894 mse=0.0624 sym=0.0109 phy=0.0188 | 18.7s
2026-06-20 15:26:42,744 - INFO -   batch 260/381 | loss=0.0901 mse=0.0594 sym=0.0109 phy=0.0187 | 19.3s
2026-06-20 15:26:43,442 - INFO -   batch 270/381 | loss=0.0919 mse=0.0632 sym=0.0109 phy=0.0187 | 20.0s
2026-06-20 15:26:44,267 - INFO -   batch 280/381 | loss=0.0831 mse=0.0581 sym=0.0109 phy=0.0187 | 20.9s
2026-06-20 15:26:44,982 - INFO -   batch 290/381 | loss=0.0822 mse=0.0542 sym=0.0109 phy=0.0187 | 21.6s
2026-06-20 15:26:45,638 - INFO -   batch 300/381 | loss=0.0843 mse=0.0595 sym=0.0109 phy=0.0186 | 22.2s
2026-06-20 15:26:46,406 - INFO -   batch 310/381 | loss=0.0971 mse=0.0659 sym=0.0109 phy=0.0187 | 23.0s
2026-06-20 15:26:47,223 - INFO -   batch 320/381 | loss=0.1005 mse=0.0721 sym=0.0109 phy=0.0186 | 23.8s
2026-06-20 15:26:47,904 - INFO -   batch 330/381 | loss=0.0974 mse=0.0630 sym=0.0109 phy=0.0186 | 24.5s
2026-06-20 15:26:48,593 - INFO -   batch 340/381 | loss=0.0860 mse=0.0483 sym=0.0109 phy=0.0186 | 25.2s
2026-06-20 15:26:49,364 - INFO -   batch 350/381 | loss=0.0812 mse=0.0478 sym=0.0109 phy=0.0187 | 26.0s
2026-06-20 15:26:50,135 - INFO -   batch 360/381 | loss=0.0856 mse=0.0547 sym=0.0109 phy=0.0188 | 26.7s
2026-06-20 15:26:50,850 - INFO -   batch 370/381 | loss=0.0900 mse=0.0618 sym=0.0109 phy=0.0187 | 27.4s
2026-06-20 15:26:51,553 - INFO -   batch 380/381 | loss=0.0869 mse=0.0587 sym=0.0110 phy=0.0187 | 28.1s
2026-06-20 15:26:52,910 - INFO -   batch   1/381 | loss=0.0756 mse=0.0407 sym=0.0117 phy=0.0231 | 0.2s
2026-06-20 15:26:53,542 - INFO -   batch  10/381 | loss=0.0748 mse=0.0425 sym=0.0110 phy=0.0212 | 0.8s
2026-06-20 15:26:54,336 - INFO -   batch  20/381 | loss=0.0834 mse=0.0559 sym=0.0111 phy=0.0208 | 1.6s
2026-06-20 15:26:55,084 - INFO -   batch  30/381 | loss=0.0821 mse=0.0495 sym=0.0111 phy=0.0208 | 2.3s
2026-06-20 15:26:55,731 - INFO -   batch  40/381 | loss=0.0972 mse=0.0657 sym=0.0112 phy=0.0207 | 3.0s
2026-06-20 15:26:56,421 - INFO -   batch  50/381 | loss=0.0758 mse=0.0474 sym=0.0112 phy=0.0210 | 3.7s
2026-06-20 15:26:57,258 - INFO -   batch  60/381 | loss=0.0710 mse=0.0444 sym=0.0112 phy=0.0206 | 4.5s
2026-06-20 15:26:57,964 - INFO -   batch  70/381 | loss=0.0979 mse=0.0710 sym=0.0111 phy=0.0200 | 5.2s
2026-06-20 15:26:58,676 - INFO -   batch  80/381 | loss=0.0962 mse=0.0696 sym=0.0111 phy=0.0196 | 5.9s
2026-06-20 15:26:59,398 - INFO -   batch  90/381 | loss=0.0767 mse=0.0497 sym=0.0111 phy=0.0198 | 6.7s
2026-06-20 15:27:00,195 - INFO -   batch 100/381 | loss=0.0765 mse=0.0468 sym=0.0111 phy=0.0199 | 7.4s
2026-06-20 15:27:00,909 - INFO -   batch 110/381 | loss=0.0933 mse=0.0653 sym=0.0111 phy=0.0199 | 8.2s
2026-06-20 15:27:01,620 - INFO -   batch 120/381 | loss=0.0831 mse=0.0547 sym=0.0111 phy=0.0200 | 8.9s
2026-06-20 15:27:02,344 - INFO -   batch 130/381 | loss=0.0701 mse=0.0403 sym=0.0111 phy=0.0201 | 9.6s
2026-06-20 15:27:03,146 - INFO -   batch 140/381 | loss=0.0824 mse=0.0518 sym=0.0111 phy=0.0200 | 10.4s
2026-06-20 15:27:03,825 - INFO -   batch 150/381 | loss=0.0842 mse=0.0543 sym=0.0111 phy=0.0196 | 11.1s
2026-06-20 15:27:04,534 - INFO -   batch 160/381 | loss=0.0868 mse=0.0568 sym=0.0110 phy=0.0197 | 11.8s
2026-06-20 15:27:05,319 - INFO -   batch 170/381 | loss=0.0804 mse=0.0494 sym=0.0110 phy=0.0197 | 12.6s
2026-06-20 15:27:06,078 - INFO -   batch 180/381 | loss=0.0871 mse=0.0606 sym=0.0110 phy=0.0195 | 13.3s
2026-06-20 15:27:06,744 - INFO -   batch 190/381 | loss=0.0806 mse=0.0553 sym=0.0110 phy=0.0195 | 14.0s
2026-06-20 15:27:07,427 - INFO -   batch 200/381 | loss=0.0875 mse=0.0490 sym=0.0110 phy=0.0195 | 14.7s
2026-06-20 15:27:08,221 - INFO -   batch 210/381 | loss=0.0845 mse=0.0564 sym=0.0110 phy=0.0194 | 15.5s
2026-06-20 15:27:08,897 - INFO -   batch 220/381 | loss=0.0826 mse=0.0540 sym=0.0110 phy=0.0193 | 16.2s
2026-06-20 15:27:09,573 - INFO -   batch 230/381 | loss=0.0682 mse=0.0403 sym=0.0110 phy=0.0192 | 16.8s
2026-06-20 15:27:10,341 - INFO -   batch 240/381 | loss=0.0793 mse=0.0521 sym=0.0110 phy=0.0193 | 17.6s
2026-06-20 15:27:11,112 - INFO -   batch 250/381 | loss=0.0762 mse=0.0525 sym=0.0110 phy=0.0192 | 18.4s
2026-06-20 15:27:11,794 - INFO -   batch 260/381 | loss=0.0843 mse=0.0512 sym=0.0110 phy=0.0191 | 19.0s
2026-06-20 15:27:12,460 - INFO -   batch 270/381 | loss=0.0640 mse=0.0326 sym=0.0110 phy=0.0192 | 19.7s
2026-06-20 15:27:13,288 - INFO -   batch 280/381 | loss=0.0959 mse=0.0564 sym=0.0110 phy=0.0191 | 20.5s
2026-06-20 15:27:14,014 - INFO -   batch 290/381 | loss=0.0714 mse=0.0426 sym=0.0110 phy=0.0191 | 21.3s
2026-06-20 15:27:14,705 - INFO -   batch 300/381 | loss=0.0669 mse=0.0463 sym=0.0110 phy=0.0190 | 22.0s
2026-06-20 15:27:15,417 - INFO -   batch 310/381 | loss=0.0994 mse=0.0632 sym=0.0110 phy=0.0190 | 22.7s
2026-06-20 15:27:16,244 - INFO -   batch 320/381 | loss=0.0924 mse=0.0629 sym=0.0110 phy=0.0190 | 23.5s
2026-06-20 15:27:16,947 - INFO -   batch 330/381 | loss=0.1015 mse=0.0649 sym=0.0109 phy=0.0191 | 24.2s
2026-06-20 15:27:17,607 - INFO -   batch 340/381 | loss=0.0877 mse=0.0591 sym=0.0109 phy=0.0190 | 24.9s
2026-06-20 15:27:18,348 - INFO -   batch 350/381 | loss=0.0852 mse=0.0600 sym=0.0110 phy=0.0189 | 25.6s
2026-06-20 15:27:19,101 - INFO -   batch 360/381 | loss=0.0788 mse=0.0425 sym=0.0110 phy=0.0189 | 26.4s
2026-06-20 15:27:19,807 - INFO -   batch 370/381 | loss=0.0824 mse=0.0557 sym=0.0109 phy=0.0189 | 27.1s
2026-06-20 15:27:20,491 - INFO -   batch 380/381 | loss=0.0992 mse=0.0689 sym=0.0109 phy=0.0189 | 27.7s
2026-06-20 15:27:21,715 - INFO - Epoch  20/50 | Loss=0.0849 MSE=0.0551 Sym=0.0109 Phy=0.0189 | Val RMSE=0.2370 ρ=0.310 | 29s
2026-06-20 15:27:21,884 - INFO -   batch   1/381 | loss=0.0751 mse=0.0418 sym=0.0113 phy=0.0221 | 0.2s
2026-06-20 15:27:22,500 - INFO -   batch  10/381 | loss=0.1086 mse=0.0775 sym=0.0103 phy=0.0208 | 0.8s
2026-06-20 15:27:23,285 - INFO -   batch  20/381 | loss=0.0930 mse=0.0653 sym=0.0104 phy=0.0186 | 1.6s
2026-06-20 15:27:24,049 - INFO -   batch  30/381 | loss=0.0902 mse=0.0581 sym=0.0106 phy=0.0184 | 2.3s
2026-06-20 15:27:24,770 - INFO -   batch  40/381 | loss=0.0752 mse=0.0472 sym=0.0109 phy=0.0181 | 3.1s
2026-06-20 15:27:25,475 - INFO -   batch  50/381 | loss=0.1019 mse=0.0687 sym=0.0109 phy=0.0184 | 3.8s
2026-06-20 15:27:26,248 - INFO -   batch  60/381 | loss=0.0889 mse=0.0596 sym=0.0109 phy=0.0183 | 4.5s
2026-06-20 15:27:27,024 - INFO -   batch  70/381 | loss=0.0806 mse=0.0560 sym=0.0110 phy=0.0186 | 5.3s
2026-06-20 15:27:27,711 - INFO -   batch  80/381 | loss=0.0921 mse=0.0539 sym=0.0110 phy=0.0189 | 6.0s
2026-06-20 15:27:28,391 - INFO -   batch  90/381 | loss=0.0790 mse=0.0484 sym=0.0109 phy=0.0190 | 6.7s
2026-06-20 15:27:29,219 - INFO -   batch 100/381 | loss=0.0833 mse=0.0536 sym=0.0109 phy=0.0187 | 7.5s
2026-06-20 15:27:29,959 - INFO -   batch 110/381 | loss=0.0803 mse=0.0478 sym=0.0109 phy=0.0188 | 8.2s
2026-06-20 15:27:30,625 - INFO -   batch 120/381 | loss=0.0720 mse=0.0440 sym=0.0109 phy=0.0188 | 8.9s
2026-06-20 15:27:31,333 - INFO -   batch 130/381 | loss=0.0974 mse=0.0662 sym=0.0109 phy=0.0188 | 9.6s
2026-06-20 15:27:32,127 - INFO -   batch 140/381 | loss=0.0742 mse=0.0436 sym=0.0109 phy=0.0188 | 10.4s
2026-06-20 15:27:32,795 - INFO -   batch 150/381 | loss=0.0840 mse=0.0518 sym=0.0109 phy=0.0190 | 11.1s
2026-06-20 15:27:33,521 - INFO -   batch 160/381 | loss=0.0718 mse=0.0403 sym=0.0109 phy=0.0190 | 11.8s
2026-06-20 15:27:34,293 - INFO -   batch 170/381 | loss=0.0855 mse=0.0561 sym=0.0109 phy=0.0189 | 12.6s
2026-06-20 15:27:35,107 - INFO -   batch 180/381 | loss=0.0892 mse=0.0580 sym=0.0109 phy=0.0188 | 13.4s
2026-06-20 15:27:35,823 - INFO -   batch 190/381 | loss=0.0691 mse=0.0454 sym=0.0109 phy=0.0188 | 14.1s
2026-06-20 15:27:36,484 - INFO -   batch 200/381 | loss=0.0826 mse=0.0555 sym=0.0109 phy=0.0187 | 14.8s
2026-06-20 15:27:37,272 - INFO -   batch 210/381 | loss=0.0865 mse=0.0583 sym=0.0110 phy=0.0187 | 15.6s
2026-06-20 15:27:38,035 - INFO -   batch 220/381 | loss=0.0768 mse=0.0512 sym=0.0109 phy=0.0188 | 16.3s
2026-06-20 15:27:38,750 - INFO -   batch 230/381 | loss=0.0980 mse=0.0731 sym=0.0109 phy=0.0187 | 17.0s
2026-06-20 15:27:39,452 - INFO -   batch 240/381 | loss=0.1027 mse=0.0741 sym=0.0109 phy=0.0188 | 17.7s
2026-06-20 15:27:40,246 - INFO -   batch 250/381 | loss=0.0774 mse=0.0489 sym=0.0109 phy=0.0188 | 18.5s
2026-06-20 15:27:40,993 - INFO -   batch 260/381 | loss=0.1028 mse=0.0714 sym=0.0109 phy=0.0188 | 19.3s
2026-06-20 15:27:41,710 - INFO -   batch 270/381 | loss=0.0823 mse=0.0539 sym=0.0109 phy=0.0188 | 20.0s
2026-06-20 15:27:42,396 - INFO -   batch 280/381 | loss=0.0877 mse=0.0648 sym=0.0109 phy=0.0188 | 20.7s
2026-06-20 15:27:43,224 - INFO -   batch 290/381 | loss=0.0677 mse=0.0413 sym=0.0110 phy=0.0187 | 21.5s
2026-06-20 15:27:43,970 - INFO -   batch 300/381 | loss=0.0795 mse=0.0522 sym=0.0110 phy=0.0187 | 22.3s
2026-06-20 15:27:44,762 - INFO -   batch 310/381 | loss=0.1027 mse=0.0710 sym=0.0110 phy=0.0187 | 23.0s
2026-06-20 15:27:45,455 - INFO -   batch 320/381 | loss=0.0845 mse=0.0569 sym=0.0110 phy=0.0187 | 23.7s
2026-06-20 15:27:46,233 - INFO -   batch 330/381 | loss=0.0821 mse=0.0522 sym=0.0109 phy=0.0188 | 24.5s
2026-06-20 15:27:47,001 - INFO -   batch 340/381 | loss=0.0935 mse=0.0669 sym=0.0109 phy=0.0187 | 25.3s
2026-06-20 15:27:47,707 - INFO -   batch 350/381 | loss=0.0800 mse=0.0531 sym=0.0109 phy=0.0187 | 26.0s
2026-06-20 15:27:48,398 - INFO -   batch 360/381 | loss=0.0599 mse=0.0352 sym=0.0109 phy=0.0188 | 26.7s
2026-06-20 15:27:49,184 - INFO -   batch 370/381 | loss=0.0999 mse=0.0708 sym=0.0109 phy=0.0187 | 27.5s
2026-06-20 15:27:49,928 - INFO -   batch 380/381 | loss=0.0838 mse=0.0542 sym=0.0109 phy=0.0187 | 28.2s
2026-06-20 15:27:51,338 - INFO -   batch   1/381 | loss=0.0823 mse=0.0512 sym=0.0118 phy=0.0193 | 0.1s
2026-06-20 15:27:52,111 - INFO -   batch  10/381 | loss=0.0851 mse=0.0555 sym=0.0113 phy=0.0206 | 0.9s
2026-06-20 15:27:52,821 - INFO -   batch  20/381 | loss=0.0829 mse=0.0528 sym=0.0111 phy=0.0191 | 1.6s
2026-06-20 15:27:53,509 - INFO -   batch  30/381 | loss=0.1006 mse=0.0695 sym=0.0110 phy=0.0185 | 2.3s
2026-06-20 15:27:54,233 - INFO -   batch  40/381 | loss=0.0974 mse=0.0707 sym=0.0110 phy=0.0176 | 3.0s
2026-06-20 15:27:55,019 - INFO -   batch  50/381 | loss=0.0633 mse=0.0376 sym=0.0111 phy=0.0177 | 3.8s
2026-06-20 15:27:55,727 - INFO -   batch  60/381 | loss=0.0868 mse=0.0647 sym=0.0111 phy=0.0178 | 4.5s
2026-06-20 15:27:56,392 - INFO -   batch  70/381 | loss=0.0976 mse=0.0731 sym=0.0110 phy=0.0177 | 5.2s
2026-06-20 15:27:57,187 - INFO -   batch  80/381 | loss=0.0910 mse=0.0621 sym=0.0110 phy=0.0180 | 6.0s
2026-06-20 15:27:57,966 - INFO -   batch  90/381 | loss=0.0884 mse=0.0657 sym=0.0110 phy=0.0177 | 6.8s
2026-06-20 15:27:58,657 - INFO -   batch 100/381 | loss=0.0846 mse=0.0528 sym=0.0110 phy=0.0176 | 7.5s
2026-06-20 15:27:59,328 - INFO -   batch 110/381 | loss=0.0769 mse=0.0445 sym=0.0111 phy=0.0178 | 8.1s
2026-06-20 15:28:00,135 - INFO -   batch 120/381 | loss=0.0720 mse=0.0445 sym=0.0111 phy=0.0177 | 8.9s
2026-06-20 15:28:00,846 - INFO -   batch 130/381 | loss=0.0552 mse=0.0296 sym=0.0111 phy=0.0181 | 9.6s
2026-06-20 15:28:01,561 - INFO -   batch 140/381 | loss=0.0935 mse=0.0599 sym=0.0111 phy=0.0182 | 10.4s
2026-06-20 15:28:02,257 - INFO -   batch 150/381 | loss=0.0901 mse=0.0590 sym=0.0110 phy=0.0182 | 11.1s
2026-06-20 15:28:03,133 - INFO -   batch 160/381 | loss=0.0913 mse=0.0608 sym=0.0110 phy=0.0183 | 11.9s
2026-06-20 15:28:03,873 - INFO -   batch 170/381 | loss=0.0838 mse=0.0604 sym=0.0110 phy=0.0182 | 12.7s
2026-06-20 15:28:04,617 - INFO -   batch 180/381 | loss=0.0794 mse=0.0551 sym=0.0110 phy=0.0181 | 13.4s
2026-06-20 15:28:05,377 - INFO -   batch 190/381 | loss=0.0780 mse=0.0529 sym=0.0110 phy=0.0182 | 14.2s
2026-06-20 15:28:06,184 - INFO -   batch 200/381 | loss=0.0633 mse=0.0388 sym=0.0110 phy=0.0182 | 15.0s
2026-06-20 15:28:06,929 - INFO -   batch 210/381 | loss=0.1081 mse=0.0739 sym=0.0109 phy=0.0181 | 15.7s
2026-06-20 15:28:07,648 - INFO -   batch 220/381 | loss=0.0825 mse=0.0513 sym=0.0109 phy=0.0183 | 16.4s
2026-06-20 15:28:08,310 - INFO -   batch 230/381 | loss=0.0757 mse=0.0394 sym=0.0109 phy=0.0184 | 17.1s
2026-06-20 15:28:09,142 - INFO -   batch 240/381 | loss=0.0808 mse=0.0511 sym=0.0110 phy=0.0184 | 17.9s
2026-06-20 15:28:09,846 - INFO -   batch 250/381 | loss=0.0896 mse=0.0587 sym=0.0110 phy=0.0184 | 18.6s
2026-06-20 15:28:10,548 - INFO -   batch 260/381 | loss=0.0828 mse=0.0537 sym=0.0109 phy=0.0186 | 19.3s
2026-06-20 15:28:11,280 - INFO -   batch 270/381 | loss=0.0852 mse=0.0538 sym=0.0110 phy=0.0186 | 20.1s
2026-06-20 15:28:12,078 - INFO -   batch 280/381 | loss=0.0860 mse=0.0613 sym=0.0110 phy=0.0187 | 20.9s
2026-06-20 15:28:12,777 - INFO -   batch 290/381 | loss=0.0781 mse=0.0516 sym=0.0110 phy=0.0187 | 21.6s
2026-06-20 15:28:13,468 - INFO -   batch 300/381 | loss=0.0620 mse=0.0351 sym=0.0110 phy=0.0186 | 22.3s
2026-06-20 15:28:14,236 - INFO -   batch 310/381 | loss=0.0953 mse=0.0618 sym=0.0110 phy=0.0187 | 23.0s
2026-06-20 15:28:15,039 - INFO -   batch 320/381 | loss=0.0693 mse=0.0447 sym=0.0110 phy=0.0187 | 23.8s
2026-06-20 15:28:15,750 - INFO -   batch 330/381 | loss=0.1013 mse=0.0676 sym=0.0110 phy=0.0187 | 24.5s
2026-06-20 15:28:16,431 - INFO -   batch 340/381 | loss=0.0881 mse=0.0601 sym=0.0110 phy=0.0187 | 25.2s
2026-06-20 15:28:17,221 - INFO -   batch 350/381 | loss=0.0883 mse=0.0597 sym=0.0109 phy=0.0187 | 26.0s
2026-06-20 15:28:17,996 - INFO -   batch 360/381 | loss=0.0929 mse=0.0561 sym=0.0110 phy=0.0187 | 26.8s
2026-06-20 15:28:18,704 - INFO -   batch 370/381 | loss=0.0859 mse=0.0603 sym=0.0110 phy=0.0188 | 27.5s
2026-06-20 15:28:19,397 - INFO -   batch 380/381 | loss=0.0786 mse=0.0412 sym=0.0110 phy=0.0188 | 28.2s
2026-06-20 15:28:20,839 - INFO -   batch   1/381 | loss=0.0970 mse=0.0643 sym=0.0110 phy=0.0217 | 0.2s
2026-06-20 15:28:21,435 - INFO -   batch  10/381 | loss=0.0778 mse=0.0510 sym=0.0111 phy=0.0177 | 0.8s
2026-06-20 15:28:22,214 - INFO -   batch  20/381 | loss=0.0826 mse=0.0442 sym=0.0108 phy=0.0177 | 1.5s
2026-06-20 15:28:22,954 - INFO -   batch  30/381 | loss=0.0900 mse=0.0539 sym=0.0109 phy=0.0188 | 2.3s
2026-06-20 15:28:23,648 - INFO -   batch  40/381 | loss=0.0843 mse=0.0600 sym=0.0110 phy=0.0184 | 3.0s
2026-06-20 15:28:24,336 - INFO -   batch  50/381 | loss=0.0708 mse=0.0433 sym=0.0110 phy=0.0187 | 3.7s
2026-06-20 15:28:25,159 - INFO -   batch  60/381 | loss=0.0917 mse=0.0573 sym=0.0110 phy=0.0185 | 4.5s
2026-06-20 15:28:25,867 - INFO -   batch  70/381 | loss=0.0926 mse=0.0569 sym=0.0110 phy=0.0184 | 5.2s
2026-06-20 15:28:26,513 - INFO -   batch  80/381 | loss=0.0855 mse=0.0547 sym=0.0109 phy=0.0183 | 5.8s
2026-06-20 15:28:27,269 - INFO -   batch  90/381 | loss=0.0918 mse=0.0641 sym=0.0109 phy=0.0183 | 6.6s
2026-06-20 15:28:28,094 - INFO -   batch 100/381 | loss=0.0727 mse=0.0442 sym=0.0109 phy=0.0182 | 7.4s
2026-06-20 15:28:28,803 - INFO -   batch 110/381 | loss=0.0920 mse=0.0617 sym=0.0110 phy=0.0183 | 8.1s
2026-06-20 15:28:29,663 - INFO -   batch 120/381 | loss=0.0898 mse=0.0651 sym=0.0110 phy=0.0183 | 9.0s
2026-06-20 15:28:30,352 - INFO -   batch 130/381 | loss=0.0956 mse=0.0617 sym=0.0109 phy=0.0183 | 9.7s
2026-06-20 15:28:31,161 - INFO -   batch 140/381 | loss=0.0824 mse=0.0519 sym=0.0109 phy=0.0185 | 10.5s
2026-06-20 15:28:31,890 - INFO -   batch 150/381 | loss=0.0848 mse=0.0604 sym=0.0109 phy=0.0186 | 11.2s
2026-06-20 15:28:32,626 - INFO -   batch 160/381 | loss=0.0687 mse=0.0414 sym=0.0109 phy=0.0188 | 12.0s
2026-06-20 15:28:33,354 - INFO -   batch 170/381 | loss=0.0751 mse=0.0509 sym=0.0109 phy=0.0188 | 12.7s
2026-06-20 15:28:34,180 - INFO -   batch 180/381 | loss=0.0738 mse=0.0501 sym=0.0109 phy=0.0188 | 13.5s
2026-06-20 15:28:34,862 - INFO -   batch 190/381 | loss=0.0880 mse=0.0610 sym=0.0109 phy=0.0187 | 14.2s
2026-06-20 15:28:35,536 - INFO -   batch 200/381 | loss=0.0727 mse=0.0474 sym=0.0109 phy=0.0186 | 14.9s
2026-06-20 15:28:36,362 - INFO -   batch 210/381 | loss=0.0954 mse=0.0630 sym=0.0109 phy=0.0188 | 15.7s
2026-06-20 15:28:37,117 - INFO -   batch 220/381 | loss=0.1006 mse=0.0703 sym=0.0109 phy=0.0189 | 16.4s
2026-06-20 15:28:37,822 - INFO -   batch 230/381 | loss=0.0759 mse=0.0486 sym=0.0109 phy=0.0188 | 17.2s
2026-06-20 15:28:38,535 - INFO -   batch 240/381 | loss=0.0772 mse=0.0481 sym=0.0110 phy=0.0187 | 17.9s
2026-06-20 15:28:39,350 - INFO -   batch 250/381 | loss=0.0991 mse=0.0649 sym=0.0110 phy=0.0188 | 18.7s
2026-06-20 15:28:40,090 - INFO -   batch 260/381 | loss=0.0796 mse=0.0522 sym=0.0110 phy=0.0187 | 19.4s
2026-06-20 15:28:40,790 - INFO -   batch 270/381 | loss=0.0823 mse=0.0569 sym=0.0110 phy=0.0186 | 20.1s
2026-06-20 15:28:41,566 - INFO -   batch 280/381 | loss=0.0897 mse=0.0575 sym=0.0110 phy=0.0187 | 20.9s
2026-06-20 15:28:42,344 - INFO -   batch 290/381 | loss=0.0917 mse=0.0637 sym=0.0110 phy=0.0186 | 21.7s
2026-06-20 15:28:43,050 - INFO -   batch 300/381 | loss=0.0849 mse=0.0606 sym=0.0110 phy=0.0186 | 22.4s
2026-06-20 15:28:43,747 - INFO -   batch 310/381 | loss=0.0630 mse=0.0342 sym=0.0110 phy=0.0186 | 23.1s
2026-06-20 15:28:44,574 - INFO -   batch 320/381 | loss=0.0887 mse=0.0495 sym=0.0110 phy=0.0187 | 23.9s
2026-06-20 15:28:45,284 - INFO -   batch 330/381 | loss=0.1025 mse=0.0624 sym=0.0110 phy=0.0188 | 24.6s
2026-06-20 15:28:45,935 - INFO -   batch 340/381 | loss=0.0722 mse=0.0461 sym=0.0110 phy=0.0187 | 25.3s
2026-06-20 15:28:46,745 - INFO -   batch 350/381 | loss=0.0723 mse=0.0461 sym=0.0110 phy=0.0187 | 26.1s
2026-06-20 15:28:47,490 - INFO -   batch 360/381 | loss=0.0796 mse=0.0473 sym=0.0110 phy=0.0187 | 26.8s
2026-06-20 15:28:48,184 - INFO -   batch 370/381 | loss=0.0790 mse=0.0521 sym=0.0110 phy=0.0187 | 27.5s
2026-06-20 15:28:48,937 - INFO -   batch 380/381 | loss=0.0803 mse=0.0534 sym=0.0110 phy=0.0187 | 28.3s
2026-06-20 15:28:50,295 - INFO -   batch   1/381 | loss=0.0789 mse=0.0483 sym=0.0110 phy=0.0196 | 0.2s
2026-06-20 15:28:51,017 - INFO -   batch  10/381 | loss=0.0909 mse=0.0531 sym=0.0109 phy=0.0194 | 0.9s
2026-06-20 15:28:51,772 - INFO -   batch  20/381 | loss=0.0779 mse=0.0506 sym=0.0106 phy=0.0179 | 1.7s
2026-06-20 15:28:52,432 - INFO -   batch  30/381 | loss=0.0945 mse=0.0642 sym=0.0107 phy=0.0176 | 2.3s
2026-06-20 15:28:53,210 - INFO -   batch  40/381 | loss=0.0819 mse=0.0514 sym=0.0109 phy=0.0185 | 3.1s
2026-06-20 15:28:53,970 - INFO -   batch  50/381 | loss=0.0772 mse=0.0494 sym=0.0109 phy=0.0186 | 3.9s
2026-06-20 15:28:54,666 - INFO -   batch  60/381 | loss=0.0871 mse=0.0607 sym=0.0111 phy=0.0188 | 4.6s
2026-06-20 15:28:55,427 - INFO -   batch  70/381 | loss=0.1010 mse=0.0690 sym=0.0110 phy=0.0187 | 5.3s
2026-06-20 15:28:56,204 - INFO -   batch  80/381 | loss=0.0967 mse=0.0704 sym=0.0111 phy=0.0187 | 6.1s
2026-06-20 15:28:56,846 - INFO -   batch  90/381 | loss=0.0790 mse=0.0501 sym=0.0111 phy=0.0186 | 6.7s
2026-06-20 15:28:57,599 - INFO -   batch 100/381 | loss=0.0876 mse=0.0635 sym=0.0110 phy=0.0186 | 7.5s
2026-06-20 15:28:58,399 - INFO -   batch 110/381 | loss=0.0754 mse=0.0489 sym=0.0110 phy=0.0184 | 8.3s
2026-06-20 15:28:59,069 - INFO -   batch 120/381 | loss=0.0774 mse=0.0537 sym=0.0110 phy=0.0183 | 9.0s
2026-06-20 15:28:59,810 - INFO -   batch 130/381 | loss=0.0908 mse=0.0572 sym=0.0110 phy=0.0184 | 9.7s
2026-06-20 15:29:00,607 - INFO -   batch 140/381 | loss=0.0837 mse=0.0494 sym=0.0110 phy=0.0183 | 10.5s
2026-06-20 15:29:01,282 - INFO -   batch 150/381 | loss=0.0887 mse=0.0611 sym=0.0110 phy=0.0184 | 11.2s
2026-06-20 15:29:01,990 - INFO -   batch 160/381 | loss=0.0991 mse=0.0630 sym=0.0110 phy=0.0186 | 11.9s
2026-06-20 15:29:02,776 - INFO -   batch 170/381 | loss=0.0920 mse=0.0592 sym=0.0110 phy=0.0187 | 12.7s
2026-06-20 15:29:03,449 - INFO -   batch 180/381 | loss=0.0773 mse=0.0468 sym=0.0110 phy=0.0188 | 13.3s
2026-06-20 15:29:04,174 - INFO -   batch 190/381 | loss=0.0792 mse=0.0531 sym=0.0110 phy=0.0188 | 14.1s
2026-06-20 15:29:04,916 - INFO -   batch 200/381 | loss=0.0765 mse=0.0496 sym=0.0110 phy=0.0190 | 14.8s
2026-06-20 15:29:05,489 - INFO -   batch 210/381 | loss=0.1042 mse=0.0666 sym=0.0110 phy=0.0191 | 15.4s
2026-06-20 15:29:06,257 - INFO -   batch 220/381 | loss=0.0837 mse=0.0561 sym=0.0110 phy=0.0189 | 16.1s
2026-06-20 15:29:06,882 - INFO -   batch 230/381 | loss=0.0741 mse=0.0479 sym=0.0110 phy=0.0188 | 16.8s
2026-06-20 15:29:07,540 - INFO -   batch 240/381 | loss=0.0834 mse=0.0570 sym=0.0110 phy=0.0188 | 17.4s
2026-06-20 15:29:08,356 - INFO -   batch 250/381 | loss=0.0802 mse=0.0577 sym=0.0111 phy=0.0187 | 18.2s
2026-06-20 15:29:09,041 - INFO -   batch 260/381 | loss=0.0790 mse=0.0507 sym=0.0111 phy=0.0188 | 18.9s
2026-06-20 15:29:09,725 - INFO -   batch 270/381 | loss=0.0735 mse=0.0472 sym=0.0110 phy=0.0188 | 19.6s
2026-06-20 15:29:10,554 - INFO -   batch 280/381 | loss=0.0914 mse=0.0610 sym=0.0110 phy=0.0188 | 20.4s
2026-06-20 15:29:11,236 - INFO -   batch 290/381 | loss=0.1090 mse=0.0749 sym=0.0110 phy=0.0188 | 21.1s
2026-06-20 15:29:11,908 - INFO -   batch 300/381 | loss=0.0926 mse=0.0664 sym=0.0110 phy=0.0187 | 21.8s
2026-06-20 15:29:12,748 - INFO -   batch 310/381 | loss=0.0696 mse=0.0441 sym=0.0110 phy=0.0188 | 22.6s
2026-06-20 15:29:13,418 - INFO -   batch 320/381 | loss=0.0891 mse=0.0561 sym=0.0110 phy=0.0187 | 23.3s
2026-06-20 15:29:14,067 - INFO -   batch 330/381 | loss=0.0943 mse=0.0676 sym=0.0110 phy=0.0187 | 24.0s
2026-06-20 15:29:14,887 - INFO -   batch 340/381 | loss=0.0988 mse=0.0714 sym=0.0110 phy=0.0187 | 24.8s
2026-06-20 15:29:15,562 - INFO -   batch 350/381 | loss=0.0966 mse=0.0674 sym=0.0110 phy=0.0186 | 25.5s
2026-06-20 15:29:16,263 - INFO -   batch 360/381 | loss=0.0780 mse=0.0476 sym=0.0110 phy=0.0186 | 26.2s
2026-06-20 15:29:17,093 - INFO -   batch 370/381 | loss=0.1137 mse=0.0650 sym=0.0110 phy=0.0188 | 27.0s
2026-06-20 15:29:17,768 - INFO -   batch 380/381 | loss=0.0822 mse=0.0569 sym=0.0110 phy=0.0187 | 27.7s
2026-06-20 15:29:19,120 - INFO -   batch   1/381 | loss=0.0716 mse=0.0474 sym=0.0113 phy=0.0130 | 0.2s
2026-06-20 15:29:19,710 - INFO -   batch  10/381 | loss=0.0858 mse=0.0402 sym=0.0111 phy=0.0208 | 0.8s
2026-06-20 15:29:20,485 - INFO -   batch  20/381 | loss=0.0682 mse=0.0406 sym=0.0113 phy=0.0195 | 1.5s
2026-06-20 15:29:21,216 - INFO -   batch  30/381 | loss=0.0824 mse=0.0525 sym=0.0113 phy=0.0201 | 2.3s
2026-06-20 15:29:21,849 - INFO -   batch  40/381 | loss=0.0853 mse=0.0570 sym=0.0113 phy=0.0195 | 2.9s
2026-06-20 15:29:22,657 - INFO -   batch  50/381 | loss=0.0737 mse=0.0486 sym=0.0112 phy=0.0196 | 3.7s
2026-06-20 15:29:23,396 - INFO -   batch  60/381 | loss=0.0850 mse=0.0527 sym=0.0110 phy=0.0198 | 4.4s
2026-06-20 15:29:24,105 - INFO -   batch  70/381 | loss=0.0802 mse=0.0508 sym=0.0110 phy=0.0198 | 5.2s
2026-06-20 15:29:24,926 - INFO -   batch  80/381 | loss=0.0766 mse=0.0471 sym=0.0110 phy=0.0196 | 6.0s
2026-06-20 15:29:25,678 - INFO -   batch  90/381 | loss=0.0879 mse=0.0612 sym=0.0110 phy=0.0193 | 6.7s
2026-06-20 15:29:26,378 - INFO -   batch 100/381 | loss=0.1075 mse=0.0755 sym=0.0110 phy=0.0191 | 7.4s
2026-06-20 15:29:27,112 - INFO -   batch 110/381 | loss=0.0727 mse=0.0370 sym=0.0110 phy=0.0191 | 8.2s
2026-06-20 15:29:27,897 - INFO -   batch 120/381 | loss=0.0821 mse=0.0523 sym=0.0111 phy=0.0191 | 8.9s
2026-06-20 15:29:28,502 - INFO -   batch 130/381 | loss=0.0751 mse=0.0473 sym=0.0111 phy=0.0191 | 9.5s
2026-06-20 15:29:29,279 - INFO -   batch 140/381 | loss=0.0725 mse=0.0509 sym=0.0111 phy=0.0188 | 10.3s
2026-06-20 15:29:30,019 - INFO -   batch 150/381 | loss=0.0689 mse=0.0435 sym=0.0111 phy=0.0188 | 11.1s
2026-06-20 15:29:30,675 - INFO -   batch 160/381 | loss=0.0821 mse=0.0564 sym=0.0110 phy=0.0189 | 11.7s
2026-06-20 15:29:31,466 - INFO -   batch 170/381 | loss=0.1046 mse=0.0676 sym=0.0110 phy=0.0188 | 12.5s
2026-06-20 15:29:32,163 - INFO -   batch 180/381 | loss=0.0714 mse=0.0401 sym=0.0110 phy=0.0190 | 13.2s
2026-06-20 15:29:32,888 - INFO -   batch 190/381 | loss=0.0880 mse=0.0584 sym=0.0110 phy=0.0191 | 13.9s
2026-06-20 15:29:33,672 - INFO -   batch 200/381 | loss=0.0956 mse=0.0691 sym=0.0110 phy=0.0192 | 14.7s
2026-06-20 15:29:34,419 - INFO -   batch 210/381 | loss=0.1039 mse=0.0751 sym=0.0110 phy=0.0192 | 15.5s
2026-06-20 15:29:35,071 - INFO -   batch 220/381 | loss=0.0859 mse=0.0613 sym=0.0110 phy=0.0192 | 16.1s
2026-06-20 15:29:35,838 - INFO -   batch 230/381 | loss=0.0984 mse=0.0644 sym=0.0110 phy=0.0191 | 16.9s
2026-06-20 15:29:36,543 - INFO -   batch 240/381 | loss=0.0794 mse=0.0581 sym=0.0110 phy=0.0190 | 17.6s
2026-06-20 15:29:37,178 - INFO -   batch 250/381 | loss=0.0917 mse=0.0657 sym=0.0110 phy=0.0189 | 18.2s
2026-06-20 15:29:37,994 - INFO -   batch 260/381 | loss=0.0844 mse=0.0466 sym=0.0110 phy=0.0188 | 19.0s
2026-06-20 15:29:38,682 - INFO -   batch 270/381 | loss=0.1065 mse=0.0812 sym=0.0110 phy=0.0187 | 19.7s
2026-06-20 15:29:39,357 - INFO -   batch 280/381 | loss=0.0931 mse=0.0625 sym=0.0110 phy=0.0187 | 20.4s
2026-06-20 15:29:40,181 - INFO -   batch 290/381 | loss=0.1012 mse=0.0707 sym=0.0110 phy=0.0187 | 21.2s
2026-06-20 15:29:40,883 - INFO -   batch 300/381 | loss=0.0819 mse=0.0534 sym=0.0110 phy=0.0186 | 21.9s
2026-06-20 15:29:41,546 - INFO -   batch 310/381 | loss=0.0856 mse=0.0506 sym=0.0110 phy=0.0186 | 22.6s
2026-06-20 15:29:42,372 - INFO -   batch 320/381 | loss=0.0816 mse=0.0583 sym=0.0110 phy=0.0186 | 23.4s
2026-06-20 15:29:43,079 - INFO -   batch 330/381 | loss=0.0902 mse=0.0546 sym=0.0110 phy=0.0187 | 24.1s
2026-06-20 15:29:43,748 - INFO -   batch 340/381 | loss=0.0920 mse=0.0678 sym=0.0110 phy=0.0186 | 24.8s
2026-06-20 15:29:44,571 - INFO -   batch 350/381 | loss=0.0924 mse=0.0650 sym=0.0110 phy=0.0186 | 25.6s
2026-06-20 15:29:45,243 - INFO -   batch 360/381 | loss=0.0947 mse=0.0647 sym=0.0110 phy=0.0187 | 26.3s
2026-06-20 15:29:45,889 - INFO -   batch 370/381 | loss=0.0733 mse=0.0485 sym=0.0110 phy=0.0187 | 26.9s
2026-06-20 15:29:46,726 - INFO -   batch 380/381 | loss=0.0717 mse=0.0447 sym=0.0110 phy=0.0187 | 27.8s
2026-06-20 15:29:47,984 - INFO - Epoch  25/50 | Loss=0.0847 MSE=0.0551 Sym=0.0110 Phy=0.0187 | Val RMSE=0.2346 ρ=0.336 | 29s
2026-06-20 15:29:48,156 - INFO -   batch   1/381 | loss=0.0955 mse=0.0630 sym=0.0112 phy=0.0214 | 0.2s
2026-06-20 15:29:48,929 - INFO -   batch  10/381 | loss=0.0785 mse=0.0488 sym=0.0110 phy=0.0184 | 0.9s
2026-06-20 15:29:49,648 - INFO -   batch  20/381 | loss=0.0644 mse=0.0372 sym=0.0111 phy=0.0190 | 1.7s
2026-06-20 15:29:50,363 - INFO -   batch  30/381 | loss=0.0809 mse=0.0550 sym=0.0112 phy=0.0194 | 2.4s
2026-06-20 15:29:51,172 - INFO -   batch  40/381 | loss=0.1012 mse=0.0644 sym=0.0112 phy=0.0190 | 3.2s
2026-06-20 15:29:51,962 - INFO -   batch  50/381 | loss=0.0874 mse=0.0630 sym=0.0113 phy=0.0186 | 4.0s
2026-06-20 15:29:52,668 - INFO -   batch  60/381 | loss=0.0865 mse=0.0558 sym=0.0112 phy=0.0185 | 4.7s
2026-06-20 15:29:53,416 - INFO -   batch  70/381 | loss=0.0847 mse=0.0615 sym=0.0111 phy=0.0184 | 5.4s
2026-06-20 15:29:54,288 - INFO -   batch  80/381 | loss=0.1082 mse=0.0713 sym=0.0111 phy=0.0185 | 6.3s
2026-06-20 15:29:55,020 - INFO -   batch  90/381 | loss=0.0789 mse=0.0510 sym=0.0111 phy=0.0188 | 7.0s
2026-06-20 15:29:55,755 - INFO -   batch 100/381 | loss=0.0707 mse=0.0436 sym=0.0111 phy=0.0188 | 7.8s
2026-06-20 15:29:56,570 - INFO -   batch 110/381 | loss=0.0871 mse=0.0492 sym=0.0110 phy=0.0189 | 8.6s
2026-06-20 15:29:57,308 - INFO -   batch 120/381 | loss=0.0765 mse=0.0509 sym=0.0111 phy=0.0187 | 9.3s
2026-06-20 15:29:58,055 - INFO -   batch 130/381 | loss=0.0741 mse=0.0361 sym=0.0111 phy=0.0189 | 10.1s
2026-06-20 15:29:58,836 - INFO -   batch 140/381 | loss=0.0877 mse=0.0563 sym=0.0111 phy=0.0190 | 10.9s
2026-06-20 15:29:59,624 - INFO -   batch 150/381 | loss=0.0687 mse=0.0461 sym=0.0111 phy=0.0188 | 11.6s
2026-06-20 15:30:00,288 - INFO -   batch 160/381 | loss=0.0703 mse=0.0393 sym=0.0111 phy=0.0186 | 12.3s
2026-06-20 15:30:01,051 - INFO -   batch 170/381 | loss=0.0856 mse=0.0611 sym=0.0110 phy=0.0187 | 13.1s
2026-06-20 15:30:01,838 - INFO -   batch 180/381 | loss=0.0951 mse=0.0588 sym=0.0110 phy=0.0188 | 13.9s
2026-06-20 15:30:02,495 - INFO -   batch 190/381 | loss=0.0987 mse=0.0712 sym=0.0110 phy=0.0187 | 14.5s
2026-06-20 15:30:03,215 - INFO -   batch 200/381 | loss=0.0890 mse=0.0617 sym=0.0110 phy=0.0187 | 15.2s
2026-06-20 15:30:04,017 - INFO -   batch 210/381 | loss=0.0815 mse=0.0472 sym=0.0110 phy=0.0188 | 16.0s
2026-06-20 15:30:04,673 - INFO -   batch 220/381 | loss=0.0971 mse=0.0623 sym=0.0110 phy=0.0188 | 16.7s
2026-06-20 15:30:05,413 - INFO -   batch 230/381 | loss=0.1079 mse=0.0772 sym=0.0110 phy=0.0187 | 17.4s
2026-06-20 15:30:06,235 - INFO -   batch 240/381 | loss=0.0803 mse=0.0545 sym=0.0110 phy=0.0187 | 18.3s
2026-06-20 15:30:06,928 - INFO -   batch 250/381 | loss=0.0834 mse=0.0566 sym=0.0110 phy=0.0188 | 18.9s
2026-06-20 15:30:07,724 - INFO -   batch 260/381 | loss=0.0829 mse=0.0542 sym=0.0110 phy=0.0188 | 19.7s
2026-06-20 15:30:08,738 - INFO -   batch 270/381 | loss=0.0878 mse=0.0631 sym=0.0110 phy=0.0187 | 20.8s
2026-06-20 15:30:09,570 - INFO -   batch 280/381 | loss=0.0915 mse=0.0586 sym=0.0110 phy=0.0187 | 21.6s
2026-06-20 15:30:10,412 - INFO -   batch 290/381 | loss=0.1008 mse=0.0683 sym=0.0110 phy=0.0187 | 22.4s
2026-06-20 15:30:11,262 - INFO -   batch 300/381 | loss=0.0773 mse=0.0520 sym=0.0110 phy=0.0188 | 23.3s
2026-06-20 15:30:12,095 - INFO -   batch 310/381 | loss=0.0726 mse=0.0479 sym=0.0110 phy=0.0187 | 24.1s
2026-06-20 15:30:12,941 - INFO -   batch 320/381 | loss=0.0905 mse=0.0619 sym=0.0110 phy=0.0187 | 25.0s
2026-06-20 15:30:13,832 - INFO -   batch 330/381 | loss=0.0750 mse=0.0498 sym=0.0110 phy=0.0187 | 25.8s
2026-06-20 15:30:14,659 - INFO -   batch 340/381 | loss=0.0800 mse=0.0532 sym=0.0110 phy=0.0186 | 26.7s
2026-06-20 15:30:15,517 - INFO -   batch 350/381 | loss=0.0747 mse=0.0433 sym=0.0110 phy=0.0186 | 27.5s
2026-06-20 15:30:16,344 - INFO -   batch 360/381 | loss=0.0779 mse=0.0554 sym=0.0110 phy=0.0187 | 28.4s
2026-06-20 15:30:17,206 - INFO -   batch 370/381 | loss=0.0623 mse=0.0343 sym=0.0110 phy=0.0187 | 29.2s
2026-06-20 15:30:18,039 - INFO -   batch 380/381 | loss=0.0817 mse=0.0508 sym=0.0110 phy=0.0187 | 30.1s
2026-06-20 15:30:19,661 - INFO -   batch   1/381 | loss=0.0753 mse=0.0451 sym=0.0105 phy=0.0196 | 0.2s
2026-06-20 15:30:20,433 - INFO -   batch  10/381 | loss=0.0877 mse=0.0603 sym=0.0109 phy=0.0174 | 1.0s
2026-06-20 15:30:21,277 - INFO -   batch  20/381 | loss=0.0738 mse=0.0497 sym=0.0110 phy=0.0175 | 1.8s
2026-06-20 15:30:22,115 - INFO -   batch  30/381 | loss=0.0684 mse=0.0397 sym=0.0109 phy=0.0177 | 2.6s
2026-06-20 15:30:22,979 - INFO -   batch  40/381 | loss=0.0888 mse=0.0615 sym=0.0111 phy=0.0176 | 3.5s
2026-06-20 15:30:23,804 - INFO -   batch  50/381 | loss=0.0910 mse=0.0556 sym=0.0111 phy=0.0178 | 4.3s
2026-06-20 15:30:24,664 - INFO -   batch  60/381 | loss=0.0675 mse=0.0423 sym=0.0111 phy=0.0180 | 5.2s
2026-06-20 15:30:25,510 - INFO -   batch  70/381 | loss=0.0835 mse=0.0579 sym=0.0111 phy=0.0187 | 6.0s
2026-06-20 15:30:26,374 - INFO -   batch  80/381 | loss=0.0814 mse=0.0540 sym=0.0111 phy=0.0188 | 6.9s
2026-06-20 15:30:27,239 - INFO -   batch  90/381 | loss=0.0985 mse=0.0734 sym=0.0111 phy=0.0185 | 7.8s
2026-06-20 15:30:28,078 - INFO -   batch 100/381 | loss=0.0849 mse=0.0554 sym=0.0111 phy=0.0188 | 8.6s
2026-06-20 15:30:28,924 - INFO -   batch 110/381 | loss=0.0782 mse=0.0519 sym=0.0110 phy=0.0188 | 9.5s
2026-06-20 15:30:29,782 - INFO -   batch 120/381 | loss=0.0863 mse=0.0609 sym=0.0111 phy=0.0187 | 10.3s
2026-06-20 15:30:30,598 - INFO -   batch 130/381 | loss=0.0799 mse=0.0538 sym=0.0111 phy=0.0186 | 11.1s
2026-06-20 15:30:31,442 - INFO -   batch 140/381 | loss=0.0821 mse=0.0533 sym=0.0111 phy=0.0187 | 12.0s
2026-06-20 15:30:32,300 - INFO -   batch 150/381 | loss=0.0794 mse=0.0551 sym=0.0111 phy=0.0184 | 12.8s
2026-06-20 15:30:33,123 - INFO -   batch 160/381 | loss=0.0729 mse=0.0487 sym=0.0110 phy=0.0183 | 13.7s
2026-06-20 15:30:33,994 - INFO -   batch 170/381 | loss=0.0736 mse=0.0473 sym=0.0110 phy=0.0182 | 14.5s
2026-06-20 15:30:34,838 - INFO -   batch 180/381 | loss=0.0873 mse=0.0561 sym=0.0110 phy=0.0182 | 15.4s
2026-06-20 15:30:35,845 - INFO -   batch 190/381 | loss=0.1012 mse=0.0612 sym=0.0110 phy=0.0185 | 16.4s
2026-06-20 15:30:36,692 - INFO -   batch 200/381 | loss=0.0801 mse=0.0539 sym=0.0111 phy=0.0185 | 17.2s
2026-06-20 15:30:37,524 - INFO -   batch 210/381 | loss=0.0984 mse=0.0662 sym=0.0110 phy=0.0185 | 18.1s
2026-06-20 15:30:38,396 - INFO -   batch 220/381 | loss=0.0828 mse=0.0566 sym=0.0110 phy=0.0186 | 18.9s
2026-06-20 15:30:39,259 - INFO -   batch 230/381 | loss=0.0757 mse=0.0456 sym=0.0110 phy=0.0186 | 19.8s
2026-06-20 15:30:40,137 - INFO -   batch 240/381 | loss=0.0740 mse=0.0515 sym=0.0110 phy=0.0185 | 20.7s
2026-06-20 15:30:40,995 - INFO -   batch 250/381 | loss=0.0867 mse=0.0534 sym=0.0110 phy=0.0185 | 21.5s
2026-06-20 15:30:41,875 - INFO -   batch 260/381 | loss=0.0730 mse=0.0495 sym=0.0110 phy=0.0186 | 22.4s
2026-06-20 15:30:42,752 - INFO -   batch 270/381 | loss=0.0984 mse=0.0599 sym=0.0110 phy=0.0186 | 23.3s
2026-06-20 15:30:43,613 - INFO -   batch 280/381 | loss=0.0743 mse=0.0476 sym=0.0110 phy=0.0186 | 24.1s
2026-06-20 15:30:44,492 - INFO -   batch 290/381 | loss=0.0957 mse=0.0686 sym=0.0110 phy=0.0185 | 25.0s
2026-06-20 15:30:45,362 - INFO -   batch 300/381 | loss=0.0836 mse=0.0537 sym=0.0110 phy=0.0185 | 25.9s
2026-06-20 15:30:46,214 - INFO -   batch 310/381 | loss=0.0828 mse=0.0453 sym=0.0110 phy=0.0185 | 26.7s
2026-06-20 15:30:47,072 - INFO -   batch 320/381 | loss=0.0762 mse=0.0503 sym=0.0110 phy=0.0184 | 27.6s
2026-06-20 15:30:47,940 - INFO -   batch 330/381 | loss=0.0997 mse=0.0679 sym=0.0110 phy=0.0184 | 28.5s
2026-06-20 15:30:48,839 - INFO -   batch 340/381 | loss=0.0803 mse=0.0533 sym=0.0110 phy=0.0185 | 29.4s
2026-06-20 15:30:49,714 - INFO -   batch 350/381 | loss=0.0730 mse=0.0454 sym=0.0110 phy=0.0184 | 30.2s
2026-06-20 15:30:50,577 - INFO -   batch 360/381 | loss=0.0908 mse=0.0660 sym=0.0110 phy=0.0185 | 31.1s
2026-06-20 15:30:51,440 - INFO -   batch 370/381 | loss=0.0969 mse=0.0677 sym=0.0110 phy=0.0185 | 32.0s
2026-06-20 15:30:52,289 - INFO -   batch 380/381 | loss=0.0899 mse=0.0602 sym=0.0110 phy=0.0186 | 32.8s
2026-06-20 15:30:53,927 - INFO -   batch   1/381 | loss=0.1041 mse=0.0754 sym=0.0110 phy=0.0178 | 0.2s
2026-06-20 15:30:54,714 - INFO -   batch  10/381 | loss=0.0819 mse=0.0528 sym=0.0109 phy=0.0168 | 1.0s
2026-06-20 15:30:55,567 - INFO -   batch  20/381 | loss=0.0886 mse=0.0632 sym=0.0108 phy=0.0163 | 1.8s
2026-06-20 15:30:56,421 - INFO -   batch  30/381 | loss=0.0882 mse=0.0618 sym=0.0107 phy=0.0173 | 2.7s
2026-06-20 15:30:57,289 - INFO -   batch  40/381 | loss=0.0644 mse=0.0345 sym=0.0109 phy=0.0180 | 3.6s
2026-06-20 15:30:58,143 - INFO -   batch  50/381 | loss=0.1028 mse=0.0705 sym=0.0109 phy=0.0182 | 4.4s
2026-06-20 15:30:59,004 - INFO -   batch  60/381 | loss=0.1012 mse=0.0717 sym=0.0109 phy=0.0189 | 5.3s
2026-06-20 15:30:59,863 - INFO -   batch  70/381 | loss=0.0981 mse=0.0636 sym=0.0109 phy=0.0186 | 6.1s
2026-06-20 15:31:00,719 - INFO -   batch  80/381 | loss=0.0820 mse=0.0472 sym=0.0108 phy=0.0184 | 7.0s
2026-06-20 15:31:01,582 - INFO -   batch  90/381 | loss=0.0825 mse=0.0563 sym=0.0109 phy=0.0182 | 7.8s
2026-06-20 15:31:02,446 - INFO -   batch 100/381 | loss=0.1066 mse=0.0725 sym=0.0109 phy=0.0183 | 8.7s
2026-06-20 15:31:03,311 - INFO -   batch 110/381 | loss=0.0809 mse=0.0509 sym=0.0109 phy=0.0185 | 9.6s
2026-06-20 15:31:04,163 - INFO -   batch 120/381 | loss=0.0771 mse=0.0485 sym=0.0109 phy=0.0185 | 10.4s
2026-06-20 15:31:05,022 - INFO -   batch 130/381 | loss=0.0913 mse=0.0544 sym=0.0109 phy=0.0185 | 11.3s
2026-06-20 15:31:05,883 - INFO -   batch 140/381 | loss=0.0717 mse=0.0382 sym=0.0109 phy=0.0186 | 12.1s
2026-06-20 15:31:06,741 - INFO -   batch 150/381 | loss=0.1064 mse=0.0813 sym=0.0110 phy=0.0185 | 13.0s
2026-06-20 15:31:07,602 - INFO -   batch 160/381 | loss=0.0840 mse=0.0546 sym=0.0110 phy=0.0186 | 13.9s
2026-06-20 15:31:08,461 - INFO -   batch 170/381 | loss=0.0914 mse=0.0600 sym=0.0109 phy=0.0185 | 14.7s
2026-06-20 15:31:09,322 - INFO -   batch 180/381 | loss=0.0906 mse=0.0645 sym=0.0109 phy=0.0184 | 15.6s
2026-06-20 15:31:10,183 - INFO -   batch 190/381 | loss=0.0752 mse=0.0462 sym=0.0109 phy=0.0185 | 16.4s
2026-06-20 15:31:11,041 - INFO -   batch 200/381 | loss=0.0885 mse=0.0641 sym=0.0110 phy=0.0185 | 17.3s
2026-06-20 15:31:11,902 - INFO -   batch 210/381 | loss=0.0847 mse=0.0592 sym=0.0110 phy=0.0184 | 18.2s
2026-06-20 15:31:12,763 - INFO -   batch 220/381 | loss=0.0862 mse=0.0589 sym=0.0110 phy=0.0183 | 19.0s
2026-06-20 15:31:13,617 - INFO -   batch 230/381 | loss=0.0886 mse=0.0656 sym=0.0110 phy=0.0183 | 19.9s
2026-06-20 15:31:14,474 - INFO -   batch 240/381 | loss=0.0845 mse=0.0600 sym=0.0110 phy=0.0183 | 20.7s
2026-06-20 15:31:15,337 - INFO -   batch 250/381 | loss=0.1048 mse=0.0767 sym=0.0110 phy=0.0182 | 21.6s
2026-06-20 15:31:16,191 - INFO -   batch 260/381 | loss=0.0890 mse=0.0588 sym=0.0110 phy=0.0183 | 22.5s
2026-06-20 15:31:17,049 - INFO -   batch 270/381 | loss=0.0833 mse=0.0541 sym=0.0110 phy=0.0182 | 23.3s
2026-06-20 15:31:17,901 - INFO -   batch 280/381 | loss=0.0802 mse=0.0520 sym=0.0110 phy=0.0183 | 24.2s
2026-06-20 15:31:18,753 - INFO -   batch 290/381 | loss=0.0880 mse=0.0587 sym=0.0110 phy=0.0183 | 25.0s
2026-06-20 15:31:19,625 - INFO -   batch 300/381 | loss=0.0834 mse=0.0559 sym=0.0110 phy=0.0184 | 25.9s
2026-06-20 15:31:20,517 - INFO -   batch 310/381 | loss=0.0748 mse=0.0529 sym=0.0110 phy=0.0183 | 26.8s
2026-06-20 15:31:21,371 - INFO -   batch 320/381 | loss=0.0777 mse=0.0491 sym=0.0110 phy=0.0184 | 27.6s
2026-06-20 15:31:22,222 - INFO -   batch 330/381 | loss=0.0794 mse=0.0446 sym=0.0110 phy=0.0184 | 28.5s
2026-06-20 15:31:23,074 - INFO -   batch 340/381 | loss=0.0855 mse=0.0544 sym=0.0110 phy=0.0184 | 29.3s
2026-06-20 15:31:23,925 - INFO -   batch 350/381 | loss=0.0953 mse=0.0612 sym=0.0110 phy=0.0185 | 30.2s
2026-06-20 15:31:24,784 - INFO -   batch 360/381 | loss=0.0823 mse=0.0544 sym=0.0110 phy=0.0185 | 31.0s
2026-06-20 15:31:25,670 - INFO -   batch 370/381 | loss=0.0976 mse=0.0705 sym=0.0110 phy=0.0186 | 31.9s
2026-06-20 15:31:26,557 - INFO -   batch 380/381 | loss=0.0954 mse=0.0664 sym=0.0110 phy=0.0185 | 32.8s
2026-06-20 15:31:28,157 - INFO -   batch   1/381 | loss=0.0861 mse=0.0578 sym=0.0090 phy=0.0193 | 0.2s
2026-06-20 15:31:28,923 - INFO -   batch  10/381 | loss=0.0789 mse=0.0455 sym=0.0105 phy=0.0192 | 0.9s
2026-06-20 15:31:29,777 - INFO -   batch  20/381 | loss=0.0671 mse=0.0403 sym=0.0108 phy=0.0189 | 1.8s
2026-06-20 15:31:30,703 - INFO -   batch  30/381 | loss=0.1010 mse=0.0758 sym=0.0109 phy=0.0179 | 2.7s
2026-06-20 15:31:31,590 - INFO -   batch  40/381 | loss=0.0848 mse=0.0533 sym=0.0109 phy=0.0176 | 3.6s
2026-06-20 15:31:32,491 - INFO -   batch  50/381 | loss=0.0951 mse=0.0573 sym=0.0110 phy=0.0178 | 4.5s
2026-06-20 15:31:33,389 - INFO -   batch  60/381 | loss=0.0763 mse=0.0459 sym=0.0110 phy=0.0185 | 5.4s
2026-06-20 15:31:34,266 - INFO -   batch  70/381 | loss=0.0845 mse=0.0584 sym=0.0110 phy=0.0183 | 6.3s
2026-06-20 15:31:35,143 - INFO -   batch  80/381 | loss=0.0833 mse=0.0544 sym=0.0110 phy=0.0181 | 7.2s
2026-06-20 15:31:36,014 - INFO -   batch  90/381 | loss=0.0823 mse=0.0509 sym=0.0110 phy=0.0181 | 8.0s
2026-06-20 15:31:36,884 - INFO -   batch 100/381 | loss=0.0610 mse=0.0341 sym=0.0110 phy=0.0183 | 8.9s
2026-06-20 15:31:37,787 - INFO -   batch 110/381 | loss=0.0978 mse=0.0682 sym=0.0110 phy=0.0181 | 9.8s
2026-06-20 15:31:38,564 - INFO -   batch 120/381 | loss=0.0717 mse=0.0486 sym=0.0110 phy=0.0177 | 10.6s
2026-06-20 15:31:39,288 - INFO -   batch 130/381 | loss=0.0912 mse=0.0589 sym=0.0110 phy=0.0180 | 11.3s
2026-06-20 15:31:39,880 - INFO -   batch 140/381 | loss=0.0993 mse=0.0652 sym=0.0110 phy=0.0184 | 11.9s
2026-06-20 15:31:40,747 - INFO -   batch 150/381 | loss=0.0864 mse=0.0556 sym=0.0110 phy=0.0185 | 12.8s
2026-06-20 15:31:41,416 - INFO -   batch 160/381 | loss=0.1068 mse=0.0800 sym=0.0110 phy=0.0186 | 13.4s
2026-06-20 15:31:42,133 - INFO -   batch 170/381 | loss=0.0836 mse=0.0578 sym=0.0110 phy=0.0186 | 14.1s
2026-06-20 15:31:42,966 - INFO -   batch 180/381 | loss=0.0970 mse=0.0651 sym=0.0109 phy=0.0185 | 15.0s
2026-06-20 15:31:43,709 - INFO -   batch 190/381 | loss=0.0801 mse=0.0501 sym=0.0109 phy=0.0184 | 15.7s
2026-06-20 15:31:44,384 - INFO -   batch 200/381 | loss=0.0898 mse=0.0628 sym=0.0109 phy=0.0183 | 16.4s
2026-06-20 15:31:45,159 - INFO -   batch 210/381 | loss=0.0804 mse=0.0538 sym=0.0109 phy=0.0183 | 17.2s
2026-06-20 15:31:45,893 - INFO -   batch 220/381 | loss=0.1003 mse=0.0620 sym=0.0110 phy=0.0184 | 17.9s
2026-06-20 15:31:46,535 - INFO -   batch 230/381 | loss=0.0761 mse=0.0508 sym=0.0110 phy=0.0185 | 18.5s
2026-06-20 15:31:47,352 - INFO -   batch 240/381 | loss=0.0872 mse=0.0445 sym=0.0109 phy=0.0184 | 19.4s
2026-06-20 15:31:48,092 - INFO -   batch 250/381 | loss=0.0891 mse=0.0618 sym=0.0110 phy=0.0184 | 20.1s
2026-06-20 15:31:48,773 - INFO -   batch 260/381 | loss=0.1073 mse=0.0717 sym=0.0110 phy=0.0184 | 20.8s
2026-06-20 15:31:49,615 - INFO -   batch 270/381 | loss=0.0828 mse=0.0568 sym=0.0110 phy=0.0185 | 21.6s
2026-06-20 15:31:50,392 - INFO -   batch 280/381 | loss=0.0942 mse=0.0631 sym=0.0110 phy=0.0186 | 22.4s
2026-06-20 15:31:51,076 - INFO -   batch 290/381 | loss=0.0969 mse=0.0651 sym=0.0110 phy=0.0186 | 23.1s
2026-06-20 15:31:51,819 - INFO -   batch 300/381 | loss=0.1109 mse=0.0750 sym=0.0110 phy=0.0187 | 23.8s
2026-06-20 15:31:52,612 - INFO -   batch 310/381 | loss=0.1119 mse=0.0783 sym=0.0110 phy=0.0187 | 24.6s
2026-06-20 15:31:53,307 - INFO -   batch 320/381 | loss=0.0726 mse=0.0482 sym=0.0110 phy=0.0187 | 25.3s
2026-06-20 15:31:54,022 - INFO -   batch 330/381 | loss=0.0653 mse=0.0420 sym=0.0110 phy=0.0186 | 26.0s
2026-06-20 15:31:54,846 - INFO -   batch 340/381 | loss=0.0615 mse=0.0356 sym=0.0110 phy=0.0186 | 26.9s
2026-06-20 15:31:55,542 - INFO -   batch 350/381 | loss=0.0945 mse=0.0673 sym=0.0110 phy=0.0186 | 27.6s
2026-06-20 15:31:56,233 - INFO -   batch 360/381 | loss=0.0748 mse=0.0523 sym=0.0110 phy=0.0186 | 28.2s
2026-06-20 15:31:57,060 - INFO -   batch 370/381 | loss=0.1069 mse=0.0769 sym=0.0110 phy=0.0187 | 29.1s
2026-06-20 15:31:57,735 - INFO -   batch 380/381 | loss=0.0799 mse=0.0524 sym=0.0110 phy=0.0187 | 29.7s
2026-06-20 15:31:59,083 - INFO -   batch   1/381 | loss=0.0821 mse=0.0514 sym=0.0117 phy=0.0190 | 0.2s
2026-06-20 15:31:59,721 - INFO -   batch  10/381 | loss=0.0739 mse=0.0444 sym=0.0108 phy=0.0200 | 0.8s
2026-06-20 15:32:00,550 - INFO -   batch  20/381 | loss=0.0937 mse=0.0665 sym=0.0107 phy=0.0175 | 1.6s
2026-06-20 15:32:01,415 - INFO -   batch  30/381 | loss=0.0788 mse=0.0529 sym=0.0107 phy=0.0170 | 2.5s
2026-06-20 15:32:02,112 - INFO -   batch  40/381 | loss=0.0796 mse=0.0504 sym=0.0106 phy=0.0175 | 3.2s
2026-06-20 15:32:02,801 - INFO -   batch  50/381 | loss=0.0738 mse=0.0455 sym=0.0107 phy=0.0175 | 3.9s
2026-06-20 15:32:03,640 - INFO -   batch  60/381 | loss=0.0804 mse=0.0553 sym=0.0107 phy=0.0176 | 4.7s
2026-06-20 15:32:04,319 - INFO -   batch  70/381 | loss=0.0858 mse=0.0555 sym=0.0108 phy=0.0179 | 5.4s
2026-06-20 15:32:05,029 - INFO -   batch  80/381 | loss=0.0849 mse=0.0441 sym=0.0108 phy=0.0183 | 6.1s
2026-06-20 15:32:05,890 - INFO -   batch  90/381 | loss=0.0861 mse=0.0612 sym=0.0108 phy=0.0183 | 7.0s
2026-06-20 15:32:06,591 - INFO -   batch 100/381 | loss=0.0901 mse=0.0605 sym=0.0108 phy=0.0184 | 7.7s
2026-06-20 15:32:07,264 - INFO -   batch 110/381 | loss=0.0845 mse=0.0548 sym=0.0108 phy=0.0188 | 8.3s
2026-06-20 15:32:08,082 - INFO -   batch 120/381 | loss=0.0784 mse=0.0486 sym=0.0109 phy=0.0186 | 9.2s
2026-06-20 15:32:08,819 - INFO -   batch 130/381 | loss=0.0910 mse=0.0656 sym=0.0108 phy=0.0185 | 9.9s
2026-06-20 15:32:09,499 - INFO -   batch 140/381 | loss=0.0801 mse=0.0494 sym=0.0109 phy=0.0186 | 10.6s
2026-06-20 15:32:10,281 - INFO -   batch 150/381 | loss=0.0834 mse=0.0527 sym=0.0109 phy=0.0185 | 11.4s
2026-06-20 15:32:11,027 - INFO -   batch 160/381 | loss=0.0785 mse=0.0413 sym=0.0109 phy=0.0185 | 12.1s
2026-06-20 15:32:11,678 - INFO -   batch 170/381 | loss=0.0958 mse=0.0646 sym=0.0109 phy=0.0184 | 12.8s
2026-06-20 15:32:12,467 - INFO -   batch 180/381 | loss=0.1026 mse=0.0720 sym=0.0109 phy=0.0182 | 13.6s
2026-06-20 15:32:13,193 - INFO -   batch 190/381 | loss=0.0745 mse=0.0462 sym=0.0109 phy=0.0182 | 14.3s
2026-06-20 15:32:13,910 - INFO -   batch 200/381 | loss=0.0819 mse=0.0539 sym=0.0109 phy=0.0182 | 15.0s
2026-06-20 15:32:14,683 - INFO -   batch 210/381 | loss=0.0945 mse=0.0594 sym=0.0109 phy=0.0183 | 15.8s
2026-06-20 15:32:15,466 - INFO -   batch 220/381 | loss=0.0731 mse=0.0463 sym=0.0109 phy=0.0185 | 16.6s
2026-06-20 15:32:16,098 - INFO -   batch 230/381 | loss=0.0947 mse=0.0664 sym=0.0109 phy=0.0186 | 17.2s
2026-06-20 15:32:16,880 - INFO -   batch 240/381 | loss=0.0792 mse=0.0495 sym=0.0109 phy=0.0186 | 18.0s
2026-06-20 15:32:17,619 - INFO -   batch 250/381 | loss=0.0904 mse=0.0672 sym=0.0109 phy=0.0185 | 18.7s
2026-06-20 15:32:18,287 - INFO -   batch 260/381 | loss=0.0964 mse=0.0684 sym=0.0109 phy=0.0184 | 19.4s
2026-06-20 15:32:19,082 - INFO -   batch 270/381 | loss=0.0924 mse=0.0614 sym=0.0109 phy=0.0184 | 20.2s
2026-06-20 15:32:19,823 - INFO -   batch 280/381 | loss=0.0930 mse=0.0591 sym=0.0109 phy=0.0186 | 20.9s
2026-06-20 15:32:20,486 - INFO -   batch 290/381 | loss=0.0887 mse=0.0555 sym=0.0109 phy=0.0186 | 21.6s
2026-06-20 15:32:21,264 - INFO -   batch 300/381 | loss=0.0942 mse=0.0681 sym=0.0109 phy=0.0187 | 22.3s
2026-06-20 15:32:22,039 - INFO -   batch 310/381 | loss=0.0782 mse=0.0520 sym=0.0109 phy=0.0187 | 23.1s
2026-06-20 15:32:22,730 - INFO -   batch 320/381 | loss=0.0779 mse=0.0531 sym=0.0109 phy=0.0186 | 23.8s
2026-06-20 15:32:23,452 - INFO -   batch 330/381 | loss=0.0776 mse=0.0491 sym=0.0109 phy=0.0186 | 24.5s
2026-06-20 15:32:24,191 - INFO -   batch 340/381 | loss=0.1189 mse=0.0839 sym=0.0109 phy=0.0187 | 25.3s
2026-06-20 15:32:24,875 - INFO -   batch 350/381 | loss=0.0941 mse=0.0679 sym=0.0110 phy=0.0187 | 26.0s
2026-06-20 15:32:25,636 - INFO -   batch 360/381 | loss=0.0730 mse=0.0500 sym=0.0110 phy=0.0187 | 26.7s
2026-06-20 15:32:26,381 - INFO -   batch 370/381 | loss=0.0811 mse=0.0479 sym=0.0110 phy=0.0187 | 27.5s
2026-06-20 15:32:27,033 - INFO -   batch 380/381 | loss=0.0945 mse=0.0684 sym=0.0110 phy=0.0186 | 28.1s
2026-06-20 15:32:28,347 - INFO - Epoch  30/50 | Loss=0.0846 MSE=0.0550 Sym=0.0110 Phy=0.0186 | Val RMSE=0.2309 ρ=0.355 | 29s
2026-06-20 15:32:28,518 - INFO -   batch   1/381 | loss=0.0899 mse=0.0618 sym=0.0096 phy=0.0185 | 0.2s
2026-06-20 15:32:29,120 - INFO -   batch  10/381 | loss=0.1029 mse=0.0719 sym=0.0105 phy=0.0203 | 0.8s
2026-06-20 15:32:29,947 - INFO -   batch  20/381 | loss=0.0899 mse=0.0589 sym=0.0107 phy=0.0191 | 1.6s
2026-06-20 15:32:30,654 - INFO -   batch  30/381 | loss=0.0819 mse=0.0516 sym=0.0108 phy=0.0187 | 2.3s
2026-06-20 15:32:31,350 - INFO -   batch  40/381 | loss=0.0965 mse=0.0553 sym=0.0108 phy=0.0189 | 3.0s
2026-06-20 15:32:32,136 - INFO -   batch  50/381 | loss=0.0902 mse=0.0543 sym=0.0108 phy=0.0185 | 3.8s
2026-06-20 15:32:32,872 - INFO -   batch  60/381 | loss=0.0871 mse=0.0514 sym=0.0108 phy=0.0185 | 4.5s
2026-06-20 15:32:33,526 - INFO -   batch  70/381 | loss=0.0559 mse=0.0318 sym=0.0108 phy=0.0186 | 5.2s
2026-06-20 15:32:34,311 - INFO -   batch  80/381 | loss=0.1165 mse=0.0860 sym=0.0109 phy=0.0184 | 6.0s
2026-06-20 15:32:35,057 - INFO -   batch  90/381 | loss=0.0661 mse=0.0411 sym=0.0109 phy=0.0184 | 6.7s
2026-06-20 15:32:35,720 - INFO -   batch 100/381 | loss=0.0787 mse=0.0435 sym=0.0109 phy=0.0184 | 7.4s
2026-06-20 15:32:36,492 - INFO -   batch 110/381 | loss=0.0991 mse=0.0600 sym=0.0109 phy=0.0184 | 8.1s
2026-06-20 15:32:37,276 - INFO -   batch 120/381 | loss=0.0972 mse=0.0665 sym=0.0109 phy=0.0184 | 8.9s
2026-06-20 15:32:37,949 - INFO -   batch 130/381 | loss=0.0823 mse=0.0553 sym=0.0109 phy=0.0183 | 9.6s
2026-06-20 15:32:38,674 - INFO -   batch 140/381 | loss=0.0952 mse=0.0668 sym=0.0109 phy=0.0183 | 10.3s
2026-06-20 15:32:39,454 - INFO -   batch 150/381 | loss=0.0728 mse=0.0492 sym=0.0109 phy=0.0182 | 11.1s
2026-06-20 15:32:40,135 - INFO -   batch 160/381 | loss=0.0772 mse=0.0490 sym=0.0109 phy=0.0182 | 11.8s
2026-06-20 15:32:40,872 - INFO -   batch 170/381 | loss=0.0830 mse=0.0529 sym=0.0109 phy=0.0182 | 12.5s
2026-06-20 15:32:41,651 - INFO -   batch 180/381 | loss=0.0793 mse=0.0531 sym=0.0109 phy=0.0183 | 13.3s
2026-06-20 15:32:42,307 - INFO -   batch 190/381 | loss=0.0900 mse=0.0624 sym=0.0110 phy=0.0184 | 14.0s
2026-06-20 15:32:43,037 - INFO -   batch 200/381 | loss=0.0947 mse=0.0660 sym=0.0110 phy=0.0183 | 14.7s
2026-06-20 15:32:43,837 - INFO -   batch 210/381 | loss=0.0953 mse=0.0606 sym=0.0110 phy=0.0186 | 15.5s
2026-06-20 15:32:44,543 - INFO -   batch 220/381 | loss=0.0792 mse=0.0594 sym=0.0110 phy=0.0187 | 16.2s
2026-06-20 15:32:45,262 - INFO -   batch 230/381 | loss=0.0634 mse=0.0383 sym=0.0110 phy=0.0186 | 16.9s
2026-06-20 15:32:46,076 - INFO -   batch 240/381 | loss=0.0906 mse=0.0612 sym=0.0110 phy=0.0187 | 17.7s
2026-06-20 15:32:46,741 - INFO -   batch 250/381 | loss=0.0944 mse=0.0616 sym=0.0110 phy=0.0186 | 18.4s
2026-06-20 15:32:47,432 - INFO -   batch 260/381 | loss=0.0879 mse=0.0588 sym=0.0110 phy=0.0186 | 19.1s
2026-06-20 15:32:48,414 - INFO -   batch 270/381 | loss=0.0749 mse=0.0522 sym=0.0110 phy=0.0185 | 20.1s
2026-06-20 15:32:49,122 - INFO -   batch 280/381 | loss=0.0853 mse=0.0523 sym=0.0109 phy=0.0185 | 20.8s
2026-06-20 15:32:49,813 - INFO -   batch 290/381 | loss=0.0869 mse=0.0562 sym=0.0109 phy=0.0184 | 21.5s
2026-06-20 15:32:50,584 - INFO -   batch 300/381 | loss=0.0756 mse=0.0469 sym=0.0109 phy=0.0185 | 22.2s
2026-06-20 15:32:51,335 - INFO -   batch 310/381 | loss=0.0878 mse=0.0579 sym=0.0109 phy=0.0185 | 23.0s
2026-06-20 15:32:52,000 - INFO -   batch 320/381 | loss=0.1152 mse=0.0851 sym=0.0110 phy=0.0185 | 23.7s
2026-06-20 15:32:52,774 - INFO -   batch 330/381 | loss=0.0746 mse=0.0482 sym=0.0110 phy=0.0184 | 24.4s
2026-06-20 15:32:53,525 - INFO -   batch 340/381 | loss=0.0730 mse=0.0419 sym=0.0110 phy=0.0185 | 25.2s
2026-06-20 15:32:54,263 - INFO -   batch 350/381 | loss=0.0956 mse=0.0702 sym=0.0110 phy=0.0185 | 25.9s
2026-06-20 15:32:55,006 - INFO -   batch 360/381 | loss=0.0847 mse=0.0504 sym=0.0110 phy=0.0185 | 26.7s
2026-06-20 15:32:55,785 - INFO -   batch 370/381 | loss=0.0766 mse=0.0504 sym=0.0110 phy=0.0185 | 27.4s
2026-06-20 15:32:56,424 - INFO -   batch 380/381 | loss=0.0824 mse=0.0526 sym=0.0110 phy=0.0185 | 28.1s
2026-06-20 15:32:57,772 - INFO -   batch   1/381 | loss=0.0934 mse=0.0645 sym=0.0120 phy=0.0169 | 0.2s
2026-06-20 15:32:58,355 - INFO -   batch  10/381 | loss=0.1022 mse=0.0735 sym=0.0112 phy=0.0180 | 0.8s
2026-06-20 15:32:59,131 - INFO -   batch  20/381 | loss=0.0917 mse=0.0590 sym=0.0113 phy=0.0185 | 1.5s
2026-06-20 15:32:59,773 - INFO -   batch  30/381 | loss=0.0809 mse=0.0499 sym=0.0112 phy=0.0185 | 2.2s
2026-06-20 15:33:00,447 - INFO -   batch  40/381 | loss=0.0931 mse=0.0521 sym=0.0110 phy=0.0185 | 2.8s
2026-06-20 15:33:01,189 - INFO -   batch  50/381 | loss=0.1075 mse=0.0667 sym=0.0110 phy=0.0187 | 3.6s
2026-06-20 15:33:01,830 - INFO -   batch  60/381 | loss=0.0891 mse=0.0581 sym=0.0111 phy=0.0195 | 4.2s
2026-06-20 15:33:02,606 - INFO -   batch  70/381 | loss=0.0724 mse=0.0451 sym=0.0111 phy=0.0195 | 5.0s
2026-06-20 15:33:03,385 - INFO -   batch  80/381 | loss=0.0913 mse=0.0632 sym=0.0111 phy=0.0194 | 5.8s
2026-06-20 15:33:03,993 - INFO -   batch  90/381 | loss=0.0751 mse=0.0443 sym=0.0110 phy=0.0193 | 6.4s
2026-06-20 15:33:04,760 - INFO -   batch 100/381 | loss=0.0909 mse=0.0563 sym=0.0110 phy=0.0191 | 7.2s
2026-06-20 15:33:05,506 - INFO -   batch 110/381 | loss=0.0847 mse=0.0582 sym=0.0111 phy=0.0188 | 7.9s
2026-06-20 15:33:06,177 - INFO -   batch 120/381 | loss=0.1136 mse=0.0729 sym=0.0111 phy=0.0190 | 8.6s
2026-06-20 15:33:06,965 - INFO -   batch 130/381 | loss=0.0791 mse=0.0486 sym=0.0111 phy=0.0189 | 9.4s
2026-06-20 15:33:07,753 - INFO -   batch 140/381 | loss=0.0950 mse=0.0620 sym=0.0111 phy=0.0191 | 10.2s
2026-06-20 15:33:08,393 - INFO -   batch 150/381 | loss=0.0856 mse=0.0545 sym=0.0111 phy=0.0191 | 10.8s
2026-06-20 15:33:09,178 - INFO -   batch 160/381 | loss=0.0718 mse=0.0420 sym=0.0111 phy=0.0190 | 11.6s
2026-06-20 15:33:09,953 - INFO -   batch 170/381 | loss=0.0781 mse=0.0514 sym=0.0111 phy=0.0189 | 12.4s
2026-06-20 15:33:10,605 - INFO -   batch 180/381 | loss=0.0830 mse=0.0504 sym=0.0111 phy=0.0190 | 13.0s
2026-06-20 15:33:11,351 - INFO -   batch 190/381 | loss=0.0801 mse=0.0516 sym=0.0111 phy=0.0190 | 13.8s
2026-06-20 15:33:12,112 - INFO -   batch 200/381 | loss=0.1085 mse=0.0705 sym=0.0111 phy=0.0192 | 14.5s
2026-06-20 15:33:12,793 - INFO -   batch 210/381 | loss=0.0811 mse=0.0504 sym=0.0111 phy=0.0190 | 15.2s
2026-06-20 15:33:13,545 - INFO -   batch 220/381 | loss=0.0821 mse=0.0523 sym=0.0111 phy=0.0190 | 15.9s
2026-06-20 15:33:14,323 - INFO -   batch 230/381 | loss=0.0841 mse=0.0583 sym=0.0111 phy=0.0191 | 16.7s
2026-06-20 15:33:14,969 - INFO -   batch 240/381 | loss=0.0766 mse=0.0509 sym=0.0111 phy=0.0190 | 17.4s
2026-06-20 15:33:15,741 - INFO -   batch 250/381 | loss=0.0979 mse=0.0664 sym=0.0111 phy=0.0190 | 18.1s
2026-06-20 15:33:16,543 - INFO -   batch 260/381 | loss=0.0830 mse=0.0537 sym=0.0111 phy=0.0190 | 18.9s
2026-06-20 15:33:17,241 - INFO -   batch 270/381 | loss=0.0905 mse=0.0613 sym=0.0111 phy=0.0189 | 19.6s
2026-06-20 15:33:17,969 - INFO -   batch 280/381 | loss=0.0782 mse=0.0546 sym=0.0111 phy=0.0189 | 20.4s
2026-06-20 15:33:18,771 - INFO -   batch 290/381 | loss=0.0992 mse=0.0746 sym=0.0110 phy=0.0189 | 21.2s
2026-06-20 15:33:19,457 - INFO -   batch 300/381 | loss=0.0808 mse=0.0519 sym=0.0110 phy=0.0188 | 21.9s
2026-06-20 15:33:20,171 - INFO -   batch 310/381 | loss=0.0817 mse=0.0558 sym=0.0110 phy=0.0189 | 22.6s
2026-06-20 15:33:21,024 - INFO -   batch 320/381 | loss=0.0662 mse=0.0441 sym=0.0110 phy=0.0187 | 23.4s
2026-06-20 15:33:21,727 - INFO -   batch 330/381 | loss=0.0633 mse=0.0360 sym=0.0110 phy=0.0187 | 24.1s
2026-06-20 15:33:22,397 - INFO -   batch 340/381 | loss=0.0845 mse=0.0586 sym=0.0110 phy=0.0186 | 24.8s
2026-06-20 15:33:23,221 - INFO -   batch 350/381 | loss=0.0808 mse=0.0550 sym=0.0110 phy=0.0187 | 25.6s
2026-06-20 15:33:23,897 - INFO -   batch 360/381 | loss=0.0667 mse=0.0394 sym=0.0110 phy=0.0187 | 26.3s
2026-06-20 15:33:24,595 - INFO -   batch 370/381 | loss=0.0866 mse=0.0594 sym=0.0110 phy=0.0187 | 27.0s
2026-06-20 15:33:25,464 - INFO -   batch 380/381 | loss=0.0823 mse=0.0552 sym=0.0110 phy=0.0187 | 27.9s
2026-06-20 15:33:26,843 - INFO -   batch   1/381 | loss=0.0848 mse=0.0608 sym=0.0107 phy=0.0133 | 0.2s
2026-06-20 15:33:27,587 - INFO -   batch  10/381 | loss=0.0864 mse=0.0603 sym=0.0108 phy=0.0155 | 0.9s
2026-06-20 15:33:28,281 - INFO -   batch  20/381 | loss=0.1013 mse=0.0634 sym=0.0107 phy=0.0158 | 1.6s
2026-06-20 15:33:28,947 - INFO -   batch  30/381 | loss=0.0869 mse=0.0594 sym=0.0106 phy=0.0160 | 2.3s
2026-06-20 15:33:29,788 - INFO -   batch  40/381 | loss=0.0848 mse=0.0582 sym=0.0107 phy=0.0169 | 3.1s
2026-06-20 15:33:30,477 - INFO -   batch  50/381 | loss=0.0755 mse=0.0479 sym=0.0108 phy=0.0173 | 3.8s
2026-06-20 15:33:31,157 - INFO -   batch  60/381 | loss=0.0989 mse=0.0603 sym=0.0108 phy=0.0177 | 4.5s
2026-06-20 15:33:31,988 - INFO -   batch  70/381 | loss=0.0848 mse=0.0494 sym=0.0108 phy=0.0182 | 5.3s
2026-06-20 15:33:32,675 - INFO -   batch  80/381 | loss=0.0780 mse=0.0445 sym=0.0109 phy=0.0179 | 6.0s
2026-06-20 15:33:33,343 - INFO -   batch  90/381 | loss=0.0883 mse=0.0589 sym=0.0109 phy=0.0178 | 6.7s
2026-06-20 15:33:34,201 - INFO -   batch 100/381 | loss=0.0767 mse=0.0445 sym=0.0109 phy=0.0178 | 7.5s
2026-06-20 15:33:34,874 - INFO -   batch 110/381 | loss=0.0683 mse=0.0410 sym=0.0109 phy=0.0177 | 8.2s
2026-06-20 15:33:35,581 - INFO -   batch 120/381 | loss=0.0837 mse=0.0586 sym=0.0109 phy=0.0177 | 8.9s
2026-06-20 15:33:36,381 - INFO -   batch 130/381 | loss=0.0805 mse=0.0504 sym=0.0110 phy=0.0178 | 9.7s
2026-06-20 15:33:37,087 - INFO -   batch 140/381 | loss=0.0824 mse=0.0516 sym=0.0110 phy=0.0179 | 10.4s
2026-06-20 15:33:37,732 - INFO -   batch 150/381 | loss=0.0807 mse=0.0559 sym=0.0110 phy=0.0178 | 11.1s
2026-06-20 15:33:38,579 - INFO -   batch 160/381 | loss=0.0750 mse=0.0475 sym=0.0110 phy=0.0177 | 11.9s
2026-06-20 15:33:39,277 - INFO -   batch 170/381 | loss=0.0845 mse=0.0557 sym=0.0110 phy=0.0178 | 12.6s
2026-06-20 15:33:39,938 - INFO -   batch 180/381 | loss=0.0738 mse=0.0481 sym=0.0110 phy=0.0179 | 13.3s
2026-06-20 15:33:40,769 - INFO -   batch 190/381 | loss=0.1033 mse=0.0673 sym=0.0110 phy=0.0180 | 14.1s
2026-06-20 15:33:41,463 - INFO -   batch 200/381 | loss=0.0994 mse=0.0670 sym=0.0110 phy=0.0180 | 14.8s
2026-06-20 15:33:42,115 - INFO -   batch 210/381 | loss=0.0771 mse=0.0482 sym=0.0110 phy=0.0181 | 15.4s
2026-06-20 15:33:42,966 - INFO -   batch 220/381 | loss=0.0834 mse=0.0543 sym=0.0110 phy=0.0180 | 16.3s
2026-06-20 15:33:43,665 - INFO -   batch 230/381 | loss=0.1006 mse=0.0731 sym=0.0110 phy=0.0180 | 17.0s
2026-06-20 15:33:44,361 - INFO -   batch 240/381 | loss=0.0787 mse=0.0499 sym=0.0110 phy=0.0181 | 17.7s
2026-06-20 15:33:45,158 - INFO -   batch 250/381 | loss=0.0766 mse=0.0488 sym=0.0110 phy=0.0183 | 18.5s
2026-06-20 15:33:45,861 - INFO -   batch 260/381 | loss=0.0809 mse=0.0481 sym=0.0110 phy=0.0183 | 19.2s
2026-06-20 15:33:46,528 - INFO -   batch 270/381 | loss=0.0909 mse=0.0650 sym=0.0110 phy=0.0183 | 19.8s
2026-06-20 15:33:47,350 - INFO -   batch 280/381 | loss=0.0751 mse=0.0488 sym=0.0110 phy=0.0183 | 20.7s
2026-06-20 15:33:48,052 - INFO -   batch 290/381 | loss=0.0963 mse=0.0673 sym=0.0110 phy=0.0183 | 21.4s
2026-06-20 15:33:48,703 - INFO -   batch 300/381 | loss=0.0961 mse=0.0574 sym=0.0110 phy=0.0183 | 22.0s
2026-06-20 15:33:49,517 - INFO -   batch 310/381 | loss=0.0758 mse=0.0459 sym=0.0110 phy=0.0183 | 22.8s
2026-06-20 15:33:50,217 - INFO -   batch 320/381 | loss=0.0910 mse=0.0646 sym=0.0110 phy=0.0184 | 23.5s
2026-06-20 15:33:50,853 - INFO -   batch 330/381 | loss=0.0731 mse=0.0502 sym=0.0110 phy=0.0184 | 24.2s
2026-06-20 15:33:51,726 - INFO -   batch 340/381 | loss=0.0675 mse=0.0422 sym=0.0110 phy=0.0184 | 25.0s
2026-06-20 15:33:52,485 - INFO -   batch 350/381 | loss=0.0833 mse=0.0517 sym=0.0110 phy=0.0184 | 25.8s
2026-06-20 15:33:53,148 - INFO -   batch 360/381 | loss=0.0647 mse=0.0395 sym=0.0110 phy=0.0184 | 26.5s
2026-06-20 15:33:53,953 - INFO -   batch 370/381 | loss=0.0946 mse=0.0635 sym=0.0110 phy=0.0185 | 27.3s
2026-06-20 15:33:54,663 - INFO -   batch 380/381 | loss=0.0811 mse=0.0488 sym=0.0110 phy=0.0185 | 28.0s
2026-06-20 15:33:55,983 - INFO -   batch   1/381 | loss=0.0757 mse=0.0433 sym=0.0097 phy=0.0227 | 0.2s
2026-06-20 15:33:56,588 - INFO -   batch  10/381 | loss=0.0886 mse=0.0584 sym=0.0105 phy=0.0193 | 0.8s
2026-06-20 15:33:57,319 - INFO -   batch  20/381 | loss=0.1035 mse=0.0675 sym=0.0106 phy=0.0188 | 1.5s
2026-06-20 15:33:58,115 - INFO -   batch  30/381 | loss=0.1054 mse=0.0754 sym=0.0107 phy=0.0188 | 2.3s
2026-06-20 15:33:58,780 - INFO -   batch  40/381 | loss=0.0939 mse=0.0611 sym=0.0107 phy=0.0186 | 3.0s
2026-06-20 15:33:59,475 - INFO -   batch  50/381 | loss=0.0865 mse=0.0551 sym=0.0106 phy=0.0186 | 3.7s
2026-06-20 15:34:00,264 - INFO -   batch  60/381 | loss=0.0917 mse=0.0613 sym=0.0107 phy=0.0186 | 4.4s
2026-06-20 15:34:00,916 - INFO -   batch  70/381 | loss=0.0771 mse=0.0456 sym=0.0107 phy=0.0185 | 5.1s
2026-06-20 15:34:01,653 - INFO -   batch  80/381 | loss=0.0704 mse=0.0496 sym=0.0107 phy=0.0182 | 5.8s
2026-06-20 15:34:02,434 - INFO -   batch  90/381 | loss=0.0916 mse=0.0587 sym=0.0107 phy=0.0183 | 6.6s
2026-06-20 15:34:03,129 - INFO -   batch 100/381 | loss=0.0734 mse=0.0427 sym=0.0108 phy=0.0181 | 7.3s
2026-06-20 15:34:03,851 - INFO -   batch 110/381 | loss=0.0876 mse=0.0613 sym=0.0108 phy=0.0182 | 8.0s
2026-06-20 15:34:04,633 - INFO -   batch 120/381 | loss=0.0880 mse=0.0591 sym=0.0108 phy=0.0183 | 8.8s
2026-06-20 15:34:05,306 - INFO -   batch 130/381 | loss=0.0799 mse=0.0526 sym=0.0108 phy=0.0181 | 9.5s
2026-06-20 15:34:06,028 - INFO -   batch 140/381 | loss=0.1001 mse=0.0655 sym=0.0108 phy=0.0182 | 10.2s
2026-06-20 15:34:06,830 - INFO -   batch 150/381 | loss=0.0880 mse=0.0614 sym=0.0109 phy=0.0181 | 11.0s
2026-06-20 15:34:07,534 - INFO -   batch 160/381 | loss=0.0990 mse=0.0526 sym=0.0109 phy=0.0183 | 11.7s
2026-06-20 15:34:08,236 - INFO -   batch 170/381 | loss=0.0825 mse=0.0482 sym=0.0109 phy=0.0184 | 12.4s
2026-06-20 15:34:09,029 - INFO -   batch 180/381 | loss=0.0839 mse=0.0499 sym=0.0109 phy=0.0185 | 13.2s
2026-06-20 15:34:09,714 - INFO -   batch 190/381 | loss=0.0895 mse=0.0555 sym=0.0109 phy=0.0186 | 13.9s
2026-06-20 15:34:10,420 - INFO -   batch 200/381 | loss=0.0678 mse=0.0386 sym=0.0109 phy=0.0185 | 14.6s
2026-06-20 15:34:11,223 - INFO -   batch 210/381 | loss=0.0850 mse=0.0581 sym=0.0109 phy=0.0185 | 15.4s
2026-06-20 15:34:11,894 - INFO -   batch 220/381 | loss=0.0825 mse=0.0553 sym=0.0110 phy=0.0185 | 16.1s
2026-06-20 15:34:12,588 - INFO -   batch 230/381 | loss=0.0957 mse=0.0672 sym=0.0110 phy=0.0185 | 16.8s
2026-06-20 15:34:13,387 - INFO -   batch 240/381 | loss=0.0839 mse=0.0622 sym=0.0110 phy=0.0184 | 17.6s
2026-06-20 15:34:14,102 - INFO -   batch 250/381 | loss=0.0770 mse=0.0514 sym=0.0110 phy=0.0184 | 18.3s
2026-06-20 15:34:14,804 - INFO -   batch 260/381 | loss=0.0703 mse=0.0412 sym=0.0110 phy=0.0184 | 19.0s
2026-06-20 15:34:15,629 - INFO -   batch 270/381 | loss=0.0926 mse=0.0600 sym=0.0110 phy=0.0185 | 19.8s
2026-06-20 15:34:16,307 - INFO -   batch 280/381 | loss=0.0776 mse=0.0533 sym=0.0110 phy=0.0185 | 20.5s
2026-06-20 15:34:17,005 - INFO -   batch 290/381 | loss=0.0907 mse=0.0629 sym=0.0110 phy=0.0185 | 21.2s
2026-06-20 15:34:17,825 - INFO -   batch 300/381 | loss=0.0929 mse=0.0673 sym=0.0110 phy=0.0185 | 22.0s
2026-06-20 15:34:18,524 - INFO -   batch 310/381 | loss=0.0836 mse=0.0532 sym=0.0110 phy=0.0184 | 22.7s
2026-06-20 15:34:19,194 - INFO -   batch 320/381 | loss=0.0836 mse=0.0529 sym=0.0110 phy=0.0184 | 23.4s
2026-06-20 15:34:20,035 - INFO -   batch 330/381 | loss=0.0831 mse=0.0502 sym=0.0110 phy=0.0184 | 24.2s
2026-06-20 15:34:20,725 - INFO -   batch 340/381 | loss=0.0971 mse=0.0667 sym=0.0110 phy=0.0184 | 24.9s
2026-06-20 15:34:21,389 - INFO -   batch 350/381 | loss=0.0874 mse=0.0607 sym=0.0110 phy=0.0184 | 25.6s
2026-06-20 15:34:22,230 - INFO -   batch 360/381 | loss=0.0685 mse=0.0426 sym=0.0110 phy=0.0184 | 26.4s
2026-06-20 15:34:22,897 - INFO -   batch 370/381 | loss=0.0956 mse=0.0651 sym=0.0110 phy=0.0185 | 27.1s
2026-06-20 15:34:23,573 - INFO -   batch 380/381 | loss=0.0886 mse=0.0573 sym=0.0110 phy=0.0186 | 27.8s
2026-06-20 15:34:24,927 - INFO -   batch   1/381 | loss=0.0907 mse=0.0558 sym=0.0107 phy=0.0241 | 0.2s
2026-06-20 15:34:25,613 - INFO -   batch  10/381 | loss=0.0801 mse=0.0467 sym=0.0110 phy=0.0224 | 0.9s
2026-06-20 15:34:26,359 - INFO -   batch  20/381 | loss=0.0869 mse=0.0540 sym=0.0112 phy=0.0216 | 1.6s
2026-06-20 15:34:27,029 - INFO -   batch  30/381 | loss=0.0723 mse=0.0443 sym=0.0112 phy=0.0202 | 2.3s
2026-06-20 15:34:27,782 - INFO -   batch  40/381 | loss=0.0653 mse=0.0426 sym=0.0111 phy=0.0195 | 3.0s
2026-06-20 15:34:28,557 - INFO -   batch  50/381 | loss=0.0719 mse=0.0480 sym=0.0110 phy=0.0194 | 3.8s
2026-06-20 15:34:29,242 - INFO -   batch  60/381 | loss=0.0788 mse=0.0516 sym=0.0111 phy=0.0188 | 4.5s
2026-06-20 15:34:29,944 - INFO -   batch  70/381 | loss=0.1005 mse=0.0697 sym=0.0110 phy=0.0189 | 5.2s
2026-06-20 15:34:30,801 - INFO -   batch  80/381 | loss=0.0864 mse=0.0580 sym=0.0110 phy=0.0190 | 6.0s
2026-06-20 15:34:31,544 - INFO -   batch  90/381 | loss=0.0857 mse=0.0515 sym=0.0110 phy=0.0191 | 6.8s
2026-06-20 15:34:32,241 - INFO -   batch 100/381 | loss=0.0879 mse=0.0500 sym=0.0110 phy=0.0190 | 7.5s
2026-06-20 15:34:32,967 - INFO -   batch 110/381 | loss=0.0971 mse=0.0634 sym=0.0110 phy=0.0193 | 8.2s
2026-06-20 15:34:33,732 - INFO -   batch 120/381 | loss=0.0837 mse=0.0571 sym=0.0110 phy=0.0192 | 9.0s
2026-06-20 15:34:34,415 - INFO -   batch 130/381 | loss=0.0898 mse=0.0548 sym=0.0109 phy=0.0194 | 9.7s
2026-06-20 15:34:35,089 - INFO -   batch 140/381 | loss=0.0622 mse=0.0368 sym=0.0110 phy=0.0193 | 10.3s
2026-06-20 15:34:35,923 - INFO -   batch 150/381 | loss=0.0829 mse=0.0587 sym=0.0110 phy=0.0191 | 11.2s
2026-06-20 15:34:36,595 - INFO -   batch 160/381 | loss=0.0627 mse=0.0370 sym=0.0110 phy=0.0191 | 11.8s
2026-06-20 15:34:37,257 - INFO -   batch 170/381 | loss=0.0828 mse=0.0561 sym=0.0110 phy=0.0189 | 12.5s
2026-06-20 15:34:38,055 - INFO -   batch 180/381 | loss=0.0917 mse=0.0576 sym=0.0110 phy=0.0189 | 13.3s
2026-06-20 15:34:38,800 - INFO -   batch 190/381 | loss=0.0669 mse=0.0393 sym=0.0109 phy=0.0188 | 14.0s
2026-06-20 15:34:39,446 - INFO -   batch 200/381 | loss=0.0707 mse=0.0446 sym=0.0110 phy=0.0189 | 14.7s
2026-06-20 15:34:40,210 - INFO -   batch 210/381 | loss=0.0689 mse=0.0429 sym=0.0110 phy=0.0188 | 15.5s
2026-06-20 15:34:40,985 - INFO -   batch 220/381 | loss=0.0894 mse=0.0606 sym=0.0110 phy=0.0188 | 16.2s
2026-06-20 15:34:41,675 - INFO -   batch 230/381 | loss=0.0771 mse=0.0522 sym=0.0110 phy=0.0188 | 16.9s
2026-06-20 15:34:42,383 - INFO -   batch 240/381 | loss=0.0927 mse=0.0554 sym=0.0110 phy=0.0188 | 17.6s
2026-06-20 15:34:43,221 - INFO -   batch 250/381 | loss=0.0772 mse=0.0448 sym=0.0110 phy=0.0188 | 18.5s
2026-06-20 15:34:43,934 - INFO -   batch 260/381 | loss=0.0992 mse=0.0547 sym=0.0110 phy=0.0188 | 19.2s
2026-06-20 15:34:44,615 - INFO -   batch 270/381 | loss=0.0707 mse=0.0444 sym=0.0110 phy=0.0188 | 19.9s
2026-06-20 15:34:45,389 - INFO -   batch 280/381 | loss=0.0873 mse=0.0587 sym=0.0110 phy=0.0189 | 20.6s
2026-06-20 15:34:46,158 - INFO -   batch 290/381 | loss=0.0748 mse=0.0426 sym=0.0110 phy=0.0188 | 21.4s
2026-06-20 15:34:46,848 - INFO -   batch 300/381 | loss=0.0752 mse=0.0511 sym=0.0110 phy=0.0188 | 22.1s
2026-06-20 15:34:47,565 - INFO -   batch 310/381 | loss=0.0905 mse=0.0538 sym=0.0110 phy=0.0188 | 22.8s
2026-06-20 15:34:48,341 - INFO -   batch 320/381 | loss=0.0884 mse=0.0551 sym=0.0110 phy=0.0187 | 23.6s
2026-06-20 15:34:49,088 - INFO -   batch 330/381 | loss=0.0962 mse=0.0606 sym=0.0110 phy=0.0187 | 24.3s
2026-06-20 15:34:49,803 - INFO -   batch 340/381 | loss=0.1001 mse=0.0653 sym=0.0110 phy=0.0187 | 25.0s
2026-06-20 15:34:50,658 - INFO -   batch 350/381 | loss=0.0809 mse=0.0523 sym=0.0110 phy=0.0187 | 25.9s
2026-06-20 15:34:51,404 - INFO -   batch 360/381 | loss=0.0726 mse=0.0398 sym=0.0110 phy=0.0187 | 26.6s
2026-06-20 15:34:52,206 - INFO -   batch 370/381 | loss=0.0710 mse=0.0462 sym=0.0110 phy=0.0186 | 27.4s
2026-06-20 15:34:52,911 - INFO -   batch 380/381 | loss=0.0898 mse=0.0642 sym=0.0110 phy=0.0186 | 28.2s
2026-06-20 15:34:54,095 - INFO - Epoch  35/50 | Loss=0.0841 MSE=0.0545 Sym=0.0110 Phy=0.0186 | Val RMSE=0.2324 ρ=0.345 | 29s
2026-06-20 15:34:54,261 - INFO -   batch   1/381 | loss=0.0731 mse=0.0480 sym=0.0118 phy=0.0132 | 0.2s
2026-06-20 15:34:54,922 - INFO -   batch  10/381 | loss=0.0839 mse=0.0498 sym=0.0113 phy=0.0157 | 0.8s
2026-06-20 15:34:55,622 - INFO -   batch  20/381 | loss=0.0930 mse=0.0662 sym=0.0110 phy=0.0165 | 1.5s
2026-06-20 15:34:56,340 - INFO -   batch  30/381 | loss=0.0946 mse=0.0599 sym=0.0110 phy=0.0168 | 2.2s
2026-06-20 15:34:57,134 - INFO -   batch  40/381 | loss=0.0913 mse=0.0569 sym=0.0110 phy=0.0176 | 3.0s
2026-06-20 15:34:57,833 - INFO -   batch  50/381 | loss=0.0800 mse=0.0501 sym=0.0110 phy=0.0172 | 3.7s
2026-06-20 15:34:58,518 - INFO -   batch  60/381 | loss=0.0815 mse=0.0469 sym=0.0110 phy=0.0173 | 4.4s
2026-06-20 15:34:59,279 - INFO -   batch  70/381 | loss=0.0829 mse=0.0510 sym=0.0110 phy=0.0173 | 5.2s
2026-06-20 15:35:00,052 - INFO -   batch  80/381 | loss=0.0748 mse=0.0489 sym=0.0110 phy=0.0173 | 6.0s
2026-06-20 15:35:00,780 - INFO -   batch  90/381 | loss=0.0842 mse=0.0581 sym=0.0110 phy=0.0173 | 6.7s
2026-06-20 15:35:01,490 - INFO -   batch 100/381 | loss=0.0793 mse=0.0480 sym=0.0110 phy=0.0174 | 7.4s
2026-06-20 15:35:02,244 - INFO -   batch 110/381 | loss=0.0753 mse=0.0429 sym=0.0110 phy=0.0175 | 8.1s
2026-06-20 15:35:02,995 - INFO -   batch 120/381 | loss=0.0970 mse=0.0680 sym=0.0109 phy=0.0176 | 8.9s
2026-06-20 15:35:03,694 - INFO -   batch 130/381 | loss=0.1049 mse=0.0725 sym=0.0109 phy=0.0175 | 9.6s
2026-06-20 15:35:04,409 - INFO -   batch 140/381 | loss=0.0930 mse=0.0501 sym=0.0110 phy=0.0177 | 10.3s
2026-06-20 15:35:05,184 - INFO -   batch 150/381 | loss=0.0742 mse=0.0411 sym=0.0110 phy=0.0179 | 11.1s
2026-06-20 15:35:05,954 - INFO -   batch 160/381 | loss=0.0862 mse=0.0589 sym=0.0110 phy=0.0180 | 11.9s
2026-06-20 15:35:06,650 - INFO -   batch 170/381 | loss=0.0852 mse=0.0508 sym=0.0110 phy=0.0180 | 12.6s
2026-06-20 15:35:07,361 - INFO -   batch 180/381 | loss=0.0697 mse=0.0377 sym=0.0110 phy=0.0179 | 13.3s
2026-06-20 15:35:08,134 - INFO -   batch 190/381 | loss=0.0731 mse=0.0444 sym=0.0110 phy=0.0180 | 14.0s
2026-06-20 15:35:08,917 - INFO -   batch 200/381 | loss=0.0660 mse=0.0337 sym=0.0110 phy=0.0180 | 14.8s
2026-06-20 15:35:09,612 - INFO -   batch 210/381 | loss=0.0836 mse=0.0528 sym=0.0110 phy=0.0182 | 15.5s
2026-06-20 15:35:10,328 - INFO -   batch 220/381 | loss=0.0817 mse=0.0514 sym=0.0110 phy=0.0181 | 16.2s
2026-06-20 15:35:11,121 - INFO -   batch 230/381 | loss=0.0838 mse=0.0582 sym=0.0110 phy=0.0181 | 17.0s
2026-06-20 15:35:11,863 - INFO -   batch 240/381 | loss=0.0980 mse=0.0616 sym=0.0110 phy=0.0181 | 17.8s
2026-06-20 15:35:12,537 - INFO -   batch 250/381 | loss=0.1040 mse=0.0756 sym=0.0110 phy=0.0181 | 18.4s
2026-06-20 15:35:13,251 - INFO -   batch 260/381 | loss=0.0924 mse=0.0626 sym=0.0110 phy=0.0182 | 19.2s
2026-06-20 15:35:14,055 - INFO -   batch 270/381 | loss=0.0949 mse=0.0683 sym=0.0110 phy=0.0182 | 20.0s
2026-06-20 15:35:14,791 - INFO -   batch 280/381 | loss=0.0817 mse=0.0487 sym=0.0110 phy=0.0182 | 20.7s
2026-06-20 15:35:15,480 - INFO -   batch 290/381 | loss=0.0903 mse=0.0596 sym=0.0110 phy=0.0182 | 21.4s
2026-06-20 15:35:16,191 - INFO -   batch 300/381 | loss=0.1059 mse=0.0786 sym=0.0110 phy=0.0182 | 22.1s
2026-06-20 15:35:17,017 - INFO -   batch 310/381 | loss=0.0820 mse=0.0473 sym=0.0110 phy=0.0183 | 22.9s
2026-06-20 15:35:17,728 - INFO -   batch 320/381 | loss=0.0813 mse=0.0494 sym=0.0110 phy=0.0183 | 23.6s
2026-06-20 15:35:18,408 - INFO -   batch 330/381 | loss=0.0702 mse=0.0471 sym=0.0110 phy=0.0184 | 24.3s
2026-06-20 15:35:19,159 - INFO -   batch 340/381 | loss=0.0760 mse=0.0514 sym=0.0110 phy=0.0184 | 25.1s
2026-06-20 15:35:19,965 - INFO -   batch 350/381 | loss=0.0926 mse=0.0565 sym=0.0110 phy=0.0184 | 25.9s
2026-06-20 15:35:20,681 - INFO -   batch 360/381 | loss=0.0941 mse=0.0649 sym=0.0110 phy=0.0184 | 26.6s
2026-06-20 15:35:21,374 - INFO -   batch 370/381 | loss=0.0763 mse=0.0478 sym=0.0110 phy=0.0184 | 27.3s
2026-06-20 15:35:22,117 - INFO -   batch 380/381 | loss=0.0835 mse=0.0454 sym=0.0110 phy=0.0184 | 28.0s
2026-06-20 15:35:23,458 - INFO -   batch   1/381 | loss=0.0678 mse=0.0386 sym=0.0113 phy=0.0179 | 0.2s
2026-06-20 15:35:24,108 - INFO -   batch  10/381 | loss=0.0785 mse=0.0477 sym=0.0113 phy=0.0175 | 0.8s
2026-06-20 15:35:24,893 - INFO -   batch  20/381 | loss=0.0949 mse=0.0559 sym=0.0113 phy=0.0186 | 1.6s
2026-06-20 15:35:25,599 - INFO -   batch  30/381 | loss=0.0782 mse=0.0479 sym=0.0112 phy=0.0189 | 2.3s
2026-06-20 15:35:26,291 - INFO -   batch  40/381 | loss=0.0824 mse=0.0577 sym=0.0111 phy=0.0187 | 3.0s
2026-06-20 15:35:27,066 - INFO -   batch  50/381 | loss=0.0936 mse=0.0595 sym=0.0111 phy=0.0186 | 3.8s
2026-06-20 15:35:27,844 - INFO -   batch  60/381 | loss=0.0836 mse=0.0485 sym=0.0111 phy=0.0187 | 4.6s
2026-06-20 15:35:28,552 - INFO -   batch  70/381 | loss=0.0708 mse=0.0436 sym=0.0110 phy=0.0189 | 5.3s
2026-06-20 15:35:29,241 - INFO -   batch  80/381 | loss=0.0788 mse=0.0509 sym=0.0110 phy=0.0187 | 6.0s
2026-06-20 15:35:30,033 - INFO -   batch  90/381 | loss=0.0843 mse=0.0515 sym=0.0110 phy=0.0188 | 6.7s
2026-06-20 15:35:30,810 - INFO -   batch 100/381 | loss=0.0793 mse=0.0448 sym=0.0110 phy=0.0186 | 7.5s
2026-06-20 15:35:31,529 - INFO -   batch 110/381 | loss=0.0825 mse=0.0610 sym=0.0110 phy=0.0183 | 8.2s
2026-06-20 15:35:32,252 - INFO -   batch 120/381 | loss=0.0780 mse=0.0486 sym=0.0110 phy=0.0183 | 9.0s
2026-06-20 15:35:33,035 - INFO -   batch 130/381 | loss=0.0701 mse=0.0451 sym=0.0110 phy=0.0184 | 9.7s
2026-06-20 15:35:33,823 - INFO -   batch 140/381 | loss=0.0774 mse=0.0496 sym=0.0110 phy=0.0184 | 10.5s
2026-06-20 15:35:34,533 - INFO -   batch 150/381 | loss=0.0838 mse=0.0561 sym=0.0110 phy=0.0184 | 11.2s
2026-06-20 15:35:35,194 - INFO -   batch 160/381 | loss=0.0838 mse=0.0581 sym=0.0110 phy=0.0182 | 11.9s
2026-06-20 15:35:35,978 - INFO -   batch 170/381 | loss=0.0988 mse=0.0683 sym=0.0110 phy=0.0184 | 12.7s
2026-06-20 15:35:36,758 - INFO -   batch 180/381 | loss=0.0968 mse=0.0643 sym=0.0110 phy=0.0185 | 13.5s
2026-06-20 15:35:37,479 - INFO -   batch 190/381 | loss=0.0961 mse=0.0696 sym=0.0110 phy=0.0185 | 14.2s
2026-06-20 15:35:38,194 - INFO -   batch 200/381 | loss=0.0864 mse=0.0573 sym=0.0110 phy=0.0185 | 14.9s
2026-06-20 15:35:38,956 - INFO -   batch 210/381 | loss=0.1017 mse=0.0688 sym=0.0110 phy=0.0185 | 15.7s
2026-06-20 15:35:39,727 - INFO -   batch 220/381 | loss=0.0844 mse=0.0585 sym=0.0110 phy=0.0185 | 16.4s
2026-06-20 15:35:40,451 - INFO -   batch 230/381 | loss=0.0889 mse=0.0632 sym=0.0110 phy=0.0185 | 17.2s
2026-06-20 15:35:41,161 - INFO -   batch 240/381 | loss=0.0894 mse=0.0593 sym=0.0110 phy=0.0184 | 17.9s
2026-06-20 15:35:41,944 - INFO -   batch 250/381 | loss=0.0760 mse=0.0469 sym=0.0110 phy=0.0183 | 18.7s
2026-06-20 15:35:42,736 - INFO -   batch 260/381 | loss=0.0768 mse=0.0464 sym=0.0111 phy=0.0184 | 19.4s
2026-06-20 15:35:43,443 - INFO -   batch 270/381 | loss=0.0855 mse=0.0586 sym=0.0111 phy=0.0183 | 20.2s
2026-06-20 15:35:44,158 - INFO -   batch 280/381 | loss=0.0856 mse=0.0507 sym=0.0111 phy=0.0183 | 20.9s
2026-06-20 15:35:44,914 - INFO -   batch 290/381 | loss=0.0989 mse=0.0671 sym=0.0111 phy=0.0183 | 21.6s
2026-06-20 15:35:45,701 - INFO -   batch 300/381 | loss=0.1017 mse=0.0710 sym=0.0111 phy=0.0184 | 22.4s
2026-06-20 15:35:46,406 - INFO -   batch 310/381 | loss=0.1059 mse=0.0644 sym=0.0111 phy=0.0185 | 23.1s
2026-06-20 15:35:47,090 - INFO -   batch 320/381 | loss=0.0825 mse=0.0511 sym=0.0111 phy=0.0185 | 23.8s
2026-06-20 15:35:47,874 - INFO -   batch 330/381 | loss=0.0902 mse=0.0652 sym=0.0111 phy=0.0185 | 24.6s
2026-06-20 15:35:48,657 - INFO -   batch 340/381 | loss=0.0759 mse=0.0488 sym=0.0111 phy=0.0185 | 25.4s
2026-06-20 15:35:49,368 - INFO -   batch 350/381 | loss=0.0876 mse=0.0619 sym=0.0111 phy=0.0185 | 26.1s
2026-06-20 15:35:50,075 - INFO -   batch 360/381 | loss=0.0813 mse=0.0492 sym=0.0111 phy=0.0185 | 26.8s
2026-06-20 15:35:50,840 - INFO -   batch 370/381 | loss=0.0795 mse=0.0465 sym=0.0110 phy=0.0185 | 27.5s
2026-06-20 15:35:51,626 - INFO -   batch 380/381 | loss=0.0964 mse=0.0632 sym=0.0110 phy=0.0186 | 28.3s
2026-06-20 15:35:53,020 - INFO -   batch   1/381 | loss=0.0715 mse=0.0410 sym=0.0108 phy=0.0197 | 0.2s
2026-06-20 15:35:53,755 - INFO -   batch  10/381 | loss=0.0788 mse=0.0503 sym=0.0106 phy=0.0202 | 0.9s
2026-06-20 15:35:54,500 - INFO -   batch  20/381 | loss=0.0734 mse=0.0446 sym=0.0109 phy=0.0201 | 1.7s
2026-06-20 15:35:55,216 - INFO -   batch  30/381 | loss=0.0811 mse=0.0523 sym=0.0108 phy=0.0197 | 2.4s
2026-06-20 15:35:55,928 - INFO -   batch  40/381 | loss=0.0901 mse=0.0529 sym=0.0109 phy=0.0191 | 3.1s
2026-06-20 15:35:56,721 - INFO -   batch  50/381 | loss=0.0867 mse=0.0595 sym=0.0110 phy=0.0190 | 3.9s
2026-06-20 15:35:57,471 - INFO -   batch  60/381 | loss=0.1063 mse=0.0794 sym=0.0110 phy=0.0188 | 4.6s
2026-06-20 15:35:58,184 - INFO -   batch  70/381 | loss=0.0929 mse=0.0621 sym=0.0110 phy=0.0192 | 5.3s
2026-06-20 15:35:58,892 - INFO -   batch  80/381 | loss=0.0792 mse=0.0428 sym=0.0110 phy=0.0193 | 6.0s
2026-06-20 15:35:59,681 - INFO -   batch  90/381 | loss=0.0845 mse=0.0552 sym=0.0110 phy=0.0192 | 6.8s
2026-06-20 15:36:00,429 - INFO -   batch 100/381 | loss=0.0779 mse=0.0495 sym=0.0110 phy=0.0192 | 7.6s
2026-06-20 15:36:01,144 - INFO -   batch 110/381 | loss=0.0645 mse=0.0363 sym=0.0110 phy=0.0191 | 8.3s
2026-06-20 15:36:01,795 - INFO -   batch 120/381 | loss=0.0727 mse=0.0472 sym=0.0110 phy=0.0192 | 8.9s
2026-06-20 15:36:02,610 - INFO -   batch 130/381 | loss=0.0740 mse=0.0443 sym=0.0110 phy=0.0193 | 9.8s
2026-06-20 15:36:03,323 - INFO -   batch 140/381 | loss=0.0837 mse=0.0503 sym=0.0110 phy=0.0192 | 10.5s
2026-06-20 15:36:04,034 - INFO -   batch 150/381 | loss=0.0869 mse=0.0616 sym=0.0110 phy=0.0190 | 11.2s
2026-06-20 15:36:04,744 - INFO -   batch 160/381 | loss=0.0793 mse=0.0513 sym=0.0110 phy=0.0190 | 11.9s
2026-06-20 15:36:05,580 - INFO -   batch 170/381 | loss=0.0856 mse=0.0504 sym=0.0110 phy=0.0190 | 12.7s
2026-06-20 15:36:06,288 - INFO -   batch 180/381 | loss=0.0844 mse=0.0521 sym=0.0110 phy=0.0190 | 13.4s
2026-06-20 15:36:07,006 - INFO -   batch 190/381 | loss=0.0895 mse=0.0653 sym=0.0110 phy=0.0189 | 14.2s
2026-06-20 15:36:07,721 - INFO -   batch 200/381 | loss=0.0881 mse=0.0608 sym=0.0110 phy=0.0189 | 14.9s
2026-06-20 15:36:08,553 - INFO -   batch 210/381 | loss=0.1001 mse=0.0677 sym=0.0110 phy=0.0188 | 15.7s
2026-06-20 15:36:09,262 - INFO -   batch 220/381 | loss=0.0804 mse=0.0529 sym=0.0110 phy=0.0189 | 16.4s
2026-06-20 15:36:09,985 - INFO -   batch 230/381 | loss=0.0786 mse=0.0469 sym=0.0110 phy=0.0190 | 17.1s
2026-06-20 15:36:10,788 - INFO -   batch 240/381 | loss=0.0855 mse=0.0568 sym=0.0110 phy=0.0190 | 17.9s
2026-06-20 15:36:11,572 - INFO -   batch 250/381 | loss=0.0797 mse=0.0494 sym=0.0110 phy=0.0190 | 18.7s
2026-06-20 15:36:12,317 - INFO -   batch 260/381 | loss=0.0994 mse=0.0731 sym=0.0110 phy=0.0189 | 19.5s
2026-06-20 15:36:13,026 - INFO -   batch 270/381 | loss=0.0869 mse=0.0544 sym=0.0110 phy=0.0190 | 20.2s
2026-06-20 15:36:13,715 - INFO -   batch 280/381 | loss=0.0912 mse=0.0587 sym=0.0110 phy=0.0189 | 20.9s
2026-06-20 15:36:14,541 - INFO -   batch 290/381 | loss=0.0957 mse=0.0631 sym=0.0110 phy=0.0189 | 21.7s
2026-06-20 15:36:15,290 - INFO -   batch 300/381 | loss=0.0736 mse=0.0459 sym=0.0110 phy=0.0189 | 22.4s
2026-06-20 15:36:15,999 - INFO -   batch 310/381 | loss=0.0761 mse=0.0497 sym=0.0110 phy=0.0188 | 23.2s
2026-06-20 15:36:16,686 - INFO -   batch 320/381 | loss=0.0638 mse=0.0369 sym=0.0110 phy=0.0187 | 23.8s
2026-06-20 15:36:17,492 - INFO -   batch 330/381 | loss=0.0841 mse=0.0541 sym=0.0110 phy=0.0188 | 24.6s
2026-06-20 15:36:18,236 - INFO -   batch 340/381 | loss=0.0907 mse=0.0649 sym=0.0110 phy=0.0187 | 25.4s
2026-06-20 15:36:18,952 - INFO -   batch 350/381 | loss=0.0755 mse=0.0546 sym=0.0110 phy=0.0187 | 26.1s
2026-06-20 15:36:19,662 - INFO -   batch 360/381 | loss=0.0777 mse=0.0473 sym=0.0110 phy=0.0186 | 26.8s
2026-06-20 15:36:20,476 - INFO -   batch 370/381 | loss=0.0774 mse=0.0495 sym=0.0110 phy=0.0186 | 27.6s
2026-06-20 15:36:21,220 - INFO -   batch 380/381 | loss=0.0920 mse=0.0660 sym=0.0110 phy=0.0186 | 28.4s
2026-06-20 15:36:22,551 - INFO -   batch   1/381 | loss=0.0924 mse=0.0583 sym=0.0126 phy=0.0215 | 0.1s
2026-06-20 15:36:23,312 - INFO -   batch  10/381 | loss=0.0937 mse=0.0618 sym=0.0111 phy=0.0202 | 0.9s
2026-06-20 15:36:24,018 - INFO -   batch  20/381 | loss=0.0872 mse=0.0600 sym=0.0112 phy=0.0200 | 1.6s
2026-06-20 15:36:24,726 - INFO -   batch  30/381 | loss=0.0946 mse=0.0568 sym=0.0111 phy=0.0196 | 2.3s
2026-06-20 15:36:25,462 - INFO -   batch  40/381 | loss=0.0804 mse=0.0453 sym=0.0112 phy=0.0196 | 3.0s
2026-06-20 15:36:26,240 - INFO -   batch  50/381 | loss=0.0795 mse=0.0514 sym=0.0112 phy=0.0198 | 3.8s
2026-06-20 15:36:26,950 - INFO -   batch  60/381 | loss=0.0703 mse=0.0351 sym=0.0112 phy=0.0198 | 4.5s
2026-06-20 15:36:27,629 - INFO -   batch  70/381 | loss=0.0785 mse=0.0537 sym=0.0111 phy=0.0196 | 5.2s
2026-06-20 15:36:28,416 - INFO -   batch  80/381 | loss=0.0849 mse=0.0521 sym=0.0111 phy=0.0196 | 6.0s
2026-06-20 15:36:29,170 - INFO -   batch  90/381 | loss=0.0869 mse=0.0512 sym=0.0111 phy=0.0193 | 6.7s
2026-06-20 15:36:29,883 - INFO -   batch 100/381 | loss=0.0841 mse=0.0546 sym=0.0112 phy=0.0193 | 7.5s
2026-06-20 15:36:30,591 - INFO -   batch 110/381 | loss=0.1041 mse=0.0767 sym=0.0111 phy=0.0191 | 8.2s
2026-06-20 15:36:31,355 - INFO -   batch 120/381 | loss=0.0814 mse=0.0550 sym=0.0111 phy=0.0189 | 8.9s
2026-06-20 15:36:32,128 - INFO -   batch 130/381 | loss=0.0843 mse=0.0575 sym=0.0112 phy=0.0188 | 9.7s
2026-06-20 15:36:32,807 - INFO -   batch 140/381 | loss=0.0633 mse=0.0376 sym=0.0112 phy=0.0187 | 10.4s
2026-06-20 15:36:33,481 - INFO -   batch 150/381 | loss=0.0937 mse=0.0652 sym=0.0111 phy=0.0186 | 11.1s
2026-06-20 15:36:34,304 - INFO -   batch 160/381 | loss=0.0709 mse=0.0444 sym=0.0111 phy=0.0186 | 11.9s
2026-06-20 15:36:35,054 - INFO -   batch 170/381 | loss=0.0831 mse=0.0497 sym=0.0111 phy=0.0188 | 12.6s
2026-06-20 15:36:35,707 - INFO -   batch 180/381 | loss=0.0815 mse=0.0467 sym=0.0111 phy=0.0189 | 13.3s
2026-06-20 15:36:36,415 - INFO -   batch 190/381 | loss=0.0753 mse=0.0488 sym=0.0110 phy=0.0189 | 14.0s
2026-06-20 15:36:37,245 - INFO -   batch 200/381 | loss=0.0830 mse=0.0577 sym=0.0110 phy=0.0187 | 14.8s
2026-06-20 15:36:37,944 - INFO -   batch 210/381 | loss=0.0958 mse=0.0608 sym=0.0111 phy=0.0186 | 15.5s
2026-06-20 15:36:38,609 - INFO -   batch 220/381 | loss=0.0736 mse=0.0467 sym=0.0110 phy=0.0185 | 16.2s
2026-06-20 15:36:39,328 - INFO -   batch 230/381 | loss=0.0695 mse=0.0468 sym=0.0110 phy=0.0184 | 16.9s
2026-06-20 15:36:40,154 - INFO -   batch 240/381 | loss=0.0746 mse=0.0460 sym=0.0110 phy=0.0186 | 17.7s
2026-06-20 15:36:40,870 - INFO -   batch 250/381 | loss=0.0910 mse=0.0564 sym=0.0110 phy=0.0184 | 18.4s
2026-06-20 15:36:41,574 - INFO -   batch 260/381 | loss=0.0926 mse=0.0529 sym=0.0110 phy=0.0184 | 19.1s
2026-06-20 15:36:42,320 - INFO -   batch 270/381 | loss=0.0740 mse=0.0449 sym=0.0110 phy=0.0185 | 19.9s
2026-06-20 15:36:43,120 - INFO -   batch 280/381 | loss=0.0808 mse=0.0544 sym=0.0110 phy=0.0185 | 20.7s
2026-06-20 15:36:43,829 - INFO -   batch 290/381 | loss=0.0729 mse=0.0430 sym=0.0110 phy=0.0184 | 21.4s
2026-06-20 15:36:44,535 - INFO -   batch 300/381 | loss=0.0914 mse=0.0597 sym=0.0110 phy=0.0184 | 22.1s
2026-06-20 15:36:45,259 - INFO -   batch 310/381 | loss=0.0893 mse=0.0493 sym=0.0110 phy=0.0185 | 22.8s
2026-06-20 15:36:46,043 - INFO -   batch 320/381 | loss=0.0679 mse=0.0386 sym=0.0110 phy=0.0185 | 23.6s
2026-06-20 15:36:46,751 - INFO -   batch 330/381 | loss=0.0837 mse=0.0536 sym=0.0110 phy=0.0185 | 24.3s
2026-06-20 15:36:47,424 - INFO -   batch 340/381 | loss=0.0601 mse=0.0340 sym=0.0110 phy=0.0185 | 25.0s
2026-06-20 15:36:48,205 - INFO -   batch 350/381 | loss=0.0923 mse=0.0635 sym=0.0110 phy=0.0185 | 25.8s
2026-06-20 15:36:48,965 - INFO -   batch 360/381 | loss=0.0974 mse=0.0701 sym=0.0110 phy=0.0185 | 26.5s
2026-06-20 15:36:49,676 - INFO -   batch 370/381 | loss=0.0966 mse=0.0612 sym=0.0110 phy=0.0186 | 27.3s
2026-06-20 15:36:50,380 - INFO -   batch 380/381 | loss=0.0875 mse=0.0545 sym=0.0110 phy=0.0185 | 28.0s
2026-06-20 15:36:51,755 - INFO -   batch   1/381 | loss=0.1059 mse=0.0681 sym=0.0105 phy=0.0274 | 0.2s
2026-06-20 15:36:52,377 - INFO -   batch  10/381 | loss=0.0858 mse=0.0565 sym=0.0106 phy=0.0209 | 0.8s
2026-06-20 15:36:53,157 - INFO -   batch  20/381 | loss=0.0940 mse=0.0662 sym=0.0107 phy=0.0193 | 1.6s
2026-06-20 15:36:53,919 - INFO -   batch  30/381 | loss=0.0732 mse=0.0433 sym=0.0108 phy=0.0180 | 2.3s
2026-06-20 15:36:54,632 - INFO -   batch  40/381 | loss=0.0842 mse=0.0524 sym=0.0108 phy=0.0180 | 3.0s
2026-06-20 15:36:55,552 - INFO -   batch  50/381 | loss=0.0791 mse=0.0497 sym=0.0109 phy=0.0182 | 4.0s
2026-06-20 15:36:56,246 - INFO -   batch  60/381 | loss=0.0972 mse=0.0589 sym=0.0110 phy=0.0189 | 4.7s
2026-06-20 15:36:57,070 - INFO -   batch  70/381 | loss=0.0786 mse=0.0509 sym=0.0110 phy=0.0191 | 5.5s
2026-06-20 15:36:57,814 - INFO -   batch  80/381 | loss=0.0832 mse=0.0527 sym=0.0111 phy=0.0190 | 6.2s
2026-06-20 15:36:58,472 - INFO -   batch  90/381 | loss=0.1121 mse=0.0784 sym=0.0110 phy=0.0194 | 6.9s
2026-06-20 15:36:59,177 - INFO -   batch 100/381 | loss=0.0746 mse=0.0402 sym=0.0111 phy=0.0192 | 7.6s
2026-06-20 15:36:59,997 - INFO -   batch 110/381 | loss=0.0627 mse=0.0366 sym=0.0111 phy=0.0192 | 8.4s
2026-06-20 15:37:00,709 - INFO -   batch 120/381 | loss=0.0745 mse=0.0496 sym=0.0111 phy=0.0191 | 9.1s
2026-06-20 15:37:01,392 - INFO -   batch 130/381 | loss=0.0871 mse=0.0566 sym=0.0111 phy=0.0191 | 9.8s
2026-06-20 15:37:02,140 - INFO -   batch 140/381 | loss=0.0780 mse=0.0511 sym=0.0111 phy=0.0189 | 10.6s
2026-06-20 15:37:02,962 - INFO -   batch 150/381 | loss=0.0893 mse=0.0578 sym=0.0111 phy=0.0188 | 11.4s
2026-06-20 15:37:03,670 - INFO -   batch 160/381 | loss=0.0774 mse=0.0506 sym=0.0111 phy=0.0188 | 12.1s
2026-06-20 15:37:04,336 - INFO -   batch 170/381 | loss=0.0946 mse=0.0644 sym=0.0111 phy=0.0188 | 12.7s
2026-06-20 15:37:05,093 - INFO -   batch 180/381 | loss=0.0847 mse=0.0538 sym=0.0111 phy=0.0188 | 13.5s
2026-06-20 15:37:05,877 - INFO -   batch 190/381 | loss=0.0973 mse=0.0702 sym=0.0111 phy=0.0189 | 14.3s
2026-06-20 15:37:06,586 - INFO -   batch 200/381 | loss=0.0959 mse=0.0703 sym=0.0111 phy=0.0188 | 15.0s
2026-06-20 15:37:07,298 - INFO -   batch 210/381 | loss=0.0757 mse=0.0477 sym=0.0111 phy=0.0188 | 15.7s
2026-06-20 15:37:08,060 - INFO -   batch 220/381 | loss=0.0730 mse=0.0445 sym=0.0111 phy=0.0188 | 16.5s
2026-06-20 15:37:08,848 - INFO -   batch 230/381 | loss=0.0856 mse=0.0608 sym=0.0111 phy=0.0187 | 17.3s
2026-06-20 15:37:09,559 - INFO -   batch 240/381 | loss=0.0743 mse=0.0420 sym=0.0111 phy=0.0188 | 18.0s
2026-06-20 15:37:10,250 - INFO -   batch 250/381 | loss=0.0870 mse=0.0563 sym=0.0111 phy=0.0188 | 18.7s
2026-06-20 15:37:11,022 - INFO -   batch 260/381 | loss=0.0724 mse=0.0449 sym=0.0111 phy=0.0189 | 19.4s
2026-06-20 15:37:11,797 - INFO -   batch 270/381 | loss=0.0784 mse=0.0467 sym=0.0111 phy=0.0189 | 20.2s
2026-06-20 15:37:12,476 - INFO -   batch 280/381 | loss=0.0833 mse=0.0540 sym=0.0111 phy=0.0188 | 20.9s
2026-06-20 15:37:13,181 - INFO -   batch 290/381 | loss=0.0799 mse=0.0499 sym=0.0111 phy=0.0187 | 21.6s
2026-06-20 15:37:13,988 - INFO -   batch 300/381 | loss=0.1026 mse=0.0768 sym=0.0110 phy=0.0187 | 22.4s
2026-06-20 15:37:14,730 - INFO -   batch 310/381 | loss=0.0584 mse=0.0345 sym=0.0110 phy=0.0186 | 23.1s
2026-06-20 15:37:15,423 - INFO -   batch 320/381 | loss=0.0764 mse=0.0490 sym=0.0111 phy=0.0186 | 23.8s
2026-06-20 15:37:16,094 - INFO -   batch 330/381 | loss=0.0929 mse=0.0559 sym=0.0111 phy=0.0186 | 24.5s
2026-06-20 15:37:16,924 - INFO -   batch 340/381 | loss=0.0871 mse=0.0593 sym=0.0111 phy=0.0186 | 25.3s
2026-06-20 15:37:17,626 - INFO -   batch 350/381 | loss=0.0866 mse=0.0560 sym=0.0110 phy=0.0185 | 26.0s
2026-06-20 15:37:18,332 - INFO -   batch 360/381 | loss=0.1392 mse=0.1026 sym=0.0110 phy=0.0186 | 26.7s
2026-06-20 15:37:19,016 - INFO -   batch 370/381 | loss=0.0926 mse=0.0593 sym=0.0110 phy=0.0185 | 27.4s
2026-06-20 15:37:19,859 - INFO -   batch 380/381 | loss=0.0816 mse=0.0536 sym=0.0110 phy=0.0185 | 28.3s
2026-06-20 15:37:21,036 - INFO - Epoch  40/50 | Loss=0.0840 MSE=0.0545 Sym=0.0110 Phy=0.0185 | Val RMSE=0.2324 ρ=0.344 | 29s
2026-06-20 15:37:21,210 - INFO -   batch   1/381 | loss=0.0888 mse=0.0652 sym=0.0117 phy=0.0119 | 0.2s
2026-06-20 15:37:21,905 - INFO -   batch  10/381 | loss=0.0969 mse=0.0686 sym=0.0109 phy=0.0188 | 0.9s
2026-06-20 15:37:22,656 - INFO -   batch  20/381 | loss=0.0717 mse=0.0447 sym=0.0109 phy=0.0179 | 1.6s
2026-06-20 15:37:23,349 - INFO -   batch  30/381 | loss=0.1087 mse=0.0848 sym=0.0110 phy=0.0184 | 2.3s
2026-06-20 15:37:24,038 - INFO -   batch  40/381 | loss=0.0796 mse=0.0532 sym=0.0110 phy=0.0189 | 3.0s
2026-06-20 15:37:24,867 - INFO -   batch  50/381 | loss=0.0806 mse=0.0513 sym=0.0111 phy=0.0184 | 3.8s
2026-06-20 15:37:25,611 - INFO -   batch  60/381 | loss=0.0651 mse=0.0384 sym=0.0111 phy=0.0185 | 4.6s
2026-06-20 15:37:26,275 - INFO -   batch  70/381 | loss=0.0793 mse=0.0531 sym=0.0111 phy=0.0181 | 5.2s
2026-06-20 15:37:26,993 - INFO -   batch  80/381 | loss=0.0720 mse=0.0502 sym=0.0111 phy=0.0180 | 6.0s
2026-06-20 15:37:27,813 - INFO -   batch  90/381 | loss=0.0705 mse=0.0490 sym=0.0111 phy=0.0174 | 6.8s
2026-06-20 15:37:28,566 - INFO -   batch 100/381 | loss=0.0663 mse=0.0378 sym=0.0111 phy=0.0174 | 7.5s
2026-06-20 15:37:29,278 - INFO -   batch 110/381 | loss=0.0851 mse=0.0530 sym=0.0111 phy=0.0176 | 8.2s
2026-06-20 15:37:29,992 - INFO -   batch 120/381 | loss=0.0779 mse=0.0478 sym=0.0111 phy=0.0178 | 9.0s
2026-06-20 15:37:30,790 - INFO -   batch 130/381 | loss=0.1089 mse=0.0813 sym=0.0110 phy=0.0178 | 9.8s
2026-06-20 15:37:31,532 - INFO -   batch 140/381 | loss=0.0849 mse=0.0543 sym=0.0110 phy=0.0178 | 10.5s
2026-06-20 15:37:32,242 - INFO -   batch 150/381 | loss=0.0969 mse=0.0616 sym=0.0110 phy=0.0179 | 11.2s
2026-06-20 15:37:32,956 - INFO -   batch 160/381 | loss=0.0813 mse=0.0519 sym=0.0110 phy=0.0181 | 11.9s
2026-06-20 15:37:33,778 - INFO -   batch 170/381 | loss=0.1134 mse=0.0753 sym=0.0110 phy=0.0183 | 12.7s
2026-06-20 15:37:34,521 - INFO -   batch 180/381 | loss=0.0898 mse=0.0616 sym=0.0110 phy=0.0183 | 13.5s
2026-06-20 15:37:35,197 - INFO -   batch 190/381 | loss=0.1079 mse=0.0675 sym=0.0110 phy=0.0183 | 14.2s
2026-06-20 15:37:35,891 - INFO -   batch 200/381 | loss=0.0722 mse=0.0472 sym=0.0110 phy=0.0182 | 14.9s
2026-06-20 15:37:36,713 - INFO -   batch 210/381 | loss=0.0985 mse=0.0680 sym=0.0110 phy=0.0182 | 15.7s
2026-06-20 15:37:37,426 - INFO -   batch 220/381 | loss=0.1036 mse=0.0748 sym=0.0110 phy=0.0182 | 16.4s
2026-06-20 15:37:38,092 - INFO -   batch 230/381 | loss=0.0976 mse=0.0656 sym=0.0110 phy=0.0182 | 17.1s
2026-06-20 15:37:38,833 - INFO -   batch 240/381 | loss=0.0906 mse=0.0550 sym=0.0110 phy=0.0183 | 17.8s
2026-06-20 15:37:39,663 - INFO -   batch 250/381 | loss=0.0945 mse=0.0658 sym=0.0110 phy=0.0184 | 18.6s
2026-06-20 15:37:40,375 - INFO -   batch 260/381 | loss=0.1114 mse=0.0830 sym=0.0110 phy=0.0185 | 19.3s
2026-06-20 15:37:41,041 - INFO -   batch 270/381 | loss=0.0652 mse=0.0360 sym=0.0110 phy=0.0185 | 20.0s
2026-06-20 15:37:41,798 - INFO -   batch 280/381 | loss=0.0732 mse=0.0470 sym=0.0110 phy=0.0186 | 20.8s
2026-06-20 15:37:42,584 - INFO -   batch 290/381 | loss=0.0926 mse=0.0540 sym=0.0110 phy=0.0186 | 21.5s
2026-06-20 15:37:43,297 - INFO -   batch 300/381 | loss=0.0986 mse=0.0678 sym=0.0110 phy=0.0187 | 22.3s
2026-06-20 15:37:44,007 - INFO -   batch 310/381 | loss=0.0991 mse=0.0715 sym=0.0110 phy=0.0187 | 23.0s
2026-06-20 15:37:44,759 - INFO -   batch 320/381 | loss=0.0862 mse=0.0561 sym=0.0110 phy=0.0186 | 23.7s
2026-06-20 15:37:45,582 - INFO -   batch 330/381 | loss=0.0755 mse=0.0471 sym=0.0110 phy=0.0186 | 24.5s
2026-06-20 15:37:46,290 - INFO -   batch 340/381 | loss=0.0888 mse=0.0607 sym=0.0110 phy=0.0186 | 25.3s
2026-06-20 15:37:46,987 - INFO -   batch 350/381 | loss=0.0784 mse=0.0511 sym=0.0110 phy=0.0186 | 26.0s
2026-06-20 15:37:47,733 - INFO -   batch 360/381 | loss=0.0649 mse=0.0412 sym=0.0110 phy=0.0185 | 26.7s
2026-06-20 15:37:48,558 - INFO -   batch 370/381 | loss=0.0740 mse=0.0488 sym=0.0110 phy=0.0185 | 27.5s
2026-06-20 15:37:49,263 - INFO -   batch 380/381 | loss=0.1037 mse=0.0638 sym=0.0110 phy=0.0185 | 28.2s
2026-06-20 15:37:50,575 - INFO -   batch   1/381 | loss=0.1007 mse=0.0683 sym=0.0113 phy=0.0210 | 0.2s
2026-06-20 15:37:51,230 - INFO -   batch  10/381 | loss=0.0857 mse=0.0525 sym=0.0116 phy=0.0196 | 0.8s
2026-06-20 15:37:51,939 - INFO -   batch  20/381 | loss=0.0744 mse=0.0433 sym=0.0114 phy=0.0186 | 1.5s
2026-06-20 15:37:52,685 - INFO -   batch  30/381 | loss=0.0762 mse=0.0461 sym=0.0113 phy=0.0192 | 2.3s
2026-06-20 15:37:53,508 - INFO -   batch  40/381 | loss=0.0903 mse=0.0589 sym=0.0112 phy=0.0196 | 3.1s
2026-06-20 15:37:54,218 - INFO -   batch  50/381 | loss=0.0842 mse=0.0491 sym=0.0113 phy=0.0193 | 3.8s
2026-06-20 15:37:54,934 - INFO -   batch  60/381 | loss=0.0913 mse=0.0558 sym=0.0112 phy=0.0196 | 4.5s
2026-06-20 15:37:55,651 - INFO -   batch  70/381 | loss=0.0819 mse=0.0550 sym=0.0112 phy=0.0192 | 5.2s
2026-06-20 15:37:56,476 - INFO -   batch  80/381 | loss=0.0937 mse=0.0656 sym=0.0111 phy=0.0195 | 6.1s
2026-06-20 15:37:57,192 - INFO -   batch  90/381 | loss=0.1002 mse=0.0673 sym=0.0111 phy=0.0196 | 6.8s
2026-06-20 15:37:57,905 - INFO -   batch 100/381 | loss=0.0860 mse=0.0579 sym=0.0111 phy=0.0195 | 7.5s
2026-06-20 15:37:58,622 - INFO -   batch 110/381 | loss=0.0814 mse=0.0538 sym=0.0111 phy=0.0193 | 8.2s
2026-06-20 15:37:59,444 - INFO -   batch 120/381 | loss=0.1016 mse=0.0623 sym=0.0110 phy=0.0195 | 9.0s
2026-06-20 15:38:00,156 - INFO -   batch 130/381 | loss=0.1215 mse=0.0892 sym=0.0110 phy=0.0193 | 9.7s
2026-06-20 15:38:00,869 - INFO -   batch 140/381 | loss=0.0868 mse=0.0554 sym=0.0110 phy=0.0193 | 10.5s
2026-06-20 15:38:01,585 - INFO -   batch 150/381 | loss=0.0746 mse=0.0464 sym=0.0110 phy=0.0194 | 11.2s
2026-06-20 15:38:02,410 - INFO -   batch 160/381 | loss=0.0835 mse=0.0559 sym=0.0110 phy=0.0193 | 12.0s
2026-06-20 15:38:03,123 - INFO -   batch 170/381 | loss=0.0681 mse=0.0410 sym=0.0110 phy=0.0193 | 12.7s
2026-06-20 15:38:03,835 - INFO -   batch 180/381 | loss=0.0831 mse=0.0568 sym=0.0110 phy=0.0192 | 13.4s
2026-06-20 15:38:04,557 - INFO -   batch 190/381 | loss=0.0789 mse=0.0537 sym=0.0110 phy=0.0192 | 14.1s
2026-06-20 15:38:05,359 - INFO -   batch 200/381 | loss=0.0779 mse=0.0522 sym=0.0110 phy=0.0191 | 14.9s
2026-06-20 15:38:06,063 - INFO -   batch 210/381 | loss=0.0751 mse=0.0447 sym=0.0110 phy=0.0190 | 15.6s
2026-06-20 15:38:06,777 - INFO -   batch 220/381 | loss=0.0751 mse=0.0529 sym=0.0110 phy=0.0190 | 16.4s
2026-06-20 15:38:07,525 - INFO -   batch 230/381 | loss=0.0911 mse=0.0597 sym=0.0110 phy=0.0190 | 17.1s
2026-06-20 15:38:08,354 - INFO -   batch 240/381 | loss=0.0809 mse=0.0431 sym=0.0110 phy=0.0191 | 17.9s
2026-06-20 15:38:09,060 - INFO -   batch 250/381 | loss=0.0929 mse=0.0634 sym=0.0110 phy=0.0191 | 18.6s
2026-06-20 15:38:09,752 - INFO -   batch 260/381 | loss=0.0905 mse=0.0479 sym=0.0110 phy=0.0192 | 19.3s
2026-06-20 15:38:10,501 - INFO -   batch 270/381 | loss=0.0829 mse=0.0517 sym=0.0110 phy=0.0193 | 20.1s
2026-06-20 15:38:11,324 - INFO -   batch 280/381 | loss=0.0790 mse=0.0519 sym=0.0110 phy=0.0192 | 20.9s
2026-06-20 15:38:12,044 - INFO -   batch 290/381 | loss=0.1089 mse=0.0808 sym=0.0110 phy=0.0191 | 21.6s
2026-06-20 15:38:12,751 - INFO -   batch 300/381 | loss=0.0803 mse=0.0547 sym=0.0110 phy=0.0191 | 22.3s
2026-06-20 15:38:13,465 - INFO -   batch 310/381 | loss=0.0866 mse=0.0578 sym=0.0111 phy=0.0190 | 23.1s
2026-06-20 15:38:14,287 - INFO -   batch 320/381 | loss=0.0821 mse=0.0510 sym=0.0110 phy=0.0191 | 23.9s
2026-06-20 15:38:14,998 - INFO -   batch 330/381 | loss=0.0719 mse=0.0459 sym=0.0110 phy=0.0190 | 24.6s
2026-06-20 15:38:15,650 - INFO -   batch 340/381 | loss=0.0892 mse=0.0572 sym=0.0110 phy=0.0190 | 25.2s
2026-06-20 15:38:16,400 - INFO -   batch 350/381 | loss=0.0905 mse=0.0573 sym=0.0111 phy=0.0189 | 26.0s
2026-06-20 15:38:17,184 - INFO -   batch 360/381 | loss=0.1017 mse=0.0649 sym=0.0111 phy=0.0189 | 26.8s
2026-06-20 15:38:17,888 - INFO -   batch 370/381 | loss=0.0740 mse=0.0487 sym=0.0111 phy=0.0188 | 27.5s
2026-06-20 15:38:18,576 - INFO -   batch 380/381 | loss=0.0808 mse=0.0536 sym=0.0111 phy=0.0188 | 28.2s
2026-06-20 15:38:20,000 - INFO -   batch   1/381 | loss=0.0874 mse=0.0612 sym=0.0122 phy=0.0140 | 0.2s
2026-06-20 15:38:20,650 - INFO -   batch  10/381 | loss=0.0842 mse=0.0525 sym=0.0110 phy=0.0164 | 0.8s
2026-06-20 15:38:21,369 - INFO -   batch  20/381 | loss=0.0840 mse=0.0538 sym=0.0113 phy=0.0175 | 1.5s
2026-06-20 15:38:22,184 - INFO -   batch  30/381 | loss=0.1029 mse=0.0780 sym=0.0111 phy=0.0181 | 2.3s
2026-06-20 15:38:22,915 - INFO -   batch  40/381 | loss=0.0773 mse=0.0457 sym=0.0111 phy=0.0183 | 3.1s
2026-06-20 15:38:23,628 - INFO -   batch  50/381 | loss=0.0873 mse=0.0564 sym=0.0110 phy=0.0180 | 3.8s
2026-06-20 15:38:24,340 - INFO -   batch  60/381 | loss=0.0707 mse=0.0413 sym=0.0110 phy=0.0180 | 4.5s
2026-06-20 15:38:25,197 - INFO -   batch  70/381 | loss=0.1057 mse=0.0744 sym=0.0110 phy=0.0179 | 5.4s
2026-06-20 15:38:25,912 - INFO -   batch  80/381 | loss=0.0743 mse=0.0500 sym=0.0110 phy=0.0179 | 6.1s
2026-06-20 15:38:26,643 - INFO -   batch  90/381 | loss=0.0612 mse=0.0336 sym=0.0110 phy=0.0180 | 6.8s
2026-06-20 15:38:27,358 - INFO -   batch 100/381 | loss=0.0826 mse=0.0566 sym=0.0109 phy=0.0179 | 7.5s
2026-06-20 15:38:28,181 - INFO -   batch 110/381 | loss=0.1028 mse=0.0770 sym=0.0109 phy=0.0178 | 8.3s
2026-06-20 15:38:28,933 - INFO -   batch 120/381 | loss=0.1057 mse=0.0739 sym=0.0109 phy=0.0177 | 9.1s
2026-06-20 15:38:29,661 - INFO -   batch 130/381 | loss=0.0693 mse=0.0421 sym=0.0109 phy=0.0177 | 9.8s
2026-06-20 15:38:30,364 - INFO -   batch 140/381 | loss=0.0931 mse=0.0657 sym=0.0110 phy=0.0177 | 10.5s
2026-06-20 15:38:31,164 - INFO -   batch 150/381 | loss=0.0746 mse=0.0481 sym=0.0110 phy=0.0177 | 11.3s
2026-06-20 15:38:31,900 - INFO -   batch 160/381 | loss=0.0867 mse=0.0485 sym=0.0110 phy=0.0178 | 12.1s
2026-06-20 15:38:32,576 - INFO -   batch 170/381 | loss=0.0753 mse=0.0451 sym=0.0110 phy=0.0178 | 12.7s
2026-06-20 15:38:33,289 - INFO -   batch 180/381 | loss=0.0795 mse=0.0486 sym=0.0110 phy=0.0178 | 13.5s
2026-06-20 15:38:34,111 - INFO -   batch 190/381 | loss=0.0882 mse=0.0615 sym=0.0110 phy=0.0176 | 14.3s
2026-06-20 15:38:34,821 - INFO -   batch 200/381 | loss=0.0502 mse=0.0279 sym=0.0110 phy=0.0176 | 15.0s
2026-06-20 15:38:35,529 - INFO -   batch 210/381 | loss=0.0858 mse=0.0591 sym=0.0110 phy=0.0176 | 15.7s
2026-06-20 15:38:36,217 - INFO -   batch 220/381 | loss=0.0983 mse=0.0677 sym=0.0110 phy=0.0176 | 16.4s
2026-06-20 15:38:37,043 - INFO -   batch 230/381 | loss=0.0997 mse=0.0602 sym=0.0110 phy=0.0178 | 17.2s
2026-06-20 15:38:37,758 - INFO -   batch 240/381 | loss=0.0900 mse=0.0580 sym=0.0110 phy=0.0179 | 17.9s
2026-06-20 15:38:38,433 - INFO -   batch 250/381 | loss=0.0689 mse=0.0463 sym=0.0110 phy=0.0179 | 18.6s
2026-06-20 15:38:39,181 - INFO -   batch 260/381 | loss=0.1008 mse=0.0663 sym=0.0110 phy=0.0180 | 19.3s
2026-06-20 15:38:39,958 - INFO -   batch 270/381 | loss=0.0688 mse=0.0356 sym=0.0110 phy=0.0181 | 20.1s
2026-06-20 15:38:40,676 - INFO -   batch 280/381 | loss=0.0717 mse=0.0447 sym=0.0110 phy=0.0181 | 20.8s
2026-06-20 15:38:41,375 - INFO -   batch 290/381 | loss=0.0788 mse=0.0489 sym=0.0110 phy=0.0181 | 21.5s
2026-06-20 15:38:42,136 - INFO -   batch 300/381 | loss=0.0694 mse=0.0475 sym=0.0110 phy=0.0180 | 22.3s
2026-06-20 15:38:42,901 - INFO -   batch 310/381 | loss=0.0920 mse=0.0660 sym=0.0110 phy=0.0181 | 23.1s
2026-06-20 15:38:43,595 - INFO -   batch 320/381 | loss=0.0800 mse=0.0543 sym=0.0110 phy=0.0180 | 23.8s
2026-06-20 15:38:44,300 - INFO -   batch 330/381 | loss=0.0713 mse=0.0380 sym=0.0110 phy=0.0181 | 24.5s
2026-06-20 15:38:45,062 - INFO -   batch 340/381 | loss=0.0772 mse=0.0475 sym=0.0110 phy=0.0181 | 25.2s
2026-06-20 15:38:45,843 - INFO -   batch 350/381 | loss=0.0790 mse=0.0527 sym=0.0110 phy=0.0181 | 26.0s
2026-06-20 15:38:46,530 - INFO -   batch 360/381 | loss=0.0750 mse=0.0513 sym=0.0110 phy=0.0182 | 26.7s
2026-06-20 15:38:47,210 - INFO -   batch 370/381 | loss=0.0810 mse=0.0521 sym=0.0110 phy=0.0182 | 27.4s
2026-06-20 15:38:48,024 - INFO -   batch 380/381 | loss=0.0758 mse=0.0502 sym=0.0110 phy=0.0183 | 28.2s
2026-06-20 15:38:49,379 - INFO -   batch   1/381 | loss=0.1183 mse=0.0808 sym=0.0113 phy=0.0262 | 0.2s
2026-06-20 15:38:50,054 - INFO -   batch  10/381 | loss=0.0844 mse=0.0536 sym=0.0112 phy=0.0205 | 0.8s
2026-06-20 15:38:50,833 - INFO -   batch  20/381 | loss=0.0733 mse=0.0465 sym=0.0110 phy=0.0188 | 1.6s
2026-06-20 15:38:51,548 - INFO -   batch  30/381 | loss=0.0772 mse=0.0474 sym=0.0111 phy=0.0185 | 2.3s
2026-06-20 15:38:52,254 - INFO -   batch  40/381 | loss=0.0765 mse=0.0478 sym=0.0112 phy=0.0187 | 3.0s
2026-06-20 15:38:53,023 - INFO -   batch  50/381 | loss=0.0994 mse=0.0696 sym=0.0112 phy=0.0192 | 3.8s
2026-06-20 15:38:53,766 - INFO -   batch  60/381 | loss=0.0703 mse=0.0382 sym=0.0111 phy=0.0194 | 4.6s
2026-06-20 15:38:54,477 - INFO -   batch  70/381 | loss=0.0737 mse=0.0504 sym=0.0112 phy=0.0190 | 5.3s
2026-06-20 15:38:55,143 - INFO -   batch  80/381 | loss=0.0830 mse=0.0568 sym=0.0112 phy=0.0188 | 5.9s
2026-06-20 15:38:55,971 - INFO -   batch  90/381 | loss=0.0748 mse=0.0463 sym=0.0112 phy=0.0188 | 6.8s
2026-06-20 15:38:56,720 - INFO -   batch 100/381 | loss=0.0855 mse=0.0604 sym=0.0112 phy=0.0188 | 7.5s
2026-06-20 15:38:57,434 - INFO -   batch 110/381 | loss=0.1046 mse=0.0731 sym=0.0112 phy=0.0187 | 8.2s
2026-06-20 15:38:58,115 - INFO -   batch 120/381 | loss=0.0822 mse=0.0609 sym=0.0112 phy=0.0185 | 8.9s
2026-06-20 15:38:59,029 - INFO -   batch 130/381 | loss=0.0747 mse=0.0452 sym=0.0112 phy=0.0183 | 9.8s
2026-06-20 15:38:59,825 - INFO -   batch 140/381 | loss=0.0752 mse=0.0428 sym=0.0111 phy=0.0185 | 10.6s
2026-06-20 15:39:00,538 - INFO -   batch 150/381 | loss=0.0739 mse=0.0468 sym=0.0111 phy=0.0185 | 11.3s
2026-06-20 15:39:01,221 - INFO -   batch 160/381 | loss=0.0776 mse=0.0507 sym=0.0111 phy=0.0186 | 12.0s
2026-06-20 15:39:01,974 - INFO -   batch 170/381 | loss=0.0832 mse=0.0499 sym=0.0111 phy=0.0187 | 12.8s
2026-06-20 15:39:02,790 - INFO -   batch 180/381 | loss=0.0980 mse=0.0680 sym=0.0111 phy=0.0187 | 13.6s
2026-06-20 15:39:03,475 - INFO -   batch 190/381 | loss=0.0785 mse=0.0462 sym=0.0111 phy=0.0188 | 14.3s
2026-06-20 15:39:04,144 - INFO -   batch 200/381 | loss=0.0662 mse=0.0423 sym=0.0111 phy=0.0187 | 14.9s
2026-06-20 15:39:04,927 - INFO -   batch 210/381 | loss=0.0672 mse=0.0384 sym=0.0111 phy=0.0187 | 15.7s
2026-06-20 15:39:05,682 - INFO -   batch 220/381 | loss=0.0899 mse=0.0594 sym=0.0111 phy=0.0187 | 16.5s
2026-06-20 15:39:06,362 - INFO -   batch 230/381 | loss=0.1013 mse=0.0743 sym=0.0111 phy=0.0187 | 17.2s
2026-06-20 15:39:07,031 - INFO -   batch 240/381 | loss=0.0756 mse=0.0423 sym=0.0111 phy=0.0186 | 17.8s
2026-06-20 15:39:07,849 - INFO -   batch 250/381 | loss=0.0875 mse=0.0602 sym=0.0111 phy=0.0186 | 18.6s
2026-06-20 15:39:08,594 - INFO -   batch 260/381 | loss=0.0727 mse=0.0481 sym=0.0111 phy=0.0185 | 19.4s
2026-06-20 15:39:09,301 - INFO -   batch 270/381 | loss=0.0672 mse=0.0460 sym=0.0111 phy=0.0184 | 20.1s
2026-06-20 15:39:09,984 - INFO -   batch 280/381 | loss=0.0799 mse=0.0538 sym=0.0111 phy=0.0184 | 20.8s
2026-06-20 15:39:10,785 - INFO -   batch 290/381 | loss=0.0790 mse=0.0517 sym=0.0110 phy=0.0184 | 21.6s
2026-06-20 15:39:11,531 - INFO -   batch 300/381 | loss=0.0866 mse=0.0601 sym=0.0111 phy=0.0184 | 22.3s
2026-06-20 15:39:12,231 - INFO -   batch 310/381 | loss=0.0695 mse=0.0416 sym=0.0110 phy=0.0184 | 23.0s
2026-06-20 15:39:12,934 - INFO -   batch 320/381 | loss=0.0889 mse=0.0561 sym=0.0111 phy=0.0184 | 23.7s
2026-06-20 15:39:13,757 - INFO -   batch 330/381 | loss=0.0830 mse=0.0533 sym=0.0111 phy=0.0184 | 24.5s
2026-06-20 15:39:14,501 - INFO -   batch 340/381 | loss=0.0814 mse=0.0572 sym=0.0111 phy=0.0184 | 25.3s
2026-06-20 15:39:15,187 - INFO -   batch 350/381 | loss=0.0752 mse=0.0531 sym=0.0111 phy=0.0185 | 26.0s
2026-06-20 15:39:15,892 - INFO -   batch 360/381 | loss=0.0844 mse=0.0523 sym=0.0111 phy=0.0184 | 26.7s
2026-06-20 15:39:16,715 - INFO -   batch 370/381 | loss=0.1164 mse=0.0795 sym=0.0111 phy=0.0185 | 27.5s
2026-06-20 15:39:17,463 - INFO -   batch 380/381 | loss=0.0693 mse=0.0457 sym=0.0110 phy=0.0186 | 28.3s
2026-06-20 15:39:18,917 - INFO -   batch   1/381 | loss=0.0773 mse=0.0499 sym=0.0099 phy=0.0175 | 0.2s
2026-06-20 15:39:19,648 - INFO -   batch  10/381 | loss=0.0696 mse=0.0435 sym=0.0108 phy=0.0192 | 0.9s
2026-06-20 15:39:20,383 - INFO -   batch  20/381 | loss=0.0903 mse=0.0571 sym=0.0111 phy=0.0182 | 1.6s
2026-06-20 15:39:21,063 - INFO -   batch  30/381 | loss=0.0748 mse=0.0450 sym=0.0110 phy=0.0181 | 2.3s
2026-06-20 15:39:21,775 - INFO -   batch  40/381 | loss=0.0731 mse=0.0508 sym=0.0109 phy=0.0182 | 3.0s
2026-06-20 15:39:22,600 - INFO -   batch  50/381 | loss=0.0740 mse=0.0470 sym=0.0109 phy=0.0181 | 3.9s
2026-06-20 15:39:23,313 - INFO -   batch  60/381 | loss=0.1047 mse=0.0612 sym=0.0109 phy=0.0185 | 4.6s
2026-06-20 15:39:23,999 - INFO -   batch  70/381 | loss=0.0720 mse=0.0494 sym=0.0109 phy=0.0184 | 5.3s
2026-06-20 15:39:24,743 - INFO -   batch  80/381 | loss=0.0725 mse=0.0457 sym=0.0109 phy=0.0181 | 6.0s
2026-06-20 15:39:25,540 - INFO -   batch  90/381 | loss=0.0820 mse=0.0550 sym=0.0108 phy=0.0182 | 6.8s
2026-06-20 15:39:26,255 - INFO -   batch 100/381 | loss=0.0809 mse=0.0500 sym=0.0109 phy=0.0181 | 7.5s
2026-06-20 15:39:26,966 - INFO -   batch 110/381 | loss=0.0919 mse=0.0622 sym=0.0108 phy=0.0179 | 8.2s
2026-06-20 15:39:27,707 - INFO -   batch 120/381 | loss=0.0954 mse=0.0636 sym=0.0109 phy=0.0178 | 9.0s
2026-06-20 15:39:28,532 - INFO -   batch 130/381 | loss=0.0787 mse=0.0543 sym=0.0109 phy=0.0178 | 9.8s
2026-06-20 15:39:29,243 - INFO -   batch 140/381 | loss=0.0759 mse=0.0510 sym=0.0109 phy=0.0179 | 10.5s
2026-06-20 15:39:29,927 - INFO -   batch 150/381 | loss=0.0940 mse=0.0670 sym=0.0109 phy=0.0179 | 11.2s
2026-06-20 15:39:30,676 - INFO -   batch 160/381 | loss=0.0900 mse=0.0589 sym=0.0109 phy=0.0180 | 11.9s
2026-06-20 15:39:31,507 - INFO -   batch 170/381 | loss=0.0814 mse=0.0576 sym=0.0109 phy=0.0181 | 12.8s
2026-06-20 15:39:32,219 - INFO -   batch 180/381 | loss=0.0722 mse=0.0403 sym=0.0109 phy=0.0182 | 13.5s
2026-06-20 15:39:32,929 - INFO -   batch 190/381 | loss=0.0799 mse=0.0527 sym=0.0109 phy=0.0182 | 14.2s
2026-06-20 15:39:33,639 - INFO -   batch 200/381 | loss=0.0815 mse=0.0535 sym=0.0109 phy=0.0182 | 14.9s
2026-06-20 15:39:34,468 - INFO -   batch 210/381 | loss=0.1012 mse=0.0685 sym=0.0109 phy=0.0183 | 15.7s
2026-06-20 15:39:35,180 - INFO -   batch 220/381 | loss=0.0912 mse=0.0606 sym=0.0109 phy=0.0183 | 16.4s
2026-06-20 15:39:35,891 - INFO -   batch 230/381 | loss=0.0933 mse=0.0607 sym=0.0109 phy=0.0184 | 17.2s
2026-06-20 15:39:36,604 - INFO -   batch 240/381 | loss=0.1011 mse=0.0677 sym=0.0109 phy=0.0185 | 17.9s
2026-06-20 15:39:37,433 - INFO -   batch 250/381 | loss=0.0599 mse=0.0398 sym=0.0109 phy=0.0184 | 18.7s
2026-06-20 15:39:38,138 - INFO -   batch 260/381 | loss=0.0864 mse=0.0575 sym=0.0109 phy=0.0184 | 19.4s
2026-06-20 15:39:38,826 - INFO -   batch 270/381 | loss=0.0665 mse=0.0420 sym=0.0110 phy=0.0184 | 20.1s
2026-06-20 15:39:39,567 - INFO -   batch 280/381 | loss=0.0987 mse=0.0726 sym=0.0110 phy=0.0185 | 20.8s
2026-06-20 15:39:40,365 - INFO -   batch 290/381 | loss=0.0735 mse=0.0513 sym=0.0110 phy=0.0185 | 21.6s
2026-06-20 15:39:41,069 - INFO -   batch 300/381 | loss=0.0796 mse=0.0526 sym=0.0110 phy=0.0185 | 22.3s
2026-06-20 15:39:41,748 - INFO -   batch 310/381 | loss=0.0993 mse=0.0692 sym=0.0110 phy=0.0185 | 23.0s
2026-06-20 15:39:42,488 - INFO -   batch 320/381 | loss=0.1070 mse=0.0744 sym=0.0110 phy=0.0185 | 23.7s
2026-06-20 15:39:43,242 - INFO -   batch 330/381 | loss=0.1016 mse=0.0735 sym=0.0110 phy=0.0185 | 24.5s
2026-06-20 15:39:43,956 - INFO -   batch 340/381 | loss=0.0835 mse=0.0509 sym=0.0110 phy=0.0185 | 25.2s
2026-06-20 15:39:44,641 - INFO -   batch 350/381 | loss=0.0729 mse=0.0445 sym=0.0110 phy=0.0185 | 25.9s
2026-06-20 15:39:45,424 - INFO -   batch 360/381 | loss=0.1029 mse=0.0668 sym=0.0110 phy=0.0185 | 26.7s
2026-06-20 15:39:46,167 - INFO -   batch 370/381 | loss=0.0956 mse=0.0641 sym=0.0110 phy=0.0185 | 27.4s
2026-06-20 15:39:46,871 - INFO -   batch 380/381 | loss=0.0973 mse=0.0640 sym=0.0110 phy=0.0185 | 28.1s
2026-06-20 15:39:48,089 - INFO - Epoch  45/50 | Loss=0.0839 MSE=0.0544 Sym=0.0110 Phy=0.0185 | Val RMSE=0.2311 ρ=0.346 | 29s
2026-06-20 15:39:48,257 - INFO -   batch   1/381 | loss=0.0972 mse=0.0685 sym=0.0098 phy=0.0189 | 0.2s
2026-06-20 15:39:48,875 - INFO -   batch  10/381 | loss=0.0879 mse=0.0635 sym=0.0111 phy=0.0181 | 0.8s
2026-06-20 15:39:49,588 - INFO -   batch  20/381 | loss=0.0865 mse=0.0565 sym=0.0109 phy=0.0188 | 1.5s
2026-06-20 15:39:50,346 - INFO -   batch  30/381 | loss=0.0598 mse=0.0381 sym=0.0110 phy=0.0181 | 2.3s
2026-06-20 15:39:51,091 - INFO -   batch  40/381 | loss=0.0923 mse=0.0638 sym=0.0109 phy=0.0177 | 3.0s
2026-06-20 15:39:51,753 - INFO -   batch  50/381 | loss=0.0854 mse=0.0540 sym=0.0109 phy=0.0186 | 3.7s
2026-06-20 15:39:52,460 - INFO -   batch  60/381 | loss=0.0813 mse=0.0598 sym=0.0109 phy=0.0187 | 4.4s
2026-06-20 15:39:53,263 - INFO -   batch  70/381 | loss=0.0860 mse=0.0594 sym=0.0109 phy=0.0185 | 5.2s
2026-06-20 15:39:54,006 - INFO -   batch  80/381 | loss=0.0763 mse=0.0478 sym=0.0109 phy=0.0185 | 5.9s
2026-06-20 15:39:54,693 - INFO -   batch  90/381 | loss=0.0871 mse=0.0574 sym=0.0108 phy=0.0183 | 6.6s
2026-06-20 15:39:55,405 - INFO -   batch 100/381 | loss=0.0949 mse=0.0634 sym=0.0109 phy=0.0183 | 7.3s
2026-06-20 15:39:56,225 - INFO -   batch 110/381 | loss=0.1013 mse=0.0748 sym=0.0108 phy=0.0183 | 8.1s
2026-06-20 15:39:56,938 - INFO -   batch 120/381 | loss=0.0951 mse=0.0586 sym=0.0108 phy=0.0185 | 8.8s
2026-06-20 15:39:57,607 - INFO -   batch 130/381 | loss=0.0893 mse=0.0578 sym=0.0108 phy=0.0187 | 9.5s
2026-06-20 15:39:58,355 - INFO -   batch 140/381 | loss=0.1025 mse=0.0642 sym=0.0109 phy=0.0186 | 10.3s
2026-06-20 15:39:59,173 - INFO -   batch 150/381 | loss=0.0762 mse=0.0474 sym=0.0109 phy=0.0185 | 11.1s
2026-06-20 15:39:59,886 - INFO -   batch 160/381 | loss=0.0957 mse=0.0563 sym=0.0109 phy=0.0186 | 11.8s
2026-06-20 15:40:00,581 - INFO -   batch 170/381 | loss=0.0755 mse=0.0403 sym=0.0109 phy=0.0187 | 12.5s
2026-06-20 15:40:01,323 - INFO -   batch 180/381 | loss=0.1020 mse=0.0554 sym=0.0109 phy=0.0188 | 13.2s
2026-06-20 15:40:02,130 - INFO -   batch 190/381 | loss=0.0884 mse=0.0491 sym=0.0109 phy=0.0188 | 14.0s
2026-06-20 15:40:02,832 - INFO -   batch 200/381 | loss=0.0943 mse=0.0579 sym=0.0109 phy=0.0189 | 14.7s
2026-06-20 15:40:03,538 - INFO -   batch 210/381 | loss=0.0944 mse=0.0642 sym=0.0109 phy=0.0189 | 15.4s
2026-06-20 15:40:04,287 - INFO -   batch 220/381 | loss=0.0904 mse=0.0637 sym=0.0109 phy=0.0189 | 16.2s
2026-06-20 15:40:05,112 - INFO -   batch 230/381 | loss=0.0860 mse=0.0540 sym=0.0110 phy=0.0189 | 17.0s
2026-06-20 15:40:05,818 - INFO -   batch 240/381 | loss=0.0708 mse=0.0458 sym=0.0109 phy=0.0189 | 17.7s
2026-06-20 15:40:06,506 - INFO -   batch 250/381 | loss=0.1066 mse=0.0701 sym=0.0110 phy=0.0189 | 18.4s
2026-06-20 15:40:07,254 - INFO -   batch 260/381 | loss=0.0708 mse=0.0425 sym=0.0110 phy=0.0188 | 19.2s
2026-06-20 15:40:08,047 - INFO -   batch 270/381 | loss=0.0852 mse=0.0581 sym=0.0110 phy=0.0189 | 20.0s
2026-06-20 15:40:08,760 - INFO -   batch 280/381 | loss=0.0868 mse=0.0479 sym=0.0110 phy=0.0189 | 20.7s
2026-06-20 15:40:09,464 - INFO -   batch 290/381 | loss=0.0789 mse=0.0474 sym=0.0110 phy=0.0190 | 21.4s
2026-06-20 15:40:10,220 - INFO -   batch 300/381 | loss=0.0777 mse=0.0470 sym=0.0110 phy=0.0190 | 22.1s
2026-06-20 15:40:11,045 - INFO -   batch 310/381 | loss=0.1053 mse=0.0711 sym=0.0110 phy=0.0190 | 23.0s
2026-06-20 15:40:11,756 - INFO -   batch 320/381 | loss=0.0808 mse=0.0514 sym=0.0110 phy=0.0189 | 23.7s
2026-06-20 15:40:12,439 - INFO -   batch 330/381 | loss=0.0755 mse=0.0477 sym=0.0110 phy=0.0188 | 24.3s
2026-06-20 15:40:13,188 - INFO -   batch 340/381 | loss=0.0818 mse=0.0486 sym=0.0110 phy=0.0188 | 25.1s
2026-06-20 15:40:14,012 - INFO -   batch 350/381 | loss=0.1049 mse=0.0727 sym=0.0110 phy=0.0188 | 25.9s
2026-06-20 15:40:14,723 - INFO -   batch 360/381 | loss=0.0821 mse=0.0517 sym=0.0110 phy=0.0187 | 26.6s
2026-06-20 15:40:15,402 - INFO -   batch 370/381 | loss=0.0811 mse=0.0545 sym=0.0110 phy=0.0187 | 27.3s
2026-06-20 15:40:16,142 - INFO -   batch 380/381 | loss=0.0755 mse=0.0498 sym=0.0110 phy=0.0187 | 28.1s
2026-06-20 15:40:17,466 - INFO -   batch   1/381 | loss=0.0914 mse=0.0617 sym=0.0107 phy=0.0189 | 0.2s
2026-06-20 15:40:18,118 - INFO -   batch  10/381 | loss=0.0978 mse=0.0641 sym=0.0107 phy=0.0191 | 0.8s
2026-06-20 15:40:18,935 - INFO -   batch  20/381 | loss=0.0877 mse=0.0587 sym=0.0110 phy=0.0180 | 1.6s
2026-06-20 15:40:19,649 - INFO -   batch  30/381 | loss=0.0698 mse=0.0460 sym=0.0110 phy=0.0176 | 2.3s
2026-06-20 15:40:20,357 - INFO -   batch  40/381 | loss=0.0916 mse=0.0621 sym=0.0111 phy=0.0171 | 3.1s
2026-06-20 15:40:21,090 - INFO -   batch  50/381 | loss=0.0778 mse=0.0420 sym=0.0110 phy=0.0180 | 3.8s
2026-06-20 15:40:21,901 - INFO -   batch  60/381 | loss=0.0938 mse=0.0563 sym=0.0110 phy=0.0182 | 4.6s
2026-06-20 15:40:22,610 - INFO -   batch  70/381 | loss=0.0753 mse=0.0456 sym=0.0110 phy=0.0182 | 5.3s
2026-06-20 15:40:23,319 - INFO -   batch  80/381 | loss=0.0832 mse=0.0525 sym=0.0110 phy=0.0183 | 6.0s
2026-06-20 15:40:24,045 - INFO -   batch  90/381 | loss=0.0698 mse=0.0417 sym=0.0110 phy=0.0183 | 6.7s
2026-06-20 15:40:24,827 - INFO -   batch 100/381 | loss=0.0755 mse=0.0493 sym=0.0110 phy=0.0184 | 7.5s
2026-06-20 15:40:25,534 - INFO -   batch 110/381 | loss=0.0749 mse=0.0473 sym=0.0110 phy=0.0183 | 8.2s
2026-06-20 15:40:26,229 - INFO -   batch 120/381 | loss=0.0781 mse=0.0525 sym=0.0110 phy=0.0184 | 8.9s
2026-06-20 15:40:26,985 - INFO -   batch 130/381 | loss=0.0905 mse=0.0567 sym=0.0110 phy=0.0186 | 9.7s
2026-06-20 15:40:27,759 - INFO -   batch 140/381 | loss=0.1028 mse=0.0708 sym=0.0109 phy=0.0187 | 10.5s
2026-06-20 15:40:28,473 - INFO -   batch 150/381 | loss=0.0971 mse=0.0679 sym=0.0109 phy=0.0188 | 11.2s
2026-06-20 15:40:29,183 - INFO -   batch 160/381 | loss=0.0768 mse=0.0461 sym=0.0109 phy=0.0187 | 11.9s
2026-06-20 15:40:29,969 - INFO -   batch 170/381 | loss=0.0724 mse=0.0464 sym=0.0110 phy=0.0186 | 12.7s
2026-06-20 15:40:30,713 - INFO -   batch 180/381 | loss=0.0799 mse=0.0543 sym=0.0110 phy=0.0185 | 13.4s
2026-06-20 15:40:31,392 - INFO -   batch 190/381 | loss=0.0805 mse=0.0496 sym=0.0110 phy=0.0186 | 14.1s
2026-06-20 15:40:32,099 - INFO -   batch 200/381 | loss=0.0948 mse=0.0646 sym=0.0110 phy=0.0187 | 14.8s
2026-06-20 15:40:32,890 - INFO -   batch 210/381 | loss=0.1137 mse=0.0827 sym=0.0110 phy=0.0186 | 15.6s
2026-06-20 15:40:33,638 - INFO -   batch 220/381 | loss=0.0844 mse=0.0474 sym=0.0110 phy=0.0186 | 16.3s
2026-06-20 15:40:34,350 - INFO -   batch 230/381 | loss=0.0621 mse=0.0354 sym=0.0110 phy=0.0186 | 17.1s
2026-06-20 15:40:35,029 - INFO -   batch 240/381 | loss=0.0899 mse=0.0619 sym=0.0110 phy=0.0185 | 17.7s
2026-06-20 15:40:35,833 - INFO -   batch 250/381 | loss=0.0744 mse=0.0456 sym=0.0110 phy=0.0185 | 18.5s
2026-06-20 15:40:36,571 - INFO -   batch 260/381 | loss=0.0874 mse=0.0600 sym=0.0110 phy=0.0185 | 19.3s
2026-06-20 15:40:37,245 - INFO -   batch 270/381 | loss=0.0608 mse=0.0368 sym=0.0110 phy=0.0184 | 19.9s
2026-06-20 15:40:37,955 - INFO -   batch 280/381 | loss=0.0872 mse=0.0581 sym=0.0110 phy=0.0184 | 20.7s
2026-06-20 15:40:38,785 - INFO -   batch 290/381 | loss=0.0841 mse=0.0466 sym=0.0110 phy=0.0184 | 21.5s
2026-06-20 15:40:39,498 - INFO -   batch 300/381 | loss=0.0784 mse=0.0521 sym=0.0110 phy=0.0184 | 22.2s
2026-06-20 15:40:40,213 - INFO -   batch 310/381 | loss=0.0853 mse=0.0534 sym=0.0110 phy=0.0184 | 22.9s
2026-06-20 15:40:40,925 - INFO -   batch 320/381 | loss=0.1022 mse=0.0691 sym=0.0110 phy=0.0184 | 23.6s
2026-06-20 15:40:41,756 - INFO -   batch 330/381 | loss=0.0685 mse=0.0421 sym=0.0110 phy=0.0184 | 24.5s
2026-06-20 15:40:42,463 - INFO -   batch 340/381 | loss=0.0623 mse=0.0409 sym=0.0110 phy=0.0184 | 25.2s
2026-06-20 15:40:43,171 - INFO -   batch 350/381 | loss=0.0860 mse=0.0599 sym=0.0110 phy=0.0184 | 25.9s
2026-06-20 15:40:43,860 - INFO -   batch 360/381 | loss=0.0699 mse=0.0411 sym=0.0110 phy=0.0184 | 26.6s
2026-06-20 15:40:44,658 - INFO -   batch 370/381 | loss=0.0855 mse=0.0534 sym=0.0110 phy=0.0184 | 27.4s
2026-06-20 15:40:45,377 - INFO -   batch 380/381 | loss=0.0877 mse=0.0629 sym=0.0110 phy=0.0184 | 28.1s
2026-06-20 15:40:46,724 - INFO -   batch   1/381 | loss=0.0755 mse=0.0430 sym=0.0111 phy=0.0214 | 0.2s
2026-06-20 15:40:47,388 - INFO -   batch  10/381 | loss=0.0793 mse=0.0545 sym=0.0109 phy=0.0179 | 0.8s
2026-06-20 15:40:48,057 - INFO -   batch  20/381 | loss=0.0770 mse=0.0513 sym=0.0109 phy=0.0174 | 1.5s
2026-06-20 15:40:48,800 - INFO -   batch  30/381 | loss=0.0753 mse=0.0416 sym=0.0109 phy=0.0177 | 2.2s
2026-06-20 15:40:49,599 - INFO -   batch  40/381 | loss=0.0840 mse=0.0593 sym=0.0109 phy=0.0178 | 3.0s
2026-06-20 15:40:50,311 - INFO -   batch  50/381 | loss=0.0737 mse=0.0468 sym=0.0109 phy=0.0181 | 3.7s
2026-06-20 15:40:51,015 - INFO -   batch  60/381 | loss=0.0808 mse=0.0550 sym=0.0109 phy=0.0182 | 4.4s
2026-06-20 15:40:51,743 - INFO -   batch  70/381 | loss=0.0680 mse=0.0442 sym=0.0109 phy=0.0180 | 5.2s
2026-06-20 15:40:52,561 - INFO -   batch  80/381 | loss=0.0803 mse=0.0532 sym=0.0110 phy=0.0182 | 6.0s
2026-06-20 15:40:53,272 - INFO -   batch  90/381 | loss=0.0860 mse=0.0576 sym=0.0110 phy=0.0184 | 6.7s
2026-06-20 15:40:53,974 - INFO -   batch 100/381 | loss=0.0874 mse=0.0544 sym=0.0109 phy=0.0183 | 7.4s
2026-06-20 15:40:54,703 - INFO -   batch 110/381 | loss=0.0902 mse=0.0614 sym=0.0110 phy=0.0183 | 8.1s
2026-06-20 15:40:55,526 - INFO -   batch 120/381 | loss=0.0759 mse=0.0475 sym=0.0110 phy=0.0183 | 9.0s
2026-06-20 15:40:56,237 - INFO -   batch 130/381 | loss=0.0904 mse=0.0624 sym=0.0110 phy=0.0183 | 9.7s
2026-06-20 15:40:56,944 - INFO -   batch 140/381 | loss=0.0699 mse=0.0414 sym=0.0110 phy=0.0184 | 10.4s
2026-06-20 15:40:57,667 - INFO -   batch 150/381 | loss=0.0823 mse=0.0577 sym=0.0110 phy=0.0183 | 11.1s
2026-06-20 15:40:58,477 - INFO -   batch 160/381 | loss=0.0750 mse=0.0458 sym=0.0110 phy=0.0182 | 11.9s
2026-06-20 15:40:59,159 - INFO -   batch 170/381 | loss=0.0844 mse=0.0507 sym=0.0110 phy=0.0184 | 12.6s
2026-06-20 15:40:59,829 - INFO -   batch 180/381 | loss=0.0865 mse=0.0567 sym=0.0110 phy=0.0184 | 13.3s
2026-06-20 15:41:00,609 - INFO -   batch 190/381 | loss=0.0798 mse=0.0481 sym=0.0110 phy=0.0184 | 14.0s
2026-06-20 15:41:01,368 - INFO -   batch 200/381 | loss=0.0931 mse=0.0636 sym=0.0110 phy=0.0185 | 14.8s
2026-06-20 15:41:02,318 - INFO -   batch 210/381 | loss=0.0750 mse=0.0494 sym=0.0110 phy=0.0185 | 15.7s
2026-06-20 15:41:03,019 - INFO -   batch 220/381 | loss=0.0853 mse=0.0611 sym=0.0110 phy=0.0184 | 16.5s
2026-06-20 15:41:03,718 - INFO -   batch 230/381 | loss=0.0879 mse=0.0571 sym=0.0110 phy=0.0184 | 17.2s
2026-06-20 15:41:04,517 - INFO -   batch 240/381 | loss=0.0969 mse=0.0625 sym=0.0110 phy=0.0184 | 17.9s
2026-06-20 15:41:05,260 - INFO -   batch 250/381 | loss=0.0793 mse=0.0486 sym=0.0110 phy=0.0183 | 18.7s
2026-06-20 15:41:05,944 - INFO -   batch 260/381 | loss=0.0721 mse=0.0456 sym=0.0110 phy=0.0183 | 19.4s
2026-06-20 15:41:06,648 - INFO -   batch 270/381 | loss=0.0903 mse=0.0548 sym=0.0110 phy=0.0184 | 20.1s
2026-06-20 15:41:07,472 - INFO -   batch 280/381 | loss=0.0613 mse=0.0359 sym=0.0110 phy=0.0184 | 20.9s
2026-06-20 15:41:08,220 - INFO -   batch 290/381 | loss=0.0986 mse=0.0568 sym=0.0110 phy=0.0185 | 21.7s
2026-06-20 15:41:08,898 - INFO -   batch 300/381 | loss=0.1204 mse=0.0908 sym=0.0110 phy=0.0185 | 22.3s
2026-06-20 15:41:09,604 - INFO -   batch 310/381 | loss=0.0888 mse=0.0607 sym=0.0110 phy=0.0185 | 23.0s
2026-06-20 15:41:10,416 - INFO -   batch 320/381 | loss=0.1042 mse=0.0775 sym=0.0110 phy=0.0185 | 23.8s
2026-06-20 15:41:11,126 - INFO -   batch 330/381 | loss=0.0918 mse=0.0515 sym=0.0110 phy=0.0186 | 24.6s
2026-06-20 15:41:11,802 - INFO -   batch 340/381 | loss=0.0894 mse=0.0600 sym=0.0110 phy=0.0185 | 25.2s
2026-06-20 15:41:12,529 - INFO -   batch 350/381 | loss=0.0660 mse=0.0403 sym=0.0110 phy=0.0185 | 26.0s
2026-06-20 15:41:13,337 - INFO -   batch 360/381 | loss=0.0733 mse=0.0518 sym=0.0110 phy=0.0185 | 26.8s
2026-06-20 15:41:14,030 - INFO -   batch 370/381 | loss=0.0784 mse=0.0550 sym=0.0110 phy=0.0185 | 27.5s
2026-06-20 15:41:14,698 - INFO -   batch 380/381 | loss=0.0855 mse=0.0577 sym=0.0110 phy=0.0185 | 28.1s
2026-06-20 15:41:16,065 - INFO -   batch   1/381 | loss=0.0896 mse=0.0591 sym=0.0107 phy=0.0199 | 0.2s
2026-06-20 15:41:16,698 - INFO -   batch  10/381 | loss=0.0669 mse=0.0411 sym=0.0112 phy=0.0171 | 0.8s
2026-06-20 15:41:17,466 - INFO -   batch  20/381 | loss=0.0739 mse=0.0456 sym=0.0111 phy=0.0176 | 1.6s
2026-06-20 15:41:18,241 - INFO -   batch  30/381 | loss=0.0868 mse=0.0571 sym=0.0110 phy=0.0182 | 2.3s
2026-06-20 15:41:18,947 - INFO -   batch  40/381 | loss=0.0969 mse=0.0715 sym=0.0110 phy=0.0182 | 3.1s
2026-06-20 15:41:19,636 - INFO -   batch  50/381 | loss=0.0926 mse=0.0651 sym=0.0111 phy=0.0182 | 3.7s
2026-06-20 15:41:20,420 - INFO -   batch  60/381 | loss=0.0717 mse=0.0438 sym=0.0111 phy=0.0181 | 4.5s
2026-06-20 15:41:21,165 - INFO -   batch  70/381 | loss=0.0854 mse=0.0608 sym=0.0111 phy=0.0180 | 5.3s
2026-06-20 15:41:21,869 - INFO -   batch  80/381 | loss=0.0990 mse=0.0722 sym=0.0110 phy=0.0180 | 6.0s
2026-06-20 15:41:22,526 - INFO -   batch  90/381 | loss=0.0905 mse=0.0606 sym=0.0111 phy=0.0177 | 6.6s
2026-06-20 15:41:23,348 - INFO -   batch 100/381 | loss=0.0728 mse=0.0464 sym=0.0110 phy=0.0179 | 7.5s
2026-06-20 15:41:24,060 - INFO -   batch 110/381 | loss=0.0998 mse=0.0732 sym=0.0111 phy=0.0178 | 8.2s
2026-06-20 15:41:24,782 - INFO -   batch 120/381 | loss=0.0812 mse=0.0550 sym=0.0110 phy=0.0178 | 8.9s
2026-06-20 15:41:25,495 - INFO -   batch 130/381 | loss=0.0668 mse=0.0455 sym=0.0110 phy=0.0179 | 9.6s
2026-06-20 15:41:26,337 - INFO -   batch 140/381 | loss=0.0964 mse=0.0631 sym=0.0110 phy=0.0180 | 10.4s
2026-06-20 15:41:27,047 - INFO -   batch 150/381 | loss=0.0884 mse=0.0565 sym=0.0110 phy=0.0179 | 11.2s
2026-06-20 15:41:27,756 - INFO -   batch 160/381 | loss=0.0678 mse=0.0393 sym=0.0110 phy=0.0178 | 11.9s
2026-06-20 15:41:28,463 - INFO -   batch 170/381 | loss=0.0778 mse=0.0502 sym=0.0111 phy=0.0178 | 12.6s
2026-06-20 15:41:29,313 - INFO -   batch 180/381 | loss=0.0885 mse=0.0587 sym=0.0111 phy=0.0180 | 13.4s
2026-06-20 15:41:30,023 - INFO -   batch 190/381 | loss=0.1035 mse=0.0708 sym=0.0111 phy=0.0180 | 14.1s
2026-06-20 15:41:30,736 - INFO -   batch 200/381 | loss=0.0826 mse=0.0527 sym=0.0111 phy=0.0180 | 14.8s
2026-06-20 15:41:31,428 - INFO -   batch 210/381 | loss=0.0894 mse=0.0536 sym=0.0110 phy=0.0182 | 15.5s
2026-06-20 15:41:32,284 - INFO -   batch 220/381 | loss=0.0874 mse=0.0555 sym=0.0110 phy=0.0183 | 16.4s
2026-06-20 15:41:32,991 - INFO -   batch 230/381 | loss=0.0985 mse=0.0670 sym=0.0110 phy=0.0183 | 17.1s
2026-06-20 15:41:33,702 - INFO -   batch 240/381 | loss=0.0742 mse=0.0492 sym=0.0111 phy=0.0183 | 17.8s
2026-06-20 15:41:34,390 - INFO -   batch 250/381 | loss=0.0805 mse=0.0478 sym=0.0111 phy=0.0183 | 18.5s
2026-06-20 15:41:35,220 - INFO -   batch 260/381 | loss=0.0846 mse=0.0587 sym=0.0110 phy=0.0183 | 19.3s
2026-06-20 15:41:35,924 - INFO -   batch 270/381 | loss=0.0792 mse=0.0438 sym=0.0110 phy=0.0183 | 20.0s
2026-06-20 15:41:36,618 - INFO -   batch 280/381 | loss=0.0811 mse=0.0518 sym=0.0110 phy=0.0183 | 20.7s
2026-06-20 15:41:37,348 - INFO -   batch 290/381 | loss=0.1019 mse=0.0669 sym=0.0110 phy=0.0183 | 21.5s
2026-06-20 15:41:38,155 - INFO -   batch 300/381 | loss=0.0828 mse=0.0489 sym=0.0110 phy=0.0183 | 22.3s
2026-06-20 15:41:38,839 - INFO -   batch 310/381 | loss=0.0760 mse=0.0522 sym=0.0110 phy=0.0183 | 22.9s
2026-06-20 15:41:39,545 - INFO -   batch 320/381 | loss=0.0932 mse=0.0604 sym=0.0110 phy=0.0185 | 23.6s
2026-06-20 15:41:40,277 - INFO -   batch 330/381 | loss=0.0953 mse=0.0676 sym=0.0110 phy=0.0184 | 24.4s
2026-06-20 15:41:41,089 - INFO -   batch 340/381 | loss=0.1047 mse=0.0679 sym=0.0110 phy=0.0184 | 25.2s
2026-06-20 15:41:41,796 - INFO -   batch 350/381 | loss=0.0738 mse=0.0454 sym=0.0110 phy=0.0185 | 25.9s
2026-06-20 15:41:42,508 - INFO -   batch 360/381 | loss=0.0609 mse=0.0367 sym=0.0110 phy=0.0185 | 26.6s
2026-06-20 15:41:43,247 - INFO -   batch 370/381 | loss=0.1058 mse=0.0731 sym=0.0110 phy=0.0184 | 27.3s
2026-06-20 15:41:44,036 - INFO -   batch 380/381 | loss=0.0945 mse=0.0620 sym=0.0110 phy=0.0185 | 28.1s
2026-06-20 15:41:45,415 - INFO -   batch   1/381 | loss=0.0813 mse=0.0510 sym=0.0111 phy=0.0192 | 0.2s
2026-06-20 15:41:46,159 - INFO -   batch  10/381 | loss=0.0920 mse=0.0553 sym=0.0111 phy=0.0197 | 0.9s
2026-06-20 15:41:46,905 - INFO -   batch  20/381 | loss=0.0733 mse=0.0401 sym=0.0108 phy=0.0188 | 1.7s
2026-06-20 15:41:47,578 - INFO -   batch  30/381 | loss=0.0918 mse=0.0658 sym=0.0110 phy=0.0184 | 2.3s
2026-06-20 15:41:48,285 - INFO -   batch  40/381 | loss=0.0902 mse=0.0623 sym=0.0111 phy=0.0180 | 3.0s
2026-06-20 15:41:49,107 - INFO -   batch  50/381 | loss=0.0829 mse=0.0567 sym=0.0111 phy=0.0181 | 3.9s
2026-06-20 15:41:49,854 - INFO -   batch  60/381 | loss=0.0861 mse=0.0570 sym=0.0110 phy=0.0182 | 4.6s
2026-06-20 15:41:50,544 - INFO -   batch  70/381 | loss=0.0843 mse=0.0544 sym=0.0111 phy=0.0178 | 5.3s
2026-06-20 15:41:51,257 - INFO -   batch  80/381 | loss=0.1074 mse=0.0768 sym=0.0111 phy=0.0180 | 6.0s
2026-06-20 15:41:52,053 - INFO -   batch  90/381 | loss=0.0906 mse=0.0634 sym=0.0111 phy=0.0180 | 6.8s
2026-06-20 15:41:52,763 - INFO -   batch 100/381 | loss=0.0883 mse=0.0611 sym=0.0111 phy=0.0182 | 7.5s
2026-06-20 15:41:53,435 - INFO -   batch 110/381 | loss=0.0764 mse=0.0489 sym=0.0111 phy=0.0182 | 8.2s
2026-06-20 15:41:54,183 - INFO -   batch 120/381 | loss=0.0622 mse=0.0351 sym=0.0111 phy=0.0182 | 8.9s
2026-06-20 15:41:54,977 - INFO -   batch 130/381 | loss=0.0815 mse=0.0553 sym=0.0111 phy=0.0182 | 9.7s
2026-06-20 15:41:55,691 - INFO -   batch 140/381 | loss=0.0794 mse=0.0530 sym=0.0111 phy=0.0182 | 10.4s
2026-06-20 15:41:56,404 - INFO -   batch 150/381 | loss=0.0830 mse=0.0540 sym=0.0111 phy=0.0182 | 11.2s
2026-06-20 15:41:57,148 - INFO -   batch 160/381 | loss=0.0852 mse=0.0498 sym=0.0111 phy=0.0183 | 11.9s
2026-06-20 15:41:57,976 - INFO -   batch 170/381 | loss=0.1072 mse=0.0738 sym=0.0111 phy=0.0182 | 12.7s
2026-06-20 15:41:58,686 - INFO -   batch 180/381 | loss=0.0960 mse=0.0658 sym=0.0111 phy=0.0184 | 13.4s
2026-06-20 15:41:59,365 - INFO -   batch 190/381 | loss=0.0764 mse=0.0476 sym=0.0111 phy=0.0183 | 14.1s
2026-06-20 15:42:00,114 - INFO -   batch 200/381 | loss=0.0839 mse=0.0537 sym=0.0111 phy=0.0184 | 14.9s
2026-06-20 15:42:00,915 - INFO -   batch 210/381 | loss=0.0815 mse=0.0548 sym=0.0111 phy=0.0185 | 15.7s
2026-06-20 15:42:01,638 - INFO -   batch 220/381 | loss=0.0885 mse=0.0587 sym=0.0111 phy=0.0185 | 16.4s
2026-06-20 15:42:02,330 - INFO -   batch 230/381 | loss=0.0773 mse=0.0512 sym=0.0111 phy=0.0185 | 17.1s
2026-06-20 15:42:03,074 - INFO -   batch 240/381 | loss=0.0796 mse=0.0464 sym=0.0111 phy=0.0185 | 17.8s
2026-06-20 15:42:03,901 - INFO -   batch 250/381 | loss=0.0806 mse=0.0560 sym=0.0111 phy=0.0184 | 18.7s
2026-06-20 15:42:04,607 - INFO -   batch 260/381 | loss=0.0834 mse=0.0539 sym=0.0111 phy=0.0184 | 19.4s
2026-06-20 15:42:05,295 - INFO -   batch 270/381 | loss=0.0784 mse=0.0522 sym=0.0111 phy=0.0184 | 20.0s
2026-06-20 15:42:06,041 - INFO -   batch 280/381 | loss=0.0829 mse=0.0469 sym=0.0111 phy=0.0185 | 20.8s
2026-06-20 15:42:06,863 - INFO -   batch 290/381 | loss=0.0726 mse=0.0487 sym=0.0111 phy=0.0185 | 21.6s
2026-06-20 15:42:07,573 - INFO -   batch 300/381 | loss=0.1123 mse=0.0723 sym=0.0111 phy=0.0185 | 22.3s
2026-06-20 15:42:08,249 - INFO -   batch 310/381 | loss=0.0804 mse=0.0574 sym=0.0111 phy=0.0185 | 23.0s
2026-06-20 15:42:08,994 - INFO -   batch 320/381 | loss=0.0818 mse=0.0606 sym=0.0110 phy=0.0185 | 23.7s
2026-06-20 15:42:09,792 - INFO -   batch 330/381 | loss=0.0802 mse=0.0462 sym=0.0110 phy=0.0185 | 24.5s
2026-06-20 15:42:10,501 - INFO -   batch 340/381 | loss=0.0709 mse=0.0430 sym=0.0110 phy=0.0185 | 25.3s
2026-06-20 15:42:11,202 - INFO -   batch 350/381 | loss=0.0754 mse=0.0482 sym=0.0110 phy=0.0185 | 26.0s
2026-06-20 15:42:11,938 - INFO -   batch 360/381 | loss=0.0932 mse=0.0611 sym=0.0110 phy=0.0185 | 26.7s
2026-06-20 15:42:12,756 - INFO -   batch 370/381 | loss=0.0949 mse=0.0678 sym=0.0110 phy=0.0185 | 27.5s
2026-06-20 15:42:13,435 - INFO -   batch 380/381 | loss=0.0740 mse=0.0474 sym=0.0110 phy=0.0185 | 28.2s
2026-06-20 15:42:14,638 - INFO - Epoch  50/50 | Loss=0.0839 MSE=0.0544 Sym=0.0110 Phy=0.0185 | Val RMSE=0.2315 ρ=0.345 | 29s
2026-06-20 15:42:14,659 - INFO - Saved: checkpoints/gors_no_fb.pth (best RMSE=0.2264)
2026-06-20 15:42:14,659 - INFO - Done. Best Val RMSE=0.2264 at epoch 21, ρ=0.3389
