2026-06-20 15:17:30,258 - INFO - Device: cuda
2026-06-20 15:17:30,259 - INFO - Loading 26 zones...
2026-06-20 15:17:30,259 - INFO - Loading ERCOT_zone_1_ from ERCOT_zone_1_.csv
2026-06-20 15:17:30,355 - INFO -   rows=50000, features=11
2026-06-20 15:17:30,356 - INFO - Loading ERCOT_zone_2_ from ERCOT_zone_2_.csv
2026-06-20 15:17:30,445 - INFO -   rows=50000, features=11
2026-06-20 15:17:30,445 - INFO - Loading ERCOT_zone_3_ from ERCOT_zone_3_.csv
2026-06-20 15:17:30,533 - INFO -   rows=50000, features=11
2026-06-20 15:17:30,533 - INFO - Loading ERCOT_zone_4_ from ERCOT_zone_4_.csv
2026-06-20 15:17:30,621 - INFO -   rows=50000, features=11
2026-06-20 15:17:30,621 - INFO - Loading MISO_zone_1_ from MISO_zone_1_.csv
2026-06-20 15:17:30,711 - INFO -   rows=50000, features=11
2026-06-20 15:17:30,711 - INFO - Loading MISO_zone_2_ from MISO_zone_2_.csv
2026-06-20 15:17:30,799 - INFO -   rows=50000, features=11
2026-06-20 15:17:30,799 - INFO - Loading MISO_zone_3_ from MISO_zone_3_.csv
2026-06-20 15:17:30,886 - INFO -   rows=50000, features=11
2026-06-20 15:17:30,886 - INFO - Loading MISO_zone_4_ from MISO_zone_4_.csv
2026-06-20 15:17:30,974 - INFO -   rows=50000, features=11
2026-06-20 15:17:30,974 - INFO - Loading SPP_zone_1_ from SPP_zone_1_.csv
2026-06-20 15:17:31,060 - INFO -   rows=50000, features=11
2026-06-20 15:17:31,061 - INFO - Loading SPP_zone_2_ from SPP_zone_2_.csv
2026-06-20 15:17:31,147 - INFO -   rows=50000, features=11
2026-06-20 15:17:31,147 - INFO - Loading SPP_zone_3_ from SPP_zone_3_.csv
2026-06-20 15:17:31,234 - INFO -   rows=50000, features=11
2026-06-20 15:17:31,234 - INFO - Loading SPP_zone_4_ from SPP_zone_4_.csv
2026-06-20 15:17:31,322 - INFO -   rows=50000, features=11
2026-06-20 15:17:31,322 - INFO - Loading SPP_zone_5_ from SPP_zone_5_.csv
2026-06-20 15:17:31,411 - INFO -   rows=50000, features=11
2026-06-20 15:17:31,411 - INFO - Loading SPP_zone_6_ from SPP_zone_6_.csv
2026-06-20 15:17:31,499 - INFO -   rows=50000, features=11
2026-06-20 15:17:31,500 - INFO - Loading SPP_zone_7_ from SPP_zone_7_.csv
2026-06-20 15:17:31,586 - INFO -   rows=50000, features=11
2026-06-20 15:17:31,586 - INFO - Loading SPP_zone_8_ from SPP_zone_8_.csv
2026-06-20 15:17:31,673 - INFO -   rows=50000, features=11
2026-06-20 15:17:31,673 - INFO - Loading PJM_zone_1_ from PJM_zone_1_.csv
2026-06-20 15:17:31,761 - INFO -   rows=50000, features=11
2026-06-20 15:17:31,761 - INFO - Loading PJM_zone_2_ from PJM_zone_2_.csv
2026-06-20 15:17:31,849 - INFO -   rows=50000, features=11
2026-06-20 15:17:31,849 - INFO - Loading PJM_zone_3_ from PJM_zone_3_.csv
2026-06-20 15:17:31,936 - INFO -   rows=50000, features=11
2026-06-20 15:17:31,936 - INFO - Loading PJM_zone_4_ from PJM_zone_4_.csv
2026-06-20 15:17:32,023 - INFO -   rows=50000, features=11
2026-06-20 15:17:32,023 - INFO - Loading PJM_zone_5_ from PJM_zone_5_.csv
2026-06-20 15:17:32,109 - INFO -   rows=50000, features=11
2026-06-20 15:17:32,109 - INFO - Loading PJM_zone_6_ from PJM_zone_6_.csv
2026-06-20 15:17:32,195 - INFO -   rows=50000, features=11
2026-06-20 15:17:32,195 - INFO - Loading PJM_zone_7_ from PJM_zone_7_.csv
2026-06-20 15:17:32,283 - INFO -   rows=50000, features=11
2026-06-20 15:17:32,283 - INFO - Loading PJM_zone_8_ from PJM_zone_8_.csv
2026-06-20 15:17:32,372 - INFO -   rows=50000, features=11
2026-06-20 15:17:32,372 - INFO - Loading PJM_zone_9_ from PJM_zone_9_.csv
2026-06-20 15:17:32,468 - INFO -   rows=50000, features=11
2026-06-20 15:17:32,468 - INFO - Loading PJM_zone_10_ from PJM_zone_10_.csv
2026-06-20 15:17:32,555 - INFO -   rows=50000, features=11
2026-06-20 15:17:33,623 - INFO - Generating GORS labels...
2026-06-20 15:17:33,638 - INFO - GORS distribution: train μ=0.498 σ=0.241 | val μ=0.488 σ=0.237
2026-06-20 15:17:33,705 - INFO - Model: 1.0M params
2026-06-20 15:17:33,705 - INFO - Symbolic: True | Physics: False | Feedback: True | Arch: single-LIF | Spike: True
2026-06-20 15:17:35,085 - INFO - Starting training: 50 epochs, 381 batches/epoch
2026-06-20 15:17:35,639 - INFO -   batch   1/381 | loss=0.0869 mse=0.0750 sym=0.0118 phy=0.0000 | 0.6s
2026-06-20 15:17:36,332 - INFO -   batch  10/381 | loss=0.0818 mse=0.0696 sym=0.0119 phy=0.0000 | 1.2s
2026-06-20 15:17:36,927 - INFO -   batch  20/381 | loss=0.0812 mse=0.0687 sym=0.0120 phy=0.0000 | 1.8s
2026-06-20 15:17:37,537 - INFO -   batch  30/381 | loss=0.0734 mse=0.0606 sym=0.0122 phy=0.0000 | 2.5s
2026-06-20 15:17:38,295 - INFO -   batch  40/381 | loss=0.0716 mse=0.0594 sym=0.0121 phy=0.0000 | 3.2s
2026-06-20 15:17:38,903 - INFO -   batch  50/381 | loss=0.0846 mse=0.0708 sym=0.0122 phy=0.0000 | 3.8s
2026-06-20 15:17:39,505 - INFO -   batch  60/381 | loss=0.0709 mse=0.0586 sym=0.0123 phy=0.0000 | 4.4s
2026-06-20 15:17:40,254 - INFO -   batch  70/381 | loss=0.0506 mse=0.0372 sym=0.0123 phy=0.0000 | 5.2s
2026-06-20 15:17:40,855 - INFO -   batch  80/381 | loss=0.0618 mse=0.0507 sym=0.0124 phy=0.0000 | 5.8s
2026-06-20 15:17:41,491 - INFO -   batch  90/381 | loss=0.0730 mse=0.0605 sym=0.0124 phy=0.0000 | 6.4s
2026-06-20 15:17:42,246 - INFO -   batch 100/381 | loss=0.0716 mse=0.0591 sym=0.0124 phy=0.0000 | 7.2s
2026-06-20 15:17:42,861 - INFO -   batch 110/381 | loss=0.0505 mse=0.0382 sym=0.0124 phy=0.0000 | 7.8s
2026-06-20 15:17:43,476 - INFO -   batch 120/381 | loss=0.0930 mse=0.0802 sym=0.0124 phy=0.0000 | 8.4s
2026-06-20 15:17:44,195 - INFO -   batch 130/381 | loss=0.0715 mse=0.0575 sym=0.0124 phy=0.0000 | 9.1s
2026-06-20 15:17:44,805 - INFO -   batch 140/381 | loss=0.0517 mse=0.0400 sym=0.0124 phy=0.0000 | 9.7s
2026-06-20 15:17:45,419 - INFO -   batch 150/381 | loss=0.0544 mse=0.0434 sym=0.0124 phy=0.0000 | 10.3s
2026-06-20 15:17:46,144 - INFO -   batch 160/381 | loss=0.0726 mse=0.0609 sym=0.0123 phy=0.0000 | 11.1s
2026-06-20 15:17:46,729 - INFO -   batch 170/381 | loss=0.0633 mse=0.0496 sym=0.0123 phy=0.0000 | 11.6s
2026-06-20 15:17:47,402 - INFO -   batch 180/381 | loss=0.0653 mse=0.0533 sym=0.0123 phy=0.0000 | 12.3s
2026-06-20 15:17:48,104 - INFO -   batch 190/381 | loss=0.1023 mse=0.0900 sym=0.0123 phy=0.0000 | 13.0s
2026-06-20 15:17:48,693 - INFO -   batch 200/381 | loss=0.0802 mse=0.0671 sym=0.0123 phy=0.0000 | 13.6s
2026-06-20 15:17:49,368 - INFO -   batch 210/381 | loss=0.0705 mse=0.0579 sym=0.0123 phy=0.0000 | 14.3s
2026-06-20 15:17:50,029 - INFO -   batch 220/381 | loss=0.0716 mse=0.0595 sym=0.0123 phy=0.0000 | 14.9s
2026-06-20 15:17:50,625 - INFO -   batch 230/381 | loss=0.0680 mse=0.0568 sym=0.0123 phy=0.0000 | 15.5s
2026-06-20 15:17:51,311 - INFO -   batch 240/381 | loss=0.0705 mse=0.0580 sym=0.0123 phy=0.0000 | 16.2s
2026-06-20 15:17:52,002 - INFO -   batch 250/381 | loss=0.0689 mse=0.0557 sym=0.0123 phy=0.0000 | 16.9s
2026-06-20 15:17:52,598 - INFO -   batch 260/381 | loss=0.0741 mse=0.0615 sym=0.0123 phy=0.0000 | 17.5s
2026-06-20 15:17:53,300 - INFO -   batch 270/381 | loss=0.0648 mse=0.0511 sym=0.0123 phy=0.0000 | 18.2s
2026-06-20 15:17:53,964 - INFO -   batch 280/381 | loss=0.0648 mse=0.0522 sym=0.0123 phy=0.0000 | 18.9s
2026-06-20 15:17:54,555 - INFO -   batch 290/381 | loss=0.0838 mse=0.0716 sym=0.0123 phy=0.0000 | 19.5s
2026-06-20 15:17:55,256 - INFO -   batch 300/381 | loss=0.0779 mse=0.0670 sym=0.0123 phy=0.0000 | 20.2s
2026-06-20 15:17:55,913 - INFO -   batch 310/381 | loss=0.0901 mse=0.0768 sym=0.0123 phy=0.0000 | 20.8s
2026-06-20 15:17:56,521 - INFO -   batch 320/381 | loss=0.0583 mse=0.0460 sym=0.0123 phy=0.0000 | 21.4s
2026-06-20 15:17:57,251 - INFO -   batch 330/381 | loss=0.0428 mse=0.0313 sym=0.0123 phy=0.0000 | 22.2s
2026-06-20 15:17:57,976 - INFO -   batch 340/381 | loss=0.0517 mse=0.0400 sym=0.0122 phy=0.0000 | 22.9s
2026-06-20 15:17:58,573 - INFO -   batch 350/381 | loss=0.0636 mse=0.0519 sym=0.0122 phy=0.0000 | 23.5s
2026-06-20 15:17:59,246 - INFO -   batch 360/381 | loss=0.0626 mse=0.0507 sym=0.0122 phy=0.0000 | 24.2s
2026-06-20 15:17:59,937 - INFO -   batch 370/381 | loss=0.0525 mse=0.0410 sym=0.0122 phy=0.0000 | 24.9s
2026-06-20 15:18:00,494 - INFO -   batch 380/381 | loss=0.0621 mse=0.0490 sym=0.0123 phy=0.0000 | 25.4s
2026-06-20 15:18:02,139 - INFO - Epoch   1/50 | Loss=0.0686 MSE=0.0564 Sym=0.0123 Phy=0.0000 | Val RMSE=0.2245 ρ=0.192 | 27s
2026-06-20 15:18:02,293 - INFO -   batch   1/381 | loss=0.0628 mse=0.0518 sym=0.0110 phy=0.0000 | 0.2s
2026-06-20 15:18:02,977 - INFO -   batch  10/381 | loss=0.0618 mse=0.0501 sym=0.0113 phy=0.0000 | 0.8s
2026-06-20 15:18:03,632 - INFO -   batch  20/381 | loss=0.0510 mse=0.0384 sym=0.0116 phy=0.0000 | 1.5s
2026-06-20 15:18:04,307 - INFO -   batch  30/381 | loss=0.0851 mse=0.0719 sym=0.0118 phy=0.0000 | 2.2s
2026-06-20 15:18:05,084 - INFO -   batch  40/381 | loss=0.0645 mse=0.0536 sym=0.0119 phy=0.0000 | 2.9s
2026-06-20 15:18:05,758 - INFO -   batch  50/381 | loss=0.0616 mse=0.0490 sym=0.0119 phy=0.0000 | 3.6s
2026-06-20 15:18:06,384 - INFO -   batch  60/381 | loss=0.0686 mse=0.0575 sym=0.0118 phy=0.0000 | 4.2s
2026-06-20 15:18:07,143 - INFO -   batch  70/381 | loss=0.0649 mse=0.0532 sym=0.0118 phy=0.0000 | 5.0s
2026-06-20 15:18:07,810 - INFO -   batch  80/381 | loss=0.0715 mse=0.0604 sym=0.0118 phy=0.0000 | 5.7s
2026-06-20 15:18:08,458 - INFO -   batch  90/381 | loss=0.0698 mse=0.0578 sym=0.0118 phy=0.0000 | 6.3s
2026-06-20 15:18:09,363 - INFO -   batch 100/381 | loss=0.0672 mse=0.0561 sym=0.0117 phy=0.0000 | 7.2s
2026-06-20 15:18:10,124 - INFO -   batch 110/381 | loss=0.0555 mse=0.0426 sym=0.0117 phy=0.0000 | 8.0s
2026-06-20 15:18:10,776 - INFO -   batch 120/381 | loss=0.0520 mse=0.0406 sym=0.0118 phy=0.0000 | 8.6s
2026-06-20 15:18:11,431 - INFO -   batch 130/381 | loss=0.0671 mse=0.0550 sym=0.0118 phy=0.0000 | 9.3s
2026-06-20 15:18:12,156 - INFO -   batch 140/381 | loss=0.0542 mse=0.0411 sym=0.0118 phy=0.0000 | 10.0s
2026-06-20 15:18:12,872 - INFO -   batch 150/381 | loss=0.0698 mse=0.0570 sym=0.0118 phy=0.0000 | 10.7s
2026-06-20 15:18:13,505 - INFO -   batch 160/381 | loss=0.0746 mse=0.0615 sym=0.0119 phy=0.0000 | 11.4s
2026-06-20 15:18:14,188 - INFO -   batch 170/381 | loss=0.0577 mse=0.0459 sym=0.0119 phy=0.0000 | 12.0s
2026-06-20 15:18:14,945 - INFO -   batch 180/381 | loss=0.0777 mse=0.0661 sym=0.0119 phy=0.0000 | 12.8s
2026-06-20 15:18:15,598 - INFO -   batch 190/381 | loss=0.0761 mse=0.0624 sym=0.0119 phy=0.0000 | 13.5s
2026-06-20 15:18:16,224 - INFO -   batch 200/381 | loss=0.0617 mse=0.0494 sym=0.0119 phy=0.0000 | 14.1s
2026-06-20 15:18:16,984 - INFO -   batch 210/381 | loss=0.0588 mse=0.0474 sym=0.0119 phy=0.0000 | 14.8s
2026-06-20 15:18:17,639 - INFO -   batch 220/381 | loss=0.0704 mse=0.0588 sym=0.0119 phy=0.0000 | 15.5s
2026-06-20 15:18:18,289 - INFO -   batch 230/381 | loss=0.0549 mse=0.0434 sym=0.0119 phy=0.0000 | 16.1s
2026-06-20 15:18:19,047 - INFO -   batch 240/381 | loss=0.0654 mse=0.0532 sym=0.0119 phy=0.0000 | 16.9s
2026-06-20 15:18:19,710 - INFO -   batch 250/381 | loss=0.0595 mse=0.0476 sym=0.0119 phy=0.0000 | 17.6s
2026-06-20 15:18:20,365 - INFO -   batch 260/381 | loss=0.0530 mse=0.0413 sym=0.0119 phy=0.0000 | 18.2s
2026-06-20 15:18:21,124 - INFO -   batch 270/381 | loss=0.0553 mse=0.0429 sym=0.0119 phy=0.0000 | 19.0s
2026-06-20 15:18:21,863 - INFO -   batch 280/381 | loss=0.0760 mse=0.0638 sym=0.0119 phy=0.0000 | 19.7s
2026-06-20 15:18:22,509 - INFO -   batch 290/381 | loss=0.0617 mse=0.0498 sym=0.0119 phy=0.0000 | 20.4s
2026-06-20 15:18:23,169 - INFO -   batch 300/381 | loss=0.0577 mse=0.0450 sym=0.0119 phy=0.0000 | 21.0s
2026-06-20 15:18:23,940 - INFO -   batch 310/381 | loss=0.0721 mse=0.0584 sym=0.0119 phy=0.0000 | 21.8s
2026-06-20 15:18:24,582 - INFO -   batch 320/381 | loss=0.0700 mse=0.0586 sym=0.0119 phy=0.0000 | 22.4s
2026-06-20 15:18:25,209 - INFO -   batch 330/381 | loss=0.0833 mse=0.0707 sym=0.0119 phy=0.0000 | 23.1s
2026-06-20 15:18:26,000 - INFO -   batch 340/381 | loss=0.0503 mse=0.0381 sym=0.0119 phy=0.0000 | 23.9s
2026-06-20 15:18:26,660 - INFO -   batch 350/381 | loss=0.0557 mse=0.0435 sym=0.0119 phy=0.0000 | 24.5s
2026-06-20 15:18:27,313 - INFO -   batch 360/381 | loss=0.0734 mse=0.0604 sym=0.0119 phy=0.0000 | 25.2s
2026-06-20 15:18:28,063 - INFO -   batch 370/381 | loss=0.0673 mse=0.0547 sym=0.0119 phy=0.0000 | 25.9s
2026-06-20 15:18:28,755 - INFO -   batch 380/381 | loss=0.0717 mse=0.0604 sym=0.0119 phy=0.0000 | 26.6s
2026-06-20 15:18:30,136 - INFO -   batch   1/381 | loss=0.0684 mse=0.0559 sym=0.0125 phy=0.0000 | 0.1s
2026-06-20 15:18:30,831 - INFO -   batch  10/381 | loss=0.0705 mse=0.0579 sym=0.0121 phy=0.0000 | 0.8s
2026-06-20 15:18:31,486 - INFO -   batch  20/381 | loss=0.0618 mse=0.0507 sym=0.0116 phy=0.0000 | 1.5s
2026-06-20 15:18:32,142 - INFO -   batch  30/381 | loss=0.0733 mse=0.0608 sym=0.0117 phy=0.0000 | 2.1s
2026-06-20 15:18:32,933 - INFO -   batch  40/381 | loss=0.0748 mse=0.0637 sym=0.0119 phy=0.0000 | 2.9s
2026-06-20 15:18:33,597 - INFO -   batch  50/381 | loss=0.0468 mse=0.0344 sym=0.0119 phy=0.0000 | 3.6s
2026-06-20 15:18:34,220 - INFO -   batch  60/381 | loss=0.0636 mse=0.0528 sym=0.0119 phy=0.0000 | 4.2s
2026-06-20 15:18:34,986 - INFO -   batch  70/381 | loss=0.0521 mse=0.0401 sym=0.0119 phy=0.0000 | 5.0s
2026-06-20 15:18:35,669 - INFO -   batch  80/381 | loss=0.0742 mse=0.0629 sym=0.0119 phy=0.0000 | 5.7s
2026-06-20 15:18:36,285 - INFO -   batch  90/381 | loss=0.0748 mse=0.0636 sym=0.0119 phy=0.0000 | 6.3s
2026-06-20 15:18:37,023 - INFO -   batch 100/381 | loss=0.0621 mse=0.0509 sym=0.0119 phy=0.0000 | 7.0s
2026-06-20 15:18:37,721 - INFO -   batch 110/381 | loss=0.0649 mse=0.0542 sym=0.0119 phy=0.0000 | 7.7s
2026-06-20 15:18:38,411 - INFO -   batch 120/381 | loss=0.0477 mse=0.0370 sym=0.0119 phy=0.0000 | 8.4s
2026-06-20 15:18:39,073 - INFO -   batch 130/381 | loss=0.0534 mse=0.0413 sym=0.0119 phy=0.0000 | 9.1s
2026-06-20 15:18:39,812 - INFO -   batch 140/381 | loss=0.0729 mse=0.0591 sym=0.0118 phy=0.0000 | 9.8s
2026-06-20 15:18:40,467 - INFO -   batch 150/381 | loss=0.0759 mse=0.0637 sym=0.0118 phy=0.0000 | 10.5s
2026-06-20 15:18:41,131 - INFO -   batch 160/381 | loss=0.0446 mse=0.0327 sym=0.0118 phy=0.0000 | 11.1s
2026-06-20 15:18:41,920 - INFO -   batch 170/381 | loss=0.0510 mse=0.0376 sym=0.0118 phy=0.0000 | 11.9s
2026-06-20 15:18:42,582 - INFO -   batch 180/381 | loss=0.0553 mse=0.0449 sym=0.0118 phy=0.0000 | 12.6s
2026-06-20 15:18:43,182 - INFO -   batch 190/381 | loss=0.0685 mse=0.0563 sym=0.0118 phy=0.0000 | 13.2s
2026-06-20 15:18:43,949 - INFO -   batch 200/381 | loss=0.0749 mse=0.0634 sym=0.0119 phy=0.0000 | 14.0s
2026-06-20 15:18:44,645 - INFO -   batch 210/381 | loss=0.0568 mse=0.0453 sym=0.0119 phy=0.0000 | 14.7s
2026-06-20 15:18:45,306 - INFO -   batch 220/381 | loss=0.0560 mse=0.0461 sym=0.0119 phy=0.0000 | 15.3s
2026-06-20 15:18:46,006 - INFO -   batch 230/381 | loss=0.0618 mse=0.0483 sym=0.0119 phy=0.0000 | 16.0s
2026-06-20 15:18:46,730 - INFO -   batch 240/381 | loss=0.0502 mse=0.0387 sym=0.0119 phy=0.0000 | 16.7s
2026-06-20 15:18:47,385 - INFO -   batch 250/381 | loss=0.0662 mse=0.0537 sym=0.0119 phy=0.0000 | 17.4s
2026-06-20 15:18:48,050 - INFO -   batch 260/381 | loss=0.0791 mse=0.0667 sym=0.0119 phy=0.0000 | 18.1s
2026-06-20 15:18:48,814 - INFO -   batch 270/381 | loss=0.0893 mse=0.0767 sym=0.0118 phy=0.0000 | 18.8s
2026-06-20 15:18:49,463 - INFO -   batch 280/381 | loss=0.0433 mse=0.0332 sym=0.0118 phy=0.0000 | 19.5s
2026-06-20 15:18:50,115 - INFO -   batch 290/381 | loss=0.0684 mse=0.0571 sym=0.0118 phy=0.0000 | 20.1s
2026-06-20 15:18:50,873 - INFO -   batch 300/381 | loss=0.0636 mse=0.0523 sym=0.0118 phy=0.0000 | 20.9s
2026-06-20 15:18:51,524 - INFO -   batch 310/381 | loss=0.0707 mse=0.0596 sym=0.0118 phy=0.0000 | 21.5s
2026-06-20 15:18:52,153 - INFO -   batch 320/381 | loss=0.0749 mse=0.0630 sym=0.0118 phy=0.0000 | 22.2s
2026-06-20 15:18:52,914 - INFO -   batch 330/381 | loss=0.0609 mse=0.0488 sym=0.0118 phy=0.0000 | 22.9s
2026-06-20 15:18:53,610 - INFO -   batch 340/381 | loss=0.0588 mse=0.0474 sym=0.0118 phy=0.0000 | 23.6s
2026-06-20 15:18:54,262 - INFO -   batch 350/381 | loss=0.0622 mse=0.0499 sym=0.0118 phy=0.0000 | 24.3s
2026-06-20 15:18:54,952 - INFO -   batch 360/381 | loss=0.0543 mse=0.0428 sym=0.0118 phy=0.0000 | 25.0s
2026-06-20 15:18:55,676 - INFO -   batch 370/381 | loss=0.0582 mse=0.0482 sym=0.0118 phy=0.0000 | 25.7s
2026-06-20 15:18:56,330 - INFO -   batch 380/381 | loss=0.0510 mse=0.0398 sym=0.0118 phy=0.0000 | 26.3s
2026-06-20 15:18:57,651 - INFO -   batch   1/381 | loss=0.0566 mse=0.0441 sym=0.0125 phy=0.0000 | 0.2s
2026-06-20 15:18:58,330 - INFO -   batch  10/381 | loss=0.0741 mse=0.0618 sym=0.0121 phy=0.0000 | 0.8s
2026-06-20 15:18:58,976 - INFO -   batch  20/381 | loss=0.0605 mse=0.0484 sym=0.0120 phy=0.0000 | 1.5s
2026-06-20 15:18:59,764 - INFO -   batch  30/381 | loss=0.0777 mse=0.0666 sym=0.0119 phy=0.0000 | 2.3s
2026-06-20 15:19:00,424 - INFO -   batch  40/381 | loss=0.0736 mse=0.0633 sym=0.0119 phy=0.0000 | 2.9s
2026-06-20 15:19:01,053 - INFO -   batch  50/381 | loss=0.0730 mse=0.0610 sym=0.0118 phy=0.0000 | 3.6s
2026-06-20 15:19:01,815 - INFO -   batch  60/381 | loss=0.0667 mse=0.0549 sym=0.0118 phy=0.0000 | 4.3s
2026-06-20 15:19:02,513 - INFO -   batch  70/381 | loss=0.0639 mse=0.0515 sym=0.0118 phy=0.0000 | 5.0s
2026-06-20 15:19:03,161 - INFO -   batch  80/381 | loss=0.0672 mse=0.0555 sym=0.0119 phy=0.0000 | 5.7s
2026-06-20 15:19:03,845 - INFO -   batch  90/381 | loss=0.0548 mse=0.0428 sym=0.0119 phy=0.0000 | 6.4s
2026-06-20 15:19:04,569 - INFO -   batch 100/381 | loss=0.0702 mse=0.0565 sym=0.0120 phy=0.0000 | 7.1s
2026-06-20 15:19:05,229 - INFO -   batch 110/381 | loss=0.0642 mse=0.0527 sym=0.0119 phy=0.0000 | 7.7s
2026-06-20 15:19:05,888 - INFO -   batch 120/381 | loss=0.0774 mse=0.0660 sym=0.0119 phy=0.0000 | 8.4s
2026-06-20 15:19:06,656 - INFO -   batch 130/381 | loss=0.0471 mse=0.0351 sym=0.0119 phy=0.0000 | 9.2s
2026-06-20 15:19:07,301 - INFO -   batch 140/381 | loss=0.0658 mse=0.0542 sym=0.0119 phy=0.0000 | 9.8s
2026-06-20 15:19:07,963 - INFO -   batch 150/381 | loss=0.0725 mse=0.0607 sym=0.0119 phy=0.0000 | 10.5s
2026-06-20 15:19:08,713 - INFO -   batch 160/381 | loss=0.0713 mse=0.0594 sym=0.0119 phy=0.0000 | 11.2s
2026-06-20 15:19:09,405 - INFO -   batch 170/381 | loss=0.0611 mse=0.0495 sym=0.0119 phy=0.0000 | 11.9s
2026-06-20 15:19:10,035 - INFO -   batch 180/381 | loss=0.0552 mse=0.0418 sym=0.0119 phy=0.0000 | 12.5s
2026-06-20 15:19:10,739 - INFO -   batch 190/381 | loss=0.0737 mse=0.0619 sym=0.0119 phy=0.0000 | 13.2s
2026-06-20 15:19:11,465 - INFO -   batch 200/381 | loss=0.0563 mse=0.0449 sym=0.0119 phy=0.0000 | 14.0s
2026-06-20 15:19:12,127 - INFO -   batch 210/381 | loss=0.0629 mse=0.0509 sym=0.0119 phy=0.0000 | 14.6s
2026-06-20 15:19:12,787 - INFO -   batch 220/381 | loss=0.0572 mse=0.0450 sym=0.0118 phy=0.0000 | 15.3s
2026-06-20 15:19:13,550 - INFO -   batch 230/381 | loss=0.0615 mse=0.0494 sym=0.0118 phy=0.0000 | 16.1s
2026-06-20 15:19:14,207 - INFO -   batch 240/381 | loss=0.0680 mse=0.0551 sym=0.0118 phy=0.0000 | 16.7s
2026-06-20 15:19:14,866 - INFO -   batch 250/381 | loss=0.0627 mse=0.0522 sym=0.0118 phy=0.0000 | 17.4s
2026-06-20 15:19:15,624 - INFO -   batch 260/381 | loss=0.0536 mse=0.0412 sym=0.0118 phy=0.0000 | 18.1s
2026-06-20 15:19:16,280 - INFO -   batch 270/381 | loss=0.0747 mse=0.0620 sym=0.0118 phy=0.0000 | 18.8s
2026-06-20 15:19:16,947 - INFO -   batch 280/381 | loss=0.0598 mse=0.0482 sym=0.0118 phy=0.0000 | 19.5s
2026-06-20 15:19:17,676 - INFO -   batch 290/381 | loss=0.0488 mse=0.0372 sym=0.0118 phy=0.0000 | 20.2s
2026-06-20 15:19:18,398 - INFO -   batch 300/381 | loss=0.0574 mse=0.0448 sym=0.0118 phy=0.0000 | 20.9s
2026-06-20 15:19:19,025 - INFO -   batch 310/381 | loss=0.0665 mse=0.0542 sym=0.0118 phy=0.0000 | 21.5s
2026-06-20 15:19:19,724 - INFO -   batch 320/381 | loss=0.0637 mse=0.0506 sym=0.0118 phy=0.0000 | 22.2s
2026-06-20 15:19:20,487 - INFO -   batch 330/381 | loss=0.0720 mse=0.0586 sym=0.0118 phy=0.0000 | 23.0s
2026-06-20 15:19:21,138 - INFO -   batch 340/381 | loss=0.0863 mse=0.0742 sym=0.0118 phy=0.0000 | 23.6s
2026-06-20 15:19:21,813 - INFO -   batch 350/381 | loss=0.0587 mse=0.0452 sym=0.0118 phy=0.0000 | 24.3s
2026-06-20 15:19:22,557 - INFO -   batch 360/381 | loss=0.0566 mse=0.0437 sym=0.0118 phy=0.0000 | 25.1s
2026-06-20 15:19:23,210 - INFO -   batch 370/381 | loss=0.0507 mse=0.0397 sym=0.0118 phy=0.0000 | 25.7s
2026-06-20 15:19:23,823 - INFO -   batch 380/381 | loss=0.0779 mse=0.0652 sym=0.0118 phy=0.0000 | 26.3s
2026-06-20 15:19:25,132 - INFO -   batch   1/381 | loss=0.0504 mse=0.0389 sym=0.0115 phy=0.0000 | 0.2s
2026-06-20 15:19:25,705 - INFO -   batch  10/381 | loss=0.0667 mse=0.0555 sym=0.0117 phy=0.0000 | 0.7s
2026-06-20 15:19:26,494 - INFO -   batch  20/381 | loss=0.0564 mse=0.0433 sym=0.0118 phy=0.0000 | 1.5s
2026-06-20 15:19:27,141 - INFO -   batch  30/381 | loss=0.0592 mse=0.0461 sym=0.0120 phy=0.0000 | 2.2s
2026-06-20 15:19:27,806 - INFO -   batch  40/381 | loss=0.0429 mse=0.0322 sym=0.0121 phy=0.0000 | 2.8s
2026-06-20 15:19:28,561 - INFO -   batch  50/381 | loss=0.0785 mse=0.0649 sym=0.0120 phy=0.0000 | 3.6s
2026-06-20 15:19:29,252 - INFO -   batch  60/381 | loss=0.0816 mse=0.0693 sym=0.0120 phy=0.0000 | 4.3s
2026-06-20 15:19:29,912 - INFO -   batch  70/381 | loss=0.0581 mse=0.0459 sym=0.0120 phy=0.0000 | 4.9s
2026-06-20 15:19:30,597 - INFO -   batch  80/381 | loss=0.0809 mse=0.0698 sym=0.0120 phy=0.0000 | 5.6s
2026-06-20 15:19:31,325 - INFO -   batch  90/381 | loss=0.0618 mse=0.0493 sym=0.0119 phy=0.0000 | 6.3s
2026-06-20 15:19:31,977 - INFO -   batch 100/381 | loss=0.0725 mse=0.0609 sym=0.0119 phy=0.0000 | 7.0s
2026-06-20 15:19:32,627 - INFO -   batch 110/381 | loss=0.0649 mse=0.0514 sym=0.0120 phy=0.0000 | 7.6s
2026-06-20 15:19:33,393 - INFO -   batch 120/381 | loss=0.0634 mse=0.0511 sym=0.0119 phy=0.0000 | 8.4s
2026-06-20 15:19:34,046 - INFO -   batch 130/381 | loss=0.0634 mse=0.0530 sym=0.0119 phy=0.0000 | 9.1s
2026-06-20 15:19:34,694 - INFO -   batch 140/381 | loss=0.0619 mse=0.0499 sym=0.0119 phy=0.0000 | 9.7s
2026-06-20 15:19:35,441 - INFO -   batch 150/381 | loss=0.0544 mse=0.0442 sym=0.0119 phy=0.0000 | 10.5s
2026-06-20 15:19:36,092 - INFO -   batch 160/381 | loss=0.0730 mse=0.0621 sym=0.0118 phy=0.0000 | 11.1s
2026-06-20 15:19:36,717 - INFO -   batch 170/381 | loss=0.0551 mse=0.0429 sym=0.0118 phy=0.0000 | 11.7s
2026-06-20 15:19:37,484 - INFO -   batch 180/381 | loss=0.0682 mse=0.0566 sym=0.0118 phy=0.0000 | 12.5s
2026-06-20 15:19:38,175 - INFO -   batch 190/381 | loss=0.0613 mse=0.0510 sym=0.0118 phy=0.0000 | 13.2s
2026-06-20 15:19:38,823 - INFO -   batch 200/381 | loss=0.0564 mse=0.0441 sym=0.0118 phy=0.0000 | 13.8s
2026-06-20 15:19:39,503 - INFO -   batch 210/381 | loss=0.0506 mse=0.0381 sym=0.0118 phy=0.0000 | 14.5s
2026-06-20 15:19:40,234 - INFO -   batch 220/381 | loss=0.0728 mse=0.0618 sym=0.0118 phy=0.0000 | 15.3s
2026-06-20 15:19:40,884 - INFO -   batch 230/381 | loss=0.0751 mse=0.0639 sym=0.0118 phy=0.0000 | 15.9s
2026-06-20 15:19:41,528 - INFO -   batch 240/381 | loss=0.0647 mse=0.0515 sym=0.0118 phy=0.0000 | 16.5s
2026-06-20 15:19:42,291 - INFO -   batch 250/381 | loss=0.0557 mse=0.0437 sym=0.0118 phy=0.0000 | 17.3s
2026-06-20 15:19:42,943 - INFO -   batch 260/381 | loss=0.0533 mse=0.0416 sym=0.0118 phy=0.0000 | 18.0s
2026-06-20 15:19:43,585 - INFO -   batch 270/381 | loss=0.0728 mse=0.0613 sym=0.0118 phy=0.0000 | 18.6s
2026-06-20 15:19:44,332 - INFO -   batch 280/381 | loss=0.0700 mse=0.0589 sym=0.0118 phy=0.0000 | 19.4s
2026-06-20 15:19:44,985 - INFO -   batch 290/381 | loss=0.0640 mse=0.0519 sym=0.0118 phy=0.0000 | 20.0s
2026-06-20 15:19:45,598 - INFO -   batch 300/381 | loss=0.0637 mse=0.0514 sym=0.0118 phy=0.0000 | 20.6s
2026-06-20 15:19:46,362 - INFO -   batch 310/381 | loss=0.0467 mse=0.0341 sym=0.0118 phy=0.0000 | 21.4s
2026-06-20 15:19:47,046 - INFO -   batch 320/381 | loss=0.0546 mse=0.0424 sym=0.0118 phy=0.0000 | 22.1s
2026-06-20 15:19:47,725 - INFO -   batch 330/381 | loss=0.0736 mse=0.0618 sym=0.0118 phy=0.0000 | 22.7s
2026-06-20 15:19:48,415 - INFO -   batch 340/381 | loss=0.0539 mse=0.0404 sym=0.0118 phy=0.0000 | 23.4s
2026-06-20 15:19:49,144 - INFO -   batch 350/381 | loss=0.0735 mse=0.0616 sym=0.0119 phy=0.0000 | 24.2s
2026-06-20 15:19:49,795 - INFO -   batch 360/381 | loss=0.0543 mse=0.0439 sym=0.0118 phy=0.0000 | 24.8s
2026-06-20 15:19:50,443 - INFO -   batch 370/381 | loss=0.0669 mse=0.0564 sym=0.0118 phy=0.0000 | 25.5s
2026-06-20 15:19:51,215 - INFO -   batch 380/381 | loss=0.0692 mse=0.0571 sym=0.0118 phy=0.0000 | 26.2s
2026-06-20 15:19:52,414 - INFO - Epoch   5/50 | Loss=0.0626 MSE=0.0507 Sym=0.0118 Phy=0.0000 | Val RMSE=0.2206 ρ=0.220 | 27s
2026-06-20 15:19:52,575 - INFO -   batch   1/381 | loss=0.0509 mse=0.0385 sym=0.0123 phy=0.0000 | 0.2s
2026-06-20 15:19:53,296 - INFO -   batch  10/381 | loss=0.0552 mse=0.0424 sym=0.0119 phy=0.0000 | 0.9s
2026-06-20 15:19:53,986 - INFO -   batch  20/381 | loss=0.0767 mse=0.0667 sym=0.0116 phy=0.0000 | 1.6s
2026-06-20 15:19:54,620 - INFO -   batch  30/381 | loss=0.0681 mse=0.0556 sym=0.0115 phy=0.0000 | 2.2s
2026-06-20 15:19:55,340 - INFO -   batch  40/381 | loss=0.0793 mse=0.0656 sym=0.0117 phy=0.0000 | 2.9s
2026-06-20 15:19:56,065 - INFO -   batch  50/381 | loss=0.0569 mse=0.0461 sym=0.0117 phy=0.0000 | 3.7s
2026-06-20 15:19:56,709 - INFO -   batch  60/381 | loss=0.0686 mse=0.0560 sym=0.0118 phy=0.0000 | 4.3s
2026-06-20 15:19:57,390 - INFO -   batch  70/381 | loss=0.0641 mse=0.0535 sym=0.0118 phy=0.0000 | 5.0s
2026-06-20 15:19:58,159 - INFO -   batch  80/381 | loss=0.0794 mse=0.0678 sym=0.0118 phy=0.0000 | 5.7s
2026-06-20 15:19:58,817 - INFO -   batch  90/381 | loss=0.0579 mse=0.0457 sym=0.0119 phy=0.0000 | 6.4s
2026-06-20 15:19:59,467 - INFO -   batch 100/381 | loss=0.0513 mse=0.0403 sym=0.0119 phy=0.0000 | 7.1s
2026-06-20 15:20:00,222 - INFO -   batch 110/381 | loss=0.0667 mse=0.0560 sym=0.0119 phy=0.0000 | 7.8s
2026-06-20 15:20:00,879 - INFO -   batch 120/381 | loss=0.0578 mse=0.0462 sym=0.0118 phy=0.0000 | 8.5s
2026-06-20 15:20:01,537 - INFO -   batch 130/381 | loss=0.0648 mse=0.0518 sym=0.0118 phy=0.0000 | 9.1s
2026-06-20 15:20:02,256 - INFO -   batch 140/381 | loss=0.0616 mse=0.0505 sym=0.0118 phy=0.0000 | 9.8s
2026-06-20 15:20:02,978 - INFO -   batch 150/381 | loss=0.0469 mse=0.0349 sym=0.0117 phy=0.0000 | 10.6s
2026-06-20 15:20:03,564 - INFO -   batch 160/381 | loss=0.0696 mse=0.0573 sym=0.0118 phy=0.0000 | 11.1s
2026-06-20 15:20:04,288 - INFO -   batch 170/381 | loss=0.0598 mse=0.0471 sym=0.0118 phy=0.0000 | 11.9s
2026-06-20 15:20:05,173 - INFO -   batch 180/381 | loss=0.0574 mse=0.0460 sym=0.0118 phy=0.0000 | 12.8s
2026-06-20 15:20:05,839 - INFO -   batch 190/381 | loss=0.0699 mse=0.0593 sym=0.0118 phy=0.0000 | 13.4s
2026-06-20 15:20:06,469 - INFO -   batch 200/381 | loss=0.0669 mse=0.0561 sym=0.0118 phy=0.0000 | 14.1s
2026-06-20 15:20:07,232 - INFO -   batch 210/381 | loss=0.0555 mse=0.0433 sym=0.0118 phy=0.0000 | 14.8s
2026-06-20 15:20:07,922 - INFO -   batch 220/381 | loss=0.0608 mse=0.0473 sym=0.0118 phy=0.0000 | 15.5s
2026-06-20 15:20:08,581 - INFO -   batch 230/381 | loss=0.0588 mse=0.0469 sym=0.0118 phy=0.0000 | 16.2s
2026-06-20 15:20:09,270 - INFO -   batch 240/381 | loss=0.0701 mse=0.0577 sym=0.0118 phy=0.0000 | 16.9s
2026-06-20 15:20:09,995 - INFO -   batch 250/381 | loss=0.0692 mse=0.0567 sym=0.0118 phy=0.0000 | 17.6s
2026-06-20 15:20:10,646 - INFO -   batch 260/381 | loss=0.0792 mse=0.0676 sym=0.0118 phy=0.0000 | 18.2s
2026-06-20 15:20:11,305 - INFO -   batch 270/381 | loss=0.0533 mse=0.0414 sym=0.0118 phy=0.0000 | 18.9s
2026-06-20 15:20:12,069 - INFO -   batch 280/381 | loss=0.0694 mse=0.0567 sym=0.0118 phy=0.0000 | 19.7s
2026-06-20 15:20:12,724 - INFO -   batch 290/381 | loss=0.0613 mse=0.0492 sym=0.0118 phy=0.0000 | 20.3s
2026-06-20 15:20:13,373 - INFO -   batch 300/381 | loss=0.0585 mse=0.0475 sym=0.0118 phy=0.0000 | 21.0s
2026-06-20 15:20:14,134 - INFO -   batch 310/381 | loss=0.0655 mse=0.0531 sym=0.0119 phy=0.0000 | 21.7s
2026-06-20 15:20:14,827 - INFO -   batch 320/381 | loss=0.0644 mse=0.0521 sym=0.0119 phy=0.0000 | 22.4s
2026-06-20 15:20:15,448 - INFO -   batch 330/381 | loss=0.0644 mse=0.0525 sym=0.0119 phy=0.0000 | 23.0s
2026-06-20 15:20:16,171 - INFO -   batch 340/381 | loss=0.0688 mse=0.0574 sym=0.0119 phy=0.0000 | 23.8s
2026-06-20 15:20:16,866 - INFO -   batch 350/381 | loss=0.0580 mse=0.0467 sym=0.0119 phy=0.0000 | 24.5s
2026-06-20 15:20:17,533 - INFO -   batch 360/381 | loss=0.0625 mse=0.0510 sym=0.0119 phy=0.0000 | 25.1s
2026-06-20 15:20:18,229 - INFO -   batch 370/381 | loss=0.0756 mse=0.0647 sym=0.0119 phy=0.0000 | 25.8s
2026-06-20 15:20:18,953 - INFO -   batch 380/381 | loss=0.0641 mse=0.0515 sym=0.0119 phy=0.0000 | 26.5s
2026-06-20 15:20:20,268 - INFO -   batch   1/381 | loss=0.0457 mse=0.0327 sym=0.0130 phy=0.0000 | 0.1s
2026-06-20 15:20:20,963 - INFO -   batch  10/381 | loss=0.0664 mse=0.0528 sym=0.0124 phy=0.0000 | 0.8s
2026-06-20 15:20:21,614 - INFO -   batch  20/381 | loss=0.0503 mse=0.0385 sym=0.0123 phy=0.0000 | 1.5s
2026-06-20 15:20:22,266 - INFO -   batch  30/381 | loss=0.0475 mse=0.0358 sym=0.0120 phy=0.0000 | 2.1s
2026-06-20 15:20:23,035 - INFO -   batch  40/381 | loss=0.0568 mse=0.0468 sym=0.0118 phy=0.0000 | 2.9s
2026-06-20 15:20:23,683 - INFO -   batch  50/381 | loss=0.0511 mse=0.0381 sym=0.0118 phy=0.0000 | 3.5s
2026-06-20 15:20:24,296 - INFO -   batch  60/381 | loss=0.0570 mse=0.0456 sym=0.0119 phy=0.0000 | 4.1s
2026-06-20 15:20:25,089 - INFO -   batch  70/381 | loss=0.0551 mse=0.0434 sym=0.0119 phy=0.0000 | 4.9s
2026-06-20 15:20:25,747 - INFO -   batch  80/381 | loss=0.0768 mse=0.0647 sym=0.0120 phy=0.0000 | 5.6s
2026-06-20 15:20:26,395 - INFO -   batch  90/381 | loss=0.0656 mse=0.0534 sym=0.0120 phy=0.0000 | 6.2s
2026-06-20 15:20:27,159 - INFO -   batch 100/381 | loss=0.0523 mse=0.0393 sym=0.0120 phy=0.0000 | 7.0s
2026-06-20 15:20:27,852 - INFO -   batch 110/381 | loss=0.0590 mse=0.0461 sym=0.0120 phy=0.0000 | 7.7s
2026-06-20 15:20:28,511 - INFO -   batch 120/381 | loss=0.0476 mse=0.0363 sym=0.0120 phy=0.0000 | 8.4s
2026-06-20 15:20:29,198 - INFO -   batch 130/381 | loss=0.0629 mse=0.0502 sym=0.0120 phy=0.0000 | 9.0s
2026-06-20 15:20:29,954 - INFO -   batch 140/381 | loss=0.0647 mse=0.0509 sym=0.0120 phy=0.0000 | 9.8s
2026-06-20 15:20:30,586 - INFO -   batch 150/381 | loss=0.0615 mse=0.0494 sym=0.0120 phy=0.0000 | 10.4s
2026-06-20 15:20:31,239 - INFO -   batch 160/381 | loss=0.0512 mse=0.0395 sym=0.0120 phy=0.0000 | 11.1s
2026-06-20 15:20:32,028 - INFO -   batch 170/381 | loss=0.0459 mse=0.0339 sym=0.0120 phy=0.0000 | 11.9s
2026-06-20 15:20:32,684 - INFO -   batch 180/381 | loss=0.0634 mse=0.0506 sym=0.0121 phy=0.0000 | 12.5s
2026-06-20 15:20:33,312 - INFO -   batch 190/381 | loss=0.0687 mse=0.0566 sym=0.0121 phy=0.0000 | 13.2s
2026-06-20 15:20:34,071 - INFO -   batch 200/381 | loss=0.0736 mse=0.0610 sym=0.0120 phy=0.0000 | 13.9s
2026-06-20 15:20:34,764 - INFO -   batch 210/381 | loss=0.0567 mse=0.0438 sym=0.0120 phy=0.0000 | 14.6s
2026-06-20 15:20:35,413 - INFO -   batch 220/381 | loss=0.0698 mse=0.0553 sym=0.0120 phy=0.0000 | 15.3s
2026-06-20 15:20:36,107 - INFO -   batch 230/381 | loss=0.0661 mse=0.0547 sym=0.0120 phy=0.0000 | 16.0s
2026-06-20 15:20:36,834 - INFO -   batch 240/381 | loss=0.0589 mse=0.0475 sym=0.0120 phy=0.0000 | 16.7s
2026-06-20 15:20:37,493 - INFO -   batch 250/381 | loss=0.0589 mse=0.0452 sym=0.0120 phy=0.0000 | 17.3s
2026-06-20 15:20:38,150 - INFO -   batch 260/381 | loss=0.0546 mse=0.0415 sym=0.0121 phy=0.0000 | 18.0s
2026-06-20 15:20:38,927 - INFO -   batch 270/381 | loss=0.0705 mse=0.0591 sym=0.0121 phy=0.0000 | 18.8s
2026-06-20 15:20:39,569 - INFO -   batch 280/381 | loss=0.0633 mse=0.0521 sym=0.0121 phy=0.0000 | 19.4s
2026-06-20 15:20:40,232 - INFO -   batch 290/381 | loss=0.0510 mse=0.0389 sym=0.0120 phy=0.0000 | 20.1s
2026-06-20 15:20:40,997 - INFO -   batch 300/381 | loss=0.0481 mse=0.0347 sym=0.0121 phy=0.0000 | 20.8s
2026-06-20 15:20:41,687 - INFO -   batch 310/381 | loss=0.0568 mse=0.0457 sym=0.0120 phy=0.0000 | 21.5s
2026-06-20 15:20:42,319 - INFO -   batch 320/381 | loss=0.0619 mse=0.0500 sym=0.0120 phy=0.0000 | 22.2s
2026-06-20 15:20:43,042 - INFO -   batch 330/381 | loss=0.0696 mse=0.0571 sym=0.0120 phy=0.0000 | 22.9s
2026-06-20 15:20:43,755 - INFO -   batch 340/381 | loss=0.0650 mse=0.0535 sym=0.0120 phy=0.0000 | 23.6s
2026-06-20 15:20:44,404 - INFO -   batch 350/381 | loss=0.0621 mse=0.0508 sym=0.0120 phy=0.0000 | 24.3s
2026-06-20 15:20:45,072 - INFO -   batch 360/381 | loss=0.0779 mse=0.0656 sym=0.0120 phy=0.0000 | 24.9s
2026-06-20 15:20:45,828 - INFO -   batch 370/381 | loss=0.0523 mse=0.0402 sym=0.0120 phy=0.0000 | 25.7s
2026-06-20 15:20:46,483 - INFO -   batch 380/381 | loss=0.0594 mse=0.0471 sym=0.0120 phy=0.0000 | 26.3s
2026-06-20 15:20:47,753 - INFO -   batch   1/381 | loss=0.0687 mse=0.0568 sym=0.0119 phy=0.0000 | 0.1s
2026-06-20 15:20:48,323 - INFO -   batch  10/381 | loss=0.0574 mse=0.0453 sym=0.0123 phy=0.0000 | 0.7s
2026-06-20 15:20:49,009 - INFO -   batch  20/381 | loss=0.0641 mse=0.0518 sym=0.0122 phy=0.0000 | 1.4s
2026-06-20 15:20:49,746 - INFO -   batch  30/381 | loss=0.0767 mse=0.0649 sym=0.0122 phy=0.0000 | 2.1s
2026-06-20 15:20:50,382 - INFO -   batch  40/381 | loss=0.0680 mse=0.0556 sym=0.0122 phy=0.0000 | 2.8s
2026-06-20 15:20:51,052 - INFO -   batch  50/381 | loss=0.0745 mse=0.0620 sym=0.0122 phy=0.0000 | 3.4s
2026-06-20 15:20:51,808 - INFO -   batch  60/381 | loss=0.0706 mse=0.0593 sym=0.0121 phy=0.0000 | 4.2s
2026-06-20 15:20:52,451 - INFO -   batch  70/381 | loss=0.0670 mse=0.0562 sym=0.0121 phy=0.0000 | 4.8s
2026-06-20 15:20:53,058 - INFO -   batch  80/381 | loss=0.0691 mse=0.0573 sym=0.0120 phy=0.0000 | 5.4s
2026-06-20 15:20:53,823 - INFO -   batch  90/381 | loss=0.0740 mse=0.0618 sym=0.0120 phy=0.0000 | 6.2s
2026-06-20 15:20:54,480 - INFO -   batch 100/381 | loss=0.0531 mse=0.0417 sym=0.0120 phy=0.0000 | 6.9s
2026-06-20 15:20:55,118 - INFO -   batch 110/381 | loss=0.0792 mse=0.0686 sym=0.0120 phy=0.0000 | 7.5s
2026-06-20 15:20:55,885 - INFO -   batch 120/381 | loss=0.0668 mse=0.0547 sym=0.0120 phy=0.0000 | 8.3s
2026-06-20 15:20:56,533 - INFO -   batch 130/381 | loss=0.0754 mse=0.0628 sym=0.0120 phy=0.0000 | 8.9s
2026-06-20 15:20:57,148 - INFO -   batch 140/381 | loss=0.0744 mse=0.0632 sym=0.0121 phy=0.0000 | 9.5s
2026-06-20 15:20:57,898 - INFO -   batch 150/381 | loss=0.0820 mse=0.0710 sym=0.0121 phy=0.0000 | 10.3s
2026-06-20 15:20:58,582 - INFO -   batch 160/381 | loss=0.0558 mse=0.0438 sym=0.0121 phy=0.0000 | 11.0s
2026-06-20 15:20:59,216 - INFO -   batch 170/381 | loss=0.0839 mse=0.0722 sym=0.0121 phy=0.0000 | 11.6s
2026-06-20 15:20:59,914 - INFO -   batch 180/381 | loss=0.0632 mse=0.0504 sym=0.0121 phy=0.0000 | 12.3s
2026-06-20 15:21:00,604 - INFO -   batch 190/381 | loss=0.0561 mse=0.0435 sym=0.0120 phy=0.0000 | 13.0s
2026-06-20 15:21:01,247 - INFO -   batch 200/381 | loss=0.0605 mse=0.0478 sym=0.0120 phy=0.0000 | 13.6s
2026-06-20 15:21:01,935 - INFO -   batch 210/381 | loss=0.0466 mse=0.0349 sym=0.0120 phy=0.0000 | 14.3s
2026-06-20 15:21:02,669 - INFO -   batch 220/381 | loss=0.0491 mse=0.0368 sym=0.0120 phy=0.0000 | 15.0s
2026-06-20 15:21:03,320 - INFO -   batch 230/381 | loss=0.0820 mse=0.0694 sym=0.0120 phy=0.0000 | 15.7s
2026-06-20 15:21:03,977 - INFO -   batch 240/381 | loss=0.0508 mse=0.0382 sym=0.0120 phy=0.0000 | 16.4s
2026-06-20 15:21:04,769 - INFO -   batch 250/381 | loss=0.0582 mse=0.0453 sym=0.0120 phy=0.0000 | 17.1s
2026-06-20 15:21:05,423 - INFO -   batch 260/381 | loss=0.0670 mse=0.0539 sym=0.0120 phy=0.0000 | 17.8s
2026-06-20 15:21:06,044 - INFO -   batch 270/381 | loss=0.0634 mse=0.0507 sym=0.0120 phy=0.0000 | 18.4s
2026-06-20 15:21:06,817 - INFO -   batch 280/381 | loss=0.0572 mse=0.0456 sym=0.0120 phy=0.0000 | 19.2s
2026-06-20 15:21:07,505 - INFO -   batch 290/381 | loss=0.0665 mse=0.0531 sym=0.0120 phy=0.0000 | 19.9s
2026-06-20 15:21:08,157 - INFO -   batch 300/381 | loss=0.0700 mse=0.0588 sym=0.0120 phy=0.0000 | 20.5s
2026-06-20 15:21:08,847 - INFO -   batch 310/381 | loss=0.0594 mse=0.0472 sym=0.0120 phy=0.0000 | 21.2s
2026-06-20 15:21:09,571 - INFO -   batch 320/381 | loss=0.0651 mse=0.0531 sym=0.0120 phy=0.0000 | 21.9s
2026-06-20 15:21:10,231 - INFO -   batch 330/381 | loss=0.0617 mse=0.0495 sym=0.0120 phy=0.0000 | 22.6s
2026-06-20 15:21:10,885 - INFO -   batch 340/381 | loss=0.0396 mse=0.0277 sym=0.0120 phy=0.0000 | 23.3s
2026-06-20 15:21:11,627 - INFO -   batch 350/381 | loss=0.0483 mse=0.0372 sym=0.0120 phy=0.0000 | 24.0s
2026-06-20 15:21:12,251 - INFO -   batch 360/381 | loss=0.0555 mse=0.0436 sym=0.0120 phy=0.0000 | 24.6s
2026-06-20 15:21:12,917 - INFO -   batch 370/381 | loss=0.0741 mse=0.0615 sym=0.0120 phy=0.0000 | 25.3s
2026-06-20 15:21:13,713 - INFO -   batch 380/381 | loss=0.0614 mse=0.0473 sym=0.0120 phy=0.0000 | 26.1s
2026-06-20 15:21:15,026 - INFO -   batch   1/381 | loss=0.0473 mse=0.0349 sym=0.0124 phy=0.0000 | 0.2s
2026-06-20 15:21:15,710 - INFO -   batch  10/381 | loss=0.0484 mse=0.0349 sym=0.0128 phy=0.0000 | 0.8s
2026-06-20 15:21:16,365 - INFO -   batch  20/381 | loss=0.0689 mse=0.0573 sym=0.0123 phy=0.0000 | 1.5s
2026-06-20 15:21:17,033 - INFO -   batch  30/381 | loss=0.0689 mse=0.0571 sym=0.0121 phy=0.0000 | 2.2s
2026-06-20 15:21:17,749 - INFO -   batch  40/381 | loss=0.0539 mse=0.0437 sym=0.0121 phy=0.0000 | 2.9s
2026-06-20 15:21:18,436 - INFO -   batch  50/381 | loss=0.0523 mse=0.0403 sym=0.0120 phy=0.0000 | 3.6s
2026-06-20 15:21:19,081 - INFO -   batch  60/381 | loss=0.0510 mse=0.0396 sym=0.0121 phy=0.0000 | 4.2s
2026-06-20 15:21:19,772 - INFO -   batch  70/381 | loss=0.0616 mse=0.0498 sym=0.0122 phy=0.0000 | 4.9s
2026-06-20 15:21:20,500 - INFO -   batch  80/381 | loss=0.0671 mse=0.0538 sym=0.0122 phy=0.0000 | 5.6s
2026-06-20 15:21:21,119 - INFO -   batch  90/381 | loss=0.0625 mse=0.0515 sym=0.0122 phy=0.0000 | 6.2s
2026-06-20 15:21:21,805 - INFO -   batch 100/381 | loss=0.0645 mse=0.0528 sym=0.0122 phy=0.0000 | 6.9s
2026-06-20 15:21:22,559 - INFO -   batch 110/381 | loss=0.0574 mse=0.0450 sym=0.0122 phy=0.0000 | 7.7s
2026-06-20 15:21:23,219 - INFO -   batch 120/381 | loss=0.0719 mse=0.0607 sym=0.0122 phy=0.0000 | 8.3s
2026-06-20 15:21:23,853 - INFO -   batch 130/381 | loss=0.0677 mse=0.0553 sym=0.0123 phy=0.0000 | 9.0s
2026-06-20 15:21:24,647 - INFO -   batch 140/381 | loss=0.0432 mse=0.0320 sym=0.0123 phy=0.0000 | 9.8s
2026-06-20 15:21:25,303 - INFO -   batch 150/381 | loss=0.0728 mse=0.0608 sym=0.0122 phy=0.0000 | 10.4s
2026-06-20 15:21:25,948 - INFO -   batch 160/381 | loss=0.0544 mse=0.0433 sym=0.0122 phy=0.0000 | 11.1s
2026-06-20 15:21:26,706 - INFO -   batch 170/381 | loss=0.0498 mse=0.0377 sym=0.0122 phy=0.0000 | 11.8s
2026-06-20 15:21:27,396 - INFO -   batch 180/381 | loss=0.0743 mse=0.0620 sym=0.0122 phy=0.0000 | 12.5s
2026-06-20 15:21:28,050 - INFO -   batch 190/381 | loss=0.0631 mse=0.0523 sym=0.0122 phy=0.0000 | 13.2s
2026-06-20 15:21:28,731 - INFO -   batch 200/381 | loss=0.0706 mse=0.0588 sym=0.0122 phy=0.0000 | 13.9s
2026-06-20 15:21:29,459 - INFO -   batch 210/381 | loss=0.0675 mse=0.0554 sym=0.0122 phy=0.0000 | 14.6s
2026-06-20 15:21:30,112 - INFO -   batch 220/381 | loss=0.0652 mse=0.0539 sym=0.0122 phy=0.0000 | 15.2s
2026-06-20 15:21:30,774 - INFO -   batch 230/381 | loss=0.0539 mse=0.0408 sym=0.0122 phy=0.0000 | 15.9s
2026-06-20 15:21:31,562 - INFO -   batch 240/381 | loss=0.0515 mse=0.0393 sym=0.0122 phy=0.0000 | 16.7s
2026-06-20 15:21:32,226 - INFO -   batch 250/381 | loss=0.0596 mse=0.0474 sym=0.0122 phy=0.0000 | 17.4s
2026-06-20 15:21:32,849 - INFO -   batch 260/381 | loss=0.0710 mse=0.0574 sym=0.0122 phy=0.0000 | 18.0s
2026-06-20 15:21:33,611 - INFO -   batch 270/381 | loss=0.0570 mse=0.0461 sym=0.0122 phy=0.0000 | 18.7s
2026-06-20 15:21:34,296 - INFO -   batch 280/381 | loss=0.0663 mse=0.0546 sym=0.0122 phy=0.0000 | 19.4s
2026-06-20 15:21:34,945 - INFO -   batch 290/381 | loss=0.0559 mse=0.0444 sym=0.0122 phy=0.0000 | 20.1s
2026-06-20 15:21:35,645 - INFO -   batch 300/381 | loss=0.0849 mse=0.0720 sym=0.0121 phy=0.0000 | 20.8s
2026-06-20 15:21:36,370 - INFO -   batch 310/381 | loss=0.0804 mse=0.0686 sym=0.0121 phy=0.0000 | 21.5s
2026-06-20 15:21:37,052 - INFO -   batch 320/381 | loss=0.0607 mse=0.0494 sym=0.0121 phy=0.0000 | 22.2s
2026-06-20 15:21:37,698 - INFO -   batch 330/381 | loss=0.0537 mse=0.0428 sym=0.0121 phy=0.0000 | 22.8s
2026-06-20 15:21:38,471 - INFO -   batch 340/381 | loss=0.0600 mse=0.0479 sym=0.0121 phy=0.0000 | 23.6s
2026-06-20 15:21:39,111 - INFO -   batch 350/381 | loss=0.0512 mse=0.0396 sym=0.0121 phy=0.0000 | 24.2s
2026-06-20 15:21:39,730 - INFO -   batch 360/381 | loss=0.0636 mse=0.0513 sym=0.0121 phy=0.0000 | 24.9s
2026-06-20 15:21:40,515 - INFO -   batch 370/381 | loss=0.0653 mse=0.0521 sym=0.0121 phy=0.0000 | 25.6s
2026-06-20 15:21:41,180 - INFO -   batch 380/381 | loss=0.0671 mse=0.0559 sym=0.0121 phy=0.0000 | 26.3s
2026-06-20 15:21:42,458 - INFO -   batch   1/381 | loss=0.0458 mse=0.0345 sym=0.0113 phy=0.0000 | 0.1s
2026-06-20 15:21:43,020 - INFO -   batch  10/381 | loss=0.0619 mse=0.0508 sym=0.0121 phy=0.0000 | 0.7s
2026-06-20 15:21:43,672 - INFO -   batch  20/381 | loss=0.0615 mse=0.0486 sym=0.0123 phy=0.0000 | 1.4s
2026-06-20 15:21:44,449 - INFO -   batch  30/381 | loss=0.0810 mse=0.0688 sym=0.0123 phy=0.0000 | 2.1s
2026-06-20 15:21:45,109 - INFO -   batch  40/381 | loss=0.0490 mse=0.0368 sym=0.0123 phy=0.0000 | 2.8s
2026-06-20 15:21:45,748 - INFO -   batch  50/381 | loss=0.0792 mse=0.0678 sym=0.0121 phy=0.0000 | 3.4s
2026-06-20 15:21:46,529 - INFO -   batch  60/381 | loss=0.0685 mse=0.0560 sym=0.0122 phy=0.0000 | 4.2s
2026-06-20 15:21:47,217 - INFO -   batch  70/381 | loss=0.0764 mse=0.0649 sym=0.0122 phy=0.0000 | 4.9s
2026-06-20 15:21:47,854 - INFO -   batch  80/381 | loss=0.0533 mse=0.0404 sym=0.0122 phy=0.0000 | 5.5s
2026-06-20 15:21:48,585 - INFO -   batch  90/381 | loss=0.0691 mse=0.0556 sym=0.0122 phy=0.0000 | 6.3s
2026-06-20 15:21:49,311 - INFO -   batch 100/381 | loss=0.0489 mse=0.0366 sym=0.0122 phy=0.0000 | 7.0s
2026-06-20 15:21:49,965 - INFO -   batch 110/381 | loss=0.0633 mse=0.0530 sym=0.0122 phy=0.0000 | 7.7s
2026-06-20 15:21:50,634 - INFO -   batch 120/381 | loss=0.0575 mse=0.0464 sym=0.0122 phy=0.0000 | 8.3s
2026-06-20 15:21:51,395 - INFO -   batch 130/381 | loss=0.0733 mse=0.0610 sym=0.0122 phy=0.0000 | 9.1s
2026-06-20 15:21:52,048 - INFO -   batch 140/381 | loss=0.0466 mse=0.0343 sym=0.0122 phy=0.0000 | 9.7s
2026-06-20 15:21:52,696 - INFO -   batch 150/381 | loss=0.0628 mse=0.0514 sym=0.0121 phy=0.0000 | 10.4s
2026-06-20 15:21:53,469 - INFO -   batch 160/381 | loss=0.0682 mse=0.0561 sym=0.0121 phy=0.0000 | 11.2s
2026-06-20 15:21:54,088 - INFO -   batch 170/381 | loss=0.0464 mse=0.0344 sym=0.0121 phy=0.0000 | 11.8s
2026-06-20 15:21:54,730 - INFO -   batch 180/381 | loss=0.0514 mse=0.0386 sym=0.0121 phy=0.0000 | 12.4s
2026-06-20 15:21:55,483 - INFO -   batch 190/381 | loss=0.0572 mse=0.0452 sym=0.0121 phy=0.0000 | 13.2s
2026-06-20 15:21:56,157 - INFO -   batch 200/381 | loss=0.0560 mse=0.0445 sym=0.0121 phy=0.0000 | 13.8s
2026-06-20 15:21:56,816 - INFO -   batch 210/381 | loss=0.0524 mse=0.0399 sym=0.0121 phy=0.0000 | 14.5s
2026-06-20 15:21:57,544 - INFO -   batch 220/381 | loss=0.0554 mse=0.0445 sym=0.0121 phy=0.0000 | 15.2s
2026-06-20 15:21:58,273 - INFO -   batch 230/381 | loss=0.0623 mse=0.0494 sym=0.0121 phy=0.0000 | 16.0s
2026-06-20 15:21:58,927 - INFO -   batch 240/381 | loss=0.0708 mse=0.0586 sym=0.0121 phy=0.0000 | 16.6s
2026-06-20 15:21:59,597 - INFO -   batch 250/381 | loss=0.0556 mse=0.0425 sym=0.0121 phy=0.0000 | 17.3s
2026-06-20 15:22:00,485 - INFO -   batch 260/381 | loss=0.0521 mse=0.0409 sym=0.0121 phy=0.0000 | 18.2s
2026-06-20 15:22:01,169 - INFO -   batch 270/381 | loss=0.0491 mse=0.0369 sym=0.0121 phy=0.0000 | 18.9s
2026-06-20 15:22:01,818 - INFO -   batch 280/381 | loss=0.0755 mse=0.0624 sym=0.0121 phy=0.0000 | 19.5s
2026-06-20 15:22:02,533 - INFO -   batch 290/381 | loss=0.0554 mse=0.0444 sym=0.0121 phy=0.0000 | 20.2s
2026-06-20 15:22:03,249 - INFO -   batch 300/381 | loss=0.0664 mse=0.0549 sym=0.0121 phy=0.0000 | 20.9s
2026-06-20 15:22:03,903 - INFO -   batch 310/381 | loss=0.0646 mse=0.0517 sym=0.0121 phy=0.0000 | 21.6s
2026-06-20 15:22:04,548 - INFO -   batch 320/381 | loss=0.0513 mse=0.0408 sym=0.0121 phy=0.0000 | 22.2s
2026-06-20 15:22:05,279 - INFO -   batch 330/381 | loss=0.0579 mse=0.0462 sym=0.0121 phy=0.0000 | 23.0s
2026-06-20 15:22:05,934 - INFO -   batch 340/381 | loss=0.0870 mse=0.0739 sym=0.0121 phy=0.0000 | 23.6s
2026-06-20 15:22:06,595 - INFO -   batch 350/381 | loss=0.0543 mse=0.0428 sym=0.0121 phy=0.0000 | 24.3s
2026-06-20 15:22:07,389 - INFO -   batch 360/381 | loss=0.0472 mse=0.0349 sym=0.0121 phy=0.0000 | 25.1s
2026-06-20 15:22:08,046 - INFO -   batch 370/381 | loss=0.0677 mse=0.0563 sym=0.0121 phy=0.0000 | 25.7s
2026-06-20 15:22:08,667 - INFO -   batch 380/381 | loss=0.0603 mse=0.0482 sym=0.0121 phy=0.0000 | 26.4s
2026-06-20 15:22:09,820 - INFO - Epoch  10/50 | Loss=0.0611 MSE=0.0490 Sym=0.0121 Phy=0.0000 | Val RMSE=0.2220 ρ=0.332 | 28s
2026-06-20 15:22:09,971 - INFO -   batch   1/381 | loss=0.0429 mse=0.0313 sym=0.0116 phy=0.0000 | 0.2s
2026-06-20 15:22:10,542 - INFO -   batch  10/381 | loss=0.0399 mse=0.0277 sym=0.0117 phy=0.0000 | 0.7s
2026-06-20 15:22:11,321 - INFO -   batch  20/381 | loss=0.0564 mse=0.0434 sym=0.0120 phy=0.0000 | 1.5s
2026-06-20 15:22:11,970 - INFO -   batch  30/381 | loss=0.0757 mse=0.0637 sym=0.0119 phy=0.0000 | 2.2s
2026-06-20 15:22:12,623 - INFO -   batch  40/381 | loss=0.0628 mse=0.0525 sym=0.0118 phy=0.0000 | 2.8s
2026-06-20 15:22:13,376 - INFO -   batch  50/381 | loss=0.0621 mse=0.0510 sym=0.0118 phy=0.0000 | 3.6s
2026-06-20 15:22:14,058 - INFO -   batch  60/381 | loss=0.0546 mse=0.0416 sym=0.0118 phy=0.0000 | 4.2s
2026-06-20 15:22:14,659 - INFO -   batch  70/381 | loss=0.0550 mse=0.0422 sym=0.0119 phy=0.0000 | 4.8s
2026-06-20 15:22:15,408 - INFO -   batch  80/381 | loss=0.0731 mse=0.0606 sym=0.0120 phy=0.0000 | 5.6s
2026-06-20 15:22:16,093 - INFO -   batch  90/381 | loss=0.0637 mse=0.0522 sym=0.0120 phy=0.0000 | 6.3s
2026-06-20 15:22:16,764 - INFO -   batch 100/381 | loss=0.0657 mse=0.0552 sym=0.0119 phy=0.0000 | 6.9s
2026-06-20 15:22:17,457 - INFO -   batch 110/381 | loss=0.0638 mse=0.0534 sym=0.0119 phy=0.0000 | 7.6s
2026-06-20 15:22:18,187 - INFO -   batch 120/381 | loss=0.0670 mse=0.0546 sym=0.0119 phy=0.0000 | 8.4s
2026-06-20 15:22:18,848 - INFO -   batch 130/381 | loss=0.0571 mse=0.0453 sym=0.0119 phy=0.0000 | 9.0s
2026-06-20 15:22:19,498 - INFO -   batch 140/381 | loss=0.0595 mse=0.0466 sym=0.0120 phy=0.0000 | 9.7s
2026-06-20 15:22:20,275 - INFO -   batch 150/381 | loss=0.0852 mse=0.0729 sym=0.0120 phy=0.0000 | 10.5s
2026-06-20 15:22:20,930 - INFO -   batch 160/381 | loss=0.0501 mse=0.0379 sym=0.0120 phy=0.0000 | 11.1s
2026-06-20 15:22:21,567 - INFO -   batch 170/381 | loss=0.0567 mse=0.0442 sym=0.0120 phy=0.0000 | 11.7s
2026-06-20 15:22:22,326 - INFO -   batch 180/381 | loss=0.0646 mse=0.0526 sym=0.0121 phy=0.0000 | 12.5s
2026-06-20 15:22:23,006 - INFO -   batch 190/381 | loss=0.0668 mse=0.0544 sym=0.0120 phy=0.0000 | 13.2s
2026-06-20 15:22:23,654 - INFO -   batch 200/381 | loss=0.0503 mse=0.0385 sym=0.0120 phy=0.0000 | 13.8s
2026-06-20 15:22:24,365 - INFO -   batch 210/381 | loss=0.0494 mse=0.0372 sym=0.0121 phy=0.0000 | 14.5s
2026-06-20 15:22:25,054 - INFO -   batch 220/381 | loss=0.0528 mse=0.0406 sym=0.0121 phy=0.0000 | 15.2s
2026-06-20 15:22:25,712 - INFO -   batch 230/381 | loss=0.0628 mse=0.0500 sym=0.0121 phy=0.0000 | 15.9s
2026-06-20 15:22:26,412 - INFO -   batch 240/381 | loss=0.0583 mse=0.0473 sym=0.0121 phy=0.0000 | 16.6s
2026-06-20 15:22:27,140 - INFO -   batch 250/381 | loss=0.0645 mse=0.0533 sym=0.0121 phy=0.0000 | 17.3s
2026-06-20 15:22:27,789 - INFO -   batch 260/381 | loss=0.0652 mse=0.0534 sym=0.0121 phy=0.0000 | 18.0s
2026-06-20 15:22:28,448 - INFO -   batch 270/381 | loss=0.0674 mse=0.0554 sym=0.0121 phy=0.0000 | 18.6s
2026-06-20 15:22:29,217 - INFO -   batch 280/381 | loss=0.0515 mse=0.0402 sym=0.0121 phy=0.0000 | 19.4s
2026-06-20 15:22:29,855 - INFO -   batch 290/381 | loss=0.0654 mse=0.0529 sym=0.0121 phy=0.0000 | 20.0s
2026-06-20 15:22:30,499 - INFO -   batch 300/381 | loss=0.0519 mse=0.0402 sym=0.0122 phy=0.0000 | 20.7s
2026-06-20 15:22:31,264 - INFO -   batch 310/381 | loss=0.0513 mse=0.0394 sym=0.0121 phy=0.0000 | 21.4s
2026-06-20 15:22:31,953 - INFO -   batch 320/381 | loss=0.0610 mse=0.0489 sym=0.0121 phy=0.0000 | 22.1s
2026-06-20 15:22:32,586 - INFO -   batch 330/381 | loss=0.0702 mse=0.0593 sym=0.0121 phy=0.0000 | 22.8s
2026-06-20 15:22:33,312 - INFO -   batch 340/381 | loss=0.0494 mse=0.0363 sym=0.0121 phy=0.0000 | 23.5s
2026-06-20 15:22:34,033 - INFO -   batch 350/381 | loss=0.0521 mse=0.0402 sym=0.0121 phy=0.0000 | 24.2s
2026-06-20 15:22:34,688 - INFO -   batch 360/381 | loss=0.0670 mse=0.0553 sym=0.0121 phy=0.0000 | 24.9s
2026-06-20 15:22:35,352 - INFO -   batch 370/381 | loss=0.0686 mse=0.0565 sym=0.0121 phy=0.0000 | 25.5s
2026-06-20 15:22:36,094 - INFO -   batch 380/381 | loss=0.0643 mse=0.0526 sym=0.0121 phy=0.0000 | 26.3s
2026-06-20 15:22:37,447 - INFO -   batch   1/381 | loss=0.0540 mse=0.0419 sym=0.0121 phy=0.0000 | 0.2s
2026-06-20 15:22:38,134 - INFO -   batch  10/381 | loss=0.0450 mse=0.0330 sym=0.0117 phy=0.0000 | 0.8s
2026-06-20 15:22:38,783 - INFO -   batch  20/381 | loss=0.0514 mse=0.0409 sym=0.0119 phy=0.0000 | 1.5s
2026-06-20 15:22:39,438 - INFO -   batch  30/381 | loss=0.0631 mse=0.0507 sym=0.0119 phy=0.0000 | 2.1s
2026-06-20 15:22:40,192 - INFO -   batch  40/381 | loss=0.0451 mse=0.0339 sym=0.0120 phy=0.0000 | 2.9s
2026-06-20 15:22:40,891 - INFO -   batch  50/381 | loss=0.0458 mse=0.0343 sym=0.0120 phy=0.0000 | 3.6s
2026-06-20 15:22:41,519 - INFO -   batch  60/381 | loss=0.0540 mse=0.0410 sym=0.0119 phy=0.0000 | 4.2s
2026-06-20 15:22:42,233 - INFO -   batch  70/381 | loss=0.0643 mse=0.0520 sym=0.0120 phy=0.0000 | 4.9s
2026-06-20 15:22:42,954 - INFO -   batch  80/381 | loss=0.0715 mse=0.0599 sym=0.0121 phy=0.0000 | 5.7s
2026-06-20 15:22:43,601 - INFO -   batch  90/381 | loss=0.0741 mse=0.0622 sym=0.0121 phy=0.0000 | 6.3s
2026-06-20 15:22:44,263 - INFO -   batch 100/381 | loss=0.0599 mse=0.0492 sym=0.0120 phy=0.0000 | 7.0s
2026-06-20 15:22:45,020 - INFO -   batch 110/381 | loss=0.0704 mse=0.0586 sym=0.0120 phy=0.0000 | 7.7s
2026-06-20 15:22:45,671 - INFO -   batch 120/381 | loss=0.0564 mse=0.0439 sym=0.0120 phy=0.0000 | 8.4s
2026-06-20 15:22:46,295 - INFO -   batch 130/381 | loss=0.0700 mse=0.0574 sym=0.0120 phy=0.0000 | 9.0s
2026-06-20 15:22:47,073 - INFO -   batch 140/381 | loss=0.0626 mse=0.0515 sym=0.0120 phy=0.0000 | 9.8s
2026-06-20 15:22:47,711 - INFO -   batch 150/381 | loss=0.0763 mse=0.0638 sym=0.0120 phy=0.0000 | 10.4s
2026-06-20 15:22:48,350 - INFO -   batch 160/381 | loss=0.0479 mse=0.0364 sym=0.0121 phy=0.0000 | 11.1s
2026-06-20 15:22:49,101 - INFO -   batch 170/381 | loss=0.0702 mse=0.0593 sym=0.0121 phy=0.0000 | 11.8s
2026-06-20 15:22:49,801 - INFO -   batch 180/381 | loss=0.0511 mse=0.0379 sym=0.0121 phy=0.0000 | 12.5s
2026-06-20 15:22:50,422 - INFO -   batch 190/381 | loss=0.0665 mse=0.0550 sym=0.0121 phy=0.0000 | 13.1s
2026-06-20 15:22:51,150 - INFO -   batch 200/381 | loss=0.0651 mse=0.0555 sym=0.0121 phy=0.0000 | 13.9s
2026-06-20 15:22:51,873 - INFO -   batch 210/381 | loss=0.0654 mse=0.0533 sym=0.0121 phy=0.0000 | 14.6s
2026-06-20 15:22:52,536 - INFO -   batch 220/381 | loss=0.0566 mse=0.0439 sym=0.0121 phy=0.0000 | 15.2s
2026-06-20 15:22:53,204 - INFO -   batch 230/381 | loss=0.0435 mse=0.0313 sym=0.0121 phy=0.0000 | 15.9s
2026-06-20 15:22:53,972 - INFO -   batch 240/381 | loss=0.0674 mse=0.0545 sym=0.0121 phy=0.0000 | 16.7s
2026-06-20 15:22:54,628 - INFO -   batch 250/381 | loss=0.0514 mse=0.0391 sym=0.0121 phy=0.0000 | 17.3s
2026-06-20 15:22:55,275 - INFO -   batch 260/381 | loss=0.0580 mse=0.0474 sym=0.0122 phy=0.0000 | 18.0s
2026-06-20 15:22:56,052 - INFO -   batch 270/381 | loss=0.0564 mse=0.0433 sym=0.0122 phy=0.0000 | 18.8s
2026-06-20 15:22:56,710 - INFO -   batch 280/381 | loss=0.0905 mse=0.0776 sym=0.0122 phy=0.0000 | 19.4s
2026-06-20 15:22:57,354 - INFO -   batch 290/381 | loss=0.0640 mse=0.0515 sym=0.0122 phy=0.0000 | 20.1s
2026-06-20 15:22:58,075 - INFO -   batch 300/381 | loss=0.0783 mse=0.0662 sym=0.0122 phy=0.0000 | 20.8s
2026-06-20 15:22:58,802 - INFO -   batch 310/381 | loss=0.0609 mse=0.0480 sym=0.0122 phy=0.0000 | 21.5s
2026-06-20 15:22:59,423 - INFO -   batch 320/381 | loss=0.0568 mse=0.0437 sym=0.0122 phy=0.0000 | 22.1s
2026-06-20 15:23:00,105 - INFO -   batch 330/381 | loss=0.0628 mse=0.0511 sym=0.0122 phy=0.0000 | 22.8s
2026-06-20 15:23:00,856 - INFO -   batch 340/381 | loss=0.0762 mse=0.0646 sym=0.0122 phy=0.0000 | 23.6s
2026-06-20 15:23:01,508 - INFO -   batch 350/381 | loss=0.0485 mse=0.0373 sym=0.0121 phy=0.0000 | 24.2s
2026-06-20 15:23:02,130 - INFO -   batch 360/381 | loss=0.0532 mse=0.0417 sym=0.0121 phy=0.0000 | 24.8s
2026-06-20 15:23:02,896 - INFO -   batch 370/381 | loss=0.0902 mse=0.0780 sym=0.0121 phy=0.0000 | 25.6s
2026-06-20 15:23:03,539 - INFO -   batch 380/381 | loss=0.0631 mse=0.0507 sym=0.0121 phy=0.0000 | 26.2s
2026-06-20 15:23:04,852 - INFO -   batch   1/381 | loss=0.0487 mse=0.0380 sym=0.0107 phy=0.0000 | 0.2s
2026-06-20 15:23:05,424 - INFO -   batch  10/381 | loss=0.0792 mse=0.0679 sym=0.0117 phy=0.0000 | 0.7s
2026-06-20 15:23:06,098 - INFO -   batch  20/381 | loss=0.0588 mse=0.0476 sym=0.0119 phy=0.0000 | 1.4s
2026-06-20 15:23:06,900 - INFO -   batch  30/381 | loss=0.0568 mse=0.0445 sym=0.0120 phy=0.0000 | 2.2s
2026-06-20 15:23:07,558 - INFO -   batch  40/381 | loss=0.0485 mse=0.0359 sym=0.0122 phy=0.0000 | 2.9s
2026-06-20 15:23:08,176 - INFO -   batch  50/381 | loss=0.0629 mse=0.0516 sym=0.0121 phy=0.0000 | 3.5s
2026-06-20 15:23:08,955 - INFO -   batch  60/381 | loss=0.0611 mse=0.0498 sym=0.0121 phy=0.0000 | 4.3s
2026-06-20 15:23:09,709 - INFO -   batch  70/381 | loss=0.0377 mse=0.0249 sym=0.0121 phy=0.0000 | 5.0s
2026-06-20 15:23:10,415 - INFO -   batch  80/381 | loss=0.0555 mse=0.0441 sym=0.0121 phy=0.0000 | 5.7s
2026-06-20 15:23:11,063 - INFO -   batch  90/381 | loss=0.0528 mse=0.0414 sym=0.0121 phy=0.0000 | 6.4s
2026-06-20 15:23:11,852 - INFO -   batch 100/381 | loss=0.0542 mse=0.0414 sym=0.0121 phy=0.0000 | 7.2s
2026-06-20 15:23:12,507 - INFO -   batch 110/381 | loss=0.0479 mse=0.0356 sym=0.0121 phy=0.0000 | 7.8s
2026-06-20 15:23:13,162 - INFO -   batch 120/381 | loss=0.0761 mse=0.0640 sym=0.0121 phy=0.0000 | 8.5s
2026-06-20 15:23:13,905 - INFO -   batch 130/381 | loss=0.0627 mse=0.0509 sym=0.0122 phy=0.0000 | 9.2s
2026-06-20 15:23:14,595 - INFO -   batch 140/381 | loss=0.0546 mse=0.0435 sym=0.0121 phy=0.0000 | 9.9s
2026-06-20 15:23:15,249 - INFO -   batch 150/381 | loss=0.0345 mse=0.0239 sym=0.0121 phy=0.0000 | 10.6s
2026-06-20 15:23:15,945 - INFO -   batch 160/381 | loss=0.0474 mse=0.0353 sym=0.0121 phy=0.0000 | 11.3s
2026-06-20 15:23:16,697 - INFO -   batch 170/381 | loss=0.0946 mse=0.0818 sym=0.0121 phy=0.0000 | 12.0s
2026-06-20 15:23:17,339 - INFO -   batch 180/381 | loss=0.0489 mse=0.0365 sym=0.0121 phy=0.0000 | 12.6s
2026-06-20 15:23:17,979 - INFO -   batch 190/381 | loss=0.0537 mse=0.0407 sym=0.0122 phy=0.0000 | 13.3s
2026-06-20 15:23:18,776 - INFO -   batch 200/381 | loss=0.0550 mse=0.0419 sym=0.0122 phy=0.0000 | 14.1s
2026-06-20 15:23:19,423 - INFO -   batch 210/381 | loss=0.0685 mse=0.0550 sym=0.0122 phy=0.0000 | 14.7s
2026-06-20 15:23:20,053 - INFO -   batch 220/381 | loss=0.0606 mse=0.0486 sym=0.0122 phy=0.0000 | 15.4s
2026-06-20 15:23:20,815 - INFO -   batch 230/381 | loss=0.0744 mse=0.0635 sym=0.0122 phy=0.0000 | 16.1s
2026-06-20 15:23:21,508 - INFO -   batch 240/381 | loss=0.0550 mse=0.0424 sym=0.0122 phy=0.0000 | 16.8s
2026-06-20 15:23:22,154 - INFO -   batch 250/381 | loss=0.0658 mse=0.0528 sym=0.0122 phy=0.0000 | 17.5s
2026-06-20 15:23:22,839 - INFO -   batch 260/381 | loss=0.0588 mse=0.0470 sym=0.0122 phy=0.0000 | 18.1s
2026-06-20 15:23:23,568 - INFO -   batch 270/381 | loss=0.0537 mse=0.0415 sym=0.0122 phy=0.0000 | 18.9s
2026-06-20 15:23:24,226 - INFO -   batch 280/381 | loss=0.0633 mse=0.0520 sym=0.0122 phy=0.0000 | 19.5s
2026-06-20 15:23:24,879 - INFO -   batch 290/381 | loss=0.0583 mse=0.0460 sym=0.0122 phy=0.0000 | 20.2s
2026-06-20 15:23:25,658 - INFO -   batch 300/381 | loss=0.0708 mse=0.0568 sym=0.0122 phy=0.0000 | 21.0s
2026-06-20 15:23:26,310 - INFO -   batch 310/381 | loss=0.0668 mse=0.0538 sym=0.0122 phy=0.0000 | 21.6s
2026-06-20 15:23:26,963 - INFO -   batch 320/381 | loss=0.0669 mse=0.0550 sym=0.0121 phy=0.0000 | 22.3s
2026-06-20 15:23:27,720 - INFO -   batch 330/381 | loss=0.0698 mse=0.0583 sym=0.0121 phy=0.0000 | 23.0s
2026-06-20 15:23:28,409 - INFO -   batch 340/381 | loss=0.0572 mse=0.0459 sym=0.0121 phy=0.0000 | 23.7s
2026-06-20 15:23:29,042 - INFO -   batch 350/381 | loss=0.0577 mse=0.0444 sym=0.0121 phy=0.0000 | 24.3s
2026-06-20 15:23:29,764 - INFO -   batch 360/381 | loss=0.0786 mse=0.0679 sym=0.0121 phy=0.0000 | 25.1s
2026-06-20 15:23:30,481 - INFO -   batch 370/381 | loss=0.0597 mse=0.0473 sym=0.0121 phy=0.0000 | 25.8s
2026-06-20 15:23:31,127 - INFO -   batch 380/381 | loss=0.0514 mse=0.0380 sym=0.0121 phy=0.0000 | 26.4s
2026-06-20 15:23:32,418 - INFO -   batch   1/381 | loss=0.0694 mse=0.0582 sym=0.0113 phy=0.0000 | 0.2s
2026-06-20 15:23:32,994 - INFO -   batch  10/381 | loss=0.0661 mse=0.0545 sym=0.0121 phy=0.0000 | 0.7s
2026-06-20 15:23:33,717 - INFO -   batch  20/381 | loss=0.0576 mse=0.0460 sym=0.0122 phy=0.0000 | 1.5s
2026-06-20 15:23:34,438 - INFO -   batch  30/381 | loss=0.0494 mse=0.0361 sym=0.0120 phy=0.0000 | 2.2s
2026-06-20 15:23:35,068 - INFO -   batch  40/381 | loss=0.0559 mse=0.0439 sym=0.0120 phy=0.0000 | 2.8s
2026-06-20 15:23:35,759 - INFO -   batch  50/381 | loss=0.0666 mse=0.0550 sym=0.0120 phy=0.0000 | 3.5s
2026-06-20 15:23:36,517 - INFO -   batch  60/381 | loss=0.0774 mse=0.0655 sym=0.0120 phy=0.0000 | 4.3s
2026-06-20 15:23:37,177 - INFO -   batch  70/381 | loss=0.0721 mse=0.0598 sym=0.0121 phy=0.0000 | 4.9s
2026-06-20 15:23:37,802 - INFO -   batch  80/381 | loss=0.0586 mse=0.0454 sym=0.0121 phy=0.0000 | 5.5s
2026-06-20 15:23:38,599 - INFO -   batch  90/381 | loss=0.0609 mse=0.0484 sym=0.0121 phy=0.0000 | 6.3s
2026-06-20 15:23:39,254 - INFO -   batch 100/381 | loss=0.0734 mse=0.0620 sym=0.0121 phy=0.0000 | 7.0s
2026-06-20 15:23:39,898 - INFO -   batch 110/381 | loss=0.0595 mse=0.0470 sym=0.0120 phy=0.0000 | 7.6s
2026-06-20 15:23:40,637 - INFO -   batch 120/381 | loss=0.0575 mse=0.0451 sym=0.0120 phy=0.0000 | 8.4s
2026-06-20 15:23:41,317 - INFO -   batch 130/381 | loss=0.0588 mse=0.0473 sym=0.0120 phy=0.0000 | 9.1s
2026-06-20 15:23:41,980 - INFO -   batch 140/381 | loss=0.0554 mse=0.0418 sym=0.0120 phy=0.0000 | 9.7s
2026-06-20 15:23:42,673 - INFO -   batch 150/381 | loss=0.0673 mse=0.0534 sym=0.0120 phy=0.0000 | 10.4s
2026-06-20 15:23:43,415 - INFO -   batch 160/381 | loss=0.0647 mse=0.0518 sym=0.0120 phy=0.0000 | 11.2s
2026-06-20 15:23:44,074 - INFO -   batch 170/381 | loss=0.0591 mse=0.0462 sym=0.0120 phy=0.0000 | 11.8s
2026-06-20 15:23:44,721 - INFO -   batch 180/381 | loss=0.0413 mse=0.0292 sym=0.0121 phy=0.0000 | 12.5s
2026-06-20 15:23:45,519 - INFO -   batch 190/381 | loss=0.0494 mse=0.0383 sym=0.0121 phy=0.0000 | 13.3s
2026-06-20 15:23:46,187 - INFO -   batch 200/381 | loss=0.0476 mse=0.0353 sym=0.0121 phy=0.0000 | 13.9s
2026-06-20 15:23:46,802 - INFO -   batch 210/381 | loss=0.0548 mse=0.0422 sym=0.0121 phy=0.0000 | 14.5s
2026-06-20 15:23:47,553 - INFO -   batch 220/381 | loss=0.0611 mse=0.0480 sym=0.0121 phy=0.0000 | 15.3s
2026-06-20 15:23:48,251 - INFO -   batch 230/381 | loss=0.0625 mse=0.0510 sym=0.0121 phy=0.0000 | 16.0s
2026-06-20 15:23:48,904 - INFO -   batch 240/381 | loss=0.0770 mse=0.0648 sym=0.0121 phy=0.0000 | 16.6s
2026-06-20 15:23:49,585 - INFO -   batch 250/381 | loss=0.0583 mse=0.0474 sym=0.0121 phy=0.0000 | 17.3s
2026-06-20 15:23:50,310 - INFO -   batch 260/381 | loss=0.0650 mse=0.0528 sym=0.0121 phy=0.0000 | 18.1s
2026-06-20 15:23:50,967 - INFO -   batch 270/381 | loss=0.0653 mse=0.0521 sym=0.0121 phy=0.0000 | 18.7s
2026-06-20 15:23:51,618 - INFO -   batch 280/381 | loss=0.0690 mse=0.0566 sym=0.0121 phy=0.0000 | 19.4s
2026-06-20 15:23:52,387 - INFO -   batch 290/381 | loss=0.0731 mse=0.0625 sym=0.0121 phy=0.0000 | 20.1s
2026-06-20 15:23:53,036 - INFO -   batch 300/381 | loss=0.0570 mse=0.0442 sym=0.0121 phy=0.0000 | 20.8s
2026-06-20 15:23:53,688 - INFO -   batch 310/381 | loss=0.0494 mse=0.0387 sym=0.0121 phy=0.0000 | 21.4s
2026-06-20 15:23:54,447 - INFO -   batch 320/381 | loss=0.0632 mse=0.0521 sym=0.0121 phy=0.0000 | 22.2s
2026-06-20 15:23:55,134 - INFO -   batch 330/381 | loss=0.0606 mse=0.0481 sym=0.0121 phy=0.0000 | 22.9s
2026-06-20 15:23:56,053 - INFO -   batch 340/381 | loss=0.0700 mse=0.0584 sym=0.0121 phy=0.0000 | 23.8s
2026-06-20 15:23:56,709 - INFO -   batch 350/381 | loss=0.0630 mse=0.0513 sym=0.0121 phy=0.0000 | 24.4s
2026-06-20 15:23:57,441 - INFO -   batch 360/381 | loss=0.0457 mse=0.0333 sym=0.0121 phy=0.0000 | 25.2s
2026-06-20 15:23:58,157 - INFO -   batch 370/381 | loss=0.0729 mse=0.0610 sym=0.0121 phy=0.0000 | 25.9s
2026-06-20 15:23:58,781 - INFO -   batch 380/381 | loss=0.0718 mse=0.0590 sym=0.0121 phy=0.0000 | 26.5s
2026-06-20 15:24:00,091 - INFO -   batch   1/381 | loss=0.0605 mse=0.0483 sym=0.0122 phy=0.0000 | 0.2s
2026-06-20 15:24:00,674 - INFO -   batch  10/381 | loss=0.0559 mse=0.0448 sym=0.0118 phy=0.0000 | 0.7s
2026-06-20 15:24:01,412 - INFO -   batch  20/381 | loss=0.0519 mse=0.0401 sym=0.0120 phy=0.0000 | 1.5s
2026-06-20 15:24:02,103 - INFO -   batch  30/381 | loss=0.0740 mse=0.0615 sym=0.0122 phy=0.0000 | 2.2s
2026-06-20 15:24:02,764 - INFO -   batch  40/381 | loss=0.0592 mse=0.0465 sym=0.0122 phy=0.0000 | 2.8s
2026-06-20 15:24:03,454 - INFO -   batch  50/381 | loss=0.0817 mse=0.0687 sym=0.0121 phy=0.0000 | 3.5s
2026-06-20 15:24:04,195 - INFO -   batch  60/381 | loss=0.0456 mse=0.0335 sym=0.0121 phy=0.0000 | 4.3s
2026-06-20 15:24:04,853 - INFO -   batch  70/381 | loss=0.0690 mse=0.0560 sym=0.0122 phy=0.0000 | 4.9s
2026-06-20 15:24:05,510 - INFO -   batch  80/381 | loss=0.0536 mse=0.0416 sym=0.0122 phy=0.0000 | 5.6s
2026-06-20 15:24:06,292 - INFO -   batch  90/381 | loss=0.0526 mse=0.0411 sym=0.0121 phy=0.0000 | 6.4s
2026-06-20 15:24:06,964 - INFO -   batch 100/381 | loss=0.0577 mse=0.0461 sym=0.0121 phy=0.0000 | 7.0s
2026-06-20 15:24:07,590 - INFO -   batch 110/381 | loss=0.0633 mse=0.0510 sym=0.0120 phy=0.0000 | 7.7s
2026-06-20 15:24:08,361 - INFO -   batch 120/381 | loss=0.0586 mse=0.0465 sym=0.0121 phy=0.0000 | 8.4s
2026-06-20 15:24:09,048 - INFO -   batch 130/381 | loss=0.0667 mse=0.0548 sym=0.0120 phy=0.0000 | 9.1s
2026-06-20 15:24:09,691 - INFO -   batch 140/381 | loss=0.0669 mse=0.0556 sym=0.0120 phy=0.0000 | 9.8s
2026-06-20 15:24:10,394 - INFO -   batch 150/381 | loss=0.0558 mse=0.0441 sym=0.0121 phy=0.0000 | 10.5s
2026-06-20 15:24:11,117 - INFO -   batch 160/381 | loss=0.0630 mse=0.0501 sym=0.0121 phy=0.0000 | 11.2s
2026-06-20 15:24:11,772 - INFO -   batch 170/381 | loss=0.0622 mse=0.0484 sym=0.0121 phy=0.0000 | 11.8s
2026-06-20 15:24:12,421 - INFO -   batch 180/381 | loss=0.0560 mse=0.0444 sym=0.0121 phy=0.0000 | 12.5s
2026-06-20 15:24:13,176 - INFO -   batch 190/381 | loss=0.0665 mse=0.0539 sym=0.0121 phy=0.0000 | 13.2s
2026-06-20 15:24:13,837 - INFO -   batch 200/381 | loss=0.0703 mse=0.0584 sym=0.0121 phy=0.0000 | 13.9s
2026-06-20 15:24:14,477 - INFO -   batch 210/381 | loss=0.0616 mse=0.0499 sym=0.0121 phy=0.0000 | 14.5s
2026-06-20 15:24:15,249 - INFO -   batch 220/381 | loss=0.0569 mse=0.0447 sym=0.0121 phy=0.0000 | 15.3s
2026-06-20 15:24:15,940 - INFO -   batch 230/381 | loss=0.0576 mse=0.0466 sym=0.0121 phy=0.0000 | 16.0s
2026-06-20 15:24:16,571 - INFO -   batch 240/381 | loss=0.0379 mse=0.0260 sym=0.0121 phy=0.0000 | 16.6s
2026-06-20 15:24:17,289 - INFO -   batch 250/381 | loss=0.0603 mse=0.0469 sym=0.0121 phy=0.0000 | 17.4s
2026-06-20 15:24:18,004 - INFO -   batch 260/381 | loss=0.0675 mse=0.0554 sym=0.0121 phy=0.0000 | 18.1s
2026-06-20 15:24:18,615 - INFO -   batch 270/381 | loss=0.0655 mse=0.0538 sym=0.0120 phy=0.0000 | 18.7s
2026-06-20 15:24:19,307 - INFO -   batch 280/381 | loss=0.0502 mse=0.0387 sym=0.0120 phy=0.0000 | 19.4s
2026-06-20 15:24:20,039 - INFO -   batch 290/381 | loss=0.0633 mse=0.0521 sym=0.0121 phy=0.0000 | 20.1s
2026-06-20 15:24:20,684 - INFO -   batch 300/381 | loss=0.0566 mse=0.0434 sym=0.0121 phy=0.0000 | 20.7s
2026-06-20 15:24:21,331 - INFO -   batch 310/381 | loss=0.0583 mse=0.0445 sym=0.0121 phy=0.0000 | 21.4s
2026-06-20 15:24:22,095 - INFO -   batch 320/381 | loss=0.0633 mse=0.0504 sym=0.0121 phy=0.0000 | 22.2s
2026-06-20 15:24:22,744 - INFO -   batch 330/381 | loss=0.0598 mse=0.0485 sym=0.0121 phy=0.0000 | 22.8s
2026-06-20 15:24:23,386 - INFO -   batch 340/381 | loss=0.0616 mse=0.0483 sym=0.0121 phy=0.0000 | 23.4s
2026-06-20 15:24:24,152 - INFO -   batch 350/381 | loss=0.0737 mse=0.0607 sym=0.0121 phy=0.0000 | 24.2s
2026-06-20 15:24:24,809 - INFO -   batch 360/381 | loss=0.0690 mse=0.0578 sym=0.0121 phy=0.0000 | 24.9s
2026-06-20 15:24:25,493 - INFO -   batch 370/381 | loss=0.0690 mse=0.0570 sym=0.0121 phy=0.0000 | 25.6s
2026-06-20 15:24:26,206 - INFO -   batch 380/381 | loss=0.0572 mse=0.0457 sym=0.0121 phy=0.0000 | 26.3s
2026-06-20 15:24:27,319 - INFO - Epoch  15/50 | Loss=0.0606 MSE=0.0485 Sym=0.0121 Phy=0.0000 | Val RMSE=0.2158 ρ=0.358 | 27s
2026-06-20 15:24:27,473 - INFO -   batch   1/381 | loss=0.0590 mse=0.0482 sym=0.0108 phy=0.0000 | 0.2s
2026-06-20 15:24:28,137 - INFO -   batch  10/381 | loss=0.0604 mse=0.0489 sym=0.0115 phy=0.0000 | 0.8s
2026-06-20 15:24:28,822 - INFO -   batch  20/381 | loss=0.0703 mse=0.0570 sym=0.0120 phy=0.0000 | 1.5s
2026-06-20 15:24:29,443 - INFO -   batch  30/381 | loss=0.0579 mse=0.0456 sym=0.0121 phy=0.0000 | 2.1s
2026-06-20 15:24:30,157 - INFO -   batch  40/381 | loss=0.0414 mse=0.0283 sym=0.0121 phy=0.0000 | 2.8s
2026-06-20 15:24:30,880 - INFO -   batch  50/381 | loss=0.0558 mse=0.0441 sym=0.0122 phy=0.0000 | 3.6s
2026-06-20 15:24:31,496 - INFO -   batch  60/381 | loss=0.0527 mse=0.0419 sym=0.0121 phy=0.0000 | 4.2s
2026-06-20 15:24:32,184 - INFO -   batch  70/381 | loss=0.0439 mse=0.0321 sym=0.0120 phy=0.0000 | 4.9s
2026-06-20 15:24:32,946 - INFO -   batch  80/381 | loss=0.0784 mse=0.0650 sym=0.0120 phy=0.0000 | 5.6s
2026-06-20 15:24:33,605 - INFO -   batch  90/381 | loss=0.0641 mse=0.0517 sym=0.0121 phy=0.0000 | 6.3s
2026-06-20 15:24:34,237 - INFO -   batch 100/381 | loss=0.0576 mse=0.0453 sym=0.0121 phy=0.0000 | 6.9s
2026-06-20 15:24:35,032 - INFO -   batch 110/381 | loss=0.0676 mse=0.0556 sym=0.0121 phy=0.0000 | 7.7s
2026-06-20 15:24:35,693 - INFO -   batch 120/381 | loss=0.0688 mse=0.0562 sym=0.0122 phy=0.0000 | 8.4s
2026-06-20 15:24:36,344 - INFO -   batch 130/381 | loss=0.0679 mse=0.0550 sym=0.0122 phy=0.0000 | 9.0s
2026-06-20 15:24:37,062 - INFO -   batch 140/381 | loss=0.0647 mse=0.0506 sym=0.0122 phy=0.0000 | 9.7s
2026-06-20 15:24:37,754 - INFO -   batch 150/381 | loss=0.0824 mse=0.0697 sym=0.0122 phy=0.0000 | 10.4s
2026-06-20 15:24:38,409 - INFO -   batch 160/381 | loss=0.0521 mse=0.0409 sym=0.0122 phy=0.0000 | 11.1s
2026-06-20 15:24:39,094 - INFO -   batch 170/381 | loss=0.0736 mse=0.0611 sym=0.0122 phy=0.0000 | 11.8s
2026-06-20 15:24:39,820 - INFO -   batch 180/381 | loss=0.0524 mse=0.0406 sym=0.0122 phy=0.0000 | 12.5s
2026-06-20 15:24:40,477 - INFO -   batch 190/381 | loss=0.0446 mse=0.0320 sym=0.0122 phy=0.0000 | 13.2s
2026-06-20 15:24:41,133 - INFO -   batch 200/381 | loss=0.0654 mse=0.0517 sym=0.0122 phy=0.0000 | 13.8s
2026-06-20 15:24:41,927 - INFO -   batch 210/381 | loss=0.0645 mse=0.0519 sym=0.0122 phy=0.0000 | 14.6s
2026-06-20 15:24:42,586 - INFO -   batch 220/381 | loss=0.0634 mse=0.0532 sym=0.0122 phy=0.0000 | 15.3s
2026-06-20 15:24:43,218 - INFO -   batch 230/381 | loss=0.0527 mse=0.0399 sym=0.0122 phy=0.0000 | 15.9s
2026-06-20 15:24:43,975 - INFO -   batch 240/381 | loss=0.0675 mse=0.0553 sym=0.0122 phy=0.0000 | 16.7s
2026-06-20 15:24:44,663 - INFO -   batch 250/381 | loss=0.0558 mse=0.0443 sym=0.0122 phy=0.0000 | 17.3s
2026-06-20 15:24:45,338 - INFO -   batch 260/381 | loss=0.0788 mse=0.0667 sym=0.0122 phy=0.0000 | 18.0s
2026-06-20 15:24:46,025 - INFO -   batch 270/381 | loss=0.0887 mse=0.0767 sym=0.0122 phy=0.0000 | 18.7s
2026-06-20 15:24:46,753 - INFO -   batch 280/381 | loss=0.0510 mse=0.0393 sym=0.0122 phy=0.0000 | 19.4s
2026-06-20 15:24:47,410 - INFO -   batch 290/381 | loss=0.0503 mse=0.0370 sym=0.0122 phy=0.0000 | 20.1s
2026-06-20 15:24:48,065 - INFO -   batch 300/381 | loss=0.0480 mse=0.0358 sym=0.0122 phy=0.0000 | 20.7s
2026-06-20 15:24:48,831 - INFO -   batch 310/381 | loss=0.0530 mse=0.0413 sym=0.0121 phy=0.0000 | 21.5s
2026-06-20 15:24:49,477 - INFO -   batch 320/381 | loss=0.0639 mse=0.0532 sym=0.0121 phy=0.0000 | 22.2s
2026-06-20 15:24:50,115 - INFO -   batch 330/381 | loss=0.0554 mse=0.0442 sym=0.0121 phy=0.0000 | 22.8s
2026-06-20 15:24:50,865 - INFO -   batch 340/381 | loss=0.0707 mse=0.0583 sym=0.0121 phy=0.0000 | 23.5s
2026-06-20 15:24:51,518 - INFO -   batch 350/381 | loss=0.0519 mse=0.0398 sym=0.0121 phy=0.0000 | 24.2s
2026-06-20 15:24:52,137 - INFO -   batch 360/381 | loss=0.0698 mse=0.0569 sym=0.0121 phy=0.0000 | 24.8s
2026-06-20 15:24:52,897 - INFO -   batch 370/381 | loss=0.0462 mse=0.0348 sym=0.0121 phy=0.0000 | 25.6s
2026-06-20 15:24:53,590 - INFO -   batch 380/381 | loss=0.0649 mse=0.0515 sym=0.0121 phy=0.0000 | 26.3s
2026-06-20 15:24:54,910 - INFO -   batch   1/381 | loss=0.0641 mse=0.0514 sym=0.0127 phy=0.0000 | 0.1s
2026-06-20 15:24:55,528 - INFO -   batch  10/381 | loss=0.0646 mse=0.0530 sym=0.0119 phy=0.0000 | 0.8s
2026-06-20 15:24:56,188 - INFO -   batch  20/381 | loss=0.0515 mse=0.0385 sym=0.0119 phy=0.0000 | 1.4s
2026-06-20 15:24:56,918 - INFO -   batch  30/381 | loss=0.0430 mse=0.0317 sym=0.0118 phy=0.0000 | 2.2s
2026-06-20 15:24:57,642 - INFO -   batch  40/381 | loss=0.0605 mse=0.0478 sym=0.0118 phy=0.0000 | 2.9s
2026-06-20 15:24:58,267 - INFO -   batch  50/381 | loss=0.0581 mse=0.0457 sym=0.0119 phy=0.0000 | 3.5s
2026-06-20 15:24:58,953 - INFO -   batch  60/381 | loss=0.0598 mse=0.0481 sym=0.0118 phy=0.0000 | 4.2s
2026-06-20 15:24:59,708 - INFO -   batch  70/381 | loss=0.0745 mse=0.0616 sym=0.0118 phy=0.0000 | 4.9s
2026-06-20 15:25:00,361 - INFO -   batch  80/381 | loss=0.0608 mse=0.0479 sym=0.0119 phy=0.0000 | 5.6s
2026-06-20 15:25:00,999 - INFO -   batch  90/381 | loss=0.0558 mse=0.0425 sym=0.0119 phy=0.0000 | 6.2s
2026-06-20 15:25:01,765 - INFO -   batch 100/381 | loss=0.0652 mse=0.0520 sym=0.0120 phy=0.0000 | 7.0s
2026-06-20 15:25:02,406 - INFO -   batch 110/381 | loss=0.0835 mse=0.0708 sym=0.0120 phy=0.0000 | 7.6s
2026-06-20 15:25:03,073 - INFO -   batch 120/381 | loss=0.0604 mse=0.0473 sym=0.0120 phy=0.0000 | 8.3s
2026-06-20 15:25:03,838 - INFO -   batch 130/381 | loss=0.0596 mse=0.0476 sym=0.0121 phy=0.0000 | 9.1s
2026-06-20 15:25:04,533 - INFO -   batch 140/381 | loss=0.0616 mse=0.0496 sym=0.0121 phy=0.0000 | 9.8s
2026-06-20 15:25:05,193 - INFO -   batch 150/381 | loss=0.0669 mse=0.0557 sym=0.0121 phy=0.0000 | 10.4s
2026-06-20 15:25:05,892 - INFO -   batch 160/381 | loss=0.0614 mse=0.0482 sym=0.0121 phy=0.0000 | 11.1s
2026-06-20 15:25:06,642 - INFO -   batch 170/381 | loss=0.0628 mse=0.0508 sym=0.0121 phy=0.0000 | 11.9s
2026-06-20 15:25:07,295 - INFO -   batch 180/381 | loss=0.0539 mse=0.0408 sym=0.0121 phy=0.0000 | 12.5s
2026-06-20 15:25:07,947 - INFO -   batch 190/381 | loss=0.0525 mse=0.0399 sym=0.0121 phy=0.0000 | 13.2s
2026-06-20 15:25:08,742 - INFO -   batch 200/381 | loss=0.0671 mse=0.0546 sym=0.0121 phy=0.0000 | 14.0s
2026-06-20 15:25:09,405 - INFO -   batch 210/381 | loss=0.0551 mse=0.0448 sym=0.0121 phy=0.0000 | 14.6s
2026-06-20 15:25:10,023 - INFO -   batch 220/381 | loss=0.0682 mse=0.0557 sym=0.0121 phy=0.0000 | 15.3s
2026-06-20 15:25:10,803 - INFO -   batch 230/381 | loss=0.0578 mse=0.0452 sym=0.0121 phy=0.0000 | 16.0s
2026-06-20 15:25:11,494 - INFO -   batch 240/381 | loss=0.0649 mse=0.0520 sym=0.0121 phy=0.0000 | 16.7s
2026-06-20 15:25:12,153 - INFO -   batch 250/381 | loss=0.0735 mse=0.0604 sym=0.0122 phy=0.0000 | 17.4s
2026-06-20 15:25:12,861 - INFO -   batch 260/381 | loss=0.0523 mse=0.0405 sym=0.0122 phy=0.0000 | 18.1s
2026-06-20 15:25:13,579 - INFO -   batch 270/381 | loss=0.0762 mse=0.0640 sym=0.0122 phy=0.0000 | 18.8s
2026-06-20 15:25:14,192 - INFO -   batch 280/381 | loss=0.0385 mse=0.0269 sym=0.0121 phy=0.0000 | 19.4s
2026-06-20 15:25:14,897 - INFO -   batch 290/381 | loss=0.0722 mse=0.0604 sym=0.0121 phy=0.0000 | 20.1s
2026-06-20 15:25:15,624 - INFO -   batch 300/381 | loss=0.0709 mse=0.0582 sym=0.0121 phy=0.0000 | 20.9s
2026-06-20 15:25:16,270 - INFO -   batch 310/381 | loss=0.0515 mse=0.0387 sym=0.0121 phy=0.0000 | 21.5s
2026-06-20 15:25:16,923 - INFO -   batch 320/381 | loss=0.0618 mse=0.0499 sym=0.0121 phy=0.0000 | 22.2s
2026-06-20 15:25:17,716 - INFO -   batch 330/381 | loss=0.0655 mse=0.0527 sym=0.0122 phy=0.0000 | 23.0s
2026-06-20 15:25:18,376 - INFO -   batch 340/381 | loss=0.0556 mse=0.0433 sym=0.0121 phy=0.0000 | 23.6s
2026-06-20 15:25:19,014 - INFO -   batch 350/381 | loss=0.0755 mse=0.0632 sym=0.0122 phy=0.0000 | 24.2s
2026-06-20 15:25:19,773 - INFO -   batch 360/381 | loss=0.0679 mse=0.0562 sym=0.0122 phy=0.0000 | 25.0s
2026-06-20 15:25:20,467 - INFO -   batch 370/381 | loss=0.0548 mse=0.0434 sym=0.0122 phy=0.0000 | 25.7s
2026-06-20 15:25:21,116 - INFO -   batch 380/381 | loss=0.0705 mse=0.0595 sym=0.0122 phy=0.0000 | 26.4s
2026-06-20 15:25:22,424 - INFO -   batch   1/381 | loss=0.0507 mse=0.0398 sym=0.0108 phy=0.0000 | 0.2s
2026-06-20 15:25:22,963 - INFO -   batch  10/381 | loss=0.0527 mse=0.0399 sym=0.0121 phy=0.0000 | 0.7s
2026-06-20 15:25:23,726 - INFO -   batch  20/381 | loss=0.0563 mse=0.0455 sym=0.0121 phy=0.0000 | 1.5s
2026-06-20 15:25:24,424 - INFO -   batch  30/381 | loss=0.0766 mse=0.0637 sym=0.0122 phy=0.0000 | 2.2s
2026-06-20 15:25:25,037 - INFO -   batch  40/381 | loss=0.0704 mse=0.0566 sym=0.0122 phy=0.0000 | 2.8s
2026-06-20 15:25:25,764 - INFO -   batch  50/381 | loss=0.0540 mse=0.0420 sym=0.0122 phy=0.0000 | 3.5s
2026-06-20 15:25:26,483 - INFO -   batch  60/381 | loss=0.0693 mse=0.0567 sym=0.0123 phy=0.0000 | 4.2s
2026-06-20 15:25:27,128 - INFO -   batch  70/381 | loss=0.0964 mse=0.0838 sym=0.0123 phy=0.0000 | 4.9s
2026-06-20 15:25:27,833 - INFO -   batch  80/381 | loss=0.0501 mse=0.0364 sym=0.0122 phy=0.0000 | 5.6s
2026-06-20 15:25:28,598 - INFO -   batch  90/381 | loss=0.0603 mse=0.0471 sym=0.0122 phy=0.0000 | 6.3s
2026-06-20 15:25:29,255 - INFO -   batch 100/381 | loss=0.0571 mse=0.0436 sym=0.0123 phy=0.0000 | 7.0s
2026-06-20 15:25:29,907 - INFO -   batch 110/381 | loss=0.0639 mse=0.0525 sym=0.0123 phy=0.0000 | 7.6s
2026-06-20 15:25:30,660 - INFO -   batch 120/381 | loss=0.0638 mse=0.0509 sym=0.0123 phy=0.0000 | 8.4s
2026-06-20 15:25:31,318 - INFO -   batch 130/381 | loss=0.0502 mse=0.0387 sym=0.0123 phy=0.0000 | 9.0s
2026-06-20 15:25:31,981 - INFO -   batch 140/381 | loss=0.0777 mse=0.0649 sym=0.0123 phy=0.0000 | 9.7s
2026-06-20 15:25:32,705 - INFO -   batch 150/381 | loss=0.0586 mse=0.0472 sym=0.0122 phy=0.0000 | 10.4s
2026-06-20 15:25:33,434 - INFO -   batch 160/381 | loss=0.0676 mse=0.0559 sym=0.0122 phy=0.0000 | 11.2s
2026-06-20 15:25:34,094 - INFO -   batch 170/381 | loss=0.0590 mse=0.0476 sym=0.0122 phy=0.0000 | 11.8s
2026-06-20 15:25:34,744 - INFO -   batch 180/381 | loss=0.0543 mse=0.0424 sym=0.0122 phy=0.0000 | 12.5s
2026-06-20 15:25:35,502 - INFO -   batch 190/381 | loss=0.0685 mse=0.0566 sym=0.0122 phy=0.0000 | 13.2s
2026-06-20 15:25:36,152 - INFO -   batch 200/381 | loss=0.0381 mse=0.0266 sym=0.0122 phy=0.0000 | 13.9s
2026-06-20 15:25:36,777 - INFO -   batch 210/381 | loss=0.0539 mse=0.0453 sym=0.0122 phy=0.0000 | 14.5s
2026-06-20 15:25:37,567 - INFO -   batch 220/381 | loss=0.0590 mse=0.0461 sym=0.0122 phy=0.0000 | 15.3s
2026-06-20 15:25:38,225 - INFO -   batch 230/381 | loss=0.0678 mse=0.0556 sym=0.0122 phy=0.0000 | 16.0s
2026-06-20 15:25:38,880 - INFO -   batch 240/381 | loss=0.0731 mse=0.0615 sym=0.0122 phy=0.0000 | 16.6s
2026-06-20 15:25:39,615 - INFO -   batch 250/381 | loss=0.0547 mse=0.0418 sym=0.0122 phy=0.0000 | 17.3s
2026-06-20 15:25:40,301 - INFO -   batch 260/381 | loss=0.0629 mse=0.0519 sym=0.0122 phy=0.0000 | 18.0s
2026-06-20 15:25:40,951 - INFO -   batch 270/381 | loss=0.0676 mse=0.0567 sym=0.0122 phy=0.0000 | 18.7s
2026-06-20 15:25:41,640 - INFO -   batch 280/381 | loss=0.0468 mse=0.0349 sym=0.0122 phy=0.0000 | 19.4s
2026-06-20 15:25:42,376 - INFO -   batch 290/381 | loss=0.0687 mse=0.0563 sym=0.0122 phy=0.0000 | 20.1s
2026-06-20 15:25:43,016 - INFO -   batch 300/381 | loss=0.0500 mse=0.0382 sym=0.0122 phy=0.0000 | 20.7s
2026-06-20 15:25:43,674 - INFO -   batch 310/381 | loss=0.0654 mse=0.0545 sym=0.0122 phy=0.0000 | 21.4s
2026-06-20 15:25:44,467 - INFO -   batch 320/381 | loss=0.0537 mse=0.0416 sym=0.0122 phy=0.0000 | 22.2s
2026-06-20 15:25:45,123 - INFO -   batch 330/381 | loss=0.0685 mse=0.0572 sym=0.0122 phy=0.0000 | 22.9s
2026-06-20 15:25:45,755 - INFO -   batch 340/381 | loss=0.0428 mse=0.0305 sym=0.0121 phy=0.0000 | 23.5s
2026-06-20 15:25:46,516 - INFO -   batch 350/381 | loss=0.0460 mse=0.0333 sym=0.0121 phy=0.0000 | 24.2s
2026-06-20 15:25:47,208 - INFO -   batch 360/381 | loss=0.0572 mse=0.0466 sym=0.0121 phy=0.0000 | 24.9s
2026-06-20 15:25:47,869 - INFO -   batch 370/381 | loss=0.0604 mse=0.0495 sym=0.0121 phy=0.0000 | 25.6s
2026-06-20 15:25:48,552 - INFO -   batch 380/381 | loss=0.0581 mse=0.0453 sym=0.0121 phy=0.0000 | 26.3s
2026-06-20 15:25:49,818 - INFO -   batch   1/381 | loss=0.0486 mse=0.0368 sym=0.0117 phy=0.0000 | 0.2s
2026-06-20 15:25:50,463 - INFO -   batch  10/381 | loss=0.0423 mse=0.0315 sym=0.0118 phy=0.0000 | 0.8s
2026-06-20 15:25:51,160 - INFO -   batch  20/381 | loss=0.0698 mse=0.0566 sym=0.0118 phy=0.0000 | 1.5s
2026-06-20 15:25:51,787 - INFO -   batch  30/381 | loss=0.0504 mse=0.0376 sym=0.0118 phy=0.0000 | 2.1s
2026-06-20 15:25:52,663 - INFO -   batch  40/381 | loss=0.0695 mse=0.0571 sym=0.0120 phy=0.0000 | 3.0s
2026-06-20 15:25:53,421 - INFO -   batch  50/381 | loss=0.0603 mse=0.0470 sym=0.0119 phy=0.0000 | 3.8s
2026-06-20 15:25:54,113 - INFO -   batch  60/381 | loss=0.0725 mse=0.0604 sym=0.0120 phy=0.0000 | 4.4s
2026-06-20 15:25:54,743 - INFO -   batch  70/381 | loss=0.0618 mse=0.0503 sym=0.0120 phy=0.0000 | 5.1s
2026-06-20 15:25:55,464 - INFO -   batch  80/381 | loss=0.0537 mse=0.0411 sym=0.0121 phy=0.0000 | 5.8s
2026-06-20 15:25:56,190 - INFO -   batch  90/381 | loss=0.0606 mse=0.0478 sym=0.0122 phy=0.0000 | 6.5s
2026-06-20 15:25:56,847 - INFO -   batch 100/381 | loss=0.0600 mse=0.0485 sym=0.0122 phy=0.0000 | 7.2s
2026-06-20 15:25:57,513 - INFO -   batch 110/381 | loss=0.0547 mse=0.0442 sym=0.0121 phy=0.0000 | 7.8s
2026-06-20 15:25:58,288 - INFO -   batch 120/381 | loss=0.0554 mse=0.0437 sym=0.0121 phy=0.0000 | 8.6s
2026-06-20 15:25:58,924 - INFO -   batch 130/381 | loss=0.0462 mse=0.0341 sym=0.0121 phy=0.0000 | 9.3s
2026-06-20 15:25:59,582 - INFO -   batch 140/381 | loss=0.0380 mse=0.0262 sym=0.0120 phy=0.0000 | 9.9s
2026-06-20 15:26:00,340 - INFO -   batch 150/381 | loss=0.0458 mse=0.0332 sym=0.0120 phy=0.0000 | 10.7s
2026-06-20 15:26:00,995 - INFO -   batch 160/381 | loss=0.0571 mse=0.0445 sym=0.0120 phy=0.0000 | 11.3s
2026-06-20 15:26:01,652 - INFO -   batch 170/381 | loss=0.0763 mse=0.0646 sym=0.0121 phy=0.0000 | 12.0s
2026-06-20 15:26:02,381 - INFO -   batch 180/381 | loss=0.0585 mse=0.0474 sym=0.0121 phy=0.0000 | 12.7s
2026-06-20 15:26:03,108 - INFO -   batch 190/381 | loss=0.0616 mse=0.0494 sym=0.0121 phy=0.0000 | 13.4s
2026-06-20 15:26:03,743 - INFO -   batch 200/381 | loss=0.0561 mse=0.0436 sym=0.0121 phy=0.0000 | 14.1s
2026-06-20 15:26:04,424 - INFO -   batch 210/381 | loss=0.0668 mse=0.0543 sym=0.0121 phy=0.0000 | 14.8s
2026-06-20 15:26:05,161 - INFO -   batch 220/381 | loss=0.0808 mse=0.0679 sym=0.0121 phy=0.0000 | 15.5s
2026-06-20 15:26:05,794 - INFO -   batch 230/381 | loss=0.0642 mse=0.0525 sym=0.0121 phy=0.0000 | 16.1s
2026-06-20 15:26:06,450 - INFO -   batch 240/381 | loss=0.0499 mse=0.0373 sym=0.0122 phy=0.0000 | 16.8s
2026-06-20 15:26:07,222 - INFO -   batch 250/381 | loss=0.0680 mse=0.0556 sym=0.0122 phy=0.0000 | 17.6s
2026-06-20 15:26:07,874 - INFO -   batch 260/381 | loss=0.0490 mse=0.0373 sym=0.0122 phy=0.0000 | 18.2s
2026-06-20 15:26:08,536 - INFO -   batch 270/381 | loss=0.0526 mse=0.0403 sym=0.0121 phy=0.0000 | 18.9s
2026-06-20 15:26:09,297 - INFO -   batch 280/381 | loss=0.0771 mse=0.0655 sym=0.0121 phy=0.0000 | 19.6s
2026-06-20 15:26:09,957 - INFO -   batch 290/381 | loss=0.0531 mse=0.0417 sym=0.0121 phy=0.0000 | 20.3s
2026-06-20 15:26:10,622 - INFO -   batch 300/381 | loss=0.0664 mse=0.0542 sym=0.0121 phy=0.0000 | 21.0s
2026-06-20 15:26:11,353 - INFO -   batch 310/381 | loss=0.0799 mse=0.0668 sym=0.0121 phy=0.0000 | 21.7s
2026-06-20 15:26:12,080 - INFO -   batch 320/381 | loss=0.0700 mse=0.0581 sym=0.0121 phy=0.0000 | 22.4s
2026-06-20 15:26:12,712 - INFO -   batch 330/381 | loss=0.0684 mse=0.0569 sym=0.0121 phy=0.0000 | 23.0s
2026-06-20 15:26:13,397 - INFO -   batch 340/381 | loss=0.0561 mse=0.0438 sym=0.0121 phy=0.0000 | 23.7s
2026-06-20 15:26:14,127 - INFO -   batch 350/381 | loss=0.0503 mse=0.0382 sym=0.0121 phy=0.0000 | 24.5s
2026-06-20 15:26:14,777 - INFO -   batch 360/381 | loss=0.0480 mse=0.0366 sym=0.0121 phy=0.0000 | 25.1s
2026-06-20 15:26:15,443 - INFO -   batch 370/381 | loss=0.0614 mse=0.0485 sym=0.0121 phy=0.0000 | 25.8s
2026-06-20 15:26:16,208 - INFO -   batch 380/381 | loss=0.0548 mse=0.0416 sym=0.0122 phy=0.0000 | 26.5s
2026-06-20 15:26:17,542 - INFO -   batch   1/381 | loss=0.0496 mse=0.0372 sym=0.0124 phy=0.0000 | 0.2s
2026-06-20 15:26:18,235 - INFO -   batch  10/381 | loss=0.0455 mse=0.0331 sym=0.0121 phy=0.0000 | 0.8s
2026-06-20 15:26:18,882 - INFO -   batch  20/381 | loss=0.0525 mse=0.0395 sym=0.0122 phy=0.0000 | 1.5s
2026-06-20 15:26:19,509 - INFO -   batch  30/381 | loss=0.0604 mse=0.0482 sym=0.0123 phy=0.0000 | 2.1s
2026-06-20 15:26:20,291 - INFO -   batch  40/381 | loss=0.0639 mse=0.0523 sym=0.0124 phy=0.0000 | 2.9s
2026-06-20 15:26:20,950 - INFO -   batch  50/381 | loss=0.0532 mse=0.0404 sym=0.0124 phy=0.0000 | 3.6s
2026-06-20 15:26:21,583 - INFO -   batch  60/381 | loss=0.0581 mse=0.0454 sym=0.0125 phy=0.0000 | 4.2s
2026-06-20 15:26:22,343 - INFO -   batch  70/381 | loss=0.0736 mse=0.0607 sym=0.0124 phy=0.0000 | 5.0s
2026-06-20 15:26:23,022 - INFO -   batch  80/381 | loss=0.0700 mse=0.0572 sym=0.0124 phy=0.0000 | 5.6s
2026-06-20 15:26:23,639 - INFO -   batch  90/381 | loss=0.0526 mse=0.0403 sym=0.0124 phy=0.0000 | 6.3s
2026-06-20 15:26:24,372 - INFO -   batch 100/381 | loss=0.0574 mse=0.0452 sym=0.0124 phy=0.0000 | 7.0s
2026-06-20 15:26:25,062 - INFO -   batch 110/381 | loss=0.0732 mse=0.0622 sym=0.0124 phy=0.0000 | 7.7s
2026-06-20 15:26:25,726 - INFO -   batch 120/381 | loss=0.0635 mse=0.0495 sym=0.0124 phy=0.0000 | 8.3s
2026-06-20 15:26:26,419 - INFO -   batch 130/381 | loss=0.0466 mse=0.0343 sym=0.0124 phy=0.0000 | 9.0s
2026-06-20 15:26:27,169 - INFO -   batch 140/381 | loss=0.0542 mse=0.0431 sym=0.0123 phy=0.0000 | 9.8s
2026-06-20 15:26:27,804 - INFO -   batch 150/381 | loss=0.0626 mse=0.0503 sym=0.0123 phy=0.0000 | 10.4s
2026-06-20 15:26:28,459 - INFO -   batch 160/381 | loss=0.0664 mse=0.0552 sym=0.0123 phy=0.0000 | 11.1s
2026-06-20 15:26:29,256 - INFO -   batch 170/381 | loss=0.0512 mse=0.0389 sym=0.0123 phy=0.0000 | 11.9s
2026-06-20 15:26:29,914 - INFO -   batch 180/381 | loss=0.0681 mse=0.0566 sym=0.0123 phy=0.0000 | 12.5s
2026-06-20 15:26:30,531 - INFO -   batch 190/381 | loss=0.0647 mse=0.0511 sym=0.0123 phy=0.0000 | 13.1s
2026-06-20 15:26:31,293 - INFO -   batch 200/381 | loss=0.0501 mse=0.0380 sym=0.0123 phy=0.0000 | 13.9s
2026-06-20 15:26:31,976 - INFO -   batch 210/381 | loss=0.0592 mse=0.0480 sym=0.0123 phy=0.0000 | 14.6s
2026-06-20 15:26:32,588 - INFO -   batch 220/381 | loss=0.0490 mse=0.0363 sym=0.0123 phy=0.0000 | 15.2s
2026-06-20 15:26:33,314 - INFO -   batch 230/381 | loss=0.0539 mse=0.0409 sym=0.0123 phy=0.0000 | 15.9s
2026-06-20 15:26:34,006 - INFO -   batch 240/381 | loss=0.0611 mse=0.0497 sym=0.0123 phy=0.0000 | 16.6s
2026-06-20 15:26:34,646 - INFO -   batch 250/381 | loss=0.0624 mse=0.0490 sym=0.0122 phy=0.0000 | 17.3s
2026-06-20 15:26:35,353 - INFO -   batch 260/381 | loss=0.0544 mse=0.0426 sym=0.0122 phy=0.0000 | 18.0s
2026-06-20 15:26:36,085 - INFO -   batch 270/381 | loss=0.0438 mse=0.0322 sym=0.0122 phy=0.0000 | 18.7s
2026-06-20 15:26:36,702 - INFO -   batch 280/381 | loss=0.0632 mse=0.0507 sym=0.0122 phy=0.0000 | 19.3s
2026-06-20 15:26:37,397 - INFO -   batch 290/381 | loss=0.0651 mse=0.0529 sym=0.0122 phy=0.0000 | 20.0s
2026-06-20 15:26:38,159 - INFO -   batch 300/381 | loss=0.0504 mse=0.0389 sym=0.0122 phy=0.0000 | 20.8s
2026-06-20 15:26:38,792 - INFO -   batch 310/381 | loss=0.0656 mse=0.0544 sym=0.0122 phy=0.0000 | 21.4s
2026-06-20 15:26:39,436 - INFO -   batch 320/381 | loss=0.0679 mse=0.0558 sym=0.0122 phy=0.0000 | 22.0s
2026-06-20 15:26:40,200 - INFO -   batch 330/381 | loss=0.0765 mse=0.0651 sym=0.0122 phy=0.0000 | 22.8s
2026-06-20 15:26:40,853 - INFO -   batch 340/381 | loss=0.0641 mse=0.0518 sym=0.0122 phy=0.0000 | 23.5s
2026-06-20 15:26:41,512 - INFO -   batch 350/381 | loss=0.0624 mse=0.0495 sym=0.0122 phy=0.0000 | 24.1s
2026-06-20 15:26:42,282 - INFO -   batch 360/381 | loss=0.0518 mse=0.0401 sym=0.0122 phy=0.0000 | 24.9s
2026-06-20 15:26:42,928 - INFO -   batch 370/381 | loss=0.0532 mse=0.0409 sym=0.0122 phy=0.0000 | 25.5s
2026-06-20 15:26:43,549 - INFO -   batch 380/381 | loss=0.0662 mse=0.0545 sym=0.0122 phy=0.0000 | 26.2s
2026-06-20 15:26:44,705 - INFO - Epoch  20/50 | Loss=0.0603 MSE=0.0481 Sym=0.0122 Phy=0.0000 | Val RMSE=0.2154 ρ=0.345 | 27s
2026-06-20 15:26:44,858 - INFO -   batch   1/381 | loss=0.0544 mse=0.0412 sym=0.0132 phy=0.0000 | 0.2s
2026-06-20 15:26:45,450 - INFO -   batch  10/381 | loss=0.0786 mse=0.0667 sym=0.0119 phy=0.0000 | 0.7s
2026-06-20 15:26:46,207 - INFO -   batch  20/381 | loss=0.0732 mse=0.0609 sym=0.0117 phy=0.0000 | 1.5s
2026-06-20 15:26:46,862 - INFO -   batch  30/381 | loss=0.0511 mse=0.0408 sym=0.0118 phy=0.0000 | 2.2s
2026-06-20 15:26:47,479 - INFO -   batch  40/381 | loss=0.0594 mse=0.0472 sym=0.0119 phy=0.0000 | 2.8s
2026-06-20 15:26:48,263 - INFO -   batch  50/381 | loss=0.0573 mse=0.0442 sym=0.0119 phy=0.0000 | 3.6s
2026-06-20 15:26:48,892 - INFO -   batch  60/381 | loss=0.0628 mse=0.0506 sym=0.0120 phy=0.0000 | 4.2s
2026-06-20 15:26:49,535 - INFO -   batch  70/381 | loss=0.0504 mse=0.0374 sym=0.0121 phy=0.0000 | 4.8s
2026-06-20 15:26:50,286 - INFO -   batch  80/381 | loss=0.0596 mse=0.0468 sym=0.0122 phy=0.0000 | 5.6s
2026-06-20 15:26:50,943 - INFO -   batch  90/381 | loss=0.0535 mse=0.0423 sym=0.0121 phy=0.0000 | 6.2s
2026-06-20 15:26:51,549 - INFO -   batch 100/381 | loss=0.0630 mse=0.0514 sym=0.0121 phy=0.0000 | 6.8s
2026-06-20 15:26:52,309 - INFO -   batch 110/381 | loss=0.0435 mse=0.0315 sym=0.0121 phy=0.0000 | 7.6s
2026-06-20 15:26:53,003 - INFO -   batch 120/381 | loss=0.0535 mse=0.0410 sym=0.0121 phy=0.0000 | 8.3s
2026-06-20 15:26:53,653 - INFO -   batch 130/381 | loss=0.0552 mse=0.0444 sym=0.0121 phy=0.0000 | 8.9s
2026-06-20 15:26:54,349 - INFO -   batch 140/381 | loss=0.0500 mse=0.0374 sym=0.0121 phy=0.0000 | 9.6s
2026-06-20 15:26:55,039 - INFO -   batch 150/381 | loss=0.0577 mse=0.0437 sym=0.0121 phy=0.0000 | 10.3s
2026-06-20 15:26:55,680 - INFO -   batch 160/381 | loss=0.0511 mse=0.0387 sym=0.0121 phy=0.0000 | 11.0s
2026-06-20 15:26:56,358 - INFO -   batch 170/381 | loss=0.0531 mse=0.0421 sym=0.0121 phy=0.0000 | 11.7s
2026-06-20 15:26:57,082 - INFO -   batch 180/381 | loss=0.0661 mse=0.0541 sym=0.0121 phy=0.0000 | 12.4s
2026-06-20 15:26:57,691 - INFO -   batch 190/381 | loss=0.0461 mse=0.0340 sym=0.0121 phy=0.0000 | 13.0s
2026-06-20 15:26:58,367 - INFO -   batch 200/381 | loss=0.0548 mse=0.0431 sym=0.0121 phy=0.0000 | 13.7s
2026-06-20 15:26:59,095 - INFO -   batch 210/381 | loss=0.0562 mse=0.0433 sym=0.0121 phy=0.0000 | 14.4s
2026-06-20 15:26:59,728 - INFO -   batch 220/381 | loss=0.0513 mse=0.0390 sym=0.0121 phy=0.0000 | 15.0s
2026-06-20 15:27:00,391 - INFO -   batch 230/381 | loss=0.0826 mse=0.0714 sym=0.0121 phy=0.0000 | 15.7s
2026-06-20 15:27:01,109 - INFO -   batch 240/381 | loss=0.0777 mse=0.0662 sym=0.0121 phy=0.0000 | 16.4s
2026-06-20 15:27:01,759 - INFO -   batch 250/381 | loss=0.0562 mse=0.0430 sym=0.0121 phy=0.0000 | 17.1s
2026-06-20 15:27:02,416 - INFO -   batch 260/381 | loss=0.0587 mse=0.0472 sym=0.0121 phy=0.0000 | 17.7s
2026-06-20 15:27:03,230 - INFO -   batch 270/381 | loss=0.0547 mse=0.0426 sym=0.0121 phy=0.0000 | 18.5s
2026-06-20 15:27:03,853 - INFO -   batch 280/381 | loss=0.0645 mse=0.0521 sym=0.0121 phy=0.0000 | 19.1s
2026-06-20 15:27:04,520 - INFO -   batch 290/381 | loss=0.0575 mse=0.0432 sym=0.0121 phy=0.0000 | 19.8s
2026-06-20 15:27:05,297 - INFO -   batch 300/381 | loss=0.0586 mse=0.0471 sym=0.0121 phy=0.0000 | 20.6s
2026-06-20 15:27:05,976 - INFO -   batch 310/381 | loss=0.0582 mse=0.0454 sym=0.0121 phy=0.0000 | 21.3s
2026-06-20 15:27:06,608 - INFO -   batch 320/381 | loss=0.0622 mse=0.0492 sym=0.0121 phy=0.0000 | 21.9s
2026-06-20 15:27:07,327 - INFO -   batch 330/381 | loss=0.0495 mse=0.0370 sym=0.0121 phy=0.0000 | 22.6s
2026-06-20 15:27:08,017 - INFO -   batch 340/381 | loss=0.0733 mse=0.0608 sym=0.0121 phy=0.0000 | 23.3s
2026-06-20 15:27:08,660 - INFO -   batch 350/381 | loss=0.0615 mse=0.0504 sym=0.0121 phy=0.0000 | 24.0s
2026-06-20 15:27:09,376 - INFO -   batch 360/381 | loss=0.0482 mse=0.0367 sym=0.0121 phy=0.0000 | 24.7s
2026-06-20 15:27:10,109 - INFO -   batch 370/381 | loss=0.0686 mse=0.0586 sym=0.0121 phy=0.0000 | 25.4s
2026-06-20 15:27:10,764 - INFO -   batch 380/381 | loss=0.0647 mse=0.0529 sym=0.0121 phy=0.0000 | 26.1s
2026-06-20 15:27:12,075 - INFO -   batch   1/381 | loss=0.0645 mse=0.0510 sym=0.0135 phy=0.0000 | 0.2s
2026-06-20 15:27:12,635 - INFO -   batch  10/381 | loss=0.0742 mse=0.0626 sym=0.0124 phy=0.0000 | 0.7s
2026-06-20 15:27:13,358 - INFO -   batch  20/381 | loss=0.0580 mse=0.0456 sym=0.0123 phy=0.0000 | 1.4s
2026-06-20 15:27:14,085 - INFO -   batch  30/381 | loss=0.0615 mse=0.0511 sym=0.0123 phy=0.0000 | 2.2s
2026-06-20 15:27:14,745 - INFO -   batch  40/381 | loss=0.0674 mse=0.0554 sym=0.0124 phy=0.0000 | 2.8s
2026-06-20 15:27:15,405 - INFO -   batch  50/381 | loss=0.0471 mse=0.0349 sym=0.0124 phy=0.0000 | 3.5s
2026-06-20 15:27:16,169 - INFO -   batch  60/381 | loss=0.0618 mse=0.0503 sym=0.0123 phy=0.0000 | 4.3s
2026-06-20 15:27:16,826 - INFO -   batch  70/381 | loss=0.0626 mse=0.0519 sym=0.0122 phy=0.0000 | 4.9s
2026-06-20 15:27:17,473 - INFO -   batch  80/381 | loss=0.0846 mse=0.0729 sym=0.0122 phy=0.0000 | 5.6s
2026-06-20 15:27:18,244 - INFO -   batch  90/381 | loss=0.0741 mse=0.0625 sym=0.0122 phy=0.0000 | 6.3s
2026-06-20 15:27:18,904 - INFO -   batch 100/381 | loss=0.0508 mse=0.0387 sym=0.0122 phy=0.0000 | 7.0s
2026-06-20 15:27:19,560 - INFO -   batch 110/381 | loss=0.0549 mse=0.0441 sym=0.0123 phy=0.0000 | 7.6s
2026-06-20 15:27:20,288 - INFO -   batch 120/381 | loss=0.0493 mse=0.0374 sym=0.0122 phy=0.0000 | 8.4s
2026-06-20 15:27:21,009 - INFO -   batch 130/381 | loss=0.0474 mse=0.0369 sym=0.0122 phy=0.0000 | 9.1s
2026-06-20 15:27:21,633 - INFO -   batch 140/381 | loss=0.0744 mse=0.0616 sym=0.0122 phy=0.0000 | 9.7s
2026-06-20 15:27:22,329 - INFO -   batch 150/381 | loss=0.0588 mse=0.0477 sym=0.0122 phy=0.0000 | 10.4s
2026-06-20 15:27:23,064 - INFO -   batch 160/381 | loss=0.0729 mse=0.0606 sym=0.0122 phy=0.0000 | 11.1s
2026-06-20 15:27:23,706 - INFO -   batch 170/381 | loss=0.0588 mse=0.0468 sym=0.0122 phy=0.0000 | 11.8s
2026-06-20 15:27:24,358 - INFO -   batch 180/381 | loss=0.0670 mse=0.0544 sym=0.0122 phy=0.0000 | 12.4s
2026-06-20 15:27:25,143 - INFO -   batch 190/381 | loss=0.0638 mse=0.0527 sym=0.0121 phy=0.0000 | 13.2s
2026-06-20 15:27:25,780 - INFO -   batch 200/381 | loss=0.0416 mse=0.0297 sym=0.0121 phy=0.0000 | 13.9s
2026-06-20 15:27:26,425 - INFO -   batch 210/381 | loss=0.0681 mse=0.0560 sym=0.0120 phy=0.0000 | 14.5s
2026-06-20 15:27:27,200 - INFO -   batch 220/381 | loss=0.0709 mse=0.0579 sym=0.0120 phy=0.0000 | 15.3s
2026-06-20 15:27:27,857 - INFO -   batch 230/381 | loss=0.0513 mse=0.0381 sym=0.0121 phy=0.0000 | 15.9s
2026-06-20 15:27:28,507 - INFO -   batch 240/381 | loss=0.0535 mse=0.0419 sym=0.0121 phy=0.0000 | 16.6s
2026-06-20 15:27:29,223 - INFO -   batch 250/381 | loss=0.0537 mse=0.0414 sym=0.0121 phy=0.0000 | 17.3s
2026-06-20 15:27:29,918 - INFO -   batch 260/381 | loss=0.0601 mse=0.0489 sym=0.0121 phy=0.0000 | 18.0s
2026-06-20 15:27:30,548 - INFO -   batch 270/381 | loss=0.0608 mse=0.0476 sym=0.0121 phy=0.0000 | 18.6s
2026-06-20 15:27:31,275 - INFO -   batch 280/381 | loss=0.0631 mse=0.0522 sym=0.0121 phy=0.0000 | 19.4s
2026-06-20 15:27:32,007 - INFO -   batch 290/381 | loss=0.0571 mse=0.0449 sym=0.0121 phy=0.0000 | 20.1s
2026-06-20 15:27:32,658 - INFO -   batch 300/381 | loss=0.0452 mse=0.0319 sym=0.0121 phy=0.0000 | 20.7s
2026-06-20 15:27:33,328 - INFO -   batch 310/381 | loss=0.0749 mse=0.0625 sym=0.0121 phy=0.0000 | 21.4s
2026-06-20 15:27:34,092 - INFO -   batch 320/381 | loss=0.0428 mse=0.0310 sym=0.0121 phy=0.0000 | 22.2s
2026-06-20 15:27:34,757 - INFO -   batch 330/381 | loss=0.0706 mse=0.0590 sym=0.0121 phy=0.0000 | 22.8s
2026-06-20 15:27:35,414 - INFO -   batch 340/381 | loss=0.0644 mse=0.0525 sym=0.0121 phy=0.0000 | 23.5s
2026-06-20 15:27:36,186 - INFO -   batch 350/381 | loss=0.0739 mse=0.0614 sym=0.0122 phy=0.0000 | 24.3s
2026-06-20 15:27:36,835 - INFO -   batch 360/381 | loss=0.0579 mse=0.0473 sym=0.0122 phy=0.0000 | 24.9s
2026-06-20 15:27:37,441 - INFO -   batch 370/381 | loss=0.0605 mse=0.0473 sym=0.0122 phy=0.0000 | 25.5s
2026-06-20 15:27:38,194 - INFO -   batch 380/381 | loss=0.0500 mse=0.0367 sym=0.0122 phy=0.0000 | 26.3s
2026-06-20 15:27:39,534 - INFO -   batch   1/381 | loss=0.0690 mse=0.0558 sym=0.0133 phy=0.0000 | 0.2s
2026-06-20 15:27:40,220 - INFO -   batch  10/381 | loss=0.0594 mse=0.0463 sym=0.0125 phy=0.0000 | 0.8s
2026-06-20 15:27:40,904 - INFO -   batch  20/381 | loss=0.0438 mse=0.0332 sym=0.0120 phy=0.0000 | 1.5s
2026-06-20 15:27:41,522 - INFO -   batch  30/381 | loss=0.0681 mse=0.0557 sym=0.0121 phy=0.0000 | 2.1s
2026-06-20 15:27:42,253 - INFO -   batch  40/381 | loss=0.0582 mse=0.0456 sym=0.0122 phy=0.0000 | 2.9s
2026-06-20 15:27:42,954 - INFO -   batch  50/381 | loss=0.0504 mse=0.0382 sym=0.0122 phy=0.0000 | 3.6s
2026-06-20 15:27:43,601 - INFO -   batch  60/381 | loss=0.0560 mse=0.0440 sym=0.0122 phy=0.0000 | 4.2s
2026-06-20 15:27:44,295 - INFO -   batch  70/381 | loss=0.0651 mse=0.0521 sym=0.0122 phy=0.0000 | 4.9s
2026-06-20 15:27:45,063 - INFO -   batch  80/381 | loss=0.0607 mse=0.0491 sym=0.0122 phy=0.0000 | 5.7s
2026-06-20 15:27:45,723 - INFO -   batch  90/381 | loss=0.0587 mse=0.0480 sym=0.0121 phy=0.0000 | 6.4s
2026-06-20 15:27:46,338 - INFO -   batch 100/381 | loss=0.0543 mse=0.0418 sym=0.0121 phy=0.0000 | 7.0s
2026-06-20 15:27:47,129 - INFO -   batch 110/381 | loss=0.0648 mse=0.0524 sym=0.0122 phy=0.0000 | 7.8s
2026-06-20 15:27:47,960 - INFO -   batch 120/381 | loss=0.0587 mse=0.0456 sym=0.0122 phy=0.0000 | 8.6s
2026-06-20 15:27:48,578 - INFO -   batch 130/381 | loss=0.0666 mse=0.0557 sym=0.0121 phy=0.0000 | 9.2s
2026-06-20 15:27:49,262 - INFO -   batch 140/381 | loss=0.0629 mse=0.0513 sym=0.0121 phy=0.0000 | 9.9s
2026-06-20 15:27:50,029 - INFO -   batch 150/381 | loss=0.0513 mse=0.0402 sym=0.0121 phy=0.0000 | 10.7s
2026-06-20 15:27:50,681 - INFO -   batch 160/381 | loss=0.0516 mse=0.0378 sym=0.0121 phy=0.0000 | 11.3s
2026-06-20 15:27:51,309 - INFO -   batch 170/381 | loss=0.0528 mse=0.0398 sym=0.0121 phy=0.0000 | 11.9s
2026-06-20 15:27:52,092 - INFO -   batch 180/381 | loss=0.0605 mse=0.0485 sym=0.0121 phy=0.0000 | 12.7s
2026-06-20 15:27:52,719 - INFO -   batch 190/381 | loss=0.0663 mse=0.0561 sym=0.0121 phy=0.0000 | 13.3s
2026-06-20 15:27:53,363 - INFO -   batch 200/381 | loss=0.0582 mse=0.0454 sym=0.0121 phy=0.0000 | 14.0s
2026-06-20 15:27:54,130 - INFO -   batch 210/381 | loss=0.0762 mse=0.0645 sym=0.0121 phy=0.0000 | 14.8s
2026-06-20 15:27:54,781 - INFO -   batch 220/381 | loss=0.0653 mse=0.0533 sym=0.0121 phy=0.0000 | 15.4s
2026-06-20 15:27:55,463 - INFO -   batch 230/381 | loss=0.0523 mse=0.0411 sym=0.0121 phy=0.0000 | 16.1s
2026-06-20 15:27:56,181 - INFO -   batch 240/381 | loss=0.0563 mse=0.0433 sym=0.0122 phy=0.0000 | 16.8s
2026-06-20 15:27:56,898 - INFO -   batch 250/381 | loss=0.0771 mse=0.0648 sym=0.0122 phy=0.0000 | 17.5s
2026-06-20 15:27:57,547 - INFO -   batch 260/381 | loss=0.0556 mse=0.0437 sym=0.0122 phy=0.0000 | 18.2s
2026-06-20 15:27:58,242 - INFO -   batch 270/381 | loss=0.0537 mse=0.0418 sym=0.0122 phy=0.0000 | 18.9s
2026-06-20 15:27:58,974 - INFO -   batch 280/381 | loss=0.0659 mse=0.0532 sym=0.0122 phy=0.0000 | 19.6s
2026-06-20 15:27:59,614 - INFO -   batch 290/381 | loss=0.0668 mse=0.0545 sym=0.0122 phy=0.0000 | 20.2s
2026-06-20 15:28:00,276 - INFO -   batch 300/381 | loss=0.0555 mse=0.0442 sym=0.0122 phy=0.0000 | 20.9s
2026-06-20 15:28:01,047 - INFO -   batch 310/381 | loss=0.0472 mse=0.0332 sym=0.0122 phy=0.0000 | 21.7s
2026-06-20 15:28:01,695 - INFO -   batch 320/381 | loss=0.0445 mse=0.0316 sym=0.0122 phy=0.0000 | 22.3s
2026-06-20 15:28:02,350 - INFO -   batch 330/381 | loss=0.0648 mse=0.0537 sym=0.0122 phy=0.0000 | 23.0s
2026-06-20 15:28:03,124 - INFO -   batch 340/381 | loss=0.0609 mse=0.0490 sym=0.0122 phy=0.0000 | 23.8s
2026-06-20 15:28:03,783 - INFO -   batch 350/381 | loss=0.0492 mse=0.0365 sym=0.0122 phy=0.0000 | 24.4s
2026-06-20 15:28:04,436 - INFO -   batch 360/381 | loss=0.0566 mse=0.0457 sym=0.0122 phy=0.0000 | 25.1s
2026-06-20 15:28:05,172 - INFO -   batch 370/381 | loss=0.0694 mse=0.0564 sym=0.0122 phy=0.0000 | 25.8s
2026-06-20 15:28:05,896 - INFO -   batch 380/381 | loss=0.0533 mse=0.0410 sym=0.0122 phy=0.0000 | 26.5s
2026-06-20 15:28:07,213 - INFO -   batch   1/381 | loss=0.0521 mse=0.0402 sym=0.0119 phy=0.0000 | 0.2s
2026-06-20 15:28:07,856 - INFO -   batch  10/381 | loss=0.0626 mse=0.0507 sym=0.0120 phy=0.0000 | 0.8s
2026-06-20 15:28:08,519 - INFO -   batch  20/381 | loss=0.0517 mse=0.0406 sym=0.0118 phy=0.0000 | 1.5s
2026-06-20 15:28:09,218 - INFO -   batch  30/381 | loss=0.0717 mse=0.0600 sym=0.0118 phy=0.0000 | 2.2s
2026-06-20 15:28:09,944 - INFO -   batch  40/381 | loss=0.0513 mse=0.0395 sym=0.0119 phy=0.0000 | 2.9s
2026-06-20 15:28:10,570 - INFO -   batch  50/381 | loss=0.0615 mse=0.0484 sym=0.0120 phy=0.0000 | 3.5s
2026-06-20 15:28:11,253 - INFO -   batch  60/381 | loss=0.0645 mse=0.0506 sym=0.0121 phy=0.0000 | 4.2s
2026-06-20 15:28:11,994 - INFO -   batch  70/381 | loss=0.0720 mse=0.0599 sym=0.0121 phy=0.0000 | 4.9s
2026-06-20 15:28:12,658 - INFO -   batch  80/381 | loss=0.0692 mse=0.0565 sym=0.0121 phy=0.0000 | 5.6s
2026-06-20 15:28:13,316 - INFO -   batch  90/381 | loss=0.0533 mse=0.0414 sym=0.0121 phy=0.0000 | 6.3s
2026-06-20 15:28:14,088 - INFO -   batch 100/381 | loss=0.0616 mse=0.0479 sym=0.0122 phy=0.0000 | 7.0s
2026-06-20 15:28:14,751 - INFO -   batch 110/381 | loss=0.0539 mse=0.0425 sym=0.0122 phy=0.0000 | 7.7s
2026-06-20 15:28:15,359 - INFO -   batch 120/381 | loss=0.0484 mse=0.0372 sym=0.0122 phy=0.0000 | 8.3s
2026-06-20 15:28:16,148 - INFO -   batch 130/381 | loss=0.0634 mse=0.0517 sym=0.0122 phy=0.0000 | 9.1s
2026-06-20 15:28:16,811 - INFO -   batch 140/381 | loss=0.0624 mse=0.0506 sym=0.0122 phy=0.0000 | 9.8s
2026-06-20 15:28:17,470 - INFO -   batch 150/381 | loss=0.0640 mse=0.0507 sym=0.0122 phy=0.0000 | 10.4s
2026-06-20 15:28:18,201 - INFO -   batch 160/381 | loss=0.0654 mse=0.0530 sym=0.0122 phy=0.0000 | 11.1s
2026-06-20 15:28:18,887 - INFO -   batch 170/381 | loss=0.0538 mse=0.0415 sym=0.0122 phy=0.0000 | 11.8s
2026-06-20 15:28:19,509 - INFO -   batch 180/381 | loss=0.0478 mse=0.0355 sym=0.0122 phy=0.0000 | 12.5s
2026-06-20 15:28:20,237 - INFO -   batch 190/381 | loss=0.0541 mse=0.0436 sym=0.0122 phy=0.0000 | 13.2s
2026-06-20 15:28:20,967 - INFO -   batch 200/381 | loss=0.0585 mse=0.0451 sym=0.0123 phy=0.0000 | 13.9s
2026-06-20 15:28:21,617 - INFO -   batch 210/381 | loss=0.0607 mse=0.0480 sym=0.0122 phy=0.0000 | 14.6s
2026-06-20 15:28:22,293 - INFO -   batch 220/381 | loss=0.0518 mse=0.0402 sym=0.0123 phy=0.0000 | 15.2s
2026-06-20 15:28:23,056 - INFO -   batch 230/381 | loss=0.0525 mse=0.0385 sym=0.0122 phy=0.0000 | 16.0s
2026-06-20 15:28:23,712 - INFO -   batch 240/381 | loss=0.0671 mse=0.0543 sym=0.0123 phy=0.0000 | 16.7s
2026-06-20 15:28:24,360 - INFO -   batch 250/381 | loss=0.0758 mse=0.0623 sym=0.0123 phy=0.0000 | 17.3s
2026-06-20 15:28:25,147 - INFO -   batch 260/381 | loss=0.0577 mse=0.0457 sym=0.0123 phy=0.0000 | 18.1s
2026-06-20 15:28:25,803 - INFO -   batch 270/381 | loss=0.0608 mse=0.0486 sym=0.0123 phy=0.0000 | 18.7s
2026-06-20 15:28:26,416 - INFO -   batch 280/381 | loss=0.0514 mse=0.0404 sym=0.0123 phy=0.0000 | 19.4s
2026-06-20 15:28:27,176 - INFO -   batch 290/381 | loss=0.0682 mse=0.0558 sym=0.0122 phy=0.0000 | 20.1s
2026-06-20 15:28:27,866 - INFO -   batch 300/381 | loss=0.0739 mse=0.0617 sym=0.0122 phy=0.0000 | 20.8s
2026-06-20 15:28:28,484 - INFO -   batch 310/381 | loss=0.0522 mse=0.0411 sym=0.0122 phy=0.0000 | 21.4s
2026-06-20 15:28:29,217 - INFO -   batch 320/381 | loss=0.0577 mse=0.0458 sym=0.0122 phy=0.0000 | 22.2s
2026-06-20 15:28:29,940 - INFO -   batch 330/381 | loss=0.0671 mse=0.0555 sym=0.0122 phy=0.0000 | 22.9s
2026-06-20 15:28:30,569 - INFO -   batch 340/381 | loss=0.0807 mse=0.0690 sym=0.0122 phy=0.0000 | 23.5s
2026-06-20 15:28:31,284 - INFO -   batch 350/381 | loss=0.0752 mse=0.0634 sym=0.0122 phy=0.0000 | 24.2s
2026-06-20 15:28:32,027 - INFO -   batch 360/381 | loss=0.0620 mse=0.0501 sym=0.0122 phy=0.0000 | 25.0s
2026-06-20 15:28:32,654 - INFO -   batch 370/381 | loss=0.0680 mse=0.0587 sym=0.0122 phy=0.0000 | 25.6s
2026-06-20 15:28:33,335 - INFO -   batch 380/381 | loss=0.0655 mse=0.0522 sym=0.0122 phy=0.0000 | 26.3s
2026-06-20 15:28:34,638 - INFO -   batch   1/381 | loss=0.0447 mse=0.0313 sym=0.0134 phy=0.0000 | 0.1s
2026-06-20 15:28:35,307 - INFO -   batch  10/381 | loss=0.0474 mse=0.0342 sym=0.0124 phy=0.0000 | 0.8s
2026-06-20 15:28:36,002 - INFO -   batch  20/381 | loss=0.0512 mse=0.0373 sym=0.0124 phy=0.0000 | 1.5s
2026-06-20 15:28:36,639 - INFO -   batch  30/381 | loss=0.0700 mse=0.0578 sym=0.0125 phy=0.0000 | 2.1s
2026-06-20 15:28:37,396 - INFO -   batch  40/381 | loss=0.0730 mse=0.0606 sym=0.0125 phy=0.0000 | 2.9s
2026-06-20 15:28:38,079 - INFO -   batch  50/381 | loss=0.0546 mse=0.0427 sym=0.0124 phy=0.0000 | 3.6s
2026-06-20 15:28:38,718 - INFO -   batch  60/381 | loss=0.0480 mse=0.0358 sym=0.0123 phy=0.0000 | 4.2s
2026-06-20 15:28:39,468 - INFO -   batch  70/381 | loss=0.0565 mse=0.0443 sym=0.0123 phy=0.0000 | 5.0s
2026-06-20 15:28:40,131 - INFO -   batch  80/381 | loss=0.0577 mse=0.0444 sym=0.0123 phy=0.0000 | 5.6s
2026-06-20 15:28:40,749 - INFO -   batch  90/381 | loss=0.0693 mse=0.0567 sym=0.0123 phy=0.0000 | 6.3s
2026-06-20 15:28:41,513 - INFO -   batch 100/381 | loss=0.0739 mse=0.0610 sym=0.0123 phy=0.0000 | 7.0s
2026-06-20 15:28:42,169 - INFO -   batch 110/381 | loss=0.0430 mse=0.0327 sym=0.0123 phy=0.0000 | 7.7s
2026-06-20 15:28:42,774 - INFO -   batch 120/381 | loss=0.0622 mse=0.0497 sym=0.0123 phy=0.0000 | 8.3s
2026-06-20 15:28:43,576 - INFO -   batch 130/381 | loss=0.0555 mse=0.0433 sym=0.0123 phy=0.0000 | 9.1s
2026-06-20 15:28:44,187 - INFO -   batch 140/381 | loss=0.0533 mse=0.0412 sym=0.0123 phy=0.0000 | 9.7s
2026-06-20 15:28:44,793 - INFO -   batch 150/381 | loss=0.0536 mse=0.0409 sym=0.0123 phy=0.0000 | 10.3s
2026-06-20 15:28:45,524 - INFO -   batch 160/381 | loss=0.0592 mse=0.0463 sym=0.0122 phy=0.0000 | 11.0s
2026-06-20 15:28:46,110 - INFO -   batch 170/381 | loss=0.0572 mse=0.0442 sym=0.0122 phy=0.0000 | 11.6s
2026-06-20 15:28:46,828 - INFO -   batch 180/381 | loss=0.0549 mse=0.0430 sym=0.0122 phy=0.0000 | 12.3s
2026-06-20 15:28:47,538 - INFO -   batch 190/381 | loss=0.0799 mse=0.0666 sym=0.0122 phy=0.0000 | 13.0s
2026-06-20 15:28:48,178 - INFO -   batch 200/381 | loss=0.0753 mse=0.0638 sym=0.0122 phy=0.0000 | 13.7s
2026-06-20 15:28:48,892 - INFO -   batch 210/381 | loss=0.0680 mse=0.0553 sym=0.0122 phy=0.0000 | 14.4s
2026-06-20 15:28:49,582 - INFO -   batch 220/381 | loss=0.0629 mse=0.0504 sym=0.0122 phy=0.0000 | 15.1s
2026-06-20 15:28:50,188 - INFO -   batch 230/381 | loss=0.0663 mse=0.0538 sym=0.0122 phy=0.0000 | 15.7s
2026-06-20 15:28:50,958 - INFO -   batch 240/381 | loss=0.0689 mse=0.0577 sym=0.0122 phy=0.0000 | 16.5s
2026-06-20 15:28:51,588 - INFO -   batch 250/381 | loss=0.0627 mse=0.0501 sym=0.0122 phy=0.0000 | 17.1s
2026-06-20 15:28:52,238 - INFO -   batch 260/381 | loss=0.0574 mse=0.0468 sym=0.0122 phy=0.0000 | 17.7s
2026-06-20 15:28:52,993 - INFO -   batch 270/381 | loss=0.0715 mse=0.0592 sym=0.0122 phy=0.0000 | 18.5s
2026-06-20 15:28:53,650 - INFO -   batch 280/381 | loss=0.0715 mse=0.0601 sym=0.0122 phy=0.0000 | 19.2s
2026-06-20 15:28:54,338 - INFO -   batch 290/381 | loss=0.0728 mse=0.0607 sym=0.0122 phy=0.0000 | 19.8s
2026-06-20 15:28:55,069 - INFO -   batch 300/381 | loss=0.0555 mse=0.0459 sym=0.0122 phy=0.0000 | 20.6s
2026-06-20 15:28:55,688 - INFO -   batch 310/381 | loss=0.0598 mse=0.0484 sym=0.0121 phy=0.0000 | 21.2s
2026-06-20 15:28:56,443 - INFO -   batch 320/381 | loss=0.0581 mse=0.0455 sym=0.0121 phy=0.0000 | 22.0s
2026-06-20 15:28:57,102 - INFO -   batch 330/381 | loss=0.0571 mse=0.0450 sym=0.0121 phy=0.0000 | 22.6s
2026-06-20 15:28:57,684 - INFO -   batch 340/381 | loss=0.0634 mse=0.0517 sym=0.0121 phy=0.0000 | 23.2s
2026-06-20 15:28:58,492 - INFO -   batch 350/381 | loss=0.0676 mse=0.0556 sym=0.0121 phy=0.0000 | 24.0s
2026-06-20 15:28:59,117 - INFO -   batch 360/381 | loss=0.0620 mse=0.0505 sym=0.0121 phy=0.0000 | 24.6s
2026-06-20 15:28:59,801 - INFO -   batch 370/381 | loss=0.0610 mse=0.0496 sym=0.0121 phy=0.0000 | 25.3s
2026-06-20 15:29:00,530 - INFO -   batch 380/381 | loss=0.0460 mse=0.0329 sym=0.0121 phy=0.0000 | 26.0s
2026-06-20 15:29:01,711 - INFO - Epoch  25/50 | Loss=0.0600 MSE=0.0479 Sym=0.0121 Phy=0.0000 | Val RMSE=0.2172 ρ=0.350 | 27s
2026-06-20 15:29:01,861 - INFO -   batch   1/381 | loss=0.0589 mse=0.0468 sym=0.0122 phy=0.0000 | 0.1s
2026-06-20 15:29:02,411 - INFO -   batch  10/381 | loss=0.0469 mse=0.0343 sym=0.0121 phy=0.0000 | 0.7s
2026-06-20 15:29:03,107 - INFO -   batch  20/381 | loss=0.0403 mse=0.0280 sym=0.0123 phy=0.0000 | 1.4s
2026-06-20 15:29:03,863 - INFO -   batch  30/381 | loss=0.0616 mse=0.0503 sym=0.0123 phy=0.0000 | 2.2s
2026-06-20 15:29:04,494 - INFO -   batch  40/381 | loss=0.0715 mse=0.0595 sym=0.0123 phy=0.0000 | 2.8s
2026-06-20 15:29:05,228 - INFO -   batch  50/381 | loss=0.0583 mse=0.0462 sym=0.0123 phy=0.0000 | 3.5s
2026-06-20 15:29:05,918 - INFO -   batch  60/381 | loss=0.0690 mse=0.0561 sym=0.0124 phy=0.0000 | 4.2s
2026-06-20 15:29:06,553 - INFO -   batch  70/381 | loss=0.0674 mse=0.0557 sym=0.0123 phy=0.0000 | 4.8s
2026-06-20 15:29:07,340 - INFO -   batch  80/381 | loss=0.0917 mse=0.0795 sym=0.0122 phy=0.0000 | 5.6s
2026-06-20 15:29:07,966 - INFO -   batch  90/381 | loss=0.0565 mse=0.0445 sym=0.0123 phy=0.0000 | 6.3s
2026-06-20 15:29:08,604 - INFO -   batch 100/381 | loss=0.0514 mse=0.0397 sym=0.0123 phy=0.0000 | 6.9s
2026-06-20 15:29:09,376 - INFO -   batch 110/381 | loss=0.0426 mse=0.0308 sym=0.0122 phy=0.0000 | 7.7s
2026-06-20 15:29:10,025 - INFO -   batch 120/381 | loss=0.0603 mse=0.0477 sym=0.0122 phy=0.0000 | 8.3s
2026-06-20 15:29:10,715 - INFO -   batch 130/381 | loss=0.0431 mse=0.0306 sym=0.0123 phy=0.0000 | 9.0s
2026-06-20 15:29:11,437 - INFO -   batch 140/381 | loss=0.0632 mse=0.0505 sym=0.0122 phy=0.0000 | 9.7s
2026-06-20 15:29:12,023 - INFO -   batch 150/381 | loss=0.0605 mse=0.0481 sym=0.0122 phy=0.0000 | 10.3s
2026-06-20 15:29:12,801 - INFO -   batch 160/381 | loss=0.0468 mse=0.0348 sym=0.0122 phy=0.0000 | 11.1s
2026-06-20 15:29:13,426 - INFO -   batch 170/381 | loss=0.0702 mse=0.0568 sym=0.0122 phy=0.0000 | 11.7s
2026-06-20 15:29:14,076 - INFO -   batch 180/381 | loss=0.0590 mse=0.0463 sym=0.0122 phy=0.0000 | 12.4s
2026-06-20 15:29:14,848 - INFO -   batch 190/381 | loss=0.0766 mse=0.0632 sym=0.0122 phy=0.0000 | 13.1s
2026-06-20 15:29:15,478 - INFO -   batch 200/381 | loss=0.0604 mse=0.0494 sym=0.0122 phy=0.0000 | 13.8s
2026-06-20 15:29:16,178 - INFO -   batch 210/381 | loss=0.0502 mse=0.0385 sym=0.0122 phy=0.0000 | 14.5s
2026-06-20 15:29:16,890 - INFO -   batch 220/381 | loss=0.0713 mse=0.0576 sym=0.0122 phy=0.0000 | 15.2s
2026-06-20 15:29:17,490 - INFO -   batch 230/381 | loss=0.0703 mse=0.0579 sym=0.0122 phy=0.0000 | 15.8s
2026-06-20 15:29:18,266 - INFO -   batch 240/381 | loss=0.0741 mse=0.0613 sym=0.0122 phy=0.0000 | 16.6s
2026-06-20 15:29:18,886 - INFO -   batch 250/381 | loss=0.0711 mse=0.0606 sym=0.0122 phy=0.0000 | 17.2s
2026-06-20 15:29:19,533 - INFO -   batch 260/381 | loss=0.0703 mse=0.0610 sym=0.0122 phy=0.0000 | 17.8s
2026-06-20 15:29:20,304 - INFO -   batch 270/381 | loss=0.0699 mse=0.0585 sym=0.0121 phy=0.0000 | 18.6s
2026-06-20 15:29:20,956 - INFO -   batch 280/381 | loss=0.0691 mse=0.0554 sym=0.0121 phy=0.0000 | 19.2s
2026-06-20 15:29:21,652 - INFO -   batch 290/381 | loss=0.0633 mse=0.0505 sym=0.0121 phy=0.0000 | 19.9s
2026-06-20 15:29:22,349 - INFO -   batch 300/381 | loss=0.0590 mse=0.0483 sym=0.0121 phy=0.0000 | 20.6s
2026-06-20 15:29:22,984 - INFO -   batch 310/381 | loss=0.0467 mse=0.0355 sym=0.0121 phy=0.0000 | 21.3s
2026-06-20 15:29:23,736 - INFO -   batch 320/381 | loss=0.0640 mse=0.0510 sym=0.0121 phy=0.0000 | 22.0s
2026-06-20 15:29:24,365 - INFO -   batch 330/381 | loss=0.0611 mse=0.0486 sym=0.0121 phy=0.0000 | 22.7s
2026-06-20 15:29:25,012 - INFO -   batch 340/381 | loss=0.0553 mse=0.0417 sym=0.0121 phy=0.0000 | 23.3s
2026-06-20 15:29:25,771 - INFO -   batch 350/381 | loss=0.0454 mse=0.0325 sym=0.0121 phy=0.0000 | 24.1s
2026-06-20 15:29:26,387 - INFO -   batch 360/381 | loss=0.0630 mse=0.0505 sym=0.0121 phy=0.0000 | 24.7s
2026-06-20 15:29:27,100 - INFO -   batch 370/381 | loss=0.0472 mse=0.0342 sym=0.0121 phy=0.0000 | 25.4s
2026-06-20 15:29:27,799 - INFO -   batch 380/381 | loss=0.0580 mse=0.0447 sym=0.0121 phy=0.0000 | 26.1s
2026-06-20 15:29:29,056 - INFO -   batch   1/381 | loss=0.0541 mse=0.0429 sym=0.0113 phy=0.0000 | 0.2s
2026-06-20 15:29:29,595 - INFO -   batch  10/381 | loss=0.0665 mse=0.0535 sym=0.0119 phy=0.0000 | 0.7s
2026-06-20 15:29:30,348 - INFO -   batch  20/381 | loss=0.0571 mse=0.0438 sym=0.0121 phy=0.0000 | 1.4s
2026-06-20 15:29:31,000 - INFO -   batch  30/381 | loss=0.0450 mse=0.0321 sym=0.0120 phy=0.0000 | 2.1s
2026-06-20 15:29:31,603 - INFO -   batch  40/381 | loss=0.0726 mse=0.0595 sym=0.0122 phy=0.0000 | 2.7s
2026-06-20 15:29:32,361 - INFO -   batch  50/381 | loss=0.0487 mse=0.0363 sym=0.0121 phy=0.0000 | 3.5s
2026-06-20 15:29:32,963 - INFO -   batch  60/381 | loss=0.0621 mse=0.0505 sym=0.0122 phy=0.0000 | 4.1s
2026-06-20 15:29:33,677 - INFO -   batch  70/381 | loss=0.0618 mse=0.0507 sym=0.0122 phy=0.0000 | 4.8s
2026-06-20 15:29:34,372 - INFO -   batch  80/381 | loss=0.0646 mse=0.0516 sym=0.0123 phy=0.0000 | 5.5s
2026-06-20 15:29:34,984 - INFO -   batch  90/381 | loss=0.0791 mse=0.0671 sym=0.0123 phy=0.0000 | 6.1s
2026-06-20 15:29:35,781 - INFO -   batch 100/381 | loss=0.0547 mse=0.0428 sym=0.0122 phy=0.0000 | 6.9s
2026-06-20 15:29:36,398 - INFO -   batch 110/381 | loss=0.0638 mse=0.0493 sym=0.0122 phy=0.0000 | 7.5s
2026-06-20 15:29:37,032 - INFO -   batch 120/381 | loss=0.0572 mse=0.0438 sym=0.0123 phy=0.0000 | 8.1s
2026-06-20 15:29:37,797 - INFO -   batch 130/381 | loss=0.0602 mse=0.0488 sym=0.0123 phy=0.0000 | 8.9s
2026-06-20 15:29:38,372 - INFO -   batch 140/381 | loss=0.0710 mse=0.0583 sym=0.0122 phy=0.0000 | 9.5s
2026-06-20 15:29:39,111 - INFO -   batch 150/381 | loss=0.0503 mse=0.0368 sym=0.0122 phy=0.0000 | 10.2s
2026-06-20 15:29:39,765 - INFO -   batch 160/381 | loss=0.0643 mse=0.0549 sym=0.0122 phy=0.0000 | 10.9s
2026-06-20 15:29:40,359 - INFO -   batch 170/381 | loss=0.0467 mse=0.0347 sym=0.0122 phy=0.0000 | 11.5s
2026-06-20 15:29:41,150 - INFO -   batch 180/381 | loss=0.0569 mse=0.0443 sym=0.0122 phy=0.0000 | 12.2s
2026-06-20 15:29:41,743 - INFO -   batch 190/381 | loss=0.0695 mse=0.0578 sym=0.0122 phy=0.0000 | 12.8s
2026-06-20 15:29:42,646 - INFO -   batch 200/381 | loss=0.0559 mse=0.0433 sym=0.0122 phy=0.0000 | 13.7s
2026-06-20 15:29:43,432 - INFO -   batch 210/381 | loss=0.0848 mse=0.0711 sym=0.0122 phy=0.0000 | 14.5s
2026-06-20 15:29:44,047 - INFO -   batch 220/381 | loss=0.0631 mse=0.0514 sym=0.0122 phy=0.0000 | 15.1s
2026-06-20 15:29:44,714 - INFO -   batch 230/381 | loss=0.0521 mse=0.0397 sym=0.0122 phy=0.0000 | 15.8s
2026-06-20 15:29:45,438 - INFO -   batch 240/381 | loss=0.0518 mse=0.0405 sym=0.0122 phy=0.0000 | 16.5s
2026-06-20 15:29:46,032 - INFO -   batch 250/381 | loss=0.0416 mse=0.0306 sym=0.0122 phy=0.0000 | 17.1s
2026-06-20 15:29:46,767 - INFO -   batch 260/381 | loss=0.0542 mse=0.0417 sym=0.0122 phy=0.0000 | 17.9s
2026-06-20 15:29:47,421 - INFO -   batch 270/381 | loss=0.0621 mse=0.0492 sym=0.0122 phy=0.0000 | 18.5s
2026-06-20 15:29:48,043 - INFO -   batch 280/381 | loss=0.0489 mse=0.0362 sym=0.0122 phy=0.0000 | 19.1s
2026-06-20 15:29:48,875 - INFO -   batch 290/381 | loss=0.0739 mse=0.0618 sym=0.0122 phy=0.0000 | 20.0s
2026-06-20 15:29:49,505 - INFO -   batch 300/381 | loss=0.0623 mse=0.0512 sym=0.0122 phy=0.0000 | 20.6s
2026-06-20 15:29:50,158 - INFO -   batch 310/381 | loss=0.0486 mse=0.0382 sym=0.0121 phy=0.0000 | 21.3s
2026-06-20 15:29:50,913 - INFO -   batch 320/381 | loss=0.0514 mse=0.0389 sym=0.0122 phy=0.0000 | 22.0s
2026-06-20 15:29:51,495 - INFO -   batch 330/381 | loss=0.0734 mse=0.0607 sym=0.0122 phy=0.0000 | 22.6s
2026-06-20 15:29:52,224 - INFO -   batch 340/381 | loss=0.0525 mse=0.0403 sym=0.0122 phy=0.0000 | 23.3s
2026-06-20 15:29:52,882 - INFO -   batch 350/381 | loss=0.0429 mse=0.0309 sym=0.0122 phy=0.0000 | 24.0s
2026-06-20 15:29:53,475 - INFO -   batch 360/381 | loss=0.0649 mse=0.0516 sym=0.0122 phy=0.0000 | 24.6s
2026-06-20 15:29:54,245 - INFO -   batch 370/381 | loss=0.0743 mse=0.0620 sym=0.0122 phy=0.0000 | 25.3s
2026-06-20 15:29:54,865 - INFO -   batch 380/381 | loss=0.0661 mse=0.0545 sym=0.0122 phy=0.0000 | 26.0s
2026-06-20 15:29:56,123 - INFO -   batch   1/381 | loss=0.0830 mse=0.0709 sym=0.0121 phy=0.0000 | 0.2s
2026-06-20 15:29:56,688 - INFO -   batch  10/381 | loss=0.0668 mse=0.0533 sym=0.0118 phy=0.0000 | 0.7s
2026-06-20 15:29:57,434 - INFO -   batch  20/381 | loss=0.0731 mse=0.0612 sym=0.0118 phy=0.0000 | 1.5s
2026-06-20 15:29:58,027 - INFO -   batch  30/381 | loss=0.0730 mse=0.0609 sym=0.0118 phy=0.0000 | 2.1s
2026-06-20 15:29:58,777 - INFO -   batch  40/381 | loss=0.0433 mse=0.0306 sym=0.0119 phy=0.0000 | 2.8s
2026-06-20 15:29:59,425 - INFO -   batch  50/381 | loss=0.0708 mse=0.0583 sym=0.0119 phy=0.0000 | 3.5s
2026-06-20 15:30:00,044 - INFO -   batch  60/381 | loss=0.0760 mse=0.0650 sym=0.0118 phy=0.0000 | 4.1s
2026-06-20 15:30:00,804 - INFO -   batch  70/381 | loss=0.0689 mse=0.0583 sym=0.0119 phy=0.0000 | 4.8s
2026-06-20 15:30:01,425 - INFO -   batch  80/381 | loss=0.0621 mse=0.0513 sym=0.0119 phy=0.0000 | 5.5s
2026-06-20 15:30:02,114 - INFO -   batch  90/381 | loss=0.0599 mse=0.0480 sym=0.0119 phy=0.0000 | 6.1s
2026-06-20 15:30:02,809 - INFO -   batch 100/381 | loss=0.0631 mse=0.0508 sym=0.0120 phy=0.0000 | 6.8s
2026-06-20 15:30:03,417 - INFO -   batch 110/381 | loss=0.0572 mse=0.0453 sym=0.0120 phy=0.0000 | 7.4s
2026-06-20 15:30:04,191 - INFO -   batch 120/381 | loss=0.0590 mse=0.0469 sym=0.0120 phy=0.0000 | 8.2s
2026-06-20 15:30:04,813 - INFO -   batch 130/381 | loss=0.0662 mse=0.0539 sym=0.0120 phy=0.0000 | 8.8s
2026-06-20 15:30:05,449 - INFO -   batch 140/381 | loss=0.0518 mse=0.0392 sym=0.0120 phy=0.0000 | 9.5s
2026-06-20 15:30:06,175 - INFO -   batch 150/381 | loss=0.0960 mse=0.0843 sym=0.0121 phy=0.0000 | 10.2s
2026-06-20 15:30:06,807 - INFO -   batch 160/381 | loss=0.0538 mse=0.0419 sym=0.0121 phy=0.0000 | 10.8s
2026-06-20 15:30:07,566 - INFO -   batch 170/381 | loss=0.0578 mse=0.0463 sym=0.0120 phy=0.0000 | 11.6s
2026-06-20 15:30:08,510 - INFO -   batch 180/381 | loss=0.0619 mse=0.0497 sym=0.0120 phy=0.0000 | 12.5s
2026-06-20 15:30:09,289 - INFO -   batch 190/381 | loss=0.0450 mse=0.0338 sym=0.0121 phy=0.0000 | 13.3s
2026-06-20 15:30:10,091 - INFO -   batch 200/381 | loss=0.0722 mse=0.0603 sym=0.0121 phy=0.0000 | 14.1s
2026-06-20 15:30:10,888 - INFO -   batch 210/381 | loss=0.0649 mse=0.0515 sym=0.0121 phy=0.0000 | 14.9s
2026-06-20 15:30:11,654 - INFO -   batch 220/381 | loss=0.0693 mse=0.0567 sym=0.0121 phy=0.0000 | 15.7s
2026-06-20 15:30:12,425 - INFO -   batch 230/381 | loss=0.0626 mse=0.0511 sym=0.0121 phy=0.0000 | 16.5s
2026-06-20 15:30:13,204 - INFO -   batch 240/381 | loss=0.0608 mse=0.0497 sym=0.0121 phy=0.0000 | 17.2s
2026-06-20 15:30:14,005 - INFO -   batch 250/381 | loss=0.0806 mse=0.0682 sym=0.0121 phy=0.0000 | 18.0s
2026-06-20 15:30:14,780 - INFO -   batch 260/381 | loss=0.0649 mse=0.0524 sym=0.0121 phy=0.0000 | 18.8s
2026-06-20 15:30:15,550 - INFO -   batch 270/381 | loss=0.0508 mse=0.0388 sym=0.0121 phy=0.0000 | 19.6s
2026-06-20 15:30:16,338 - INFO -   batch 280/381 | loss=0.0548 mse=0.0414 sym=0.0121 phy=0.0000 | 20.4s
2026-06-20 15:30:17,127 - INFO -   batch 290/381 | loss=0.0686 mse=0.0562 sym=0.0121 phy=0.0000 | 21.2s
2026-06-20 15:30:17,909 - INFO -   batch 300/381 | loss=0.0628 mse=0.0511 sym=0.0121 phy=0.0000 | 21.9s
2026-06-20 15:30:18,673 - INFO -   batch 310/381 | loss=0.0592 mse=0.0478 sym=0.0121 phy=0.0000 | 22.7s
2026-06-20 15:30:19,444 - INFO -   batch 320/381 | loss=0.0575 mse=0.0445 sym=0.0121 phy=0.0000 | 23.5s
2026-06-20 15:30:20,225 - INFO -   batch 330/381 | loss=0.0525 mse=0.0399 sym=0.0121 phy=0.0000 | 24.3s
2026-06-20 15:30:20,991 - INFO -   batch 340/381 | loss=0.0566 mse=0.0467 sym=0.0121 phy=0.0000 | 25.0s
2026-06-20 15:30:21,765 - INFO -   batch 350/381 | loss=0.0736 mse=0.0623 sym=0.0121 phy=0.0000 | 25.8s
2026-06-20 15:30:22,535 - INFO -   batch 360/381 | loss=0.0649 mse=0.0504 sym=0.0121 phy=0.0000 | 26.6s
2026-06-20 15:30:23,305 - INFO -   batch 370/381 | loss=0.0698 mse=0.0589 sym=0.0121 phy=0.0000 | 27.3s
2026-06-20 15:30:24,085 - INFO -   batch 380/381 | loss=0.0768 mse=0.0635 sym=0.0121 phy=0.0000 | 28.1s
2026-06-20 15:30:25,744 - INFO -   batch   1/381 | loss=0.0556 mse=0.0443 sym=0.0113 phy=0.0000 | 0.2s
2026-06-20 15:30:26,453 - INFO -   batch  10/381 | loss=0.0567 mse=0.0446 sym=0.0122 phy=0.0000 | 0.9s
2026-06-20 15:30:27,218 - INFO -   batch  20/381 | loss=0.0476 mse=0.0356 sym=0.0121 phy=0.0000 | 1.7s
2026-06-20 15:30:27,996 - INFO -   batch  30/381 | loss=0.0802 mse=0.0685 sym=0.0120 phy=0.0000 | 2.4s
2026-06-20 15:30:28,771 - INFO -   batch  40/381 | loss=0.0596 mse=0.0480 sym=0.0120 phy=0.0000 | 3.2s
2026-06-20 15:30:29,550 - INFO -   batch  50/381 | loss=0.0644 mse=0.0514 sym=0.0120 phy=0.0000 | 4.0s
2026-06-20 15:30:30,337 - INFO -   batch  60/381 | loss=0.0515 mse=0.0391 sym=0.0121 phy=0.0000 | 4.8s
2026-06-20 15:30:31,113 - INFO -   batch  70/381 | loss=0.0560 mse=0.0436 sym=0.0122 phy=0.0000 | 5.6s
2026-06-20 15:30:31,890 - INFO -   batch  80/381 | loss=0.0467 mse=0.0340 sym=0.0122 phy=0.0000 | 6.3s
2026-06-20 15:30:32,655 - INFO -   batch  90/381 | loss=0.0610 mse=0.0494 sym=0.0121 phy=0.0000 | 7.1s
2026-06-20 15:30:33,428 - INFO -   batch 100/381 | loss=0.0394 mse=0.0279 sym=0.0121 phy=0.0000 | 7.9s
2026-06-20 15:30:34,203 - INFO -   batch 110/381 | loss=0.0701 mse=0.0589 sym=0.0121 phy=0.0000 | 8.6s
2026-06-20 15:30:34,995 - INFO -   batch 120/381 | loss=0.0548 mse=0.0423 sym=0.0121 phy=0.0000 | 9.4s
2026-06-20 15:30:35,770 - INFO -   batch 130/381 | loss=0.0572 mse=0.0443 sym=0.0121 phy=0.0000 | 10.2s
2026-06-20 15:30:36,544 - INFO -   batch 140/381 | loss=0.0602 mse=0.0480 sym=0.0121 phy=0.0000 | 11.0s
2026-06-20 15:30:37,329 - INFO -   batch 150/381 | loss=0.0756 mse=0.0633 sym=0.0121 phy=0.0000 | 11.8s
2026-06-20 15:30:38,115 - INFO -   batch 160/381 | loss=0.0659 mse=0.0555 sym=0.0122 phy=0.0000 | 12.6s
2026-06-20 15:30:38,918 - INFO -   batch 170/381 | loss=0.0689 mse=0.0570 sym=0.0121 phy=0.0000 | 13.4s
2026-06-20 15:30:39,713 - INFO -   batch 180/381 | loss=0.0701 mse=0.0585 sym=0.0121 phy=0.0000 | 14.2s
2026-06-20 15:30:40,504 - INFO -   batch 190/381 | loss=0.0555 mse=0.0418 sym=0.0121 phy=0.0000 | 14.9s
2026-06-20 15:30:41,307 - INFO -   batch 200/381 | loss=0.0677 mse=0.0557 sym=0.0121 phy=0.0000 | 15.7s
2026-06-20 15:30:42,112 - INFO -   batch 210/381 | loss=0.0595 mse=0.0480 sym=0.0121 phy=0.0000 | 16.6s
2026-06-20 15:30:42,906 - INFO -   batch 220/381 | loss=0.0634 mse=0.0523 sym=0.0121 phy=0.0000 | 17.3s
2026-06-20 15:30:43,704 - INFO -   batch 230/381 | loss=0.0527 mse=0.0407 sym=0.0121 phy=0.0000 | 18.1s
2026-06-20 15:30:44,505 - INFO -   batch 240/381 | loss=0.0477 mse=0.0359 sym=0.0121 phy=0.0000 | 18.9s
2026-06-20 15:30:45,303 - INFO -   batch 250/381 | loss=0.0713 mse=0.0581 sym=0.0121 phy=0.0000 | 19.7s
2026-06-20 15:30:46,089 - INFO -   batch 260/381 | loss=0.0652 mse=0.0533 sym=0.0121 phy=0.0000 | 20.5s
2026-06-20 15:30:46,875 - INFO -   batch 270/381 | loss=0.0592 mse=0.0468 sym=0.0121 phy=0.0000 | 21.3s
2026-06-20 15:30:47,676 - INFO -   batch 280/381 | loss=0.0687 mse=0.0572 sym=0.0121 phy=0.0000 | 22.1s
2026-06-20 15:30:48,465 - INFO -   batch 290/381 | loss=0.0590 mse=0.0469 sym=0.0122 phy=0.0000 | 22.9s
2026-06-20 15:30:49,251 - INFO -   batch 300/381 | loss=0.0801 mse=0.0666 sym=0.0122 phy=0.0000 | 23.7s
2026-06-20 15:30:50,037 - INFO -   batch 310/381 | loss=0.0756 mse=0.0631 sym=0.0122 phy=0.0000 | 24.5s
2026-06-20 15:30:50,845 - INFO -   batch 320/381 | loss=0.0552 mse=0.0423 sym=0.0122 phy=0.0000 | 25.3s
2026-06-20 15:30:51,643 - INFO -   batch 330/381 | loss=0.0412 mse=0.0302 sym=0.0122 phy=0.0000 | 26.1s
2026-06-20 15:30:52,436 - INFO -   batch 340/381 | loss=0.0401 mse=0.0286 sym=0.0121 phy=0.0000 | 26.9s
2026-06-20 15:30:53,235 - INFO -   batch 350/381 | loss=0.0619 mse=0.0499 sym=0.0122 phy=0.0000 | 27.7s
2026-06-20 15:30:54,028 - INFO -   batch 360/381 | loss=0.0758 mse=0.0628 sym=0.0122 phy=0.0000 | 28.5s
2026-06-20 15:30:54,826 - INFO -   batch 370/381 | loss=0.0619 mse=0.0496 sym=0.0122 phy=0.0000 | 29.3s
2026-06-20 15:30:55,622 - INFO -   batch 380/381 | loss=0.0637 mse=0.0527 sym=0.0122 phy=0.0000 | 30.1s
2026-06-20 15:30:57,249 - INFO -   batch   1/381 | loss=0.0477 mse=0.0352 sym=0.0125 phy=0.0000 | 0.2s
2026-06-20 15:30:57,964 - INFO -   batch  10/381 | loss=0.0604 mse=0.0473 sym=0.0121 phy=0.0000 | 0.9s
2026-06-20 15:30:58,750 - INFO -   batch  20/381 | loss=0.0722 mse=0.0607 sym=0.0120 phy=0.0000 | 1.7s
2026-06-20 15:30:59,543 - INFO -   batch  30/381 | loss=0.0648 mse=0.0521 sym=0.0120 phy=0.0000 | 2.5s
2026-06-20 15:31:00,358 - INFO -   batch  40/381 | loss=0.0603 mse=0.0468 sym=0.0120 phy=0.0000 | 3.3s
2026-06-20 15:31:01,168 - INFO -   batch  50/381 | loss=0.0522 mse=0.0399 sym=0.0120 phy=0.0000 | 4.1s
2026-06-20 15:31:01,963 - INFO -   batch  60/381 | loss=0.0654 mse=0.0532 sym=0.0120 phy=0.0000 | 4.9s
2026-06-20 15:31:02,783 - INFO -   batch  70/381 | loss=0.0441 mse=0.0322 sym=0.0120 phy=0.0000 | 5.7s
2026-06-20 15:31:03,578 - INFO -   batch  80/381 | loss=0.0550 mse=0.0419 sym=0.0119 phy=0.0000 | 6.5s
2026-06-20 15:31:04,379 - INFO -   batch  90/381 | loss=0.0569 mse=0.0435 sym=0.0120 phy=0.0000 | 7.3s
2026-06-20 15:31:05,165 - INFO -   batch 100/381 | loss=0.0554 mse=0.0428 sym=0.0121 phy=0.0000 | 8.1s
2026-06-20 15:31:05,954 - INFO -   batch 110/381 | loss=0.0687 mse=0.0569 sym=0.0120 phy=0.0000 | 8.9s
2026-06-20 15:31:06,745 - INFO -   batch 120/381 | loss=0.0627 mse=0.0494 sym=0.0121 phy=0.0000 | 9.7s
2026-06-20 15:31:07,541 - INFO -   batch 130/381 | loss=0.0643 mse=0.0532 sym=0.0121 phy=0.0000 | 10.4s
2026-06-20 15:31:08,332 - INFO -   batch 140/381 | loss=0.0519 mse=0.0399 sym=0.0121 phy=0.0000 | 11.2s
2026-06-20 15:31:09,125 - INFO -   batch 150/381 | loss=0.0703 mse=0.0586 sym=0.0121 phy=0.0000 | 12.0s
2026-06-20 15:31:09,914 - INFO -   batch 160/381 | loss=0.0576 mse=0.0450 sym=0.0121 phy=0.0000 | 12.8s
2026-06-20 15:31:10,703 - INFO -   batch 170/381 | loss=0.0797 mse=0.0682 sym=0.0121 phy=0.0000 | 13.6s
2026-06-20 15:31:11,498 - INFO -   batch 180/381 | loss=0.0794 mse=0.0680 sym=0.0121 phy=0.0000 | 14.4s
2026-06-20 15:31:12,289 - INFO -   batch 190/381 | loss=0.0577 mse=0.0456 sym=0.0121 phy=0.0000 | 15.2s
2026-06-20 15:31:13,085 - INFO -   batch 200/381 | loss=0.0551 mse=0.0420 sym=0.0121 phy=0.0000 | 16.0s
2026-06-20 15:31:13,876 - INFO -   batch 210/381 | loss=0.0628 mse=0.0496 sym=0.0121 phy=0.0000 | 16.8s
2026-06-20 15:31:14,679 - INFO -   batch 220/381 | loss=0.0522 mse=0.0398 sym=0.0121 phy=0.0000 | 17.6s
2026-06-20 15:31:15,463 - INFO -   batch 230/381 | loss=0.0646 mse=0.0526 sym=0.0121 phy=0.0000 | 18.4s
2026-06-20 15:31:16,251 - INFO -   batch 240/381 | loss=0.0520 mse=0.0401 sym=0.0121 phy=0.0000 | 19.2s
2026-06-20 15:31:17,038 - INFO -   batch 250/381 | loss=0.0594 mse=0.0487 sym=0.0121 phy=0.0000 | 19.9s
2026-06-20 15:31:17,829 - INFO -   batch 260/381 | loss=0.0638 mse=0.0520 sym=0.0121 phy=0.0000 | 20.7s
2026-06-20 15:31:18,619 - INFO -   batch 270/381 | loss=0.0578 mse=0.0440 sym=0.0121 phy=0.0000 | 21.5s
2026-06-20 15:31:19,448 - INFO -   batch 280/381 | loss=0.0613 mse=0.0493 sym=0.0121 phy=0.0000 | 22.4s
2026-06-20 15:31:20,236 - INFO -   batch 290/381 | loss=0.0634 mse=0.0503 sym=0.0121 phy=0.0000 | 23.1s
2026-06-20 15:31:21,025 - INFO -   batch 300/381 | loss=0.0626 mse=0.0498 sym=0.0121 phy=0.0000 | 23.9s
2026-06-20 15:31:21,821 - INFO -   batch 310/381 | loss=0.0528 mse=0.0398 sym=0.0121 phy=0.0000 | 24.7s
2026-06-20 15:31:22,610 - INFO -   batch 320/381 | loss=0.0603 mse=0.0478 sym=0.0121 phy=0.0000 | 25.5s
2026-06-20 15:31:23,398 - INFO -   batch 330/381 | loss=0.0581 mse=0.0459 sym=0.0121 phy=0.0000 | 26.3s
2026-06-20 15:31:24,191 - INFO -   batch 340/381 | loss=0.0898 mse=0.0778 sym=0.0121 phy=0.0000 | 27.1s
2026-06-20 15:31:24,975 - INFO -   batch 350/381 | loss=0.0628 mse=0.0500 sym=0.0121 phy=0.0000 | 27.9s
2026-06-20 15:31:25,762 - INFO -   batch 360/381 | loss=0.0608 mse=0.0477 sym=0.0121 phy=0.0000 | 28.7s
2026-06-20 15:31:26,553 - INFO -   batch 370/381 | loss=0.0550 mse=0.0426 sym=0.0121 phy=0.0000 | 29.5s
2026-06-20 15:31:27,349 - INFO -   batch 380/381 | loss=0.0741 mse=0.0615 sym=0.0122 phy=0.0000 | 30.3s
2026-06-20 15:31:28,747 - INFO - Epoch  30/50 | Loss=0.0600 MSE=0.0478 Sym=0.0121 Phy=0.0000 | Val RMSE=0.2153 ρ=0.349 | 32s
2026-06-20 15:31:28,901 - INFO -   batch   1/381 | loss=0.0560 mse=0.0443 sym=0.0117 phy=0.0000 | 0.2s
2026-06-20 15:31:29,611 - INFO -   batch  10/381 | loss=0.0688 mse=0.0570 sym=0.0118 phy=0.0000 | 0.9s
2026-06-20 15:31:30,402 - INFO -   batch  20/381 | loss=0.0593 mse=0.0467 sym=0.0120 phy=0.0000 | 1.7s
2026-06-20 15:31:31,202 - INFO -   batch  30/381 | loss=0.0449 mse=0.0321 sym=0.0120 phy=0.0000 | 2.5s
2026-06-20 15:31:31,989 - INFO -   batch  40/381 | loss=0.0628 mse=0.0499 sym=0.0120 phy=0.0000 | 3.2s
2026-06-20 15:31:32,778 - INFO -   batch  50/381 | loss=0.0518 mse=0.0406 sym=0.0119 phy=0.0000 | 4.0s
2026-06-20 15:31:33,567 - INFO -   batch  60/381 | loss=0.0603 mse=0.0495 sym=0.0119 phy=0.0000 | 4.8s
2026-06-20 15:31:34,360 - INFO -   batch  70/381 | loss=0.0422 mse=0.0305 sym=0.0119 phy=0.0000 | 5.6s
2026-06-20 15:31:35,154 - INFO -   batch  80/381 | loss=0.0789 mse=0.0665 sym=0.0120 phy=0.0000 | 6.4s
2026-06-20 15:31:35,942 - INFO -   batch  90/381 | loss=0.0497 mse=0.0378 sym=0.0120 phy=0.0000 | 7.2s
2026-06-20 15:31:36,731 - INFO -   batch 100/381 | loss=0.0469 mse=0.0342 sym=0.0120 phy=0.0000 | 8.0s
2026-06-20 15:31:37,511 - INFO -   batch 110/381 | loss=0.0679 mse=0.0564 sym=0.0120 phy=0.0000 | 8.8s
2026-06-20 15:31:38,302 - INFO -   batch 120/381 | loss=0.0613 mse=0.0488 sym=0.0121 phy=0.0000 | 9.6s
2026-06-20 15:31:38,975 - INFO -   batch 130/381 | loss=0.0571 mse=0.0454 sym=0.0121 phy=0.0000 | 10.2s
2026-06-20 15:31:39,514 - INFO -   batch 140/381 | loss=0.0685 mse=0.0559 sym=0.0121 phy=0.0000 | 10.8s
2026-06-20 15:31:39,954 - INFO -   batch 150/381 | loss=0.0517 mse=0.0384 sym=0.0121 phy=0.0000 | 11.2s
2026-06-20 15:31:40,688 - INFO -   batch 160/381 | loss=0.0562 mse=0.0450 sym=0.0121 phy=0.0000 | 11.9s
2026-06-20 15:31:41,247 - INFO -   batch 170/381 | loss=0.0589 mse=0.0471 sym=0.0121 phy=0.0000 | 12.5s
2026-06-20 15:31:41,930 - INFO -   batch 180/381 | loss=0.0489 mse=0.0379 sym=0.0121 phy=0.0000 | 13.2s
2026-06-20 15:31:42,577 - INFO -   batch 190/381 | loss=0.0689 mse=0.0556 sym=0.0121 phy=0.0000 | 13.8s
2026-06-20 15:31:43,147 - INFO -   batch 200/381 | loss=0.0706 mse=0.0584 sym=0.0121 phy=0.0000 | 14.4s
2026-06-20 15:31:43,930 - INFO -   batch 210/381 | loss=0.0724 mse=0.0599 sym=0.0121 phy=0.0000 | 15.2s
2026-06-20 15:31:44,549 - INFO -   batch 220/381 | loss=0.0628 mse=0.0506 sym=0.0121 phy=0.0000 | 15.8s
2026-06-20 15:31:45,234 - INFO -   batch 230/381 | loss=0.0353 mse=0.0233 sym=0.0121 phy=0.0000 | 16.5s
2026-06-20 15:31:45,955 - INFO -   batch 240/381 | loss=0.0746 mse=0.0626 sym=0.0121 phy=0.0000 | 17.2s
2026-06-20 15:31:46,506 - INFO -   batch 250/381 | loss=0.0504 mse=0.0390 sym=0.0121 phy=0.0000 | 17.8s
2026-06-20 15:31:47,235 - INFO -   batch 260/381 | loss=0.0667 mse=0.0563 sym=0.0121 phy=0.0000 | 18.5s
2026-06-20 15:31:47,807 - INFO -   batch 270/381 | loss=0.0609 mse=0.0482 sym=0.0121 phy=0.0000 | 19.1s
2026-06-20 15:31:48,578 - INFO -   batch 280/381 | loss=0.0536 mse=0.0435 sym=0.0121 phy=0.0000 | 19.8s
2026-06-20 15:31:49,354 - INFO -   batch 290/381 | loss=0.0558 mse=0.0452 sym=0.0121 phy=0.0000 | 20.6s
2026-06-20 15:31:49,963 - INFO -   batch 300/381 | loss=0.0498 mse=0.0367 sym=0.0120 phy=0.0000 | 21.2s
2026-06-20 15:31:50,666 - INFO -   batch 310/381 | loss=0.0607 mse=0.0473 sym=0.0121 phy=0.0000 | 21.9s
2026-06-20 15:31:51,354 - INFO -   batch 320/381 | loss=0.0846 mse=0.0702 sym=0.0121 phy=0.0000 | 22.6s
2026-06-20 15:31:51,952 - INFO -   batch 330/381 | loss=0.0599 mse=0.0471 sym=0.0121 phy=0.0000 | 23.2s
2026-06-20 15:31:52,738 - INFO -   batch 340/381 | loss=0.0564 mse=0.0433 sym=0.0121 phy=0.0000 | 24.0s
2026-06-20 15:31:53,326 - INFO -   batch 350/381 | loss=0.0746 mse=0.0629 sym=0.0121 phy=0.0000 | 24.6s
2026-06-20 15:31:53,996 - INFO -   batch 360/381 | loss=0.0581 mse=0.0461 sym=0.0121 phy=0.0000 | 25.2s
2026-06-20 15:31:54,716 - INFO -   batch 370/381 | loss=0.0526 mse=0.0405 sym=0.0121 phy=0.0000 | 26.0s
2026-06-20 15:31:55,306 - INFO -   batch 380/381 | loss=0.0569 mse=0.0443 sym=0.0121 phy=0.0000 | 26.6s
2026-06-20 15:31:56,533 - INFO -   batch   1/381 | loss=0.0864 mse=0.0730 sym=0.0134 phy=0.0000 | 0.2s
2026-06-20 15:31:57,174 - INFO -   batch  10/381 | loss=0.0808 mse=0.0682 sym=0.0123 phy=0.0000 | 0.8s
2026-06-20 15:31:57,824 - INFO -   batch  20/381 | loss=0.0548 mse=0.0429 sym=0.0122 phy=0.0000 | 1.4s
2026-06-20 15:31:58,409 - INFO -   batch  30/381 | loss=0.0383 mse=0.0262 sym=0.0122 phy=0.0000 | 2.0s
2026-06-20 15:31:59,192 - INFO -   batch  40/381 | loss=0.0590 mse=0.0472 sym=0.0122 phy=0.0000 | 2.8s
2026-06-20 15:31:59,819 - INFO -   batch  50/381 | loss=0.0819 mse=0.0691 sym=0.0121 phy=0.0000 | 3.4s
2026-06-20 15:32:00,493 - INFO -   batch  60/381 | loss=0.0724 mse=0.0589 sym=0.0122 phy=0.0000 | 4.1s
2026-06-20 15:32:01,185 - INFO -   batch  70/381 | loss=0.0529 mse=0.0406 sym=0.0122 phy=0.0000 | 4.8s
2026-06-20 15:32:01,784 - INFO -   batch  80/381 | loss=0.0701 mse=0.0584 sym=0.0122 phy=0.0000 | 5.4s
2026-06-20 15:32:02,544 - INFO -   batch  90/381 | loss=0.0397 mse=0.0282 sym=0.0122 phy=0.0000 | 6.2s
2026-06-20 15:32:03,143 - INFO -   batch 100/381 | loss=0.0593 mse=0.0477 sym=0.0122 phy=0.0000 | 6.8s
2026-06-20 15:32:03,815 - INFO -   batch 110/381 | loss=0.0621 mse=0.0498 sym=0.0122 phy=0.0000 | 7.4s
2026-06-20 15:32:04,543 - INFO -   batch 120/381 | loss=0.0705 mse=0.0579 sym=0.0122 phy=0.0000 | 8.2s
2026-06-20 15:32:05,139 - INFO -   batch 130/381 | loss=0.0520 mse=0.0411 sym=0.0122 phy=0.0000 | 8.8s
2026-06-20 15:32:05,890 - INFO -   batch 140/381 | loss=0.0676 mse=0.0558 sym=0.0122 phy=0.0000 | 9.5s
2026-06-20 15:32:06,507 - INFO -   batch 150/381 | loss=0.0510 mse=0.0379 sym=0.0122 phy=0.0000 | 10.1s
2026-06-20 15:32:07,141 - INFO -   batch 160/381 | loss=0.0561 mse=0.0427 sym=0.0122 phy=0.0000 | 10.8s
2026-06-20 15:32:07,892 - INFO -   batch 170/381 | loss=0.0510 mse=0.0400 sym=0.0122 phy=0.0000 | 11.5s
2026-06-20 15:32:08,487 - INFO -   batch 180/381 | loss=0.0605 mse=0.0496 sym=0.0122 phy=0.0000 | 12.1s
2026-06-20 15:32:09,195 - INFO -   batch 190/381 | loss=0.0553 mse=0.0412 sym=0.0122 phy=0.0000 | 12.8s
2026-06-20 15:32:09,841 - INFO -   batch 200/381 | loss=0.0618 mse=0.0497 sym=0.0122 phy=0.0000 | 13.5s
2026-06-20 15:32:10,431 - INFO -   batch 210/381 | loss=0.0445 mse=0.0317 sym=0.0122 phy=0.0000 | 14.1s
2026-06-20 15:32:11,246 - INFO -   batch 220/381 | loss=0.0453 mse=0.0341 sym=0.0122 phy=0.0000 | 14.9s
2026-06-20 15:32:11,834 - INFO -   batch 230/381 | loss=0.0470 mse=0.0358 sym=0.0122 phy=0.0000 | 15.5s
2026-06-20 15:32:12,517 - INFO -   batch 240/381 | loss=0.0510 mse=0.0369 sym=0.0122 phy=0.0000 | 16.1s
2026-06-20 15:32:13,205 - INFO -   batch 250/381 | loss=0.0664 mse=0.0537 sym=0.0122 phy=0.0000 | 16.8s
2026-06-20 15:32:13,802 - INFO -   batch 260/381 | loss=0.0588 mse=0.0467 sym=0.0122 phy=0.0000 | 17.4s
2026-06-20 15:32:14,588 - INFO -   batch 270/381 | loss=0.0669 mse=0.0548 sym=0.0122 phy=0.0000 | 18.2s
2026-06-20 15:32:15,196 - INFO -   batch 280/381 | loss=0.0591 mse=0.0468 sym=0.0122 phy=0.0000 | 18.8s
2026-06-20 15:32:15,839 - INFO -   batch 290/381 | loss=0.0743 mse=0.0610 sym=0.0122 phy=0.0000 | 19.5s
2026-06-20 15:32:16,558 - INFO -   batch 300/381 | loss=0.0570 mse=0.0452 sym=0.0122 phy=0.0000 | 20.2s
2026-06-20 15:32:17,152 - INFO -   batch 310/381 | loss=0.0657 mse=0.0532 sym=0.0122 phy=0.0000 | 20.8s
2026-06-20 15:32:17,907 - INFO -   batch 320/381 | loss=0.0578 mse=0.0460 sym=0.0122 phy=0.0000 | 21.5s
2026-06-20 15:32:18,547 - INFO -   batch 330/381 | loss=0.0405 mse=0.0292 sym=0.0122 phy=0.0000 | 22.2s
2026-06-20 15:32:19,171 - INFO -   batch 340/381 | loss=0.0512 mse=0.0388 sym=0.0122 phy=0.0000 | 22.8s
2026-06-20 15:32:19,927 - INFO -   batch 350/381 | loss=0.0509 mse=0.0390 sym=0.0122 phy=0.0000 | 23.5s
2026-06-20 15:32:20,534 - INFO -   batch 360/381 | loss=0.0473 mse=0.0356 sym=0.0121 phy=0.0000 | 24.2s
2026-06-20 15:32:21,241 - INFO -   batch 370/381 | loss=0.0737 mse=0.0601 sym=0.0122 phy=0.0000 | 24.9s
2026-06-20 15:32:21,909 - INFO -   batch 380/381 | loss=0.0619 mse=0.0511 sym=0.0122 phy=0.0000 | 25.5s
2026-06-20 15:32:23,143 - INFO -   batch   1/381 | loss=0.0558 mse=0.0451 sym=0.0107 phy=0.0000 | 0.2s
2026-06-20 15:32:23,665 - INFO -   batch  10/381 | loss=0.0672 mse=0.0554 sym=0.0119 phy=0.0000 | 0.7s
2026-06-20 15:32:24,434 - INFO -   batch  20/381 | loss=0.0715 mse=0.0603 sym=0.0118 phy=0.0000 | 1.4s
2026-06-20 15:32:25,055 - INFO -   batch  30/381 | loss=0.0554 mse=0.0428 sym=0.0118 phy=0.0000 | 2.1s
2026-06-20 15:32:25,715 - INFO -   batch  40/381 | loss=0.0653 mse=0.0526 sym=0.0119 phy=0.0000 | 2.7s
2026-06-20 15:32:26,443 - INFO -   batch  50/381 | loss=0.0578 mse=0.0449 sym=0.0121 phy=0.0000 | 3.5s
2026-06-20 15:32:27,029 - INFO -   batch  60/381 | loss=0.0668 mse=0.0543 sym=0.0120 phy=0.0000 | 4.0s
2026-06-20 15:32:27,783 - INFO -   batch  70/381 | loss=0.0501 mse=0.0394 sym=0.0121 phy=0.0000 | 4.8s
2026-06-20 15:32:28,435 - INFO -   batch  80/381 | loss=0.0473 mse=0.0348 sym=0.0121 phy=0.0000 | 5.4s
2026-06-20 15:32:29,058 - INFO -   batch  90/381 | loss=0.0797 mse=0.0673 sym=0.0121 phy=0.0000 | 6.1s
2026-06-20 15:32:29,848 - INFO -   batch 100/381 | loss=0.0563 mse=0.0435 sym=0.0121 phy=0.0000 | 6.9s
2026-06-20 15:32:30,472 - INFO -   batch 110/381 | loss=0.0470 mse=0.0341 sym=0.0121 phy=0.0000 | 7.5s
2026-06-20 15:32:31,123 - INFO -   batch 120/381 | loss=0.0666 mse=0.0550 sym=0.0121 phy=0.0000 | 8.1s
2026-06-20 15:32:31,858 - INFO -   batch 130/381 | loss=0.0660 mse=0.0522 sym=0.0121 phy=0.0000 | 8.9s
2026-06-20 15:32:32,450 - INFO -   batch 140/381 | loss=0.0542 mse=0.0428 sym=0.0121 phy=0.0000 | 9.5s
2026-06-20 15:32:33,196 - INFO -   batch 150/381 | loss=0.0600 mse=0.0482 sym=0.0121 phy=0.0000 | 10.2s
2026-06-20 15:32:33,853 - INFO -   batch 160/381 | loss=0.0465 mse=0.0340 sym=0.0121 phy=0.0000 | 10.9s
2026-06-20 15:32:34,461 - INFO -   batch 170/381 | loss=0.0548 mse=0.0437 sym=0.0121 phy=0.0000 | 11.5s
2026-06-20 15:32:35,225 - INFO -   batch 180/381 | loss=0.0552 mse=0.0426 sym=0.0121 phy=0.0000 | 12.2s
2026-06-20 15:32:35,844 - INFO -   batch 190/381 | loss=0.0663 mse=0.0539 sym=0.0121 phy=0.0000 | 12.9s
2026-06-20 15:32:36,524 - INFO -   batch 200/381 | loss=0.0698 mse=0.0566 sym=0.0121 phy=0.0000 | 13.5s
2026-06-20 15:32:37,253 - INFO -   batch 210/381 | loss=0.0464 mse=0.0342 sym=0.0121 phy=0.0000 | 14.3s
2026-06-20 15:32:37,844 - INFO -   batch 220/381 | loss=0.0518 mse=0.0391 sym=0.0121 phy=0.0000 | 14.9s
2026-06-20 15:32:38,591 - INFO -   batch 230/381 | loss=0.0764 mse=0.0645 sym=0.0121 phy=0.0000 | 15.6s
2026-06-20 15:32:39,234 - INFO -   batch 240/381 | loss=0.0662 mse=0.0544 sym=0.0121 phy=0.0000 | 16.2s
2026-06-20 15:32:39,837 - INFO -   batch 250/381 | loss=0.0574 mse=0.0455 sym=0.0121 phy=0.0000 | 16.8s
2026-06-20 15:32:40,602 - INFO -   batch 260/381 | loss=0.0552 mse=0.0419 sym=0.0121 phy=0.0000 | 17.6s
2026-06-20 15:32:41,205 - INFO -   batch 270/381 | loss=0.0713 mse=0.0581 sym=0.0121 phy=0.0000 | 18.2s
2026-06-20 15:32:41,927 - INFO -   batch 280/381 | loss=0.0547 mse=0.0428 sym=0.0121 phy=0.0000 | 18.9s
2026-06-20 15:32:42,614 - INFO -   batch 290/381 | loss=0.0651 mse=0.0544 sym=0.0121 phy=0.0000 | 19.6s
2026-06-20 15:32:43,234 - INFO -   batch 300/381 | loss=0.0530 mse=0.0421 sym=0.0121 phy=0.0000 | 20.2s
2026-06-20 15:32:44,011 - INFO -   batch 310/381 | loss=0.0490 mse=0.0363 sym=0.0121 phy=0.0000 | 21.0s
2026-06-20 15:32:44,628 - INFO -   batch 320/381 | loss=0.0729 mse=0.0607 sym=0.0121 phy=0.0000 | 21.6s
2026-06-20 15:32:45,267 - INFO -   batch 330/381 | loss=0.0571 mse=0.0436 sym=0.0121 phy=0.0000 | 22.3s
2026-06-20 15:32:46,024 - INFO -   batch 340/381 | loss=0.0530 mse=0.0402 sym=0.0121 phy=0.0000 | 23.0s
2026-06-20 15:32:46,697 - INFO -   batch 350/381 | loss=0.0410 mse=0.0288 sym=0.0121 phy=0.0000 | 23.7s
2026-06-20 15:32:47,373 - INFO -   batch 360/381 | loss=0.0417 mse=0.0302 sym=0.0121 phy=0.0000 | 24.4s
2026-06-20 15:32:48,104 - INFO -   batch 370/381 | loss=0.0728 mse=0.0605 sym=0.0121 phy=0.0000 | 25.1s
2026-06-20 15:32:48,678 - INFO -   batch 380/381 | loss=0.0503 mse=0.0371 sym=0.0121 phy=0.0000 | 25.7s
2026-06-20 15:32:49,951 - INFO -   batch   1/381 | loss=0.0537 mse=0.0418 sym=0.0119 phy=0.0000 | 0.2s
2026-06-20 15:32:50,623 - INFO -   batch  10/381 | loss=0.0650 mse=0.0515 sym=0.0120 phy=0.0000 | 0.8s
2026-06-20 15:32:51,357 - INFO -   batch  20/381 | loss=0.0726 mse=0.0620 sym=0.0118 phy=0.0000 | 1.6s
2026-06-20 15:32:51,928 - INFO -   batch  30/381 | loss=0.0720 mse=0.0608 sym=0.0120 phy=0.0000 | 2.1s
2026-06-20 15:32:52,713 - INFO -   batch  40/381 | loss=0.0730 mse=0.0622 sym=0.0120 phy=0.0000 | 2.9s
2026-06-20 15:32:53,326 - INFO -   batch  50/381 | loss=0.0546 mse=0.0422 sym=0.0119 phy=0.0000 | 3.5s
2026-06-20 15:32:53,973 - INFO -   batch  60/381 | loss=0.0547 mse=0.0432 sym=0.0120 phy=0.0000 | 4.2s
2026-06-20 15:32:54,755 - INFO -   batch  70/381 | loss=0.0434 mse=0.0303 sym=0.0119 phy=0.0000 | 5.0s
2026-06-20 15:32:55,364 - INFO -   batch  80/381 | loss=0.0576 mse=0.0444 sym=0.0119 phy=0.0000 | 5.6s
2026-06-20 15:32:56,070 - INFO -   batch  90/381 | loss=0.0656 mse=0.0542 sym=0.0119 phy=0.0000 | 6.3s
2026-06-20 15:32:56,754 - INFO -   batch 100/381 | loss=0.0541 mse=0.0427 sym=0.0119 phy=0.0000 | 7.0s
2026-06-20 15:32:57,358 - INFO -   batch 110/381 | loss=0.0695 mse=0.0574 sym=0.0120 phy=0.0000 | 7.6s
2026-06-20 15:32:58,142 - INFO -   batch 120/381 | loss=0.0686 mse=0.0552 sym=0.0120 phy=0.0000 | 8.4s
2026-06-20 15:32:58,725 - INFO -   batch 130/381 | loss=0.0561 mse=0.0440 sym=0.0120 phy=0.0000 | 8.9s
2026-06-20 15:32:59,392 - INFO -   batch 140/381 | loss=0.0549 mse=0.0429 sym=0.0120 phy=0.0000 | 9.6s
2026-06-20 15:33:00,152 - INFO -   batch 150/381 | loss=0.0668 mse=0.0542 sym=0.0120 phy=0.0000 | 10.4s
2026-06-20 15:33:00,764 - INFO -   batch 160/381 | loss=0.0534 mse=0.0410 sym=0.0121 phy=0.0000 | 11.0s
2026-06-20 15:33:01,487 - INFO -   batch 170/381 | loss=0.0601 mse=0.0467 sym=0.0121 phy=0.0000 | 11.7s
2026-06-20 15:33:02,220 - INFO -   batch 180/381 | loss=0.0648 mse=0.0518 sym=0.0121 phy=0.0000 | 12.4s
2026-06-20 15:33:02,822 - INFO -   batch 190/381 | loss=0.0564 mse=0.0431 sym=0.0121 phy=0.0000 | 13.0s
2026-06-20 15:33:03,589 - INFO -   batch 200/381 | loss=0.0504 mse=0.0401 sym=0.0121 phy=0.0000 | 13.8s
2026-06-20 15:33:04,213 - INFO -   batch 210/381 | loss=0.0563 mse=0.0441 sym=0.0121 phy=0.0000 | 14.4s
2026-06-20 15:33:04,855 - INFO -   batch 220/381 | loss=0.0626 mse=0.0494 sym=0.0121 phy=0.0000 | 15.1s
2026-06-20 15:33:05,611 - INFO -   batch 230/381 | loss=0.0684 mse=0.0567 sym=0.0121 phy=0.0000 | 15.8s
2026-06-20 15:33:06,181 - INFO -   batch 240/381 | loss=0.0756 mse=0.0640 sym=0.0121 phy=0.0000 | 16.4s
2026-06-20 15:33:06,913 - INFO -   batch 250/381 | loss=0.0461 mse=0.0330 sym=0.0121 phy=0.0000 | 17.1s
2026-06-20 15:33:07,567 - INFO -   batch 260/381 | loss=0.0470 mse=0.0348 sym=0.0122 phy=0.0000 | 17.8s
2026-06-20 15:33:08,177 - INFO -   batch 270/381 | loss=0.0696 mse=0.0560 sym=0.0122 phy=0.0000 | 18.4s
2026-06-20 15:33:08,934 - INFO -   batch 280/381 | loss=0.0585 mse=0.0456 sym=0.0122 phy=0.0000 | 19.1s
2026-06-20 15:33:09,543 - INFO -   batch 290/381 | loss=0.0598 mse=0.0463 sym=0.0122 phy=0.0000 | 19.8s
2026-06-20 15:33:10,249 - INFO -   batch 300/381 | loss=0.0674 mse=0.0554 sym=0.0122 phy=0.0000 | 20.5s
2026-06-20 15:33:10,934 - INFO -   batch 310/381 | loss=0.0563 mse=0.0435 sym=0.0122 phy=0.0000 | 21.1s
2026-06-20 15:33:11,545 - INFO -   batch 320/381 | loss=0.0568 mse=0.0446 sym=0.0122 phy=0.0000 | 21.8s
2026-06-20 15:33:12,358 - INFO -   batch 330/381 | loss=0.0551 mse=0.0435 sym=0.0122 phy=0.0000 | 22.6s
2026-06-20 15:33:12,986 - INFO -   batch 340/381 | loss=0.0661 mse=0.0532 sym=0.0121 phy=0.0000 | 23.2s
2026-06-20 15:33:13,612 - INFO -   batch 350/381 | loss=0.0548 mse=0.0430 sym=0.0121 phy=0.0000 | 23.8s
2026-06-20 15:33:14,374 - INFO -   batch 360/381 | loss=0.0550 mse=0.0437 sym=0.0121 phy=0.0000 | 24.6s
2026-06-20 15:33:14,984 - INFO -   batch 370/381 | loss=0.0584 mse=0.0475 sym=0.0121 phy=0.0000 | 25.2s
2026-06-20 15:33:15,703 - INFO -   batch 380/381 | loss=0.0666 mse=0.0554 sym=0.0121 phy=0.0000 | 25.9s
2026-06-20 15:33:17,020 - INFO -   batch   1/381 | loss=0.0658 mse=0.0536 sym=0.0122 phy=0.0000 | 0.2s
2026-06-20 15:33:17,733 - INFO -   batch  10/381 | loss=0.0456 mse=0.0342 sym=0.0119 phy=0.0000 | 0.9s
2026-06-20 15:33:18,366 - INFO -   batch  20/381 | loss=0.0597 mse=0.0474 sym=0.0121 phy=0.0000 | 1.5s
2026-06-20 15:33:19,034 - INFO -   batch  30/381 | loss=0.0598 mse=0.0475 sym=0.0121 phy=0.0000 | 2.2s
2026-06-20 15:33:19,756 - INFO -   batch  40/381 | loss=0.0419 mse=0.0304 sym=0.0120 phy=0.0000 | 2.9s
2026-06-20 15:33:20,359 - INFO -   batch  50/381 | loss=0.0583 mse=0.0476 sym=0.0119 phy=0.0000 | 3.5s
2026-06-20 15:33:21,122 - INFO -   batch  60/381 | loss=0.0641 mse=0.0523 sym=0.0120 phy=0.0000 | 4.3s
2026-06-20 15:33:21,743 - INFO -   batch  70/381 | loss=0.0664 mse=0.0541 sym=0.0120 phy=0.0000 | 4.9s
2026-06-20 15:33:22,378 - INFO -   batch  80/381 | loss=0.0614 mse=0.0487 sym=0.0120 phy=0.0000 | 5.5s
2026-06-20 15:33:23,132 - INFO -   batch  90/381 | loss=0.0507 mse=0.0387 sym=0.0120 phy=0.0000 | 6.3s
2026-06-20 15:33:23,737 - INFO -   batch 100/381 | loss=0.0566 mse=0.0452 sym=0.0120 phy=0.0000 | 6.9s
2026-06-20 15:33:24,456 - INFO -   batch 110/381 | loss=0.0814 mse=0.0692 sym=0.0120 phy=0.0000 | 7.6s
2026-06-20 15:33:25,141 - INFO -   batch 120/381 | loss=0.0712 mse=0.0586 sym=0.0120 phy=0.0000 | 8.3s
2026-06-20 15:33:25,750 - INFO -   batch 130/381 | loss=0.0660 mse=0.0525 sym=0.0120 phy=0.0000 | 8.9s
2026-06-20 15:33:26,547 - INFO -   batch 140/381 | loss=0.0530 mse=0.0405 sym=0.0121 phy=0.0000 | 9.7s
2026-06-20 15:33:27,168 - INFO -   batch 150/381 | loss=0.0639 mse=0.0512 sym=0.0121 phy=0.0000 | 10.3s
2026-06-20 15:33:27,820 - INFO -   batch 160/381 | loss=0.0436 mse=0.0334 sym=0.0121 phy=0.0000 | 11.0s
2026-06-20 15:33:28,572 - INFO -   batch 170/381 | loss=0.0545 mse=0.0422 sym=0.0120 phy=0.0000 | 11.7s
2026-06-20 15:33:29,193 - INFO -   batch 180/381 | loss=0.0670 mse=0.0541 sym=0.0120 phy=0.0000 | 12.3s
2026-06-20 15:33:29,917 - INFO -   batch 190/381 | loss=0.0399 mse=0.0287 sym=0.0120 phy=0.0000 | 13.1s
2026-06-20 15:33:30,612 - INFO -   batch 200/381 | loss=0.0543 mse=0.0422 sym=0.0120 phy=0.0000 | 13.7s
2026-06-20 15:33:31,222 - INFO -   batch 210/381 | loss=0.0524 mse=0.0406 sym=0.0120 phy=0.0000 | 14.4s
2026-06-20 15:33:32,016 - INFO -   batch 220/381 | loss=0.0631 mse=0.0515 sym=0.0120 phy=0.0000 | 15.1s
2026-06-20 15:33:32,646 - INFO -   batch 230/381 | loss=0.0565 mse=0.0434 sym=0.0120 phy=0.0000 | 15.8s
2026-06-20 15:33:33,286 - INFO -   batch 240/381 | loss=0.0683 mse=0.0567 sym=0.0120 phy=0.0000 | 16.4s
2026-06-20 15:33:34,047 - INFO -   batch 250/381 | loss=0.0531 mse=0.0414 sym=0.0121 phy=0.0000 | 17.2s
2026-06-20 15:33:34,661 - INFO -   batch 260/381 | loss=0.0702 mse=0.0574 sym=0.0121 phy=0.0000 | 17.8s
2026-06-20 15:33:35,378 - INFO -   batch 270/381 | loss=0.0562 mse=0.0435 sym=0.0121 phy=0.0000 | 18.5s
2026-06-20 15:33:36,070 - INFO -   batch 280/381 | loss=0.0671 mse=0.0544 sym=0.0121 phy=0.0000 | 19.2s
2026-06-20 15:33:36,739 - INFO -   batch 290/381 | loss=0.0526 mse=0.0402 sym=0.0121 phy=0.0000 | 19.9s
2026-06-20 15:33:37,507 - INFO -   batch 300/381 | loss=0.0550 mse=0.0430 sym=0.0121 phy=0.0000 | 20.6s
2026-06-20 15:33:38,134 - INFO -   batch 310/381 | loss=0.0606 mse=0.0501 sym=0.0121 phy=0.0000 | 21.3s
2026-06-20 15:33:38,760 - INFO -   batch 320/381 | loss=0.0652 mse=0.0527 sym=0.0121 phy=0.0000 | 21.9s
2026-06-20 15:33:39,521 - INFO -   batch 330/381 | loss=0.0706 mse=0.0589 sym=0.0121 phy=0.0000 | 22.7s
2026-06-20 15:33:40,128 - INFO -   batch 340/381 | loss=0.0586 mse=0.0469 sym=0.0121 phy=0.0000 | 23.3s
2026-06-20 15:33:40,856 - INFO -   batch 350/381 | loss=0.0575 mse=0.0452 sym=0.0121 phy=0.0000 | 24.0s
2026-06-20 15:33:41,660 - INFO -   batch 360/381 | loss=0.0549 mse=0.0415 sym=0.0121 phy=0.0000 | 24.8s
2026-06-20 15:33:42,265 - INFO -   batch 370/381 | loss=0.0530 mse=0.0405 sym=0.0121 phy=0.0000 | 25.4s
2026-06-20 15:33:43,010 - INFO -   batch 380/381 | loss=0.0708 mse=0.0588 sym=0.0121 phy=0.0000 | 26.1s
2026-06-20 15:33:44,208 - INFO - Epoch  35/50 | Loss=0.0595 MSE=0.0474 Sym=0.0121 Phy=0.0000 | Val RMSE=0.2151 ρ=0.351 | 27s
2026-06-20 15:33:44,359 - INFO -   batch   1/381 | loss=0.0593 mse=0.0460 sym=0.0133 phy=0.0000 | 0.2s
2026-06-20 15:33:45,068 - INFO -   batch  10/381 | loss=0.0519 mse=0.0402 sym=0.0123 phy=0.0000 | 0.9s
2026-06-20 15:33:45,694 - INFO -   batch  20/381 | loss=0.0656 mse=0.0533 sym=0.0120 phy=0.0000 | 1.5s
2026-06-20 15:33:46,360 - INFO -   batch  30/381 | loss=0.0688 mse=0.0567 sym=0.0121 phy=0.0000 | 2.2s
2026-06-20 15:33:47,085 - INFO -   batch  40/381 | loss=0.0607 mse=0.0490 sym=0.0121 phy=0.0000 | 2.9s
2026-06-20 15:33:47,658 - INFO -   batch  50/381 | loss=0.0506 mse=0.0370 sym=0.0121 phy=0.0000 | 3.5s
2026-06-20 15:33:48,428 - INFO -   batch  60/381 | loss=0.0524 mse=0.0401 sym=0.0121 phy=0.0000 | 4.2s
2026-06-20 15:33:49,040 - INFO -   batch  70/381 | loss=0.0722 mse=0.0586 sym=0.0121 phy=0.0000 | 4.8s
2026-06-20 15:33:49,681 - INFO -   batch  80/381 | loss=0.0597 mse=0.0462 sym=0.0121 phy=0.0000 | 5.5s
2026-06-20 15:33:50,442 - INFO -   batch  90/381 | loss=0.0624 mse=0.0514 sym=0.0121 phy=0.0000 | 6.2s
2026-06-20 15:33:51,059 - INFO -   batch 100/381 | loss=0.0502 mse=0.0386 sym=0.0121 phy=0.0000 | 6.9s
2026-06-20 15:33:51,784 - INFO -   batch 110/381 | loss=0.0606 mse=0.0491 sym=0.0121 phy=0.0000 | 7.6s
2026-06-20 15:33:52,470 - INFO -   batch 120/381 | loss=0.0755 mse=0.0640 sym=0.0120 phy=0.0000 | 8.3s
2026-06-20 15:33:53,084 - INFO -   batch 130/381 | loss=0.0640 mse=0.0517 sym=0.0120 phy=0.0000 | 8.9s
2026-06-20 15:33:53,862 - INFO -   batch 140/381 | loss=0.0516 mse=0.0391 sym=0.0121 phy=0.0000 | 9.7s
2026-06-20 15:33:54,449 - INFO -   batch 150/381 | loss=0.0507 mse=0.0380 sym=0.0121 phy=0.0000 | 10.2s
2026-06-20 15:33:55,126 - INFO -   batch 160/381 | loss=0.0671 mse=0.0549 sym=0.0121 phy=0.0000 | 10.9s
2026-06-20 15:33:55,862 - INFO -   batch 170/381 | loss=0.0549 mse=0.0431 sym=0.0121 phy=0.0000 | 11.7s
2026-06-20 15:33:56,511 - INFO -   batch 180/381 | loss=0.0507 mse=0.0386 sym=0.0121 phy=0.0000 | 12.3s
2026-06-20 15:33:57,274 - INFO -   batch 190/381 | loss=0.0515 mse=0.0376 sym=0.0121 phy=0.0000 | 13.1s
2026-06-20 15:33:58,005 - INFO -   batch 200/381 | loss=0.0442 mse=0.0324 sym=0.0121 phy=0.0000 | 13.8s
2026-06-20 15:33:58,622 - INFO -   batch 210/381 | loss=0.0611 mse=0.0491 sym=0.0121 phy=0.0000 | 14.4s
2026-06-20 15:33:59,360 - INFO -   batch 220/381 | loss=0.0493 mse=0.0380 sym=0.0121 phy=0.0000 | 15.2s
2026-06-20 15:34:00,018 - INFO -   batch 230/381 | loss=0.0668 mse=0.0544 sym=0.0121 phy=0.0000 | 15.8s
2026-06-20 15:34:00,625 - INFO -   batch 240/381 | loss=0.0583 mse=0.0475 sym=0.0121 phy=0.0000 | 16.4s
2026-06-20 15:34:01,379 - INFO -   batch 250/381 | loss=0.0709 mse=0.0584 sym=0.0121 phy=0.0000 | 17.2s
2026-06-20 15:34:02,029 - INFO -   batch 260/381 | loss=0.0696 mse=0.0568 sym=0.0121 phy=0.0000 | 17.8s
2026-06-20 15:34:02,728 - INFO -   batch 270/381 | loss=0.0642 mse=0.0520 sym=0.0121 phy=0.0000 | 18.5s
2026-06-20 15:34:03,454 - INFO -   batch 280/381 | loss=0.0483 mse=0.0361 sym=0.0121 phy=0.0000 | 19.2s
2026-06-20 15:34:04,045 - INFO -   batch 290/381 | loss=0.0702 mse=0.0575 sym=0.0121 phy=0.0000 | 19.8s
2026-06-20 15:34:04,811 - INFO -   batch 300/381 | loss=0.0790 mse=0.0675 sym=0.0121 phy=0.0000 | 20.6s
2026-06-20 15:34:05,440 - INFO -   batch 310/381 | loss=0.0600 mse=0.0479 sym=0.0121 phy=0.0000 | 21.2s
2026-06-20 15:34:06,082 - INFO -   batch 320/381 | loss=0.0570 mse=0.0443 sym=0.0121 phy=0.0000 | 21.9s
2026-06-20 15:34:06,840 - INFO -   batch 330/381 | loss=0.0446 mse=0.0327 sym=0.0121 phy=0.0000 | 22.6s
2026-06-20 15:34:07,459 - INFO -   batch 340/381 | loss=0.0610 mse=0.0483 sym=0.0121 phy=0.0000 | 23.3s
2026-06-20 15:34:08,176 - INFO -   batch 350/381 | loss=0.0590 mse=0.0466 sym=0.0121 phy=0.0000 | 24.0s
2026-06-20 15:34:08,864 - INFO -   batch 360/381 | loss=0.0743 mse=0.0627 sym=0.0121 phy=0.0000 | 24.7s
2026-06-20 15:34:09,463 - INFO -   batch 370/381 | loss=0.0534 mse=0.0413 sym=0.0121 phy=0.0000 | 25.3s
2026-06-20 15:34:10,233 - INFO -   batch 380/381 | loss=0.0599 mse=0.0485 sym=0.0121 phy=0.0000 | 26.0s
2026-06-20 15:34:11,565 - INFO -   batch   1/381 | loss=0.0507 mse=0.0380 sym=0.0127 phy=0.0000 | 0.1s
2026-06-20 15:34:12,279 - INFO -   batch  10/381 | loss=0.0509 mse=0.0400 sym=0.0124 phy=0.0000 | 0.8s
2026-06-20 15:34:12,896 - INFO -   batch  20/381 | loss=0.0648 mse=0.0523 sym=0.0124 phy=0.0000 | 1.5s
2026-06-20 15:34:13,612 - INFO -   batch  30/381 | loss=0.0534 mse=0.0408 sym=0.0124 phy=0.0000 | 2.2s
2026-06-20 15:34:14,262 - INFO -   batch  40/381 | loss=0.0589 mse=0.0465 sym=0.0123 phy=0.0000 | 2.8s
2026-06-20 15:34:14,869 - INFO -   batch  50/381 | loss=0.0688 mse=0.0564 sym=0.0123 phy=0.0000 | 3.4s
2026-06-20 15:34:15,662 - INFO -   batch  60/381 | loss=0.0606 mse=0.0478 sym=0.0123 phy=0.0000 | 4.2s
2026-06-20 15:34:16,264 - INFO -   batch  70/381 | loss=0.0533 mse=0.0413 sym=0.0122 phy=0.0000 | 4.8s
2026-06-20 15:34:16,944 - INFO -   batch  80/381 | loss=0.0561 mse=0.0434 sym=0.0123 phy=0.0000 | 5.5s
2026-06-20 15:34:17,661 - INFO -   batch  90/381 | loss=0.0547 mse=0.0420 sym=0.0122 phy=0.0000 | 6.2s
2026-06-20 15:34:18,280 - INFO -   batch 100/381 | loss=0.0499 mse=0.0378 sym=0.0122 phy=0.0000 | 6.8s
2026-06-20 15:34:19,040 - INFO -   batch 110/381 | loss=0.0718 mse=0.0595 sym=0.0122 phy=0.0000 | 7.6s
2026-06-20 15:34:19,698 - INFO -   batch 120/381 | loss=0.0473 mse=0.0347 sym=0.0122 phy=0.0000 | 8.3s
2026-06-20 15:34:20,302 - INFO -   batch 130/381 | loss=0.0517 mse=0.0386 sym=0.0122 phy=0.0000 | 8.9s
2026-06-20 15:34:21,058 - INFO -   batch 140/381 | loss=0.0514 mse=0.0403 sym=0.0122 phy=0.0000 | 9.6s
2026-06-20 15:34:21,661 - INFO -   batch 150/381 | loss=0.0621 mse=0.0509 sym=0.0122 phy=0.0000 | 10.2s
2026-06-20 15:34:22,372 - INFO -   batch 160/381 | loss=0.0677 mse=0.0561 sym=0.0122 phy=0.0000 | 10.9s
2026-06-20 15:34:23,061 - INFO -   batch 170/381 | loss=0.0667 mse=0.0544 sym=0.0122 phy=0.0000 | 11.6s
2026-06-20 15:34:23,684 - INFO -   batch 180/381 | loss=0.0716 mse=0.0575 sym=0.0122 phy=0.0000 | 12.2s
2026-06-20 15:34:24,492 - INFO -   batch 190/381 | loss=0.0801 mse=0.0673 sym=0.0122 phy=0.0000 | 13.1s
2026-06-20 15:34:25,150 - INFO -   batch 200/381 | loss=0.0528 mse=0.0410 sym=0.0122 phy=0.0000 | 13.7s
2026-06-20 15:34:25,767 - INFO -   batch 210/381 | loss=0.0781 mse=0.0652 sym=0.0122 phy=0.0000 | 14.3s
2026-06-20 15:34:26,563 - INFO -   batch 220/381 | loss=0.0672 mse=0.0553 sym=0.0122 phy=0.0000 | 15.1s
2026-06-20 15:34:27,188 - INFO -   batch 230/381 | loss=0.0741 mse=0.0628 sym=0.0122 phy=0.0000 | 15.8s
2026-06-20 15:34:27,846 - INFO -   batch 240/381 | loss=0.0675 mse=0.0562 sym=0.0122 phy=0.0000 | 16.4s
2026-06-20 15:34:28,610 - INFO -   batch 250/381 | loss=0.0459 mse=0.0331 sym=0.0122 phy=0.0000 | 17.2s
2026-06-20 15:34:29,258 - INFO -   batch 260/381 | loss=0.0570 mse=0.0436 sym=0.0122 phy=0.0000 | 17.8s
2026-06-20 15:34:29,930 - INFO -   batch 270/381 | loss=0.0690 mse=0.0561 sym=0.0122 phy=0.0000 | 18.5s
2026-06-20 15:34:30,718 - INFO -   batch 280/381 | loss=0.0544 mse=0.0424 sym=0.0122 phy=0.0000 | 19.3s
2026-06-20 15:34:31,346 - INFO -   batch 290/381 | loss=0.0586 mse=0.0455 sym=0.0122 phy=0.0000 | 19.9s
2026-06-20 15:34:31,971 - INFO -   batch 300/381 | loss=0.0642 mse=0.0529 sym=0.0122 phy=0.0000 | 20.5s
2026-06-20 15:34:32,755 - INFO -   batch 310/381 | loss=0.0746 mse=0.0627 sym=0.0122 phy=0.0000 | 21.3s
2026-06-20 15:34:33,404 - INFO -   batch 320/381 | loss=0.0514 mse=0.0387 sym=0.0122 phy=0.0000 | 22.0s
2026-06-20 15:34:34,046 - INFO -   batch 330/381 | loss=0.0741 mse=0.0618 sym=0.0122 phy=0.0000 | 22.6s
2026-06-20 15:34:34,835 - INFO -   batch 340/381 | loss=0.0607 mse=0.0483 sym=0.0122 phy=0.0000 | 23.4s
2026-06-20 15:34:35,477 - INFO -   batch 350/381 | loss=0.0619 mse=0.0501 sym=0.0122 phy=0.0000 | 24.0s
2026-06-20 15:34:36,108 - INFO -   batch 360/381 | loss=0.0489 mse=0.0373 sym=0.0122 phy=0.0000 | 24.7s
2026-06-20 15:34:36,877 - INFO -   batch 370/381 | loss=0.0567 mse=0.0439 sym=0.0122 phy=0.0000 | 25.4s
2026-06-20 15:34:37,507 - INFO -   batch 380/381 | loss=0.0682 mse=0.0564 sym=0.0122 phy=0.0000 | 26.1s
2026-06-20 15:34:38,793 - INFO -   batch   1/381 | loss=0.0410 mse=0.0286 sym=0.0124 phy=0.0000 | 0.2s
2026-06-20 15:34:39,314 - INFO -   batch  10/381 | loss=0.0588 mse=0.0468 sym=0.0120 phy=0.0000 | 0.7s
2026-06-20 15:34:40,112 - INFO -   batch  20/381 | loss=0.0406 mse=0.0286 sym=0.0121 phy=0.0000 | 1.5s
2026-06-20 15:34:40,770 - INFO -   batch  30/381 | loss=0.0577 mse=0.0462 sym=0.0121 phy=0.0000 | 2.1s
2026-06-20 15:34:41,381 - INFO -   batch  40/381 | loss=0.0557 mse=0.0439 sym=0.0120 phy=0.0000 | 2.7s
2026-06-20 15:34:42,181 - INFO -   batch  50/381 | loss=0.0610 mse=0.0487 sym=0.0121 phy=0.0000 | 3.5s
2026-06-20 15:34:42,809 - INFO -   batch  60/381 | loss=0.0730 mse=0.0613 sym=0.0121 phy=0.0000 | 4.2s
2026-06-20 15:34:43,453 - INFO -   batch  70/381 | loss=0.0594 mse=0.0477 sym=0.0121 phy=0.0000 | 4.8s
2026-06-20 15:34:44,239 - INFO -   batch  80/381 | loss=0.0480 mse=0.0357 sym=0.0121 phy=0.0000 | 5.6s
2026-06-20 15:34:44,898 - INFO -   batch  90/381 | loss=0.0527 mse=0.0402 sym=0.0121 phy=0.0000 | 6.3s
2026-06-20 15:34:45,523 - INFO -   batch 100/381 | loss=0.0526 mse=0.0403 sym=0.0121 phy=0.0000 | 6.9s
2026-06-20 15:34:46,303 - INFO -   batch 110/381 | loss=0.0435 mse=0.0322 sym=0.0121 phy=0.0000 | 7.7s
2026-06-20 15:34:46,966 - INFO -   batch 120/381 | loss=0.0541 mse=0.0426 sym=0.0121 phy=0.0000 | 8.3s
2026-06-20 15:34:47,619 - INFO -   batch 130/381 | loss=0.0575 mse=0.0461 sym=0.0121 phy=0.0000 | 9.0s
2026-06-20 15:34:48,345 - INFO -   batch 140/381 | loss=0.0516 mse=0.0398 sym=0.0121 phy=0.0000 | 9.7s
2026-06-20 15:34:49,033 - INFO -   batch 150/381 | loss=0.0726 mse=0.0610 sym=0.0121 phy=0.0000 | 10.4s
2026-06-20 15:34:49,687 - INFO -   batch 160/381 | loss=0.0596 mse=0.0471 sym=0.0121 phy=0.0000 | 11.0s
2026-06-20 15:34:50,377 - INFO -   batch 170/381 | loss=0.0522 mse=0.0409 sym=0.0121 phy=0.0000 | 11.7s
2026-06-20 15:34:51,115 - INFO -   batch 180/381 | loss=0.0616 mse=0.0494 sym=0.0121 phy=0.0000 | 12.5s
2026-06-20 15:34:51,767 - INFO -   batch 190/381 | loss=0.0710 mse=0.0585 sym=0.0121 phy=0.0000 | 13.1s
2026-06-20 15:34:52,422 - INFO -   batch 200/381 | loss=0.0729 mse=0.0602 sym=0.0121 phy=0.0000 | 13.8s
2026-06-20 15:34:53,215 - INFO -   batch 210/381 | loss=0.0719 mse=0.0607 sym=0.0121 phy=0.0000 | 14.6s
2026-06-20 15:34:53,877 - INFO -   batch 220/381 | loss=0.0571 mse=0.0450 sym=0.0121 phy=0.0000 | 15.2s
2026-06-20 15:34:54,493 - INFO -   batch 230/381 | loss=0.0540 mse=0.0417 sym=0.0121 phy=0.0000 | 15.9s
2026-06-20 15:34:55,260 - INFO -   batch 240/381 | loss=0.0584 mse=0.0451 sym=0.0121 phy=0.0000 | 16.6s
2026-06-20 15:34:55,951 - INFO -   batch 250/381 | loss=0.0518 mse=0.0403 sym=0.0121 phy=0.0000 | 17.3s
2026-06-20 15:34:56,609 - INFO -   batch 260/381 | loss=0.0750 mse=0.0632 sym=0.0121 phy=0.0000 | 18.0s
2026-06-20 15:34:57,302 - INFO -   batch 270/381 | loss=0.0500 mse=0.0388 sym=0.0121 phy=0.0000 | 18.7s
2026-06-20 15:34:58,037 - INFO -   batch 280/381 | loss=0.0469 mse=0.0355 sym=0.0121 phy=0.0000 | 19.4s
2026-06-20 15:34:58,704 - INFO -   batch 290/381 | loss=0.0659 mse=0.0542 sym=0.0121 phy=0.0000 | 20.1s
2026-06-20 15:34:59,356 - INFO -   batch 300/381 | loss=0.0507 mse=0.0380 sym=0.0121 phy=0.0000 | 20.7s
2026-06-20 15:35:00,124 - INFO -   batch 310/381 | loss=0.0582 mse=0.0440 sym=0.0121 phy=0.0000 | 21.5s
2026-06-20 15:35:00,768 - INFO -   batch 320/381 | loss=0.0491 mse=0.0370 sym=0.0121 phy=0.0000 | 22.1s
2026-06-20 15:35:01,421 - INFO -   batch 330/381 | loss=0.0704 mse=0.0582 sym=0.0121 phy=0.0000 | 22.8s
2026-06-20 15:35:02,177 - INFO -   batch 340/381 | loss=0.0568 mse=0.0460 sym=0.0121 phy=0.0000 | 23.5s
2026-06-20 15:35:02,858 - INFO -   batch 350/381 | loss=0.0556 mse=0.0444 sym=0.0121 phy=0.0000 | 24.2s
2026-06-20 15:35:03,545 - INFO -   batch 360/381 | loss=0.0496 mse=0.0372 sym=0.0121 phy=0.0000 | 24.9s
2026-06-20 15:35:04,231 - INFO -   batch 370/381 | loss=0.0588 mse=0.0470 sym=0.0121 phy=0.0000 | 25.6s
2026-06-20 15:35:04,958 - INFO -   batch 380/381 | loss=0.0754 mse=0.0614 sym=0.0121 phy=0.0000 | 26.3s
2026-06-20 15:35:06,294 - INFO -   batch   1/381 | loss=0.0681 mse=0.0549 sym=0.0133 phy=0.0000 | 0.1s
2026-06-20 15:35:07,010 - INFO -   batch  10/381 | loss=0.0536 mse=0.0436 sym=0.0119 phy=0.0000 | 0.8s
2026-06-20 15:35:07,667 - INFO -   batch  20/381 | loss=0.0663 mse=0.0535 sym=0.0121 phy=0.0000 | 1.5s
2026-06-20 15:35:08,311 - INFO -   batch  30/381 | loss=0.0625 mse=0.0503 sym=0.0121 phy=0.0000 | 2.1s
2026-06-20 15:35:09,085 - INFO -   batch  40/381 | loss=0.0601 mse=0.0479 sym=0.0122 phy=0.0000 | 2.9s
2026-06-20 15:35:09,743 - INFO -   batch  50/381 | loss=0.0650 mse=0.0523 sym=0.0122 phy=0.0000 | 3.6s
2026-06-20 15:35:10,395 - INFO -   batch  60/381 | loss=0.0459 mse=0.0347 sym=0.0122 phy=0.0000 | 4.2s
2026-06-20 15:35:11,110 - INFO -   batch  70/381 | loss=0.0505 mse=0.0391 sym=0.0122 phy=0.0000 | 4.9s
2026-06-20 15:35:11,800 - INFO -   batch  80/381 | loss=0.0601 mse=0.0484 sym=0.0121 phy=0.0000 | 5.6s
2026-06-20 15:35:12,419 - INFO -   batch  90/381 | loss=0.0538 mse=0.0415 sym=0.0121 phy=0.0000 | 6.2s
2026-06-20 15:35:13,164 - INFO -   batch 100/381 | loss=0.0590 mse=0.0461 sym=0.0122 phy=0.0000 | 7.0s
2026-06-20 15:35:13,890 - INFO -   batch 110/381 | loss=0.0896 mse=0.0762 sym=0.0121 phy=0.0000 | 7.7s
2026-06-20 15:35:14,547 - INFO -   batch 120/381 | loss=0.0567 mse=0.0443 sym=0.0122 phy=0.0000 | 8.4s
2026-06-20 15:35:15,214 - INFO -   batch 130/381 | loss=0.0632 mse=0.0510 sym=0.0122 phy=0.0000 | 9.0s
2026-06-20 15:35:15,976 - INFO -   batch 140/381 | loss=0.0377 mse=0.0245 sym=0.0122 phy=0.0000 | 9.8s
2026-06-20 15:35:16,616 - INFO -   batch 150/381 | loss=0.0701 mse=0.0585 sym=0.0122 phy=0.0000 | 10.4s
2026-06-20 15:35:17,276 - INFO -   batch 160/381 | loss=0.0495 mse=0.0373 sym=0.0122 phy=0.0000 | 11.1s
2026-06-20 15:35:18,042 - INFO -   batch 170/381 | loss=0.0412 mse=0.0308 sym=0.0121 phy=0.0000 | 11.9s
2026-06-20 15:35:18,700 - INFO -   batch 180/381 | loss=0.0556 mse=0.0429 sym=0.0121 phy=0.0000 | 12.5s
2026-06-20 15:35:19,350 - INFO -   batch 190/381 | loss=0.0620 mse=0.0494 sym=0.0121 phy=0.0000 | 13.2s
2026-06-20 15:35:20,076 - INFO -   batch 200/381 | loss=0.0604 mse=0.0462 sym=0.0121 phy=0.0000 | 13.9s
2026-06-20 15:35:20,793 - INFO -   batch 210/381 | loss=0.0549 mse=0.0431 sym=0.0121 phy=0.0000 | 14.6s
2026-06-20 15:35:21,388 - INFO -   batch 220/381 | loss=0.0554 mse=0.0439 sym=0.0121 phy=0.0000 | 15.2s
2026-06-20 15:35:22,106 - INFO -   batch 230/381 | loss=0.0618 mse=0.0495 sym=0.0121 phy=0.0000 | 15.9s
2026-06-20 15:35:22,830 - INFO -   batch 240/381 | loss=0.0459 mse=0.0324 sym=0.0121 phy=0.0000 | 16.7s
2026-06-20 15:35:23,496 - INFO -   batch 250/381 | loss=0.0453 mse=0.0324 sym=0.0121 phy=0.0000 | 17.3s
2026-06-20 15:35:24,149 - INFO -   batch 260/381 | loss=0.0596 mse=0.0475 sym=0.0121 phy=0.0000 | 18.0s
2026-06-20 15:35:24,914 - INFO -   batch 270/381 | loss=0.0559 mse=0.0447 sym=0.0121 phy=0.0000 | 18.7s
2026-06-20 15:35:25,558 - INFO -   batch 280/381 | loss=0.0537 mse=0.0419 sym=0.0121 phy=0.0000 | 19.4s
2026-06-20 15:35:26,200 - INFO -   batch 290/381 | loss=0.0515 mse=0.0396 sym=0.0121 phy=0.0000 | 20.0s
2026-06-20 15:35:26,955 - INFO -   batch 300/381 | loss=0.0691 mse=0.0567 sym=0.0121 phy=0.0000 | 20.8s
2026-06-20 15:35:27,583 - INFO -   batch 310/381 | loss=0.0633 mse=0.0509 sym=0.0121 phy=0.0000 | 21.4s
2026-06-20 15:35:28,234 - INFO -   batch 320/381 | loss=0.0480 mse=0.0368 sym=0.0121 phy=0.0000 | 22.1s
2026-06-20 15:35:28,990 - INFO -   batch 330/381 | loss=0.0528 mse=0.0419 sym=0.0121 phy=0.0000 | 22.8s
2026-06-20 15:35:29,672 - INFO -   batch 340/381 | loss=0.0445 mse=0.0330 sym=0.0121 phy=0.0000 | 23.5s
2026-06-20 15:35:30,292 - INFO -   batch 350/381 | loss=0.0695 mse=0.0566 sym=0.0121 phy=0.0000 | 24.1s
2026-06-20 15:35:31,009 - INFO -   batch 360/381 | loss=0.0746 mse=0.0621 sym=0.0121 phy=0.0000 | 24.8s
2026-06-20 15:35:31,700 - INFO -   batch 370/381 | loss=0.0588 mse=0.0474 sym=0.0121 phy=0.0000 | 25.5s
2026-06-20 15:35:32,349 - INFO -   batch 380/381 | loss=0.0653 mse=0.0527 sym=0.0121 phy=0.0000 | 26.2s
2026-06-20 15:35:33,638 - INFO -   batch   1/381 | loss=0.0719 mse=0.0595 sym=0.0124 phy=0.0000 | 0.2s
2026-06-20 15:35:34,183 - INFO -   batch  10/381 | loss=0.0662 mse=0.0531 sym=0.0121 phy=0.0000 | 0.7s
2026-06-20 15:35:34,950 - INFO -   batch  20/381 | loss=0.0744 mse=0.0625 sym=0.0120 phy=0.0000 | 1.5s
2026-06-20 15:35:35,645 - INFO -   batch  30/381 | loss=0.0547 mse=0.0429 sym=0.0121 phy=0.0000 | 2.2s
2026-06-20 15:35:36,256 - INFO -   batch  40/381 | loss=0.0528 mse=0.0406 sym=0.0121 phy=0.0000 | 2.8s
2026-06-20 15:35:36,988 - INFO -   batch  50/381 | loss=0.0587 mse=0.0458 sym=0.0121 phy=0.0000 | 3.5s
2026-06-20 15:35:37,873 - INFO -   batch  60/381 | loss=0.0637 mse=0.0525 sym=0.0122 phy=0.0000 | 4.4s
2026-06-20 15:35:38,531 - INFO -   batch  70/381 | loss=0.0534 mse=0.0406 sym=0.0122 phy=0.0000 | 5.0s
2026-06-20 15:35:39,154 - INFO -   batch  80/381 | loss=0.0680 mse=0.0546 sym=0.0122 phy=0.0000 | 5.7s
2026-06-20 15:35:39,901 - INFO -   batch  90/381 | loss=0.0716 mse=0.0590 sym=0.0122 phy=0.0000 | 6.4s
2026-06-20 15:35:40,596 - INFO -   batch 100/381 | loss=0.0602 mse=0.0471 sym=0.0123 phy=0.0000 | 7.1s
2026-06-20 15:35:41,252 - INFO -   batch 110/381 | loss=0.0450 mse=0.0320 sym=0.0123 phy=0.0000 | 7.8s
2026-06-20 15:35:41,938 - INFO -   batch 120/381 | loss=0.0512 mse=0.0391 sym=0.0123 phy=0.0000 | 8.5s
2026-06-20 15:35:42,661 - INFO -   batch 130/381 | loss=0.0549 mse=0.0434 sym=0.0123 phy=0.0000 | 9.2s
2026-06-20 15:35:43,324 - INFO -   batch 140/381 | loss=0.0619 mse=0.0507 sym=0.0123 phy=0.0000 | 9.8s
2026-06-20 15:35:43,982 - INFO -   batch 150/381 | loss=0.0553 mse=0.0427 sym=0.0123 phy=0.0000 | 10.5s
2026-06-20 15:35:44,758 - INFO -   batch 160/381 | loss=0.0478 mse=0.0368 sym=0.0122 phy=0.0000 | 11.3s
2026-06-20 15:35:45,396 - INFO -   batch 170/381 | loss=0.0612 mse=0.0505 sym=0.0122 phy=0.0000 | 11.9s
2026-06-20 15:35:46,043 - INFO -   batch 180/381 | loss=0.0521 mse=0.0405 sym=0.0123 phy=0.0000 | 12.6s
2026-06-20 15:35:46,805 - INFO -   batch 190/381 | loss=0.0808 mse=0.0685 sym=0.0123 phy=0.0000 | 13.3s
2026-06-20 15:35:47,502 - INFO -   batch 200/381 | loss=0.0687 mse=0.0562 sym=0.0122 phy=0.0000 | 14.0s
2026-06-20 15:35:48,117 - INFO -   batch 210/381 | loss=0.0488 mse=0.0355 sym=0.0123 phy=0.0000 | 14.6s
2026-06-20 15:35:48,838 - INFO -   batch 220/381 | loss=0.0571 mse=0.0458 sym=0.0122 phy=0.0000 | 15.4s
2026-06-20 15:35:49,560 - INFO -   batch 230/381 | loss=0.0712 mse=0.0595 sym=0.0122 phy=0.0000 | 16.1s
2026-06-20 15:35:50,206 - INFO -   batch 240/381 | loss=0.0638 mse=0.0520 sym=0.0122 phy=0.0000 | 16.7s
2026-06-20 15:35:50,872 - INFO -   batch 250/381 | loss=0.0786 mse=0.0663 sym=0.0122 phy=0.0000 | 17.4s
2026-06-20 15:35:51,628 - INFO -   batch 260/381 | loss=0.0452 mse=0.0338 sym=0.0122 phy=0.0000 | 18.1s
2026-06-20 15:35:52,278 - INFO -   batch 270/381 | loss=0.0500 mse=0.0386 sym=0.0122 phy=0.0000 | 18.8s
2026-06-20 15:35:52,954 - INFO -   batch 280/381 | loss=0.0604 mse=0.0489 sym=0.0122 phy=0.0000 | 19.5s
2026-06-20 15:35:53,712 - INFO -   batch 290/381 | loss=0.0561 mse=0.0428 sym=0.0122 phy=0.0000 | 20.2s
2026-06-20 15:35:54,368 - INFO -   batch 300/381 | loss=0.0760 mse=0.0626 sym=0.0122 phy=0.0000 | 20.9s
2026-06-20 15:35:55,017 - INFO -   batch 310/381 | loss=0.0403 mse=0.0274 sym=0.0122 phy=0.0000 | 21.5s
2026-06-20 15:35:55,745 - INFO -   batch 320/381 | loss=0.0632 mse=0.0503 sym=0.0122 phy=0.0000 | 22.3s
2026-06-20 15:35:56,474 - INFO -   batch 330/381 | loss=0.0599 mse=0.0472 sym=0.0122 phy=0.0000 | 23.0s
2026-06-20 15:35:57,095 - INFO -   batch 340/381 | loss=0.0653 mse=0.0522 sym=0.0122 phy=0.0000 | 23.6s
2026-06-20 15:35:57,778 - INFO -   batch 350/381 | loss=0.0532 mse=0.0430 sym=0.0122 phy=0.0000 | 24.3s
2026-06-20 15:35:58,546 - INFO -   batch 360/381 | loss=0.0892 mse=0.0772 sym=0.0122 phy=0.0000 | 25.1s
2026-06-20 15:35:59,195 - INFO -   batch 370/381 | loss=0.0669 mse=0.0548 sym=0.0122 phy=0.0000 | 25.7s
2026-06-20 15:35:59,809 - INFO -   batch 380/381 | loss=0.0562 mse=0.0435 sym=0.0122 phy=0.0000 | 26.3s
2026-06-20 15:36:00,940 - INFO - Epoch  40/50 | Loss=0.0595 MSE=0.0473 Sym=0.0122 Phy=0.0000 | Val RMSE=0.2149 ρ=0.358 | 27s
2026-06-20 15:36:01,096 - INFO -   batch   1/381 | loss=0.0664 mse=0.0530 sym=0.0135 phy=0.0000 | 0.2s
2026-06-20 15:36:01,706 - INFO -   batch  10/381 | loss=0.0783 mse=0.0666 sym=0.0121 phy=0.0000 | 0.8s
2026-06-20 15:36:02,444 - INFO -   batch  20/381 | loss=0.0535 mse=0.0416 sym=0.0120 phy=0.0000 | 1.5s
2026-06-20 15:36:03,107 - INFO -   batch  30/381 | loss=0.0919 mse=0.0794 sym=0.0121 phy=0.0000 | 2.2s
2026-06-20 15:36:03,767 - INFO -   batch  40/381 | loss=0.0600 mse=0.0477 sym=0.0121 phy=0.0000 | 2.8s
2026-06-20 15:36:04,562 - INFO -   batch  50/381 | loss=0.0580 mse=0.0446 sym=0.0122 phy=0.0000 | 3.6s
2026-06-20 15:36:05,218 - INFO -   batch  60/381 | loss=0.0517 mse=0.0392 sym=0.0122 phy=0.0000 | 4.3s
2026-06-20 15:36:05,840 - INFO -   batch  70/381 | loss=0.0577 mse=0.0455 sym=0.0122 phy=0.0000 | 4.9s
2026-06-20 15:36:06,599 - INFO -   batch  80/381 | loss=0.0513 mse=0.0404 sym=0.0122 phy=0.0000 | 5.7s
2026-06-20 15:36:07,293 - INFO -   batch  90/381 | loss=0.0522 mse=0.0405 sym=0.0122 phy=0.0000 | 6.4s
2026-06-20 15:36:07,954 - INFO -   batch 100/381 | loss=0.0424 mse=0.0314 sym=0.0121 phy=0.0000 | 7.0s
2026-06-20 15:36:08,640 - INFO -   batch 110/381 | loss=0.0540 mse=0.0431 sym=0.0121 phy=0.0000 | 7.7s
2026-06-20 15:36:09,364 - INFO -   batch 120/381 | loss=0.0495 mse=0.0379 sym=0.0121 phy=0.0000 | 8.4s
2026-06-20 15:36:10,024 - INFO -   batch 130/381 | loss=0.0686 mse=0.0550 sym=0.0121 phy=0.0000 | 9.1s
2026-06-20 15:36:10,678 - INFO -   batch 140/381 | loss=0.0523 mse=0.0400 sym=0.0121 phy=0.0000 | 9.7s
2026-06-20 15:36:11,448 - INFO -   batch 150/381 | loss=0.0712 mse=0.0591 sym=0.0121 phy=0.0000 | 10.5s
2026-06-20 15:36:12,101 - INFO -   batch 160/381 | loss=0.0643 mse=0.0521 sym=0.0121 phy=0.0000 | 11.2s
2026-06-20 15:36:12,756 - INFO -   batch 170/381 | loss=0.0782 mse=0.0682 sym=0.0121 phy=0.0000 | 11.8s
2026-06-20 15:36:13,511 - INFO -   batch 180/381 | loss=0.0721 mse=0.0595 sym=0.0121 phy=0.0000 | 12.6s
2026-06-20 15:36:14,203 - INFO -   batch 190/381 | loss=0.0738 mse=0.0624 sym=0.0121 phy=0.0000 | 13.3s
2026-06-20 15:36:14,842 - INFO -   batch 200/381 | loss=0.0504 mse=0.0394 sym=0.0121 phy=0.0000 | 13.9s
2026-06-20 15:36:15,557 - INFO -   batch 210/381 | loss=0.0693 mse=0.0578 sym=0.0121 phy=0.0000 | 14.6s
2026-06-20 15:36:16,279 - INFO -   batch 220/381 | loss=0.0731 mse=0.0609 sym=0.0121 phy=0.0000 | 15.3s
2026-06-20 15:36:16,916 - INFO -   batch 230/381 | loss=0.0790 mse=0.0662 sym=0.0122 phy=0.0000 | 16.0s
2026-06-20 15:36:17,590 - INFO -   batch 240/381 | loss=0.0579 mse=0.0457 sym=0.0122 phy=0.0000 | 16.6s
2026-06-20 15:36:18,324 - INFO -   batch 250/381 | loss=0.0641 mse=0.0519 sym=0.0122 phy=0.0000 | 17.4s
2026-06-20 15:36:18,957 - INFO -   batch 260/381 | loss=0.0698 mse=0.0578 sym=0.0121 phy=0.0000 | 18.0s
2026-06-20 15:36:19,603 - INFO -   batch 270/381 | loss=0.0497 mse=0.0382 sym=0.0121 phy=0.0000 | 18.7s
2026-06-20 15:36:20,368 - INFO -   batch 280/381 | loss=0.0569 mse=0.0459 sym=0.0121 phy=0.0000 | 19.4s
2026-06-20 15:36:21,012 - INFO -   batch 290/381 | loss=0.0587 mse=0.0478 sym=0.0121 phy=0.0000 | 20.1s
2026-06-20 15:36:21,651 - INFO -   batch 300/381 | loss=0.0632 mse=0.0495 sym=0.0121 phy=0.0000 | 20.7s
2026-06-20 15:36:22,424 - INFO -   batch 310/381 | loss=0.0737 mse=0.0615 sym=0.0121 phy=0.0000 | 21.5s
2026-06-20 15:36:23,108 - INFO -   batch 320/381 | loss=0.0585 mse=0.0457 sym=0.0121 phy=0.0000 | 22.2s
2026-06-20 15:36:23,714 - INFO -   batch 330/381 | loss=0.0496 mse=0.0389 sym=0.0121 phy=0.0000 | 22.8s
2026-06-20 15:36:24,449 - INFO -   batch 340/381 | loss=0.0597 mse=0.0470 sym=0.0121 phy=0.0000 | 23.5s
2026-06-20 15:36:25,166 - INFO -   batch 350/381 | loss=0.0543 mse=0.0436 sym=0.0121 phy=0.0000 | 24.2s
2026-06-20 15:36:25,770 - INFO -   batch 360/381 | loss=0.0489 mse=0.0371 sym=0.0121 phy=0.0000 | 24.8s
2026-06-20 15:36:26,454 - INFO -   batch 370/381 | loss=0.0594 mse=0.0482 sym=0.0121 phy=0.0000 | 25.5s
2026-06-20 15:36:27,175 - INFO -   batch 380/381 | loss=0.0589 mse=0.0472 sym=0.0121 phy=0.0000 | 26.2s
2026-06-20 15:36:28,501 - INFO -   batch   1/381 | loss=0.0695 mse=0.0571 sym=0.0124 phy=0.0000 | 0.1s
2026-06-20 15:36:29,189 - INFO -   batch  10/381 | loss=0.0619 mse=0.0487 sym=0.0126 phy=0.0000 | 0.8s
2026-06-20 15:36:29,846 - INFO -   batch  20/381 | loss=0.0579 mse=0.0469 sym=0.0125 phy=0.0000 | 1.5s
2026-06-20 15:36:30,496 - INFO -   batch  30/381 | loss=0.0516 mse=0.0393 sym=0.0124 phy=0.0000 | 2.1s
2026-06-20 15:36:31,287 - INFO -   batch  40/381 | loss=0.0611 mse=0.0490 sym=0.0123 phy=0.0000 | 2.9s
2026-06-20 15:36:31,946 - INFO -   batch  50/381 | loss=0.0608 mse=0.0476 sym=0.0124 phy=0.0000 | 3.6s
2026-06-20 15:36:32,570 - INFO -   batch  60/381 | loss=0.0468 mse=0.0350 sym=0.0123 phy=0.0000 | 4.2s
2026-06-20 15:36:33,328 - INFO -   batch  70/381 | loss=0.0476 mse=0.0359 sym=0.0123 phy=0.0000 | 5.0s
2026-06-20 15:36:34,018 - INFO -   batch  80/381 | loss=0.0666 mse=0.0555 sym=0.0123 phy=0.0000 | 5.6s
2026-06-20 15:36:34,656 - INFO -   batch  90/381 | loss=0.0671 mse=0.0552 sym=0.0122 phy=0.0000 | 6.3s
2026-06-20 15:36:35,344 - INFO -   batch 100/381 | loss=0.0600 mse=0.0474 sym=0.0122 phy=0.0000 | 7.0s
2026-06-20 15:36:36,032 - INFO -   batch 110/381 | loss=0.0630 mse=0.0505 sym=0.0122 phy=0.0000 | 7.7s
2026-06-20 15:36:36,678 - INFO -   batch 120/381 | loss=0.0682 mse=0.0573 sym=0.0121 phy=0.0000 | 8.3s
2026-06-20 15:36:37,368 - INFO -   batch 130/381 | loss=0.0870 mse=0.0753 sym=0.0121 phy=0.0000 | 9.0s
2026-06-20 15:36:38,104 - INFO -   batch 140/381 | loss=0.0583 mse=0.0451 sym=0.0121 phy=0.0000 | 9.7s
2026-06-20 15:36:38,739 - INFO -   batch 150/381 | loss=0.0484 mse=0.0369 sym=0.0121 phy=0.0000 | 10.4s
2026-06-20 15:36:39,398 - INFO -   batch 160/381 | loss=0.0605 mse=0.0486 sym=0.0122 phy=0.0000 | 11.0s
2026-06-20 15:36:40,192 - INFO -   batch 170/381 | loss=0.0526 mse=0.0404 sym=0.0122 phy=0.0000 | 11.8s
2026-06-20 15:36:40,850 - INFO -   batch 180/381 | loss=0.0625 mse=0.0517 sym=0.0121 phy=0.0000 | 12.5s
2026-06-20 15:36:41,465 - INFO -   batch 190/381 | loss=0.0529 mse=0.0406 sym=0.0121 phy=0.0000 | 13.1s
2026-06-20 15:36:42,229 - INFO -   batch 200/381 | loss=0.0529 mse=0.0407 sym=0.0121 phy=0.0000 | 13.9s
2026-06-20 15:36:42,920 - INFO -   batch 210/381 | loss=0.0511 mse=0.0387 sym=0.0121 phy=0.0000 | 14.5s
2026-06-20 15:36:43,577 - INFO -   batch 220/381 | loss=0.0537 mse=0.0435 sym=0.0121 phy=0.0000 | 15.2s
2026-06-20 15:36:44,263 - INFO -   batch 230/381 | loss=0.0714 mse=0.0596 sym=0.0121 phy=0.0000 | 15.9s
2026-06-20 15:36:44,996 - INFO -   batch 240/381 | loss=0.0446 mse=0.0326 sym=0.0121 phy=0.0000 | 16.6s
2026-06-20 15:36:45,652 - INFO -   batch 250/381 | loss=0.0571 mse=0.0448 sym=0.0121 phy=0.0000 | 17.3s
2026-06-20 15:36:46,305 - INFO -   batch 260/381 | loss=0.0488 mse=0.0361 sym=0.0122 phy=0.0000 | 17.9s
2026-06-20 15:36:47,072 - INFO -   batch 270/381 | loss=0.0582 mse=0.0466 sym=0.0122 phy=0.0000 | 18.7s
2026-06-20 15:36:47,718 - INFO -   batch 280/381 | loss=0.0613 mse=0.0483 sym=0.0122 phy=0.0000 | 19.3s
2026-06-20 15:36:48,378 - INFO -   batch 290/381 | loss=0.0845 mse=0.0715 sym=0.0122 phy=0.0000 | 20.0s
2026-06-20 15:36:49,136 - INFO -   batch 300/381 | loss=0.0622 mse=0.0493 sym=0.0122 phy=0.0000 | 20.8s
2026-06-20 15:36:49,833 - INFO -   batch 310/381 | loss=0.0610 mse=0.0482 sym=0.0122 phy=0.0000 | 21.5s
2026-06-20 15:36:50,445 - INFO -   batch 320/381 | loss=0.0537 mse=0.0415 sym=0.0122 phy=0.0000 | 22.1s
2026-06-20 15:36:51,175 - INFO -   batch 330/381 | loss=0.0585 mse=0.0464 sym=0.0122 phy=0.0000 | 22.8s
2026-06-20 15:36:51,908 - INFO -   batch 340/381 | loss=0.0554 mse=0.0431 sym=0.0122 phy=0.0000 | 23.5s
2026-06-20 15:36:52,556 - INFO -   batch 350/381 | loss=0.0639 mse=0.0506 sym=0.0122 phy=0.0000 | 24.2s
2026-06-20 15:36:53,208 - INFO -   batch 360/381 | loss=0.0715 mse=0.0582 sym=0.0122 phy=0.0000 | 24.8s
2026-06-20 15:36:53,971 - INFO -   batch 370/381 | loss=0.0554 mse=0.0431 sym=0.0122 phy=0.0000 | 25.6s
2026-06-20 15:36:54,623 - INFO -   batch 380/381 | loss=0.0586 mse=0.0466 sym=0.0122 phy=0.0000 | 26.2s
2026-06-20 15:36:55,888 - INFO -   batch   1/381 | loss=0.0733 mse=0.0599 sym=0.0134 phy=0.0000 | 0.1s
2026-06-20 15:36:56,455 - INFO -   batch  10/381 | loss=0.0451 mse=0.0342 sym=0.0124 phy=0.0000 | 0.7s
2026-06-20 15:36:57,144 - INFO -   batch  20/381 | loss=0.0608 mse=0.0492 sym=0.0125 phy=0.0000 | 1.4s
2026-06-20 15:36:57,878 - INFO -   batch  30/381 | loss=0.0772 mse=0.0643 sym=0.0123 phy=0.0000 | 2.1s
2026-06-20 15:36:58,518 - INFO -   batch  40/381 | loss=0.0588 mse=0.0483 sym=0.0123 phy=0.0000 | 2.8s
2026-06-20 15:36:59,171 - INFO -   batch  50/381 | loss=0.0611 mse=0.0490 sym=0.0122 phy=0.0000 | 3.4s
2026-06-20 15:36:59,933 - INFO -   batch  60/381 | loss=0.0512 mse=0.0378 sym=0.0122 phy=0.0000 | 4.2s
2026-06-20 15:37:00,581 - INFO -   batch  70/381 | loss=0.0701 mse=0.0570 sym=0.0122 phy=0.0000 | 4.8s
2026-06-20 15:37:01,231 - INFO -   batch  80/381 | loss=0.0517 mse=0.0403 sym=0.0122 phy=0.0000 | 5.5s
2026-06-20 15:37:02,006 - INFO -   batch  90/381 | loss=0.0386 mse=0.0268 sym=0.0121 phy=0.0000 | 6.2s
2026-06-20 15:37:02,666 - INFO -   batch 100/381 | loss=0.0614 mse=0.0515 sym=0.0120 phy=0.0000 | 6.9s
2026-06-20 15:37:03,309 - INFO -   batch 110/381 | loss=0.0777 mse=0.0663 sym=0.0120 phy=0.0000 | 7.5s
2026-06-20 15:37:04,033 - INFO -   batch 120/381 | loss=0.0719 mse=0.0595 sym=0.0120 phy=0.0000 | 8.3s
2026-06-20 15:37:04,757 - INFO -   batch 130/381 | loss=0.0474 mse=0.0345 sym=0.0121 phy=0.0000 | 9.0s
2026-06-20 15:37:05,350 - INFO -   batch 140/381 | loss=0.0651 mse=0.0524 sym=0.0121 phy=0.0000 | 9.6s
2026-06-20 15:37:06,058 - INFO -   batch 150/381 | loss=0.0537 mse=0.0415 sym=0.0121 phy=0.0000 | 10.3s
2026-06-20 15:37:06,786 - INFO -   batch 160/381 | loss=0.0650 mse=0.0521 sym=0.0121 phy=0.0000 | 11.0s
2026-06-20 15:37:07,442 - INFO -   batch 170/381 | loss=0.0616 mse=0.0510 sym=0.0121 phy=0.0000 | 11.7s
2026-06-20 15:37:08,104 - INFO -   batch 180/381 | loss=0.0610 mse=0.0491 sym=0.0121 phy=0.0000 | 12.3s
2026-06-20 15:37:08,870 - INFO -   batch 190/381 | loss=0.0522 mse=0.0402 sym=0.0121 phy=0.0000 | 13.1s
2026-06-20 15:37:09,521 - INFO -   batch 200/381 | loss=0.0463 mse=0.0344 sym=0.0121 phy=0.0000 | 13.8s
2026-06-20 15:37:10,174 - INFO -   batch 210/381 | loss=0.0685 mse=0.0550 sym=0.0121 phy=0.0000 | 14.4s
2026-06-20 15:37:10,944 - INFO -   batch 220/381 | loss=0.0565 mse=0.0461 sym=0.0121 phy=0.0000 | 15.2s
2026-06-20 15:37:11,595 - INFO -   batch 230/381 | loss=0.0717 mse=0.0588 sym=0.0121 phy=0.0000 | 15.8s
2026-06-20 15:37:12,270 - INFO -   batch 240/381 | loss=0.0572 mse=0.0452 sym=0.0121 phy=0.0000 | 16.5s
2026-06-20 15:37:12,996 - INFO -   batch 250/381 | loss=0.0488 mse=0.0361 sym=0.0121 phy=0.0000 | 17.2s
2026-06-20 15:37:13,725 - INFO -   batch 260/381 | loss=0.0694 mse=0.0578 sym=0.0121 phy=0.0000 | 18.0s
2026-06-20 15:37:14,357 - INFO -   batch 270/381 | loss=0.0447 mse=0.0329 sym=0.0121 phy=0.0000 | 18.6s
2026-06-20 15:37:15,048 - INFO -   batch 280/381 | loss=0.0474 mse=0.0357 sym=0.0121 phy=0.0000 | 19.3s
2026-06-20 15:37:15,805 - INFO -   batch 290/381 | loss=0.0477 mse=0.0362 sym=0.0121 phy=0.0000 | 20.0s
2026-06-20 15:37:16,458 - INFO -   batch 300/381 | loss=0.0589 mse=0.0463 sym=0.0121 phy=0.0000 | 20.7s
2026-06-20 15:37:17,095 - INFO -   batch 310/381 | loss=0.0688 mse=0.0572 sym=0.0121 phy=0.0000 | 21.3s
2026-06-20 15:37:17,891 - INFO -   batch 320/381 | loss=0.0575 mse=0.0456 sym=0.0121 phy=0.0000 | 22.1s
2026-06-20 15:37:18,561 - INFO -   batch 330/381 | loss=0.0429 mse=0.0304 sym=0.0121 phy=0.0000 | 22.8s
2026-06-20 15:37:19,205 - INFO -   batch 340/381 | loss=0.0575 mse=0.0446 sym=0.0121 phy=0.0000 | 23.4s
2026-06-20 15:37:19,939 - INFO -   batch 350/381 | loss=0.0536 mse=0.0405 sym=0.0121 phy=0.0000 | 24.2s
2026-06-20 15:37:20,631 - INFO -   batch 360/381 | loss=0.0490 mse=0.0358 sym=0.0121 phy=0.0000 | 24.9s
2026-06-20 15:37:21,289 - INFO -   batch 370/381 | loss=0.0611 mse=0.0492 sym=0.0121 phy=0.0000 | 25.5s
2026-06-20 15:37:21,974 - INFO -   batch 380/381 | loss=0.0524 mse=0.0407 sym=0.0121 phy=0.0000 | 26.2s
2026-06-20 15:37:23,234 - INFO -   batch   1/381 | loss=0.0818 mse=0.0691 sym=0.0127 phy=0.0000 | 0.2s
2026-06-20 15:37:23,885 - INFO -   batch  10/381 | loss=0.0447 mse=0.0336 sym=0.0122 phy=0.0000 | 0.8s
2026-06-20 15:37:24,580 - INFO -   batch  20/381 | loss=0.0520 mse=0.0403 sym=0.0121 phy=0.0000 | 1.5s
2026-06-20 15:37:25,237 - INFO -   batch  30/381 | loss=0.0516 mse=0.0395 sym=0.0122 phy=0.0000 | 2.2s
2026-06-20 15:37:25,944 - INFO -   batch  40/381 | loss=0.0578 mse=0.0449 sym=0.0123 phy=0.0000 | 2.9s
2026-06-20 15:37:26,677 - INFO -   batch  50/381 | loss=0.0808 mse=0.0685 sym=0.0123 phy=0.0000 | 3.6s
2026-06-20 15:37:27,335 - INFO -   batch  60/381 | loss=0.0473 mse=0.0353 sym=0.0122 phy=0.0000 | 4.3s
2026-06-20 15:37:27,984 - INFO -   batch  70/381 | loss=0.0566 mse=0.0444 sym=0.0122 phy=0.0000 | 4.9s
2026-06-20 15:37:28,759 - INFO -   batch  80/381 | loss=0.0668 mse=0.0545 sym=0.0123 phy=0.0000 | 5.7s
2026-06-20 15:37:29,406 - INFO -   batch  90/381 | loss=0.0627 mse=0.0504 sym=0.0123 phy=0.0000 | 6.3s
2026-06-20 15:37:30,055 - INFO -   batch 100/381 | loss=0.0640 mse=0.0514 sym=0.0123 phy=0.0000 | 7.0s
2026-06-20 15:37:30,812 - INFO -   batch 110/381 | loss=0.0744 mse=0.0618 sym=0.0122 phy=0.0000 | 7.7s
2026-06-20 15:37:31,511 - INFO -   batch 120/381 | loss=0.0612 mse=0.0489 sym=0.0122 phy=0.0000 | 8.4s
2026-06-20 15:37:32,340 - INFO -   batch 130/381 | loss=0.0629 mse=0.0506 sym=0.0123 phy=0.0000 | 9.3s
2026-06-20 15:37:32,954 - INFO -   batch 140/381 | loss=0.0479 mse=0.0354 sym=0.0122 phy=0.0000 | 9.9s
2026-06-20 15:37:33,744 - INFO -   batch 150/381 | loss=0.0523 mse=0.0391 sym=0.0122 phy=0.0000 | 10.7s
2026-06-20 15:37:34,411 - INFO -   batch 160/381 | loss=0.0528 mse=0.0400 sym=0.0122 phy=0.0000 | 11.3s
2026-06-20 15:37:35,022 - INFO -   batch 170/381 | loss=0.0503 mse=0.0391 sym=0.0122 phy=0.0000 | 11.9s
2026-06-20 15:37:35,773 - INFO -   batch 180/381 | loss=0.0783 mse=0.0661 sym=0.0122 phy=0.0000 | 12.7s
2026-06-20 15:37:36,475 - INFO -   batch 190/381 | loss=0.0579 mse=0.0463 sym=0.0122 phy=0.0000 | 13.4s
2026-06-20 15:37:37,121 - INFO -   batch 200/381 | loss=0.0387 mse=0.0265 sym=0.0122 phy=0.0000 | 14.0s
2026-06-20 15:37:37,809 - INFO -   batch 210/381 | loss=0.0459 mse=0.0323 sym=0.0122 phy=0.0000 | 14.7s
2026-06-20 15:37:38,539 - INFO -   batch 220/381 | loss=0.0690 mse=0.0571 sym=0.0122 phy=0.0000 | 15.5s
2026-06-20 15:37:39,188 - INFO -   batch 230/381 | loss=0.0749 mse=0.0630 sym=0.0122 phy=0.0000 | 16.1s
2026-06-20 15:37:39,844 - INFO -   batch 240/381 | loss=0.0497 mse=0.0369 sym=0.0122 phy=0.0000 | 16.8s
2026-06-20 15:37:40,617 - INFO -   batch 250/381 | loss=0.0731 mse=0.0600 sym=0.0121 phy=0.0000 | 17.5s
2026-06-20 15:37:41,257 - INFO -   batch 260/381 | loss=0.0555 mse=0.0432 sym=0.0121 phy=0.0000 | 18.2s
2026-06-20 15:37:41,924 - INFO -   batch 270/381 | loss=0.0563 mse=0.0429 sym=0.0122 phy=0.0000 | 18.8s
2026-06-20 15:37:42,673 - INFO -   batch 280/381 | loss=0.0551 mse=0.0417 sym=0.0122 phy=0.0000 | 19.6s
2026-06-20 15:37:43,370 - INFO -   batch 290/381 | loss=0.0523 mse=0.0402 sym=0.0122 phy=0.0000 | 20.3s
2026-06-20 15:37:43,990 - INFO -   batch 300/381 | loss=0.0804 mse=0.0688 sym=0.0122 phy=0.0000 | 20.9s
2026-06-20 15:37:44,706 - INFO -   batch 310/381 | loss=0.0539 mse=0.0417 sym=0.0121 phy=0.0000 | 21.6s
2026-06-20 15:37:45,432 - INFO -   batch 320/381 | loss=0.0625 mse=0.0502 sym=0.0122 phy=0.0000 | 22.4s
2026-06-20 15:37:46,082 - INFO -   batch 330/381 | loss=0.0720 mse=0.0599 sym=0.0122 phy=0.0000 | 23.0s
2026-06-20 15:37:46,749 - INFO -   batch 340/381 | loss=0.0645 mse=0.0511 sym=0.0122 phy=0.0000 | 23.7s
2026-06-20 15:37:47,508 - INFO -   batch 350/381 | loss=0.0525 mse=0.0403 sym=0.0122 phy=0.0000 | 24.4s
2026-06-20 15:37:48,163 - INFO -   batch 360/381 | loss=0.0546 mse=0.0423 sym=0.0122 phy=0.0000 | 25.1s
2026-06-20 15:37:48,824 - INFO -   batch 370/381 | loss=0.0833 mse=0.0717 sym=0.0122 phy=0.0000 | 25.7s
2026-06-20 15:37:49,580 - INFO -   batch 380/381 | loss=0.0513 mse=0.0395 sym=0.0122 phy=0.0000 | 26.5s
2026-06-20 15:37:50,887 - INFO -   batch   1/381 | loss=0.0534 mse=0.0414 sym=0.0119 phy=0.0000 | 0.2s
2026-06-20 15:37:51,569 - INFO -   batch  10/381 | loss=0.0434 mse=0.0306 sym=0.0122 phy=0.0000 | 0.8s
2026-06-20 15:37:52,263 - INFO -   batch  20/381 | loss=0.0698 mse=0.0569 sym=0.0124 phy=0.0000 | 1.5s
2026-06-20 15:37:52,890 - INFO -   batch  30/381 | loss=0.0578 mse=0.0448 sym=0.0124 phy=0.0000 | 2.2s
2026-06-20 15:37:53,608 - INFO -   batch  40/381 | loss=0.0644 mse=0.0521 sym=0.0123 phy=0.0000 | 2.9s
2026-06-20 15:37:54,335 - INFO -   batch  50/381 | loss=0.0470 mse=0.0344 sym=0.0122 phy=0.0000 | 3.6s
2026-06-20 15:37:54,990 - INFO -   batch  60/381 | loss=0.0677 mse=0.0559 sym=0.0121 phy=0.0000 | 4.3s
2026-06-20 15:37:55,646 - INFO -   batch  70/381 | loss=0.0667 mse=0.0536 sym=0.0121 phy=0.0000 | 4.9s
2026-06-20 15:37:56,416 - INFO -   batch  80/381 | loss=0.0558 mse=0.0434 sym=0.0121 phy=0.0000 | 5.7s
2026-06-20 15:37:57,064 - INFO -   batch  90/381 | loss=0.0544 mse=0.0417 sym=0.0121 phy=0.0000 | 6.3s
2026-06-20 15:37:57,724 - INFO -   batch 100/381 | loss=0.0485 mse=0.0362 sym=0.0121 phy=0.0000 | 7.0s
2026-06-20 15:37:58,499 - INFO -   batch 110/381 | loss=0.0587 mse=0.0470 sym=0.0121 phy=0.0000 | 7.8s
2026-06-20 15:37:59,160 - INFO -   batch 120/381 | loss=0.0656 mse=0.0528 sym=0.0121 phy=0.0000 | 8.4s
2026-06-20 15:37:59,794 - INFO -   batch 130/381 | loss=0.0607 mse=0.0485 sym=0.0120 phy=0.0000 | 9.1s
2026-06-20 15:38:00,513 - INFO -   batch 140/381 | loss=0.0505 mse=0.0392 sym=0.0120 phy=0.0000 | 9.8s
2026-06-20 15:38:01,239 - INFO -   batch 150/381 | loss=0.0645 mse=0.0512 sym=0.0120 phy=0.0000 | 10.5s
2026-06-20 15:38:01,909 - INFO -   batch 160/381 | loss=0.0573 mse=0.0460 sym=0.0120 phy=0.0000 | 11.2s
2026-06-20 15:38:02,555 - INFO -   batch 170/381 | loss=0.0617 mse=0.0500 sym=0.0120 phy=0.0000 | 11.8s
2026-06-20 15:38:03,318 - INFO -   batch 180/381 | loss=0.0436 mse=0.0323 sym=0.0120 phy=0.0000 | 12.6s
2026-06-20 15:38:03,972 - INFO -   batch 190/381 | loss=0.0534 mse=0.0428 sym=0.0120 phy=0.0000 | 13.2s
2026-06-20 15:38:04,592 - INFO -   batch 200/381 | loss=0.0596 mse=0.0479 sym=0.0120 phy=0.0000 | 13.9s
2026-06-20 15:38:05,377 - INFO -   batch 210/381 | loss=0.0586 mse=0.0466 sym=0.0120 phy=0.0000 | 14.6s
2026-06-20 15:38:06,027 - INFO -   batch 220/381 | loss=0.0523 mse=0.0385 sym=0.0121 phy=0.0000 | 15.3s
2026-06-20 15:38:06,680 - INFO -   batch 230/381 | loss=0.0577 mse=0.0455 sym=0.0121 phy=0.0000 | 16.0s
2026-06-20 15:38:07,417 - INFO -   batch 240/381 | loss=0.0684 mse=0.0556 sym=0.0121 phy=0.0000 | 16.7s
2026-06-20 15:38:08,111 - INFO -   batch 250/381 | loss=0.0514 mse=0.0392 sym=0.0121 phy=0.0000 | 17.4s
2026-06-20 15:38:08,784 - INFO -   batch 260/381 | loss=0.0576 mse=0.0467 sym=0.0121 phy=0.0000 | 18.1s
2026-06-20 15:38:09,468 - INFO -   batch 270/381 | loss=0.0503 mse=0.0385 sym=0.0121 phy=0.0000 | 18.7s
2026-06-20 15:38:10,193 - INFO -   batch 280/381 | loss=0.0627 mse=0.0500 sym=0.0121 phy=0.0000 | 19.5s
2026-06-20 15:38:10,860 - INFO -   batch 290/381 | loss=0.0553 mse=0.0420 sym=0.0121 phy=0.0000 | 20.1s
2026-06-20 15:38:11,529 - INFO -   batch 300/381 | loss=0.0579 mse=0.0451 sym=0.0121 phy=0.0000 | 20.8s
2026-06-20 15:38:12,299 - INFO -   batch 310/381 | loss=0.0732 mse=0.0608 sym=0.0121 phy=0.0000 | 21.6s
2026-06-20 15:38:12,958 - INFO -   batch 320/381 | loss=0.0885 mse=0.0774 sym=0.0121 phy=0.0000 | 22.2s
2026-06-20 15:38:13,580 - INFO -   batch 330/381 | loss=0.0781 mse=0.0653 sym=0.0121 phy=0.0000 | 22.9s
2026-06-20 15:38:14,338 - INFO -   batch 340/381 | loss=0.0510 mse=0.0404 sym=0.0121 phy=0.0000 | 23.6s
2026-06-20 15:38:15,033 - INFO -   batch 350/381 | loss=0.0495 mse=0.0388 sym=0.0121 phy=0.0000 | 24.3s
2026-06-20 15:38:15,690 - INFO -   batch 360/381 | loss=0.0659 mse=0.0534 sym=0.0121 phy=0.0000 | 25.0s
2026-06-20 15:38:16,393 - INFO -   batch 370/381 | loss=0.0779 mse=0.0653 sym=0.0121 phy=0.0000 | 25.7s
2026-06-20 15:38:17,119 - INFO -   batch 380/381 | loss=0.0759 mse=0.0632 sym=0.0122 phy=0.0000 | 26.4s
2026-06-20 15:38:18,320 - INFO - Epoch  45/50 | Loss=0.0592 MSE=0.0471 Sym=0.0121 Phy=0.0000 | Val RMSE=0.2148 ρ=0.353 | 28s
2026-06-20 15:38:18,446 - INFO -   batch   1/381 | loss=0.0594 mse=0.0481 sym=0.0113 phy=0.0000 | 0.1s
2026-06-20 15:38:19,165 - INFO -   batch  10/381 | loss=0.0599 mse=0.0497 sym=0.0123 phy=0.0000 | 0.8s
2026-06-20 15:38:19,820 - INFO -   batch  20/381 | loss=0.0646 mse=0.0514 sym=0.0123 phy=0.0000 | 1.5s
2026-06-20 15:38:20,472 - INFO -   batch  30/381 | loss=0.0489 mse=0.0382 sym=0.0122 phy=0.0000 | 2.2s
2026-06-20 15:38:21,240 - INFO -   batch  40/381 | loss=0.0749 mse=0.0627 sym=0.0121 phy=0.0000 | 2.9s
2026-06-20 15:38:21,926 - INFO -   batch  50/381 | loss=0.0646 mse=0.0522 sym=0.0121 phy=0.0000 | 3.6s
2026-06-20 15:38:22,564 - INFO -   batch  60/381 | loss=0.0633 mse=0.0514 sym=0.0121 phy=0.0000 | 4.2s
2026-06-20 15:38:23,285 - INFO -   batch  70/381 | loss=0.0682 mse=0.0557 sym=0.0121 phy=0.0000 | 5.0s
2026-06-20 15:38:24,010 - INFO -   batch  80/381 | loss=0.0645 mse=0.0519 sym=0.0121 phy=0.0000 | 5.7s
2026-06-20 15:38:24,659 - INFO -   batch  90/381 | loss=0.0609 mse=0.0512 sym=0.0121 phy=0.0000 | 6.3s
2026-06-20 15:38:25,328 - INFO -   batch 100/381 | loss=0.0510 mse=0.0391 sym=0.0120 phy=0.0000 | 7.0s
2026-06-20 15:38:26,085 - INFO -   batch 110/381 | loss=0.0865 mse=0.0743 sym=0.0120 phy=0.0000 | 7.8s
2026-06-20 15:38:26,738 - INFO -   batch 120/381 | loss=0.0620 mse=0.0506 sym=0.0120 phy=0.0000 | 8.4s
2026-06-20 15:38:27,354 - INFO -   batch 130/381 | loss=0.0710 mse=0.0592 sym=0.0120 phy=0.0000 | 9.0s
2026-06-20 15:38:28,157 - INFO -   batch 140/381 | loss=0.0618 mse=0.0510 sym=0.0121 phy=0.0000 | 9.8s
2026-06-20 15:38:28,814 - INFO -   batch 150/381 | loss=0.0532 mse=0.0405 sym=0.0121 phy=0.0000 | 10.5s
2026-06-20 15:38:29,465 - INFO -   batch 160/381 | loss=0.0595 mse=0.0478 sym=0.0121 phy=0.0000 | 11.1s
2026-06-20 15:38:30,201 - INFO -   batch 170/381 | loss=0.0594 mse=0.0470 sym=0.0121 phy=0.0000 | 11.9s
2026-06-20 15:38:30,919 - INFO -   batch 180/381 | loss=0.0508 mse=0.0398 sym=0.0121 phy=0.0000 | 12.6s
2026-06-20 15:38:31,556 - INFO -   batch 190/381 | loss=0.0489 mse=0.0371 sym=0.0121 phy=0.0000 | 13.2s
2026-06-20 15:38:32,240 - INFO -   batch 200/381 | loss=0.0624 mse=0.0497 sym=0.0121 phy=0.0000 | 13.9s
2026-06-20 15:38:32,998 - INFO -   batch 210/381 | loss=0.0624 mse=0.0499 sym=0.0121 phy=0.0000 | 14.7s
2026-06-20 15:38:33,651 - INFO -   batch 220/381 | loss=0.0659 mse=0.0539 sym=0.0121 phy=0.0000 | 15.3s
2026-06-20 15:38:34,288 - INFO -   batch 230/381 | loss=0.0519 mse=0.0398 sym=0.0121 phy=0.0000 | 16.0s
2026-06-20 15:38:35,080 - INFO -   batch 240/381 | loss=0.0398 mse=0.0282 sym=0.0121 phy=0.0000 | 16.8s
2026-06-20 15:38:35,740 - INFO -   batch 250/381 | loss=0.0830 mse=0.0711 sym=0.0121 phy=0.0000 | 17.4s
2026-06-20 15:38:36,401 - INFO -   batch 260/381 | loss=0.0473 mse=0.0347 sym=0.0121 phy=0.0000 | 18.1s
2026-06-20 15:38:37,132 - INFO -   batch 270/381 | loss=0.0659 mse=0.0532 sym=0.0121 phy=0.0000 | 18.8s
2026-06-20 15:38:37,824 - INFO -   batch 280/381 | loss=0.0507 mse=0.0384 sym=0.0121 phy=0.0000 | 19.5s
2026-06-20 15:38:38,485 - INFO -   batch 290/381 | loss=0.0464 mse=0.0343 sym=0.0121 phy=0.0000 | 20.2s
2026-06-20 15:38:39,179 - INFO -   batch 300/381 | loss=0.0481 mse=0.0362 sym=0.0121 phy=0.0000 | 20.9s
2026-06-20 15:38:39,915 - INFO -   batch 310/381 | loss=0.0692 mse=0.0579 sym=0.0121 phy=0.0000 | 21.6s
2026-06-20 15:38:40,567 - INFO -   batch 320/381 | loss=0.0509 mse=0.0397 sym=0.0121 phy=0.0000 | 22.2s
2026-06-20 15:38:41,281 - INFO -   batch 330/381 | loss=0.0469 mse=0.0351 sym=0.0121 phy=0.0000 | 23.0s
2026-06-20 15:38:42,037 - INFO -   batch 340/381 | loss=0.0467 mse=0.0342 sym=0.0121 phy=0.0000 | 23.7s
2026-06-20 15:38:42,695 - INFO -   batch 350/381 | loss=0.0617 mse=0.0505 sym=0.0121 phy=0.0000 | 24.4s
2026-06-20 15:38:43,319 - INFO -   batch 360/381 | loss=0.0592 mse=0.0476 sym=0.0121 phy=0.0000 | 25.0s
2026-06-20 15:38:44,078 - INFO -   batch 370/381 | loss=0.0547 mse=0.0424 sym=0.0121 phy=0.0000 | 25.8s
2026-06-20 15:38:44,772 - INFO -   batch 380/381 | loss=0.0574 mse=0.0468 sym=0.0122 phy=0.0000 | 26.5s
2026-06-20 15:38:46,086 - INFO -   batch   1/381 | loss=0.0521 mse=0.0400 sym=0.0121 phy=0.0000 | 0.1s
2026-06-20 15:38:46,700 - INFO -   batch  10/381 | loss=0.0699 mse=0.0572 sym=0.0119 phy=0.0000 | 0.8s
2026-06-20 15:38:47,347 - INFO -   batch  20/381 | loss=0.0690 mse=0.0558 sym=0.0121 phy=0.0000 | 1.4s
2026-06-20 15:38:48,080 - INFO -   batch  30/381 | loss=0.0592 mse=0.0463 sym=0.0122 phy=0.0000 | 2.1s
2026-06-20 15:38:48,811 - INFO -   batch  40/381 | loss=0.0662 mse=0.0542 sym=0.0122 phy=0.0000 | 2.9s
2026-06-20 15:38:49,435 - INFO -   batch  50/381 | loss=0.0452 mse=0.0333 sym=0.0121 phy=0.0000 | 3.5s
2026-06-20 15:38:50,127 - INFO -   batch  60/381 | loss=0.0568 mse=0.0455 sym=0.0121 phy=0.0000 | 4.2s
2026-06-20 15:38:50,902 - INFO -   batch  70/381 | loss=0.0483 mse=0.0365 sym=0.0121 phy=0.0000 | 5.0s
2026-06-20 15:38:51,540 - INFO -   batch  80/381 | loss=0.0520 mse=0.0397 sym=0.0121 phy=0.0000 | 5.6s
2026-06-20 15:38:52,159 - INFO -   batch  90/381 | loss=0.0402 mse=0.0277 sym=0.0121 phy=0.0000 | 6.2s
2026-06-20 15:38:52,961 - INFO -   batch 100/381 | loss=0.0486 mse=0.0359 sym=0.0121 phy=0.0000 | 7.0s
2026-06-20 15:38:53,631 - INFO -   batch 110/381 | loss=0.0553 mse=0.0446 sym=0.0121 phy=0.0000 | 7.7s
2026-06-20 15:38:54,282 - INFO -   batch 120/381 | loss=0.0540 mse=0.0422 sym=0.0121 phy=0.0000 | 8.3s
2026-06-20 15:38:55,002 - INFO -   batch 130/381 | loss=0.0548 mse=0.0437 sym=0.0120 phy=0.0000 | 9.1s
2026-06-20 15:38:55,698 - INFO -   batch 140/381 | loss=0.0706 mse=0.0587 sym=0.0120 phy=0.0000 | 9.8s
2026-06-20 15:38:56,345 - INFO -   batch 150/381 | loss=0.0706 mse=0.0585 sym=0.0120 phy=0.0000 | 10.4s
2026-06-20 15:38:57,032 - INFO -   batch 160/381 | loss=0.0539 mse=0.0418 sym=0.0120 phy=0.0000 | 11.1s
2026-06-20 15:38:57,776 - INFO -   batch 170/381 | loss=0.0556 mse=0.0423 sym=0.0121 phy=0.0000 | 11.8s
2026-06-20 15:38:58,429 - INFO -   batch 180/381 | loss=0.0559 mse=0.0438 sym=0.0121 phy=0.0000 | 12.5s
2026-06-20 15:38:59,072 - INFO -   batch 190/381 | loss=0.0568 mse=0.0445 sym=0.0121 phy=0.0000 | 13.1s
2026-06-20 15:38:59,868 - INFO -   batch 200/381 | loss=0.0719 mse=0.0599 sym=0.0121 phy=0.0000 | 13.9s
2026-06-20 15:39:00,525 - INFO -   batch 210/381 | loss=0.0849 mse=0.0725 sym=0.0121 phy=0.0000 | 14.6s
2026-06-20 15:39:01,213 - INFO -   batch 220/381 | loss=0.0587 mse=0.0462 sym=0.0121 phy=0.0000 | 15.3s
2026-06-20 15:39:01,945 - INFO -   batch 230/381 | loss=0.0409 mse=0.0288 sym=0.0121 phy=0.0000 | 16.0s
2026-06-20 15:39:02,675 - INFO -   batch 240/381 | loss=0.0677 mse=0.0560 sym=0.0121 phy=0.0000 | 16.7s
2026-06-20 15:39:03,351 - INFO -   batch 250/381 | loss=0.0414 mse=0.0282 sym=0.0121 phy=0.0000 | 17.4s
2026-06-20 15:39:04,005 - INFO -   batch 260/381 | loss=0.0644 mse=0.0524 sym=0.0121 phy=0.0000 | 18.1s
2026-06-20 15:39:04,775 - INFO -   batch 270/381 | loss=0.0423 mse=0.0313 sym=0.0121 phy=0.0000 | 18.8s
2026-06-20 15:39:05,417 - INFO -   batch 280/381 | loss=0.0559 mse=0.0449 sym=0.0121 phy=0.0000 | 19.5s
2026-06-20 15:39:06,073 - INFO -   batch 290/381 | loss=0.0439 mse=0.0324 sym=0.0121 phy=0.0000 | 20.1s
2026-06-20 15:39:06,833 - INFO -   batch 300/381 | loss=0.0652 mse=0.0526 sym=0.0121 phy=0.0000 | 20.9s
2026-06-20 15:39:07,491 - INFO -   batch 310/381 | loss=0.0558 mse=0.0445 sym=0.0121 phy=0.0000 | 21.5s
2026-06-20 15:39:08,149 - INFO -   batch 320/381 | loss=0.0760 mse=0.0624 sym=0.0121 phy=0.0000 | 22.2s
2026-06-20 15:39:08,872 - INFO -   batch 330/381 | loss=0.0450 mse=0.0329 sym=0.0121 phy=0.0000 | 22.9s
2026-06-20 15:39:09,595 - INFO -   batch 340/381 | loss=0.0499 mse=0.0381 sym=0.0121 phy=0.0000 | 23.7s
2026-06-20 15:39:10,214 - INFO -   batch 350/381 | loss=0.0731 mse=0.0613 sym=0.0121 phy=0.0000 | 24.3s
2026-06-20 15:39:10,904 - INFO -   batch 360/381 | loss=0.0446 mse=0.0312 sym=0.0121 phy=0.0000 | 25.0s
2026-06-20 15:39:11,671 - INFO -   batch 370/381 | loss=0.0638 mse=0.0531 sym=0.0121 phy=0.0000 | 25.7s
2026-06-20 15:39:12,315 - INFO -   batch 380/381 | loss=0.0770 mse=0.0650 sym=0.0121 phy=0.0000 | 26.4s
2026-06-20 15:39:13,586 - INFO -   batch   1/381 | loss=0.0459 mse=0.0337 sym=0.0123 phy=0.0000 | 0.1s
2026-06-20 15:39:14,145 - INFO -   batch  10/381 | loss=0.0586 mse=0.0460 sym=0.0120 phy=0.0000 | 0.7s
2026-06-20 15:39:14,822 - INFO -   batch  20/381 | loss=0.0621 mse=0.0501 sym=0.0121 phy=0.0000 | 1.4s
2026-06-20 15:39:15,589 - INFO -   batch  30/381 | loss=0.0448 mse=0.0333 sym=0.0121 phy=0.0000 | 2.1s
2026-06-20 15:39:16,253 - INFO -   batch  40/381 | loss=0.0665 mse=0.0534 sym=0.0121 phy=0.0000 | 2.8s
2026-06-20 15:39:16,867 - INFO -   batch  50/381 | loss=0.0528 mse=0.0408 sym=0.0120 phy=0.0000 | 3.4s
2026-06-20 15:39:17,656 - INFO -   batch  60/381 | loss=0.0644 mse=0.0517 sym=0.0121 phy=0.0000 | 4.2s
2026-06-20 15:39:18,311 - INFO -   batch  70/381 | loss=0.0590 mse=0.0469 sym=0.0121 phy=0.0000 | 4.9s
2026-06-20 15:39:18,940 - INFO -   batch  80/381 | loss=0.0584 mse=0.0466 sym=0.0121 phy=0.0000 | 5.5s
2026-06-20 15:39:19,684 - INFO -   batch  90/381 | loss=0.0589 mse=0.0461 sym=0.0121 phy=0.0000 | 6.2s
2026-06-20 15:39:20,380 - INFO -   batch 100/381 | loss=0.0602 mse=0.0479 sym=0.0121 phy=0.0000 | 6.9s
2026-06-20 15:39:21,035 - INFO -   batch 110/381 | loss=0.0600 mse=0.0466 sym=0.0121 phy=0.0000 | 7.6s
2026-06-20 15:39:21,725 - INFO -   batch 120/381 | loss=0.0496 mse=0.0361 sym=0.0121 phy=0.0000 | 8.3s
2026-06-20 15:39:22,452 - INFO -   batch 130/381 | loss=0.0665 mse=0.0547 sym=0.0121 phy=0.0000 | 9.0s
2026-06-20 15:39:23,119 - INFO -   batch 140/381 | loss=0.0468 mse=0.0355 sym=0.0121 phy=0.0000 | 9.7s
2026-06-20 15:39:23,770 - INFO -   batch 150/381 | loss=0.0635 mse=0.0513 sym=0.0121 phy=0.0000 | 10.3s
2026-06-20 15:39:24,557 - INFO -   batch 160/381 | loss=0.0494 mse=0.0383 sym=0.0121 phy=0.0000 | 11.1s
2026-06-20 15:39:25,190 - INFO -   batch 170/381 | loss=0.0639 mse=0.0509 sym=0.0121 phy=0.0000 | 11.7s
2026-06-20 15:39:25,845 - INFO -   batch 180/381 | loss=0.0557 mse=0.0442 sym=0.0121 phy=0.0000 | 12.4s
2026-06-20 15:39:26,596 - INFO -   batch 190/381 | loss=0.0521 mse=0.0397 sym=0.0121 phy=0.0000 | 13.1s
2026-06-20 15:39:27,280 - INFO -   batch 200/381 | loss=0.0707 mse=0.0592 sym=0.0121 phy=0.0000 | 13.8s
2026-06-20 15:39:27,915 - INFO -   batch 210/381 | loss=0.0548 mse=0.0423 sym=0.0121 phy=0.0000 | 14.5s
2026-06-20 15:39:28,721 - INFO -   batch 220/381 | loss=0.0603 mse=0.0484 sym=0.0121 phy=0.0000 | 15.3s
2026-06-20 15:39:29,509 - INFO -   batch 230/381 | loss=0.0626 mse=0.0491 sym=0.0121 phy=0.0000 | 16.1s
2026-06-20 15:39:30,171 - INFO -   batch 240/381 | loss=0.0608 mse=0.0494 sym=0.0121 phy=0.0000 | 16.7s
2026-06-20 15:39:30,795 - INFO -   batch 250/381 | loss=0.0492 mse=0.0367 sym=0.0121 phy=0.0000 | 17.3s
2026-06-20 15:39:31,555 - INFO -   batch 260/381 | loss=0.0545 mse=0.0419 sym=0.0121 phy=0.0000 | 18.1s
2026-06-20 15:39:32,246 - INFO -   batch 270/381 | loss=0.0564 mse=0.0451 sym=0.0121 phy=0.0000 | 18.8s
2026-06-20 15:39:32,896 - INFO -   batch 280/381 | loss=0.0398 mse=0.0280 sym=0.0121 phy=0.0000 | 19.4s
2026-06-20 15:39:33,585 - INFO -   batch 290/381 | loss=0.0729 mse=0.0613 sym=0.0121 phy=0.0000 | 20.1s
2026-06-20 15:39:34,312 - INFO -   batch 300/381 | loss=0.0920 mse=0.0808 sym=0.0121 phy=0.0000 | 20.9s
2026-06-20 15:39:34,970 - INFO -   batch 310/381 | loss=0.0540 mse=0.0413 sym=0.0121 phy=0.0000 | 21.5s
2026-06-20 15:39:35,638 - INFO -   batch 320/381 | loss=0.0707 mse=0.0597 sym=0.0121 phy=0.0000 | 22.2s
2026-06-20 15:39:36,418 - INFO -   batch 330/381 | loss=0.0585 mse=0.0468 sym=0.0121 phy=0.0000 | 23.0s
2026-06-20 15:39:37,043 - INFO -   batch 340/381 | loss=0.0650 mse=0.0535 sym=0.0121 phy=0.0000 | 23.6s
2026-06-20 15:39:37,711 - INFO -   batch 350/381 | loss=0.0513 mse=0.0391 sym=0.0121 phy=0.0000 | 24.3s
2026-06-20 15:39:38,461 - INFO -   batch 360/381 | loss=0.0600 mse=0.0471 sym=0.0121 phy=0.0000 | 25.0s
2026-06-20 15:39:39,155 - INFO -   batch 370/381 | loss=0.0653 mse=0.0530 sym=0.0121 phy=0.0000 | 25.7s
2026-06-20 15:39:39,765 - INFO -   batch 380/381 | loss=0.0752 mse=0.0617 sym=0.0121 phy=0.0000 | 26.3s
2026-06-20 15:39:41,052 - INFO -   batch   1/381 | loss=0.0653 mse=0.0523 sym=0.0129 phy=0.0000 | 0.2s
2026-06-20 15:39:41,629 - INFO -   batch  10/381 | loss=0.0496 mse=0.0369 sym=0.0125 phy=0.0000 | 0.7s
2026-06-20 15:39:42,386 - INFO -   batch  20/381 | loss=0.0518 mse=0.0401 sym=0.0124 phy=0.0000 | 1.5s
2026-06-20 15:39:43,051 - INFO -   batch  30/381 | loss=0.0621 mse=0.0502 sym=0.0122 phy=0.0000 | 2.2s
2026-06-20 15:39:43,708 - INFO -   batch  40/381 | loss=0.0801 mse=0.0680 sym=0.0122 phy=0.0000 | 2.8s
2026-06-20 15:39:44,425 - INFO -   batch  50/381 | loss=0.0704 mse=0.0580 sym=0.0122 phy=0.0000 | 3.5s
2026-06-20 15:39:45,143 - INFO -   batch  60/381 | loss=0.0464 mse=0.0352 sym=0.0122 phy=0.0000 | 4.2s
2026-06-20 15:39:45,788 - INFO -   batch  70/381 | loss=0.0588 mse=0.0472 sym=0.0123 phy=0.0000 | 4.9s
2026-06-20 15:39:46,482 - INFO -   batch  80/381 | loss=0.0705 mse=0.0582 sym=0.0122 phy=0.0000 | 5.6s
2026-06-20 15:39:47,256 - INFO -   batch  90/381 | loss=0.0587 mse=0.0462 sym=0.0122 phy=0.0000 | 6.4s
2026-06-20 15:39:47,899 - INFO -   batch 100/381 | loss=0.0624 mse=0.0504 sym=0.0122 phy=0.0000 | 7.0s
2026-06-20 15:39:48,513 - INFO -   batch 110/381 | loss=0.0685 mse=0.0555 sym=0.0122 phy=0.0000 | 7.6s
2026-06-20 15:39:49,300 - INFO -   batch 120/381 | loss=0.0486 mse=0.0366 sym=0.0122 phy=0.0000 | 8.4s
2026-06-20 15:39:49,950 - INFO -   batch 130/381 | loss=0.0515 mse=0.0394 sym=0.0122 phy=0.0000 | 9.1s
2026-06-20 15:39:50,618 - INFO -   batch 140/381 | loss=0.0618 mse=0.0495 sym=0.0122 phy=0.0000 | 9.7s
2026-06-20 15:39:51,346 - INFO -   batch 150/381 | loss=0.0658 mse=0.0527 sym=0.0122 phy=0.0000 | 10.4s
2026-06-20 15:39:52,044 - INFO -   batch 160/381 | loss=0.0397 mse=0.0273 sym=0.0122 phy=0.0000 | 11.1s
2026-06-20 15:39:52,693 - INFO -   batch 170/381 | loss=0.0606 mse=0.0474 sym=0.0122 phy=0.0000 | 11.8s
2026-06-20 15:39:53,386 - INFO -   batch 180/381 | loss=0.0587 mse=0.0463 sym=0.0122 phy=0.0000 | 12.5s
2026-06-20 15:39:54,123 - INFO -   batch 190/381 | loss=0.0695 mse=0.0575 sym=0.0122 phy=0.0000 | 13.2s
2026-06-20 15:39:54,773 - INFO -   batch 200/381 | loss=0.0544 mse=0.0416 sym=0.0122 phy=0.0000 | 13.9s
2026-06-20 15:39:55,430 - INFO -   batch 210/381 | loss=0.0536 mse=0.0440 sym=0.0122 phy=0.0000 | 14.5s
2026-06-20 15:39:56,225 - INFO -   batch 220/381 | loss=0.0556 mse=0.0430 sym=0.0122 phy=0.0000 | 15.3s
2026-06-20 15:39:56,885 - INFO -   batch 230/381 | loss=0.0701 mse=0.0567 sym=0.0122 phy=0.0000 | 16.0s
2026-06-20 15:39:57,515 - INFO -   batch 240/381 | loss=0.0592 mse=0.0470 sym=0.0122 phy=0.0000 | 16.6s
2026-06-20 15:39:58,259 - INFO -   batch 250/381 | loss=0.0637 mse=0.0504 sym=0.0122 phy=0.0000 | 17.4s
2026-06-20 15:39:58,955 - INFO -   batch 260/381 | loss=0.0726 mse=0.0608 sym=0.0122 phy=0.0000 | 18.1s
2026-06-20 15:39:59,607 - INFO -   batch 270/381 | loss=0.0476 mse=0.0363 sym=0.0122 phy=0.0000 | 18.7s
2026-06-20 15:40:00,304 - INFO -   batch 280/381 | loss=0.0514 mse=0.0396 sym=0.0122 phy=0.0000 | 19.4s
2026-06-20 15:40:01,030 - INFO -   batch 290/381 | loss=0.0704 mse=0.0572 sym=0.0122 phy=0.0000 | 20.1s
2026-06-20 15:40:01,689 - INFO -   batch 300/381 | loss=0.0596 mse=0.0478 sym=0.0122 phy=0.0000 | 20.8s
2026-06-20 15:40:02,337 - INFO -   batch 310/381 | loss=0.0582 mse=0.0460 sym=0.0122 phy=0.0000 | 21.4s
2026-06-20 15:40:03,102 - INFO -   batch 320/381 | loss=0.0600 mse=0.0465 sym=0.0121 phy=0.0000 | 22.2s
2026-06-20 15:40:03,752 - INFO -   batch 330/381 | loss=0.0776 mse=0.0654 sym=0.0121 phy=0.0000 | 22.9s
2026-06-20 15:40:04,403 - INFO -   batch 340/381 | loss=0.0799 mse=0.0686 sym=0.0121 phy=0.0000 | 23.5s
2026-06-20 15:40:05,173 - INFO -   batch 350/381 | loss=0.0463 mse=0.0338 sym=0.0122 phy=0.0000 | 24.3s
2026-06-20 15:40:05,867 - INFO -   batch 360/381 | loss=0.0451 mse=0.0336 sym=0.0121 phy=0.0000 | 25.0s
2026-06-20 15:40:06,488 - INFO -   batch 370/381 | loss=0.0826 mse=0.0695 sym=0.0121 phy=0.0000 | 25.6s
2026-06-20 15:40:07,205 - INFO -   batch 380/381 | loss=0.0574 mse=0.0454 sym=0.0121 phy=0.0000 | 26.3s
2026-06-20 15:40:08,467 - INFO -   batch   1/381 | loss=0.0602 mse=0.0486 sym=0.0116 phy=0.0000 | 0.2s
2026-06-20 15:40:09,144 - INFO -   batch  10/381 | loss=0.0660 mse=0.0545 sym=0.0121 phy=0.0000 | 0.8s
2026-06-20 15:40:09,841 - INFO -   batch  20/381 | loss=0.0515 mse=0.0392 sym=0.0119 phy=0.0000 | 1.5s
2026-06-20 15:40:10,503 - INFO -   batch  30/381 | loss=0.0752 mse=0.0639 sym=0.0120 phy=0.0000 | 2.2s
2026-06-20 15:40:11,187 - INFO -   batch  40/381 | loss=0.0634 mse=0.0510 sym=0.0121 phy=0.0000 | 2.9s
2026-06-20 15:40:11,923 - INFO -   batch  50/381 | loss=0.0589 mse=0.0477 sym=0.0121 phy=0.0000 | 3.6s
2026-06-20 15:40:12,572 - INFO -   batch  60/381 | loss=0.0653 mse=0.0524 sym=0.0122 phy=0.0000 | 4.3s
2026-06-20 15:40:13,226 - INFO -   batch  70/381 | loss=0.0581 mse=0.0466 sym=0.0122 phy=0.0000 | 4.9s
2026-06-20 15:40:14,020 - INFO -   batch  80/381 | loss=0.0799 mse=0.0673 sym=0.0122 phy=0.0000 | 5.7s
2026-06-20 15:40:14,679 - INFO -   batch  90/381 | loss=0.0758 mse=0.0646 sym=0.0122 phy=0.0000 | 6.4s
2026-06-20 15:40:15,302 - INFO -   batch 100/381 | loss=0.0608 mse=0.0502 sym=0.0122 phy=0.0000 | 7.0s
2026-06-20 15:40:16,060 - INFO -   batch 110/381 | loss=0.0583 mse=0.0475 sym=0.0122 phy=0.0000 | 7.7s
2026-06-20 15:40:16,754 - INFO -   batch 120/381 | loss=0.0388 mse=0.0258 sym=0.0122 phy=0.0000 | 8.4s
2026-06-20 15:40:17,418 - INFO -   batch 130/381 | loss=0.0626 mse=0.0499 sym=0.0122 phy=0.0000 | 9.1s
2026-06-20 15:40:18,100 - INFO -   batch 140/381 | loss=0.0539 mse=0.0412 sym=0.0122 phy=0.0000 | 9.8s
2026-06-20 15:40:18,833 - INFO -   batch 150/381 | loss=0.0486 mse=0.0350 sym=0.0122 phy=0.0000 | 10.5s
2026-06-20 15:40:19,486 - INFO -   batch 160/381 | loss=0.0539 mse=0.0420 sym=0.0122 phy=0.0000 | 11.2s
2026-06-20 15:40:20,149 - INFO -   batch 170/381 | loss=0.0799 mse=0.0686 sym=0.0122 phy=0.0000 | 11.8s
2026-06-20 15:40:20,934 - INFO -   batch 180/381 | loss=0.0707 mse=0.0586 sym=0.0122 phy=0.0000 | 12.6s
2026-06-20 15:40:21,562 - INFO -   batch 190/381 | loss=0.0540 mse=0.0422 sym=0.0122 phy=0.0000 | 13.2s
2026-06-20 15:40:22,208 - INFO -   batch 200/381 | loss=0.0462 mse=0.0346 sym=0.0122 phy=0.0000 | 13.9s
2026-06-20 15:40:22,981 - INFO -   batch 210/381 | loss=0.0591 mse=0.0469 sym=0.0122 phy=0.0000 | 14.7s
2026-06-20 15:40:23,718 - INFO -   batch 220/381 | loss=0.0544 mse=0.0440 sym=0.0122 phy=0.0000 | 15.4s
2026-06-20 15:40:24,387 - INFO -   batch 230/381 | loss=0.0557 mse=0.0434 sym=0.0122 phy=0.0000 | 16.1s
2026-06-20 15:40:25,074 - INFO -   batch 240/381 | loss=0.0618 mse=0.0498 sym=0.0122 phy=0.0000 | 16.8s
2026-06-20 15:40:25,874 - INFO -   batch 250/381 | loss=0.0648 mse=0.0526 sym=0.0122 phy=0.0000 | 17.6s
2026-06-20 15:40:26,571 - INFO -   batch 260/381 | loss=0.0567 mse=0.0447 sym=0.0122 phy=0.0000 | 18.3s
2026-06-20 15:40:27,256 - INFO -   batch 270/381 | loss=0.0585 mse=0.0458 sym=0.0122 phy=0.0000 | 18.9s
2026-06-20 15:40:28,000 - INFO -   batch 280/381 | loss=0.0519 mse=0.0412 sym=0.0122 phy=0.0000 | 19.7s
2026-06-20 15:40:28,781 - INFO -   batch 290/381 | loss=0.0567 mse=0.0455 sym=0.0122 phy=0.0000 | 20.5s
2026-06-20 15:40:29,437 - INFO -   batch 300/381 | loss=0.0727 mse=0.0616 sym=0.0122 phy=0.0000 | 21.1s
2026-06-20 15:40:30,045 - INFO -   batch 310/381 | loss=0.0605 mse=0.0489 sym=0.0122 phy=0.0000 | 21.7s
2026-06-20 15:40:30,834 - INFO -   batch 320/381 | loss=0.0696 mse=0.0594 sym=0.0122 phy=0.0000 | 22.5s
2026-06-20 15:40:31,482 - INFO -   batch 330/381 | loss=0.0608 mse=0.0492 sym=0.0122 phy=0.0000 | 23.2s
2026-06-20 15:40:32,167 - INFO -   batch 340/381 | loss=0.0509 mse=0.0394 sym=0.0122 phy=0.0000 | 23.8s
2026-06-20 15:40:32,892 - INFO -   batch 350/381 | loss=0.0645 mse=0.0521 sym=0.0122 phy=0.0000 | 24.6s
2026-06-20 15:40:33,588 - INFO -   batch 360/381 | loss=0.0576 mse=0.0462 sym=0.0122 phy=0.0000 | 25.3s
2026-06-20 15:40:34,235 - INFO -   batch 370/381 | loss=0.0686 mse=0.0577 sym=0.0122 phy=0.0000 | 25.9s
2026-06-20 15:40:34,926 - INFO -   batch 380/381 | loss=0.0382 mse=0.0265 sym=0.0122 phy=0.0000 | 26.6s
2026-06-20 15:40:36,020 - INFO - Epoch  50/50 | Loss=0.0594 MSE=0.0472 Sym=0.0122 Phy=0.0000 | Val RMSE=0.2150 ρ=0.355 | 28s
2026-06-20 15:40:36,041 - INFO - Saved: checkpoints/gors_no_phy.pth (best RMSE=0.2148)
2026-06-20 15:40:36,041 - INFO - Done. Best Val RMSE=0.2148 at epoch 43, ρ=0.3553
